SPK_SPKC01a,SPK_SPKC06a,SPK_SPKC07a,SPK_SPKC10a,SPK_SPKC12a,SPK_SPKC13a
50.0713,52.258675,50.8167,50.4236,50.0627,50.785225
50.6359,59.879525,52.068575,51.245175,50.22145,50.98385
51.409425,60.832925,53.26705,52.25845,50.4236,51.41215
52.01985,69.972975,53.758125,52.686425,50.687225,52.079525
52.421925,77.746075,55.75745,54.1873,50.8129,52.3679
54.143975,80.817025,56.241125,54.75435,50.871875,53.10825
54.43535,82.3211,59.879525,55.71025,51.05855,53.7466
55.10765,84.46305,60.77495,56.21935,51.2452,53.83805
56.322525,85.658475,60.8329,56.362075,51.304575,54.453525
56.62545,90.8502,62.33935,56.768475,51.34985,55.42395
57.657925,92.7476,63.14255,57.87395,51.9099,55.597875
57.8408,94.2964,64.060625,59.440025,51.934825,56.087575
60.8174,95.97105,65.219675,60.08955,52.291975,56.095625
61.09545,96.6851,65.430775,60.712125,52.3485,56.24085
62.75775,96.7249,67.55895,61.1889,52.392125,57.4943
65.330975,97.237325,68.5916,61.76,52.70215,57.668925
66.1726,97.280625,71.57905,62.26095,52.751225,57.82115
67.548575,99.54345,82.2753,62.952475,52.826675,57.981275
67.771925,101.2797,86.066025,62.9724,52.90545,58.10635
70.14185,101.866425,88.63215,63.207475,52.977525,58.912625
70.44875,103.021325,90.850175,63.9762,53.03145,59.2208
71.4599,105.08615,92.427475,64.422125,53.6308,59.295025
71.793675,105.598675,93.0451,64.656825,53.670025,59.305675
73.04055,107.331825,97.374425,64.7155,53.77455,59.574375
73.94425,108.287525,100.155,65.03105,53.84045,59.768825
79.49995,110.3951,102.76585,65.2771,53.9863,59.926325
80.413225,112.310525,105.62155,65.5178,54.122225,60.00585
80.42295,114.527975,109.327475,65.7917,54.13955,60.161625
80.811975,115.59685,112.3105,65.829725,54.187325,60.36525
81.250125,116.8669,116.108675,65.99845,54.230975,60.7174
81.3295,118.9263,117.42105,66.064625,54.43005,61.0137
81.382875,119.164575,119.73075,66.165375,54.476625,61.43505
81.514775,119.73075,127.421,66.491125,54.499025,61.834975
81.56605,121.36805,129.973575,66.58555,54.678725,62.01935
82.034325,122.5201,133.29045,66.86115,54.833225,62.169925
82.74035,123.14615,133.368725,66.96305,55.02025,62.526125
82.78745,123.305725,139.25585,66.995425,55.068125,63.7637
83.311825,124.294975,145.86685,67.031925,55.101725,63.923925
83.792675,126.490725,148.067575,67.293675,55.12705,64.13205
84.5916,127.84545,150.3636,67.342525,55.261725,64.2381
84.836775,131.895825,164.500975,67.45,55.422975,64.64185
84.879675,132.7748,181.616475,67.48715,55.44385,64.879325
85.92155,133.368725,183.16445,67.52565,55.53475,64.9537
86.182675,135.788925,,67.5635,55.577775,65.343375
86.6697,136.334925,,67.90405,55.920275,65.4422
87.51045,142.92275,,67.97985,55.9779,65.655225
88.007925,143.0047,,68.463625,56.132075,65.8242
88.134125,144.240175,,68.504725,56.32225,66.20765
88.829075,144.599025,,68.776225,56.3621,66.2456
89.514025,145.629525,,68.904925,56.718825,66.260125
89.774825,145.7302,,68.9588,56.768525,66.34605
89.9811,146.313925,,69.14345,56.84425,66.4236
90.092575,146.7766,,69.301125,57.570025,66.915925
90.67165,147.230325,,69.418075,57.60735,67.069425
90.6906,149.725,,69.642975,57.6219,67.1099
91.377325,150.18485,,69.86435,57.664425,67.16375
91.593175,151.360225,,69.899475,57.809125,67.68805
93.379025,153.3165,,70.0135,57.9188,67.991175
93.525325,153.750575,,70.131725,57.9382,68.1028
93.576675,160.162025,,70.270725,58.103925,68.56515
93.8698,163.576425,,70.373025,58.480325,68.65915
94.270975,164.462625,,70.702325,58.514,68.761925
94.37525,165.56145,,71.24645,58.645075,68.9576
94.61205,165.79365,,71.486925,58.77255,68.978975
94.694225,166.0711,,71.542775,58.9588,69.005725
94.79855,167.02575,,71.5732,59.016375,69.09565
95.433,168.63985,,71.63125,59.0337,69.55915
95.785,169.504825,,71.7421,59.098775,69.667675
95.841425,169.540975,,71.92135,59.120075,69.71645
96.109925,173.0649,,71.9633,59.3686,69.909975
96.722675,174.040075,,72.10545,59.4305,70.011525
97.2703,175.697525,,72.25005,59.44005,70.027225
97.67765,175.9969,,72.341825,59.762225,70.154775
97.982375,176.00385,,72.416325,59.789225,70.225975
98.329,182.869225,,72.516825,59.80935,70.466275
98.3731,183.1829,,72.556875,60.047475,70.85155
98.783925,185.5044,,72.693875,60.246025,71.38915
98.9066,185.928625,,72.81525,60.6294,71.564925
98.969125,186.2219,,72.86955,60.67735,71.693325
99.46065,186.50355,,73.06555,60.832775,71.92565
99.825775,188.141375,,73.129775,60.925575,71.966375
99.94525,189.0573,,73.200775,61.163875,72.21235
100.543375,189.8387,,73.306625,61.587375,72.348
100.6706,,,73.40655,61.760025,72.393925
100.735375,,,73.423075,61.90085,72.463875
100.877125,,,73.458925,61.9748,72.59715
101.00445,,,73.4858,62.006575,72.728825
101.10075,,,73.50905,62.34665,72.807475
101.6837,,,73.559875,62.5003,72.82525
101.974125,,,73.6837,62.8511,72.84195
102.1955,,,73.7183,62.9525,72.985275
102.220925,,,73.8379,63.474525,73.062225
102.4423,,,73.939925,63.520175,73.265225
102.57015,,,74.00675,63.624675,73.42145
102.74695,,,74.12775,63.821025,73.5327
103.1465,,,74.178025,63.97625,73.823875
103.1552,,,74.203625,64.422175,73.9041
103.4206,,,74.252275,64.62425,74.049175
103.8206,,,74.2702,64.6568,74.164275
103.962,,,74.3183,65.031075,74.25765
104.01035,,,74.346525,65.07705,74.457825
104.4417,,,74.361875,65.680125,74.5324
104.94935,,,74.403625,65.908725,74.8273
104.994325,,,74.449975,66.165425,75.029175
105.79825,,,74.5523,66.4142,75.09835
105.864025,,,74.626375,66.601825,75.23435
106.1247,,,74.661925,67.22655,75.41125
106.346675,,,74.74875,68.77625,75.479425
106.612525,,,74.853325,68.90495,75.8684
106.916125,,,74.9697,68.958825,75.870575
107.13135,,,75.3036,69.418125,75.908775
107.20565,,,75.469175,71.48695,76.0346
107.404975,,,75.703325,71.6313,76.13935
107.489825,,,75.824075,71.921375,76.30195
107.560825,,,76.01255,73.406575,76.449525
108.055875,,,76.07595,73.718325,76.5368
108.086875,,,76.167825,74.969725,76.642775
108.302225,,,76.21225,75.538425,76.7122
108.47765,,,76.324725,77.84795,76.8634
110.25755,,,76.420375,78.37015,76.928175
110.278,,,76.519275,79.856525,76.99045
110.486825,,,76.58615,82.02595,77.20485
110.505,,,76.6381,82.127475,77.270425
110.744875,,,76.664575,82.2495,77.277275
110.9269,,,76.6851,82.616075,77.339325
111.070175,,,76.71205,86.608225,77.39285
111.161225,,,76.795975,87.0895,77.41835
111.2364,,,76.888075,87.252825,77.491275
111.93995,,,76.94795,89.3705,77.549775
112.004425,,,77.0073,90.01975,77.6338
112.024275,,,77.11405,93.538175,77.673
112.036,,,77.1642,93.89625,77.775625
112.107975,,,77.204575,94.760525,77.9384
112.117475,,,77.332675,96.93575,78.0145
112.3836,,,77.374325,97.1227,78.0266
112.4702,,,77.4212,98.748925,78.07135
113.058375,,,77.47165,102.073975,78.11375
113.5454,,,77.5599,102.122675,78.1554
114.0172,,,77.67865,104.806625,78.199025
114.0561,,,77.7107,105.669925,78.334575
114.07235,,,77.767125,105.803375,78.358725
114.11225,,,77.820375,107.51065,78.3702
114.14365,,,77.847875,108.404875,78.465025
114.14525,,,77.911925,108.706475,78.608375
114.176075,,,77.97075,110.036075,78.6452
114.785225,,,77.992225,110.3624,78.690375
114.906425,,,78.064875,112.08145,78.740275
115.009475,,,78.106025,112.5834,78.7668
115.1119,,,78.167525,113.8012,78.850925
115.124075,,,78.348475,115.20025,78.9626
115.3733,,,78.400725,118.606725,78.993625
115.630525,,,78.540275,119.530975,79.15015
115.6506,,,78.628825,120.4553,79.256725
115.684325,,,78.7703,120.8192,79.3012
115.762825,,,78.915075,121.51325,79.4134
116.42485,,,79.0821,122.6742,79.512275
116.604825,,,79.12405,123.67075,79.53615
116.853275,,,79.1724,124.729925,79.58895
116.878525,,,79.25405,126.0233,79.67785
116.95105,,,79.338125,127.71825,79.763925
117.09105,,,79.406,128.8669,79.82715
117.118125,,,79.46245,129.635475,79.85655
117.3125,,,79.511075,130.2844,79.88065
117.379525,,,79.64535,130.8753,79.9789
117.60695,,,79.7111,131.099675,80.062925
117.61225,,,79.7412,131.49345,80.097875
118.07895,,,79.759,131.661475,80.173175
118.333525,,,79.81945,131.846325,80.325725
118.570825,,,79.837625,132.665325,80.40415
118.6414,,,79.868475,132.824575,80.51445
119.05685,,,79.9372,133.56635,80.559275
119.07705,,,80.0003,133.68665,80.63835
119.3404,,,80.056675,134.7316,80.6861
119.835125,,,80.080925,136.423975,80.69045
119.95645,,,80.12495,139.275325,80.72605
120.338775,,,80.201375,139.6979,80.7819
120.52685,,,80.262975,140.865125,80.866775
120.7711,,,80.323475,143.5173,80.906225
121.356225,,,80.388625,143.81025,80.970425
121.985075,,,80.474975,146.897425,81.012725
122.048275,,,80.54615,146.96915,81.048575
122.3839,,,80.612475,147.0275,81.146475
122.679425,,,80.642875,148.107025,81.43445
123.50995,,,80.7422,148.6084,81.50165
123.74995,,,80.7971,150.3137,81.5456
123.91905,,,80.820275,150.928575,81.603
123.940575,,,80.890675,151.449075,81.727875
124.15645,,,80.9403,152.209875,81.8059
124.43845,,,81.015875,156.9504,81.8494
124.51175,,,81.05085,157.848775,81.903375
125.490825,,,81.072375,159.060125,81.99475
125.52365,,,81.11315,159.85645,82.0426
125.587675,,,81.15135,159.993,82.093425
125.995625,,,81.2499,161.463375,82.1275
126.117675,,,81.29405,162.09285,82.17465
126.23035,,,81.324525,163.393625,82.2538
126.433825,,,81.3825,165.322175,82.320775
126.546225,,,81.4963,165.479825,82.364225
126.58245,,,81.553375,166.094775,82.464975
126.77735,,,81.591675,167.075275,82.515475
126.93395,,,81.6384,167.479625,82.6152
127.38995,,,81.693275,170.0297,82.693125
127.5545,,,81.80355,170.07505,82.778125
127.747525,,,81.8262,170.240725,82.856975
127.9775,,,81.83955,172.761225,82.9445
128.19065,,,81.867325,173.05245,83.018325
128.33045,,,81.90395,174.039425,83.090475
129.04505,,,81.9555,174.51475,83.132
129.23005,,,82.012175,175.013975,83.23035
129.425325,,,82.0712,178.29525,83.273975
129.49495,,,82.095825,179.3529,83.3466
130.029625,,,82.1201,179.4194,83.37445
130.356375,,,82.181475,180.01235,83.46345
130.4126,,,82.20975,180.7497,83.604575
131.442425,,,82.255775,182.474275,83.683575
131.8058,,,82.297975,183.989975,83.777525
131.938075,,,82.32865,184.48005,83.8358
132.047975,,,82.3502,184.5094,83.87695
132.19875,,,82.3873,185.318375,83.911075
132.50195,,,82.455575,185.64655,84.01775
133.021725,,,82.49035,185.66955,84.086775
133.0639,,,82.53995,185.8559,84.157225
133.992,,,82.616025,186.08975,84.359825
134.270825,,,82.668125,186.8988,84.438675
134.308,,,82.713475,187.031025,84.459
135.00535,,,82.825725,187.728025,84.48755
135.021625,,,82.917225,,84.5378
135.137375,,,82.967625,,84.57345
135.1545,,,83.0385,,84.5952
136.424375,,,83.061975,,84.677225
137.06745,,,83.1191,,84.766325
137.583975,,,83.17965,,84.864775
138.614325,,,83.221625,,84.9138
140.446575,,,83.2705,,85.01095
140.448375,,,83.29215,,85.0456
140.553925,,,83.3388,,85.0912
140.728975,,,83.37065,,85.1853
140.8902,,,83.424,,85.34905
141.514,,,83.511425,,85.39795
141.548975,,,83.58785,,85.4911
141.73355,,,83.6289,,85.56635
142.0189,,,83.707725,,85.720475
143.164575,,,83.742925,,85.81965
144.287425,,,83.791875,,85.8267
144.4287,,,83.834075,,85.928625
144.58565,,,83.8663,,85.991625
144.76255,,,83.909225,,86.05785
145.44375,,,83.982575,,86.117225
146.147675,,,84.0896,,86.211175
146.1534,,,84.1571,,86.2483
146.223375,,,84.2109,,86.3347
146.298625,,,84.25915,,86.4418
146.376875,,,84.298675,,86.4814
146.484175,,,84.3439,,86.6658
147.513025,,,84.380175,,86.68775
147.76065,,,84.440325,,86.960675
148.5926,,,84.501175,,87.05705
148.59905,,,84.562675,,87.08955
148.604575,,,84.650825,,87.1374
148.824275,,,84.773425,,87.185425
148.929,,,84.801925,,87.291975
149.042325,,,84.8297,,87.358825
149.083475,,,84.911,,87.494075
149.115575,,,85.02865,,87.5218
149.589575,,,85.1482,,87.56825
149.6632,,,85.317175,,87.800075
149.887025,,,85.40925,,87.82895
151.886225,,,85.494825,,87.878075
152.11385,,,85.628975,,87.9173
152.51905,,,85.72725,,87.975775
153.11145,,,85.772625,,88.0063
153.22235,,,85.802725,,88.1324
153.265275,,,85.82595,,88.167725
153.576925,,,85.87035,,88.211675
153.809275,,,85.91395,,88.30235
154.04065,,,85.941325,,88.362525
154.051975,,,85.96655,,88.41275
154.077325,,,86.019125,,88.455325
154.07855,,,86.081475,,88.559825
154.158475,,,86.1692,,88.61135
154.456775,,,86.314025,,88.6669
154.685775,,,86.38495,,88.6881
155.096975,,,86.417725,,88.74375
155.3236,,,86.5136,,88.797
155.436975,,,86.59365,,88.82785
155.747925,,,86.66235,,88.858575
156.31555,,,86.687075,,88.96125
156.4231,,,86.69935,,89.05355
156.8253,,,86.716875,,89.1028
157.034275,,,86.74505,,89.166475
157.2983,,,86.777425,,89.216625
157.5111,,,86.807225,,89.33195
158.35045,,,86.84295,,89.370525
158.5216,,,86.897375,,89.380775
159.176,,,86.92525,,89.42255
159.2072,,,86.99155,,89.514375
159.2568,,,87.048325,,89.53835
159.754425,,,87.0861,,89.593775
159.868825,,,87.174925,,89.62385
160.436525,,,87.23675,,89.640925
160.4674,,,87.3331,,89.7072
160.503625,,,87.412075,,89.7769
160.549525,,,87.494825,,89.844875
160.7289,,,87.54435,,89.88075
160.806925,,,87.574,,89.9619
161.155175,,,87.61975,,90.150375
161.184525,,,87.687975,,90.1811
161.19395,,,87.726775,,90.231075
161.21675,,,87.788475,,90.362925
161.300175,,,87.83905,,90.411725
161.472675,,,87.8968,,90.47645
161.78635,,,88.027425,,90.541175
161.905775,,,88.117525,,90.664275
162.18315,,,88.21705,,90.772575
162.247625,,,88.300475,,90.838875
162.42785,,,88.4325,,90.85845
162.458625,,,88.471925,,90.97225
162.611725,,,88.61425,,90.991375
163.034225,,,88.672425,,91.10365
163.1341,,,88.802225,,91.147275
163.260825,,,88.8839,,91.20385
163.7389,,,88.978175,,91.252475
165.19965,,,89.113525,,91.288925
165.3259,,,89.269425,,91.3969
165.347675,,,89.476325,,91.475325
165.37795,,,89.602125,,91.6061
165.718975,,,89.716775,,91.768275
165.929225,,,89.813775,,91.8302
166.0077,,,89.92005,,91.883275
166.1953,,,89.989625,,91.983775
166.5517,,,90.171725,,92.02345
166.69865,,,90.2508,,92.163925
166.7131,,,90.4167,,92.4913
166.7974,,,90.486725,,92.5263
166.8573,,,90.75525,,92.53235
166.8848,,,90.78355,,92.650275
167.4236,,,90.806425,,92.698125
167.747325,,,90.84725,,92.760975
167.8402,,,90.937125,,92.849625
168.43005,,,91.011225,,92.855125
168.4557,,,91.02965,,93.014525
169.154775,,,91.11505,,93.068525
170.32675,,,91.145775,,93.18645
170.4654,,,91.18045,,93.2987
170.916175,,,91.2046,,93.34655
170.955875,,,91.246825,,93.398775
170.9875,,,91.280125,,93.444525
171.009475,,,91.32475,,93.5307
171.109875,,,91.38255,,93.58385
171.1959,,,91.4077,,93.6177
171.302025,,,91.45315,,93.749375
171.48865,,,91.516,,93.751575
172.09785,,,91.578975,,93.802525
172.109725,,,91.649925,,93.859725
172.1281,,,91.691825,,93.896325
172.24095,,,91.753425,,93.94505
172.336,,,91.7964,,93.98215
172.615325,,,91.865025,,94.0303
172.750275,,,91.9682,,94.071375
172.974675,,,92.0807,,94.11865
172.979675,,,92.3158,,94.18345
173.385125,,,92.3776,,94.319275
173.420925,,,92.437775,,94.47735
173.5358,,,92.50255,,94.62945
173.5835,,,92.55335,,94.7203
173.877,,,92.688925,,94.7901
174.0859,,,92.803775,,94.837425
174.4354,,,92.8561,,94.895275
174.6638,,,93.17265,,95.05095
174.75515,,,93.27615,,95.255575
174.76695,,,93.3226,,95.299225
174.901775,,,93.3901,,95.369275
175.384775,,,93.427,,95.415475
175.473225,,,93.456925,,95.5162
175.48925,,,93.627525,,95.548625
175.545225,,,93.7287,,95.60795
175.576925,,,93.741475,,95.6842
175.977275,,,93.7528,,95.748475
176.5389,,,93.775425,,95.803625
176.878375,,,93.861725,,95.853775
177.121425,,,93.983625,,95.981775
177.447125,,,94.025275,,96.0677
178.13705,,,94.093975,,96.10605
178.48055,,,94.1821,,96.17155
178.554475,,,94.325725,,96.232475
179.144775,,,94.38335,,96.3541
179.7896,,,94.42795,,96.415825
179.965975,,,94.531275,,96.456975
180.011,,,94.55555,,96.520425
180.22775,,,94.575325,,96.774875
180.355075,,,94.6013,,96.8226
180.59565,,,94.628925,,96.853475
180.664875,,,94.671575,,96.974125
180.82665,,,94.71115,,97.0343
181.070925,,,94.762975,,97.081575
181.274375,,,94.818325,,97.1238
181.3123,,,94.8807,,97.21415
181.347225,,,94.9935,,97.2701
181.733275,,,95.05735,,97.419
181.939375,,,95.1342,,97.599475
181.954675,,,95.194575,,97.67275
182.245375,,,95.222575,,97.787225
182.287125,,,95.26065,,97.789925
182.291725,,,95.307075,,97.839075
182.571725,,,95.34045,,97.981975
182.590175,,,95.43275,,98.05435
182.941625,,,95.496075,,98.126475
182.949075,,,95.581575,,98.21215
183.339625,,,95.631925,,98.266025
183.39935,,,95.67265,,98.322975
183.74435,,,95.753725,,98.444625
184.459075,,,95.8705,,98.502
184.7678,,,95.9661,,98.583575
184.876475,,,96.050625,,98.720025
184.979875,,,96.14155,,98.748975
185.11745,,,96.177175,,98.760075
185.563375,,,96.209675,,98.84245
185.571775,,,96.23955,,98.994825
185.903325,,,96.254625,,99.079775
186.174575,,,96.2805,,99.190825
186.213075,,,96.311625,,99.336825
186.423175,,,96.33105,,99.399625
186.572975,,,96.356225,,99.4485
186.89775,,,96.380175,,99.536425
187.046275,,,96.4023,,99.573675
187.365975,,,96.46575,,99.63955
187.414875,,,96.51255,,99.65635
188.4897,,,96.588475,,99.81
188.5032,,,96.6544,,99.899025
188.75585,,,96.689625,,99.966675
188.871025,,,96.75075,,100.05555
188.914775,,,96.940875,,100.21675
189.154375,,,97.03585,,100.330425
189.630725,,,97.134575,,100.3696
189.7561,,,97.19465,,100.4257
189.9076,,,97.248525,,100.475475
189.97235,,,97.43045,,100.678075
,,,97.55765,,100.75775
,,,97.6244,,100.7949
,,,97.742575,,100.808875
,,,97.8388,,100.8488
,,,97.973325,,100.888325
,,,98.107525,,100.9635
,,,98.167375,,101.0358
,,,98.220325,,101.07315
,,,98.318625,,101.122975
,,,98.364775,,101.24365
,,,98.449875,,101.249675
,,,98.472425,,101.3035
,,,98.5929,,101.342475
,,,98.60755,,101.346575
,,,98.730975,,101.41745
,,,98.75975,,101.613925
,,,98.820325,,101.769475
,,,98.906275,,101.83825
,,,98.9665,,101.8982
,,,99.0782,,101.97235
,,,99.1492,,102.074
,,,99.218475,,102.152375
,,,99.254325,,102.22205
,,,99.2941,,102.2771
,,,99.3454,,102.364425
,,,99.38585,,102.55905
,,,99.488225,,102.664875
,,,99.5521,,102.73005
,,,99.618575,,102.778
,,,99.652425,,102.79865
,,,99.68745,,102.887375
,,,99.74645,,103.0356
,,,99.933675,,103.09075
,,,100.0336,,103.1989
,,,100.095525,,103.24825
,,,100.12545,,103.3057
,,,100.15735,,103.381025
,,,100.1867,,103.505325
,,,100.23535,,103.60895
,,,100.46215,,103.653075
,,,100.483725,,103.7062
,,,100.532625,,103.819875
,,,100.588625,,103.904575
,,,100.62685,,103.957275
,,,100.6851,,104.02485
,,,100.742175,,104.069
,,,100.817325,,104.162075
,,,100.850125,,104.25775
,,,100.96235,,104.305925
,,,100.9793,,104.3717
,,,100.985225,,104.4392
,,,100.989775,,104.457675
,,,100.999775,,104.5237
,,,101.0042,,104.562025
,,,101.0236,,104.62205
,,,101.036675,,104.6666
,,,101.06185,,104.72695
,,,101.076725,,104.7828
,,,101.0815,,104.88445
,,,101.102275,,104.994175
,,,101.131225,,105.02735
,,,101.13705,,105.069325
,,,101.154875,,105.1108
,,,101.1608,,105.19685
,,,101.1683,,105.269225
,,,101.191375,,105.335125
,,,101.22435,,105.376975
,,,101.2344,,105.44415
,,,101.246325,,105.481575
,,,101.27665,,105.617
,,,101.3286,,105.664725
,,,101.364025,,105.669925
,,,101.38225,,105.725175
,,,101.403225,,105.8034
,,,101.4308,,105.83605
,,,101.451275,,105.8717
,,,101.480575,,105.99985
,,,101.5112,,106.18435
,,,101.56005,,106.24685
,,,101.593975,,106.34855
,,,101.636175,,106.39915
,,,101.673275,,106.471925
,,,101.708925,,106.59105
,,,101.757225,,106.64295
,,,101.788675,,106.7254
,,,101.868575,,106.7307
,,,101.90305,,106.812825
,,,101.938775,,106.861175
,,,101.966025,,106.932525
,,,102.059675,,106.9674
,,,102.12,,107.00705
,,,102.205425,,107.06545
,,,102.348675,,107.14895
,,,102.483175,,107.226675
,,,102.787675,,107.375225
,,,102.82955,,107.472475
,,,102.881075,,107.5074
,,,103.023275,,107.592275
,,,103.07875,,107.6453
,,,103.10145,,107.7109
,,,103.1354,,107.729225
,,,103.15545,,107.7768
,,,103.19805,,107.831125
,,,103.23095,,107.876125
,,,103.2812,,107.920025
,,,103.3176,,107.96525
,,,103.35265,,108.022825
,,,103.376725,,108.06125
,,,103.440225,,108.104525
,,,103.469125,,108.12945
,,,103.477375,,108.192325
,,,103.5012,,108.230725
,,,103.50745,,108.3703
,,,103.522425,,108.429475
,,,103.545325,,108.49565
,,,103.59345,,108.532025
,,,103.6872,,108.58415
,,,103.703475,,108.6995
,,,103.716375,,108.75765
,,,103.7394,,108.80665
,,,103.768825,,108.845
,,,103.788675,,108.96455
,,,103.803075,,108.992875
,,,103.829,,109.057125
,,,103.845825,,109.23065
,,,103.865325,,109.30305
,,,103.88195,,109.366675
,,,103.905725,,109.6716
,,,103.934625,,109.7044
,,,103.956475,,109.73665
,,,103.98425,,109.792
,,,104.01935,,109.852875
,,,104.063925,,109.96965
,,,104.08775,,110.07745
,,,104.12545,,110.13015
,,,104.147725,,110.195875
,,,104.238225,,110.2456
,,,104.321275,,110.30985
,,,104.42065,,110.3574
,,,104.586325,,110.3624
,,,104.628125,,110.398375
,,,104.736425,,110.430925
,,,104.7957,,110.47095
,,,104.838375,,110.51745
,,,104.919425,,110.554075
,,,104.9588,,110.702025
,,,105.298225,,110.7808
,,,105.360975,,110.818425
,,,105.406425,,110.8963
,,,105.5542,,110.932875
,,,105.6094,,111.040775
,,,105.647325,,111.1298
,,,105.719175,,111.142525
,,,105.8182,,111.1611
,,,105.9473,,111.199875
,,,106.07445,,111.25425
,,,106.1313,,111.397475
,,,106.2219,,111.478275
,,,106.2501,,111.56855
,,,106.2993,,111.611575
,,,106.328725,,111.684325
,,,106.377275,,111.834375
,,,106.41285,,111.882125
,,,106.4401,,111.921375
,,,106.460425,,112.02145
,,,106.483625,,112.148075
,,,106.4931,,112.194225
,,,106.51635,,112.252225
,,,106.543575,,112.371775
,,,106.577875,,112.434775
,,,106.607175,,112.480075
,,,106.673375,,112.522875
,,,106.7271,,112.630875
,,,106.80545,,112.6593
,,,106.86375,,112.730175
,,,106.942325,,112.791925
,,,107.02525,,112.846175
,,,107.104775,,112.872875
,,,107.1341,,112.90635
,,,107.241525,,112.93125
,,,107.31255,,113.076425
,,,107.392475,,113.20095
,,,107.54645,,113.201925
,,,107.6499,,113.2554
,,,107.745375,,113.314925
,,,107.895625,,113.3706
,,,107.981,,113.44365
,,,108.10165,,113.619525
,,,108.243825,,113.705975
,,,108.425375,,113.79165
,,,108.479875,,113.8012
,,,108.512225,,113.84575
,,,108.54935,,114.054925
,,,108.612475,,114.15045
,,,108.663,,114.33435
,,,108.692525,,114.388675
,,,108.710125,,114.42905
,,,108.738525,,114.4777
,,,108.88555,,114.527625
,,,108.937275,,114.622225
,,,108.99815,,114.654275
,,,109.05235,,114.684175
,,,109.1499,,114.804325
,,,109.1828,,114.871075
,,,109.229225,,114.94845
,,,109.2869,,114.99135
,,,109.3647,,115.0251
,,,109.403225,,115.061825
,,,109.434725,,115.127125
,,,109.473025,,115.1942
,,,109.4939,,115.3255
,,,109.5204,,115.38875
,,,109.532775,,115.440025
,,,109.552875,,115.6118
,,,109.577375,,115.69545
,,,109.6282,,115.7239
,,,109.6662,,115.85945
,,,109.722025,,115.950125
,,,109.77395,,116.030625
,,,109.85985,,116.089775
,,,109.9228,,116.1881
,,,110.0235,,116.2544
,,,110.0558,,116.30485
,,,110.0901,,116.450325
,,,110.2229,,116.4986
,,,110.355875,,116.602275
,,,110.3769,,116.666
,,,110.397725,,116.769175
,,,110.42235,,116.802925
,,,110.4515,,116.838775
,,,110.477375,,117.086175
,,,110.499225,,117.12545
,,,110.52735,,117.21645
,,,110.553825,,117.335325
,,,110.5756,,117.383325
,,,110.601175,,117.557775
,,,110.6267,,117.701375
,,,110.63975,,117.724775
,,,110.670225,,117.7916
,,,110.709,,117.847325
,,,110.744125,,117.912525
,,,110.808125,,118.1197
,,,110.858575,,118.1749
,,,110.89455,,118.227525
,,,110.921875,,118.31475
,,,110.968925,,118.34995
,,,111.148975,,118.437375
,,,111.1975,,118.61245
,,,111.229975,,118.6582
,,,111.331925,,118.742625
,,,111.413875,,118.872825
,,,111.47065,,118.921175
,,,111.54395,,118.962075
,,,111.612975,,118.970075
,,,111.669625,,119.0267
,,,111.75235,,119.05455
,,,111.793,,119.1509
,,,111.835375,,119.2239
,,,111.929825,,119.3014
,,,111.9899,,119.349125
,,,112.133625,,119.4237
,,,112.18315,,119.5491
,,,112.247175,,119.5847
,,,112.406925,,119.7042
,,,112.50455,,119.7565
,,,112.55065,,119.8458
,,,112.58335,,119.8912
,,,112.615075,,119.9735
,,,112.685,,120.05175
,,,112.76045,,120.117125
,,,112.883,,120.16
,,,112.93515,,120.2508
,,,112.9898,,120.306
,,,113.03235,,120.34255
,,,113.09055,,120.42365
,,,113.174125,,120.455325
,,,113.258075,,120.48905
,,,113.324175,,120.52835
,,,113.43215,,120.56535
,,,113.571475,,120.6099
,,,113.65675,,120.7156
,,,113.77025,,120.767725
,,,113.807375,,120.819225
,,,113.855625,,120.826375
,,,113.9522,,120.867225
,,,114.034425,,120.977925
,,,114.1255,,121.047475
,,,114.2926,,121.11195
,,,114.376325,,121.176075
,,,114.524625,,121.3113
,,,114.6498,,121.368925
,,,114.799275,,121.4314
,,,114.89635,,121.489925
,,,115.079725,,121.513275
,,,115.294875,,121.5519
,,,115.403475,,121.703775
,,,115.453525,,121.8405
,,,115.6838,,121.883325
,,,115.778425,,121.9827
,,,115.98235,,122.1224
,,,116.083075,,122.1848
,,,116.19055,,122.4224
,,,116.218025,,122.4442
,,,116.24825,,122.69555
,,,116.311825,,122.727425
,,,116.36565,,122.80165
,,,116.426425,,122.88595
,,,116.4517,,122.9133
,,,116.524025,,122.943625
,,,116.600025,,122.983625
,,,116.64555,,123.03
,,,116.78115,,123.272425
,,,116.81785,,123.326
,,,116.953975,,123.59665
,,,116.98845,,123.640475
,,,117.045375,,123.694075
,,,117.105925,,123.7526
,,,117.317825,,123.898425
,,,117.35325,,123.9109
,,,117.395775,,124.0192
,,,117.5428,,124.113225
,,,117.618925,,124.1752
,,,117.7899,,124.212
,,,117.855925,,124.24625
,,,117.9389,,124.333675
,,,118.120725,,124.452625
,,,118.218475,,124.5815
,,,118.296525,,124.631725
,,,118.475725,,124.74895
,,,118.540725,,124.868525
,,,118.627125,,124.938425
,,,118.6346,,124.977375
,,,118.642375,,125.057325
,,,118.669925,,125.148425
,,,118.69635,,125.2312
,,,118.7541,,125.25515
,,,118.793175,,125.3397
,,,118.824625,,125.39695
,,,118.849725,,125.443475
,,,118.895625,,125.494975
,,,118.944275,,125.57135
,,,119.137775,,125.617
,,,119.349175,,125.7503
,,,119.36885,,125.8093
,,,119.653475,,125.860875
,,,119.734475,,125.9347
,,,119.761875,,125.972775
,,,119.792475,,126.023325
,,,119.832125,,126.0721
,,,119.87685,,126.118325
,,,119.900425,,126.161325
,,,119.9262,,126.225225
,,,119.95015,,126.280875
,,,119.972275,,126.36215
,,,119.9945,,126.48785
,,,120.02775,,126.546825
,,,120.07655,,126.617425
,,,120.254075,,126.651125
,,,120.322175,,126.69265
,,,120.371325,,126.808725
,,,120.45605,,126.924825
,,,120.463875,,127.0702
,,,120.47565,,127.17135
,,,120.483575,,127.23015
,,,120.517425,,127.281175
,,,120.5523,,127.342075
,,,120.579125,,127.4221
,,,120.61695,,127.46965
,,,120.66965,,127.54875
,,,120.7301,,127.857
,,,120.765775,,127.92405
,,,120.8166,,128.03655
,,,120.82955,,128.141525
,,,120.8505,,128.254375
,,,120.882125,,128.40645
,,,120.895,,128.465175
,,,120.916975,,128.5234
,,,120.943625,,128.565775
,,,120.970975,,128.664425
,,,120.9914,,128.730275
,,,121.021375,,128.820475
,,,121.05085,,128.8669
,,,121.089425,,128.916925
,,,121.1501,,128.94875
,,,121.20285,,129.010225
,,,121.259725,,129.058775
,,,121.3316,,129.221575
,,,121.385725,,129.3176
,,,121.4865,,129.353375
,,,121.517225,,129.4339
,,,121.5326,,129.52935
,,,121.559925,,129.585125
,,,121.576025,,129.645075
,,,121.6049,,129.6884
,,,121.649125,,129.7431
,,,121.7036,,129.840675
,,,121.725425,,129.978
,,,121.747075,,130.04795
,,,121.757425,,130.098875
,,,121.7793,,130.15675
,,,121.800925,,130.26335
,,,121.824125,,130.3214
,,,121.857325,,130.353175
,,,121.9201,,130.403775
,,,121.968175,,130.5964
,,,122.075975,,130.64585
,,,122.149775,,130.708525
,,,122.24225,,130.7606
,,,122.3252,,130.824175
,,,122.44795,,130.8617
,,,122.471075,,130.9221
,,,122.512975,,131.018675
,,,122.57655,,131.06695
,,,122.70765,,131.114725
,,,122.759,,131.140275
,,,122.909025,,131.222875
,,,122.987525,,131.238825
,,,123.058525,,131.357625
,,,123.07935,,131.454925
,,,123.13555,,131.528475
,,,123.1766,,131.59565
,,,123.23555,,131.641775
,,,123.341575,,131.707
,,,123.35285,,131.825325
,,,123.362725,,131.971425
,,,123.37435,,132.049525
,,,123.414725,,132.108125
,,,123.516275,,132.18785
,,,123.54965,,132.32985
,,,123.5657,,132.463625
,,,123.5853,,132.55175
,,,123.627275,,132.593125
,,,123.70345,,132.64215
,,,123.762775,,132.6677
,,,123.797225,,132.760875
,,,123.8423,,132.882625
,,,123.9256,,132.97245
,,,124.0419,,133.016075
,,,124.268875,,133.057175
,,,124.39865,,133.088975
,,,124.4607,,133.158725
,,,124.51585,,133.19465
,,,124.536625,,133.231075
,,,124.5856,,133.39915
,,,124.651775,,133.44135
,,,124.70605,,133.48375
,,,124.736825,,133.5184
,,,124.749125,,134.0986
,,,124.802325,,134.13865
,,,124.8664,,134.231525
,,,124.89825,,134.32865
,,,124.973675,,134.4022
,,,125.0549,,134.521875
,,,125.154575,,134.60755
,,,125.259175,,134.731675
,,,125.322275,,134.90165
,,,125.370625,,134.939225
,,,125.497375,,134.9726
,,,125.580875,,135.08395
,,,125.787425,,135.12745
,,,125.91845,,135.27725
,,,125.96855,,135.4431
,,,126.0401,,135.482075
,,,126.116075,,135.6177
,,,126.434675,,135.73955
,,,126.629125,,135.868675
,,,126.821525,,135.93875
,,,126.912375,,135.976175
,,,126.9947,,136.049525
,,,127.111575,,136.166925
,,,127.139,,136.289
,,,127.1842,,136.39345
,,,127.35075,,136.424
,,,127.38035,,136.5227
,,,127.41245,,136.603025
,,,127.465325,,136.69
,,,127.52595,,136.72615
,,,127.543175,,136.824125
,,,127.55425,,136.975725
,,,127.5689,,137.044175
,,,127.5825,,137.092225
,,,127.6055,,137.308325
,,,127.634675,,137.41405
,,,127.71775,,137.489825
,,,127.76315,,137.540925
,,,127.82045,,137.599325
,,,128.03555,,137.6459
,,,128.0597,,137.748525
,,,128.19005,,137.82745
,,,128.244025,,137.9279
,,,128.310125,,138.01235
,,,128.330225,,138.079425
,,,128.346525,,138.152475
,,,128.367,,138.193375
,,,128.386075,,138.274
,,,128.404275,,138.337225
,,,128.4316,,138.440675
,,,128.493875,,138.502725
,,,128.539275,,138.659875
,,,128.579675,,138.70595
,,,128.63835,,138.801275
,,,128.703225,,138.864875
,,,128.79345,,138.952825
,,,128.85095,,139.033525
,,,128.93415,,139.104925
,,,129.021775,,139.176175
,,,129.081125,,139.201925
,,,129.113725,,139.27535
,,,129.2819,,139.41125
,,,129.371675,,139.5812
,,,129.4302,,139.6252
,,,129.49425,,139.749
,,,129.551275,,139.874275
,,,129.5919,,139.8801
,,,129.610975,,140.0367
,,,129.626275,,140.0906
,,,129.63955,,140.145325
,,,129.652975,,140.20545
,,,129.666775,,140.2606
,,,129.68545,,140.32015
,,,129.720325,,140.36725
,,,129.783975,,140.475275
,,,129.84665,,140.535
,,,129.950625,,140.6085
,,,130.029375,,140.6696
,,,130.106325,,140.8085
,,,130.1915,,140.855575
,,,130.2966,,140.905325
,,,130.391325,,140.955075
,,,130.454075,,141.0602
,,,130.5144,,141.115125
,,,130.66315,,141.220025
,,,130.832375,,141.2773
,,,131.197675,,141.388725
,,,131.242425,,141.4382
,,,131.265825,,141.470275
,,,131.28425,,141.533925
,,,131.31645,,141.606675
,,,131.3285,,141.693125
,,,131.35315,,141.93945
,,,131.380475,,141.9465
,,,131.411175,,142.1247
,,,131.430375,,142.17465
,,,131.45825,,142.2217
,,,131.483825,,142.3109
,,,131.528075,,142.36875
,,,131.564175,,142.425225
,,,131.59895,,142.490325
,,,131.6539,,142.564525
,,,131.683975,,142.6734
,,,131.7082,,142.743625
,,,131.728525,,142.8228
,,,131.755825,,142.847
,,,131.7798,,142.949625
,,,131.802675,,143.065675
,,,131.86015,,143.121375
,,,131.8976,,143.2417
,,,131.92765,,143.296575
,,,131.984375,,143.353125
,,,132.0556,,143.3777
,,,132.093925,,143.51735
,,,132.15255,,143.53405
,,,132.198425,,143.593425
,,,132.24745,,143.694325
,,,132.2965,,143.749925
,,,132.317275,,143.81025
,,,132.35385,,143.89075
,,,132.462775,,143.9409
,,,132.5126,,144.033075
,,,132.5882,,144.21895
,,,132.714625,,144.388175
,,,132.744,,144.46045
,,,132.7832,,144.51415
,,,132.877275,,144.568725
,,,132.96655,,144.677625
,,,133.0205,,144.700675
,,,133.0651,,144.8558
,,,133.22755,,144.92505
,,,133.26015,,145.015125
,,,133.301875,,145.088425
,,,133.37615,,145.22355
,,,133.4279,,145.300125
,,,133.544625,,145.42755
,,,133.5976,,145.588675
,,,133.638825,,145.641225
,,,133.668225,,145.67585
,,,133.6979,,145.746225
,,,133.736225,,145.798725
,,,133.741425,,145.8615
,,,133.76755,,145.952525
,,,133.792375,,146.013125
,,,133.81165,,146.073175
,,,133.849925,,146.11805
,,,133.92235,,146.189925
,,,133.9518,,146.361225
,,,133.983075,,146.5065
,,,134.08625,,146.53915
,,,134.160625,,146.595275
,,,134.36325,,146.85555
,,,134.469575,,146.897425
,,,134.5588,,146.960725
,,,134.6451,,147.0275
,,,134.743875,,147.094475
,,,134.785075,,147.205325
,,,134.90095,,147.271075
,,,135.061175,,147.44825
,,,135.119275,,147.4996
,,,135.202625,,147.6626
,,,135.249075,,147.7698
,,,135.3361,,147.82425
,,,135.39155,,147.95275
,,,135.461025,,148.007525
,,,135.50655,,148.06105
,,,135.5647,,148.107625
,,,135.706125,,148.223725
,,,135.752375,,148.379
,,,135.818425,,148.4567
,,,135.88605,,148.500475
,,,135.9381,,148.573025
,,,136.0305,,148.627825
,,,136.104975,,148.878125
,,,136.1798,,148.94045
,,,136.25615,,149.042625
,,,136.325025,,149.078025
,,,136.3492,,149.156275
,,,136.38225,,149.209525
,,,136.49795,,149.2475
,,,136.595625,,149.302
,,,136.6676,,149.381175
,,,136.81085,,149.412775
,,,136.865075,,149.447875
,,,136.97345,,149.50875
,,,137.061125,,149.5907
,,,137.173975,,149.66705
,,,137.272075,,149.776275
,,,137.3568,,149.87475
,,,137.4199,,149.9404
,,,137.49135,,150.029375
,,,137.5734,,150.2243
,,,137.644175,,150.270675
,,,137.735825,,150.313675
,,,137.857675,,150.40165
,,,137.9202,,150.440675
,,,137.978475,,150.49405
,,,138.083425,,150.568025
,,,138.1489,,150.61515
,,,138.225675,,150.669625
,,,138.29325,,150.7181
,,,138.353075,,150.7501
,,,138.398825,,150.840375
,,,138.434675,,150.99945
,,,138.4962,,151.09585
,,,138.528525,,151.238625
,,,138.5546,,151.293525
,,,138.570325,,151.449075
,,,138.601275,,151.4884
,,,138.637625,,151.52285
,,,138.66485,,151.5708
,,,138.70245,,151.611425
,,,138.772625,,151.6997
,,,138.83655,,151.8379
,,,138.951775,,151.9747
,,,139.040125,,151.99965
,,,139.099575,,152.032425
,,,139.177225,,152.082525
,,,139.47955,,152.2099
,,,139.6939,,152.34805
,,,139.750625,,152.36975
,,,139.8012,,152.415575
,,,139.958625,,152.453225
,,,140.03265,,152.51885
,,,140.080175,,152.66815
,,,140.113225,,152.971475
,,,140.2678,,153.097775
,,,140.33825,,153.1617
,,,140.427175,,153.4319
,,,140.501925,,153.468725
,,,140.562425,,153.560325
,,,140.584925,,153.60665
,,,140.6189,,153.653775
,,,140.6605,,153.756825
,,,140.725075,,153.814
,,,140.881175,,153.8453
,,,140.99405,,153.956675
,,,141.0632,,154.038725
,,,141.18205,,154.089875
,,,141.21945,,154.12385
,,,141.2645,,154.2408
,,,141.291,,154.5708
,,,141.404125,,154.61435
,,,141.562175,,154.695775
,,,141.678775,,154.8237
,,,141.735625,,154.8914
,,,141.7902,,155.022075
,,,141.847475,,155.081375
,,,141.955675,,155.137825
,,,142.025875,,155.202925
,,,142.101575,,155.270725
,,,142.164,,155.4053
,,,142.203925,,155.62125
,,,142.218075,,155.6641
,,,142.29265,,155.71365
,,,142.34755,,155.766975
,,,142.3963,,155.818575
,,,142.45655,,155.880575
,,,142.5011,,155.93885
,,,142.55295,,156.007325
,,,142.5906,,156.0647
,,,142.620625,,156.175275
,,,142.6601,,156.2905
,,,142.720975,,156.390425
,,,142.748,,156.45305
,,,142.78005,,156.508425
,,,142.83635,,156.564975
,,,142.886825,,156.60105
,,,142.92455,,156.662825
,,,142.9878,,156.7108
,,,143.02035,,156.77325
,,,143.087025,,157.0154
,,,143.149475,,157.0812
,,,143.198875,,157.132575
,,,143.2896,,157.203325
,,,143.3736,,157.31985
,,,143.42245,,157.4254
,,,143.46455,,157.46865
,,,143.506725,,157.5304
,,,143.563375,,157.574925
,,,143.617825,,157.647775
,,,143.66385,,157.7301
,,,143.692025,,157.8015
,,,143.7484,,157.8488
,,,143.806875,,157.891175
,,,143.87045,,157.966
,,,143.93985,,158.007375
,,,144.013575,,158.1569
,,,144.051975,,158.159
,,,144.09865,,158.22295
,,,144.183175,,158.295875
,,,144.323775,,158.3362
,,,144.5235,,158.66655
,,,144.751275,,158.7335
,,,144.977425,,158.79475
,,,145.06185,,158.90585
,,,145.261775,,158.972075
,,,145.414725,,159.1247
,,,145.50275,,159.23835
,,,145.581575,,159.298725
,,,145.6755,,159.4297
,,,145.8601,,159.507
,,,146.003675,,159.5627
,,,146.226025,,159.59285
,,,146.283475,,159.639525
,,,146.329975,,159.85645
,,,146.480375,,160.075525
,,,146.522975,,160.315775
,,,146.54655,,160.468125
,,,146.592575,,160.503425
,,,146.623425,,160.59025
,,,146.67965,,160.784675
,,,146.789775,,160.844525
,,,146.8427,,160.879325
,,,146.8703,,160.940975
,,,146.944675,,160.9931
,,,146.970725,,161.055725
,,,146.999225,,161.243025
,,,147.046925,,161.341525
,,,147.110075,,161.383575
,,,147.1538,,161.432775
,,,147.19785,,161.514975
,,,147.23495,,161.576775
,,,147.300775,,161.70725
,,,147.38915,,161.777175
,,,147.428125,,161.81745
,,,147.4764,,161.882975
,,,147.515575,,161.995225
,,,147.681,,162.0302
,,,147.720325,,162.2524
,,,147.7767,,162.306875
,,,147.8299,,162.365375
,,,147.8986,,162.405125
,,,147.97705,,162.4474
,,,148.19545,,162.610175
,,,148.24915,,162.7086
,,,148.330625,,162.744075
,,,148.3893,,162.8088
,,,148.451725,,162.842675
,,,148.526875,,162.9444
,,,148.590625,,163.07685
,,,148.633175,,163.155825
,,,148.74395,,163.21725
,,,148.940725,,163.369475
,,,148.9931,,163.50055
,,,149.079375,,163.609825
,,,149.187875,,163.6632
,,,149.23235,,163.709775
,,,149.280875,,163.783425
,,,149.3237,,163.909075
,,,149.366175,,163.9531
,,,149.415275,,164.0989
,,,149.45445,,164.1612
,,,149.53715,,164.3268
,,,149.59725,,164.578525
,,,149.658375,,164.8379
,,,149.7241,,164.988525
,,,149.757325,,165.054975
,,,149.7898,,165.1137
,,,149.842025,,165.190675
,,,149.89285,,165.341775
,,,149.92655,,165.386625
,,,149.99775,,165.52385
,,,150.086375,,165.585375
,,,150.153625,,165.631975
,,,150.22695,,165.7495
,,,150.4266,,165.87435
,,,150.74205,,166.007125
,,,150.80035,,166.0948
,,,150.844025,,166.167925
,,,150.8633,,166.224225
,,,150.894775,,166.339725
,,,150.909475,,166.388625
,,,150.9216,,166.470375
,,,150.942275,,166.5148
,,,150.965725,,166.613875
,,,150.986825,,166.743525
,,,151.0171,,166.805175
,,,151.068075,,166.85565
,,,151.103375,,166.9421
,,,151.134525,,166.9923
,,,151.1644,,167.0298
,,,151.198175,,167.116075
,,,151.24135,,167.250175
,,,151.283725,,167.316725
,,,151.310625,,167.473
,,,151.3464,,167.599675
,,,151.412525,,167.6379
,,,151.481975,,167.886375
,,,151.601825,,168.0211
,,,151.693575,,168.059625
,,,151.7479,,168.1633
,,,151.814375,,168.187825
,,,152.0015,,168.22075
,,,152.0716,,168.409975
,,,152.1431,,168.535625
,,,152.218425,,168.611075
,,,152.282275,,168.6505
,,,152.330825,,168.79885
,,,152.397975,,168.882625
,,,152.459675,,168.9483
,,,152.536675,,168.982025
,,,152.593775,,168.994975
,,,152.689125,,169.096875
,,,152.7313,,169.15275
,,,152.780675,,169.192275
,,,152.86845,,169.2212
,,,152.968825,,169.323675
,,,153.08995,,169.395025
,,,153.194225,,169.450425
,,,153.3285,,169.663275
,,,153.495475,,169.821
,,,153.583175,,169.886175
,,,153.632,,170.113875
,,,153.693525,,170.21755
,,,153.8961,,170.3121
,,,153.956475,,170.34395
,,,154.07095,,170.398925
,,,154.181275,,170.450575
,,,154.233,,170.490125
,,,154.281175,,170.54805
,,,154.3954,,170.616175
,,,154.48795,,170.75035
,,,154.5498,,170.807225
,,,154.68855,,170.862425
,,,154.746425,,170.90885
,,,154.87585,,170.964825
,,,154.921825,,171.0111
,,,154.9504,,171.054175
,,,154.9684,,171.15025
,,,155.017175,,171.20805
,,,155.069375,,171.2465
,,,155.13575,,171.3004
,,,155.1943,,171.321825
,,,155.268375,,171.38485
,,,155.3096,,171.50445
,,,155.3313,,171.7744
,,,155.34395,,171.8437
,,,155.363225,,171.970825
,,,155.4098,,172.057375
,,,155.445925,,172.35355
,,,155.47825,,172.4153
,,,155.5215,,172.69705
,,,155.53715,,172.80345
,,,155.549975,,172.87615
,,,155.572625,,172.99395
,,,155.587375,,173.05245
,,,155.616225,,173.108575
,,,155.623275,,173.30565
,,,155.6342,,173.374925
,,,155.64655,,173.44465
,,,155.660325,,173.476875
,,,155.689825,,173.610625
,,,155.709325,,173.657525
,,,155.72585,,173.7336
,,,155.749225,,174.053625
,,,155.7819,,174.260375
,,,155.82215,,174.4116
,,,155.85405,,174.516
,,,155.9229,,174.9419
,,,155.9838,,175.013975
,,,156.028825,,175.12675
,,,156.09865,,175.236175
,,,156.188975,,175.2758
,,,156.252575,,175.33125
,,,156.41425,,175.4091
,,,156.44765,,175.488175
,,,156.49905,,175.517525
,,,156.636725,,175.554925
,,,156.725925,,175.6065
,,,156.7589,,175.69595
,,,156.8082,,175.889025
,,,156.8553,,176.017475
,,,156.958375,,176.095525
,,,157.027775,,176.21425
,,,157.09045,,176.282975
,,,157.165575,,176.329525
,,,157.305825,,176.515025
,,,157.39245,,176.6673
,,,157.458175,,176.72685
,,,157.477825,,176.79965
,,,157.48965,,176.9816
,,,157.549575,,177.0312
,,,157.5989,,177.112475
,,,157.645225,,177.205725
,,,157.690125,,177.2946
,,,157.72265,,177.515375
,,,157.77045,,177.5765
,,,157.812575,,177.701825
,,,157.85305,,177.74575
,,,157.892825,,177.85095
,,,157.93945,,177.94485
,,,157.9541,,178.0186
,,,157.977125,,178.106025
,,,158.007175,,178.2002
,,,158.014375,,178.29525
,,,158.0472,,178.359075
,,,158.058,,178.431375
,,,158.128,,178.478575
,,,158.149,,178.56865
,,,158.167625,,178.66005
,,,158.195175,,178.7396
,,,158.211325,,178.846625
,,,158.23715,,178.942775
,,,158.258975,,179.099275
,,,158.295675,,179.179075
,,,158.32975,,179.2215
,,,158.366625,,179.292175
,,,158.405075,,179.3529
,,,158.452725,,179.419425
,,,158.508425,,179.519
,,,158.583225,,179.54715
,,,158.6218,,179.6069
,,,158.63275,,179.653825
,,,158.701775,,179.743475
,,,158.760925,,179.80835
,,,158.79675,,179.896025
,,,158.8633,,180.01235
,,,158.9211,,180.214575
,,,158.997725,,180.276275
,,,159.090675,,180.31745
,,,159.15755,,180.363225
,,,159.24275,,180.39475
,,,159.312,,180.410725
,,,159.396575,,180.462825
,,,159.499,,180.5685
,,,159.613425,,180.672825
,,,159.65435,,180.77055
,,,159.7166,,180.960575
,,,159.760425,,181.091075
,,,159.7802,,181.3572
,,,159.79175,,181.4095
,,,159.817025,,181.413925
,,,159.8525,,181.506525
,,,159.8757,,181.550675
,,,159.90165,,181.61525
,,,159.9117,,181.70095
,,,159.94585,,181.753975
,,,159.987775,,181.90265
,,,160.030625,,181.94965
,,,160.083875,,182.018225
,,,160.1444,,182.08655
,,,160.1768,,182.2246
,,,160.222,,182.291425
,,,160.273575,,182.4079
,,,160.322075,,182.4743
,,,160.367125,,182.543425
,,,160.4267,,182.6217
,,,160.534175,,182.7097
,,,160.577875,,182.872475
,,,160.608425,,182.935675
,,,160.62885,,182.976325
,,,160.663025,,183.088025
,,,160.6857,,183.147225
,,,160.70865,,183.441125
,,,160.73765,,183.5558
,,,160.7634,,183.586075
,,,160.78095,,183.6127
,,,160.810375,,183.6457
,,,160.8814,,183.8104
,,,160.927125,,183.85505
,,,161.0626,,183.9633
,,,161.12275,,184.085525
,,,161.19495,,184.153175
,,,161.248025,,184.187925
,,,161.2818,,184.4202
,,,161.335025,,184.480025
,,,161.4187,,184.51785
,,,161.65755,,184.552
,,,161.762125,,184.590425
,,,161.804975,,184.718625
,,,161.8938,,184.888725
,,,161.91715,,185.200625
,,,161.93215,,185.23925
,,,161.956425,,185.3184
,,,162.0499,,185.36925
,,,162.093725,,185.56375
,,,162.182675,,185.64655
,,,162.20295,,185.697925
,,,162.344025,,185.73275
,,,162.4634,,185.8559
,,,162.471625,,185.993325
,,,162.49185,,186.08975
,,,162.50825,,186.16045
,,,162.6026,,186.3998
,,,162.637725,,186.447525
,,,162.655525,,186.52815
,,,162.674325,,186.592975
,,,162.72185,,186.6407
,,,162.7778,,186.84885
,,,162.821675,,186.898775
,,,162.879425,,186.96275
,,,162.93825,,187.03105
,,,162.976125,,187.10965
,,,163.0243,,187.405
,,,163.047475,,187.43765
,,,163.057175,,187.4837
,,,163.071475,,187.6472
,,,163.121625,,187.700075
,,,163.15655,,187.72805
,,,163.175,,187.8585
,,,163.198475,,187.95775
,,,163.236775,,187.998
,,,163.27865,,188.065275
,,,163.316475,,188.108025
,,,163.345275,,188.177225
,,,163.3715,,188.23815
,,,163.3859,,188.2811
,,,163.399925,,188.4549
,,,163.4164,,188.5997
,,,163.4498,,188.663
,,,163.490775,,188.738475
,,,163.528075,,188.8076
,,,163.574725,,188.8755
,,,163.594875,,188.989175
,,,163.612725,,189.04505
,,,163.62975,,189.1992
,,,163.65235,,189.2445
,,,163.675275,,189.418425
,,,163.7145,,189.661325
,,,163.74915,,189.864775
,,,163.788475,,189.904875
,,,163.828875,,
,,,163.859175,,
,,,163.97115,,
,,,164.05125,,
,,,164.11235,,
,,,164.182525,,
,,,164.249625,,
,,,164.30795,,
,,,164.55025,,
,,,164.66585,,
,,,164.70555,,
,,,164.789675,,
,,,164.882125,,
,,,165.17585,,
,,,165.28085,,
,,,165.301525,,
,,,165.30955,,
,,,165.322775,,
,,,165.351025,,
,,,165.3691,,
,,,165.399075,,
,,,165.440425,,
,,,165.478225,,
,,,165.4975,,
,,,165.532575,,
,,,165.55525,,
,,,165.616575,,
,,,165.65735,,
,,,165.704275,,
,,,165.7583,,
,,,165.802425,,
,,,165.928075,,
,,,165.9949,,
,,,166.0705,,
,,,166.095925,,
,,,166.11615,,
,,,166.16205,,
,,,166.18675,,
,,,166.290375,,
,,,166.3715,,
,,,166.434425,,
,,,166.493325,,
,,,166.543775,,
,,,166.62215,,
,,,166.7893,,
,,,166.88455,,
,,,167.1048,,
,,,167.1575,,
,,,167.212975,,
,,,167.42005,,
,,,167.4973,,
,,,167.6837,,
,,,167.9061,,
,,,167.9988,,
,,,168.027425,,
,,,168.124775,,
,,,168.165825,,
,,,168.220525,,
,,,168.44825,,
,,,168.507925,,
,,,168.601525,,
,,,168.672025,,
,,,168.7087,,
,,,168.75085,,
,,,168.82595,,
,,,168.9577,,
,,,168.99085,,
,,,169.097825,,
,,,169.1123,,
,,,169.135775,,
,,,169.186525,,
,,,169.24405,,
,,,169.3271,,
,,,169.40305,,
,,,169.43905,,
,,,169.49155,,
,,,169.5369,,
,,,169.791875,,
,,,169.834375,,
,,,169.898925,,
,,,169.9358,,
,,,169.96115,,
,,,169.99755,,
,,,170.017975,,
,,,170.0604,,
,,,170.1007,,
,,,170.137775,,
,,,170.317875,,
,,,170.447225,,
,,,170.519525,,
,,,170.57885,,
,,,170.6397,,
,,,170.746525,,
,,,170.794525,,
,,,170.829075,,
,,,170.845125,,
,,,170.85715,,
,,,170.865975,,
,,,170.88055,,
,,,170.907575,,
,,,171.008725,,
,,,171.081375,,
,,,171.119425,,
,,,171.1588,,
,,,171.341375,,
,,,171.377475,,
,,,171.413725,,
,,,171.50105,,
,,,171.585325,,
,,,171.678475,,
,,,171.713,,
,,,171.7713,,
,,,171.806675,,
,,,171.821675,,
,,,171.84205,,
,,,171.863875,,
,,,171.898075,,
,,,171.97295,,
,,,172.050125,,
,,,172.081925,,
,,,172.1259,,
,,,172.1626,,
,,,172.2055,,
,,,172.261875,,
,,,172.332925,,
,,,172.35745,,
,,,172.382925,,
,,,172.491075,,
,,,172.5101,,
,,,172.541625,,
,,,172.5718,,
,,,172.606375,,
,,,172.63285,,
,,,172.686175,,
,,,172.7168,,
,,,172.83265,,
,,,172.929275,,
,,,172.95755,,
,,,172.969375,,
,,,172.982125,,
,,,173.000025,,
,,,173.0235,,
,,,173.05715,,
,,,173.097775,,
,,,173.1467,,
,,,173.184575,,
,,,173.203575,,
,,,173.219025,,
,,,173.23955,,
,,,173.256525,,
,,,173.274775,,
,,,173.300625,,
,,,173.45295,,
,,,173.46745,,
,,,173.477075,,
,,,173.4911,,
,,,173.506825,,
,,,173.5529,,
,,,173.646,,
,,,173.6887,,
,,,173.724225,,
,,,173.842,,
,,,173.851525,,
,,,173.86285,,
,,,173.876775,,
,,,173.88955,,
,,,173.908775,,
,,,173.947425,,
,,,174.03985,,
,,,174.0888,,
,,,174.282825,,
,,,174.29945,,
,,,174.309275,,
,,,174.32525,,
,,,174.34305,,
,,,174.43305,,
,,,174.4726,,
,,,174.506525,,
,,,174.581325,,
,,,174.612525,,
,,,174.641075,,
,,,174.672675,,
,,,174.694175,,
,,,174.713075,,
,,,174.730925,,
,,,174.757125,,
,,,174.777625,,
,,,174.8126,,
,,,174.847,,
,,,174.89885,,
,,,174.925725,,
,,,174.97755,,
,,,175.065325,,
,,,175.156225,,
,,,175.1773,,
,,,175.211375,,
,,,175.255375,,
,,,175.324925,,
,,,175.388925,,
,,,175.52485,,
,,,175.73895,,
,,,175.808725,,
,,,175.8297,,
,,,175.8532,,
,,,175.908425,,
,,,175.9717,,
,,,176.02285,,
,,,176.06645,,
,,,176.092,,
,,,176.136875,,
,,,176.26305,,
,,,176.38585,,
,,,176.48615,,
,,,176.567925,,
,,,176.6055,,
,,,176.625975,,
,,,176.6417,,
,,,176.65275,,
,,,176.664075,,
,,,176.678725,,
,,,176.79275,,
,,,176.820775,,
,,,176.845975,,
,,,176.86655,,
,,,176.904125,,
,,,176.92665,,
,,,177.001825,,
,,,177.13265,,
,,,177.14475,,
,,,177.15425,,
,,,177.16745,,
,,,177.198625,,
,,,177.221475,,
,,,177.234325,,
,,,177.262525,,
,,,177.325075,,
,,,177.462375,,
,,,177.483025,,
,,,177.4988,,
,,,177.51775,,
,,,177.535725,,
,,,177.588725,,
,,,177.61145,,
,,,177.65165,,
,,,177.67235,,
,,,177.709925,,
,,,177.7428,,
,,,177.770325,,
,,,177.796325,,
,,,177.841125,,
,,,177.861525,,
,,,177.8846,,
,,,177.929275,,
,,,178.00795,,
,,,178.08685,,
,,,178.178625,,
,,,178.2796,,
,,,178.29065,,
,,,178.29775,,
,,,178.304675,,
,,,178.330725,,
,,,178.35055,,
,,,178.3757,,
,,,178.408925,,
,,,178.440575,,
,,,178.4822,,
,,,178.528275,,
,,,178.5613,,
,,,178.5742,,
,,,178.59285,,
,,,178.605675,,
,,,178.638225,,
,,,178.692075,,
,,,178.705975,,
,,,178.7194,,
,,,178.74985,,
,,,178.8425,,
,,,178.86735,,
,,,178.9176,,
,,,178.9399,,
,,,178.97395,,
,,,179.00285,,
,,,179.033475,,
,,,179.061225,,
,,,179.092175,,
,,,179.11385,,
,,,179.137725,,
,,,179.1562,,
,,,179.1847,,
,,,179.2088,,
,,,179.234775,,
,,,179.25255,,
,,,179.28205,,
,,,179.34015,,
,,,179.41045,,
,,,179.43965,,
,,,179.45465,,
,,,179.470675,,
,,,179.50005,,
,,,179.523325,,
,,,179.540525,,
,,,179.5601,,
,,,179.571275,,
,,,179.58835,,
,,,179.605425,,
,,,179.622275,,
,,,179.639025,,
,,,179.6591,,
,,,179.68935,,
,,,179.709775,,
,,,179.73715,,
,,,179.770875,,
,,,179.80065,,
,,,179.831825,,
,,,179.863525,,
,,,179.929025,,
,,,180.0377,,
,,,180.0686,,
,,,180.089325,,
,,,180.111725,,
,,,180.134875,,
,,,180.170025,,
,,,180.200725,,
,,,180.29825,,
,,,180.342675,,
,,,180.3895,,
,,,180.429575,,
,,,180.50275,,
,,,180.6435,,
,,,180.66465,,
,,,180.6786,,
,,,180.692575,,
,,,180.720975,,
,,,180.763,,
,,,180.78615,,
,,,180.848225,,
,,,180.918825,,
,,,180.951875,,
,,,181.14825,,
,,,181.168875,,
,,,181.194775,,
,,,181.21415,,
,,,181.23455,,
,,,181.25145,,
,,,181.26065,,
,,,181.2741,,
,,,181.285525,,
,,,181.301775,,
,,,181.310025,,
,,,181.32315,,
,,,181.33175,,
,,,181.340525,,
,,,181.452175,,
,,,181.465025,,
,,,181.49085,,
,,,181.50475,,
,,,181.5186,,
,,,181.55115,,
,,,181.619125,,
,,,181.6506,,
,,,181.677875,,
,,,181.688825,,
,,,181.700875,,
,,,181.71795,,
,,,181.7468,,
,,,181.83215,,
,,,181.87595,,
,,,181.929125,,
,,,181.93535,,
,,,181.9512,,
,,,181.961225,,
,,,182.024925,,
,,,182.057,,
,,,182.07925,,
,,,182.1022,,
,,,182.1157,,
,,,182.135375,,
,,,182.174,,
,,,182.2328,,
,,,182.25565,,
,,,182.274325,,
,,,182.287375,,
,,,182.3099,,
,,,182.34405,,
,,,182.412625,,
,,,182.492675,,
,,,182.524825,,
,,,182.55275,,
,,,182.58065,,
,,,182.636075,,
,,,182.66315,,
,,,182.687675,,
,,,182.7082,,
,,,182.7279,,
,,,182.7765,,
,,,182.8128,,
,,,182.838425,,
,,,182.844775,,
,,,182.8669,,
,,,182.8886,,
,,,182.9395,,
,,,182.9537,,
,,,182.981125,,
,,,183.00045,,
,,,183.028525,,
,,,183.050775,,
,,,183.0656,,
,,,183.0945,,
,,,183.114325,,
,,,183.1499,,
,,,183.186075,,
,,,183.2284,,
,,,183.2814,,
,,,183.3384,,
,,,183.3694,,
,,,183.42705,,
,,,183.461,,
,,,183.500325,,
,,,183.548025,,
,,,183.595,,
,,,183.63845,,
,,,183.77145,,
,,,183.85175,,
,,,183.91175,,
,,,183.95955,,
,,,184.02665,,
,,,184.099575,,
,,,184.168725,,
,,,184.223,,
,,,184.3028,,
,,,184.531475,,
,,,184.5986,,
,,,184.643425,,
,,,184.687,,
,,,184.7786,,
,,,184.815075,,
,,,184.847075,,
,,,184.905175,,
,,,184.9442,,
,,,184.982575,,
,,,185.023925,,
,,,185.1169,,
,,,185.195175,,
,,,185.2244,,
,,,185.2487,,
,,,185.28585,,
,,,185.365175,,
,,,185.412325,,
,,,185.48115,,
,,,185.79875,,
,,,185.850925,,
,,,185.9168,,
,,,185.968525,,
,,,186.008575,,
,,,186.028625,,
,,,186.055075,,
,,,186.160075,,
,,,186.195875,,
,,,186.223025,,
,,,186.2448,,
,,,186.273675,,
,,,186.29115,,
,,,186.304525,,
,,,186.31555,,
,,,186.320675,,
,,,186.327125,,
,,,186.3515,,
,,,186.366125,,
,,,186.3863,,
,,,186.4025,,
,,,186.43395,,
,,,186.467225,,
,,,186.505775,,
,,,186.5387,,
,,,186.581025,,
,,,186.629875,,
,,,186.74565,,
,,,186.799175,,
,,,186.855225,,
,,,186.88925,,
,,,186.954025,,
,,,187.049425,,
,,,187.1061,,
,,,187.155325,,
,,,187.237075,,
,,,187.315125,,
,,,187.414025,,
,,,187.447375,,
,,,187.4909,,
,,,187.53135,,
,,,187.58205,,
,,,187.6284,,
,,,187.6848,,
,,,187.71535,,
,,,187.743875,,
,,,187.788125,,
,,,187.834675,,
,,,187.866425,,
,,,187.907925,,
,,,187.96055,,
,,,188.046225,,
,,,188.074775,,
,,,188.107625,,
,,,188.1514,,
,,,188.187775,,
,,,188.2168,,
,,,188.249025,,
,,,188.28855,,
,,,188.32595,,
,,,188.38375,,
,,,188.4091,,
,,,188.442725,,
,,,188.479075,,
,,,188.52725,,
,,,188.58535,,
,,,188.6381,,
,,,188.72175,,
,,,188.879775,,
,,,189.038625,,
,,,189.1226,,
,,,189.279225,,
,,,189.31855,,
,,,189.434925,,
,,,189.528325,,
,,,189.538475,,
,,,189.546075,,
,,,189.554125,,
,,,189.560325,,
,,,189.575925,,
,,,189.59065,,
,,,189.641025,,
,,,189.668025,,
,,,189.696275,,
,,,189.761325,,
,,,189.825575,,
,,,189.89995,,
,,,189.958275,,
,,,189.9854,,
