SPK_SPKC02a,SPK_SPKC03a
0.452325,0.0934
1.472075,0.254375
1.54175,0.3782
1.5562,0.618875
1.7005,0.823225
1.96655,1.062375
2.127425,1.180075
2.216175,1.380725
3.259175,1.4376
4.091625,1.571325
4.148175,1.700425
4.172175,1.734275
4.44555,1.896925
4.5783,1.96655
5.1702,2.039775
5.36255,2.133175
5.5754,2.14725
5.716,2.314625
6.07015,2.47475
6.2763,2.6543
6.56235,2.799625
6.823375,2.836825
7.02495,3.124575
7.050775,3.31115
7.5435,3.4672
7.845575,3.704325
7.85325,3.747825
8.008125,3.935825
8.08595,4.0616
8.145675,4.148175
8.201575,4.44155
8.2998,4.55105
8.339225,4.58305
8.7102,4.61355
8.87615,4.642125
8.95835,4.7866
9.0005,4.898125
9.17755,4.959175
9.403425,5.0485
9.5228,5.0824
9.560775,5.128125
9.630275,5.238575
9.6833,5.3201
9.869775,5.4154
9.933475,5.956025
10.064825,6.145
10.096825,6.2287
10.20275,6.2692
10.286825,6.33965
10.43095,6.43045
10.6809,6.590875
10.7772,6.736075
10.87085,6.82345
10.9135,6.90295
10.9263,6.998075
10.945825,7.15505
11.197125,7.178725
11.25015,7.41415
11.3066,7.540175
11.3268,7.60905
11.46595,7.7008
11.62585,7.753275
11.709675,7.8456
12.016925,7.853125
12.665725,7.99645
12.839925,8.04135
13.251475,8.0834
13.47585,8.1033
13.542075,8.20155
13.62635,8.2715
13.85825,8.314175
14.001075,8.36805
14.1044,8.527775
14.1614,8.6724
14.382575,8.782525
14.6884,8.799825
14.9224,9.162275
15.0073,9.2159
15.023425,9.368725
15.04965,9.5228
15.1999,9.6272
15.515725,9.68325
15.833025,9.962075
15.88185,10.0456
16.1,10.20275
16.132475,10.2868
16.45285,10.430925
16.576975,10.558625
17.13305,10.77715
17.172125,10.796275
17.354875,10.913525
17.417075,11.059425
17.47085,11.19705
17.504825,11.2146
17.531575,11.290175
17.56895,11.307975
17.629925,11.5524
17.65005,11.7526
17.722625,12.16155
17.847275,12.28265
18.195075,12.469125
18.78505,12.653225
18.8702,12.78065
18.890425,13.09715
18.97625,13.239275
19.085475,13.475875
19.0984,13.58025
19.125675,13.74115
19.3787,13.8327
19.5378,13.87045
19.658075,13.956475
19.721225,13.98245
19.8255,14.16285
20.01325,14.285875
20.166725,14.382725
20.3254,14.6105
20.75605,14.68835
20.8064,14.720025
20.873,14.927025
20.901875,15.04965
21.078525,15.387875
21.09315,15.616725
21.2402,15.72135
21.453675,15.830625
21.638725,16.007075
22.04985,16.038125
22.282775,16.11075
22.4003,16.169575
22.44405,16.188125
22.785425,16.25925
22.803575,16.4255
23.400175,16.480775
23.6743,16.563775
25.07385,16.5901
25.209625,16.770125
25.4358,16.86775
25.909525,16.915575
25.973825,17.076775
25.992975,17.1381
26.3059,17.294725
27.04035,17.337575
27.08445,17.3549
27.89575,17.470775
28.60535,17.51765
28.63105,17.569025
28.9458,17.6233
29.077575,17.681125
29.296075,17.8868
30.013475,18.334825
30.7417,18.602725
30.871675,18.862175
31.015475,18.870125
31.0834,18.976175
31.1092,19.045025
31.143225,19.1298
31.2741,19.378675
31.472425,19.68605
31.62515,20.292025
32.8452,20.3254
33.11135,20.608225
33.31275,20.739325
33.721,20.759125
33.8155,21.093075
34.065,21.2652
34.232225,21.392325
34.489825,21.7365
35.7012,21.764925
35.75475,21.998975
36.0956,22.03515
36.281875,22.089875
36.779725,22.165275
36.8218,22.322175
36.897675,22.601175
36.948575,22.77825
36.97855,22.90915
37.009975,22.940625
37.570525,23.067075
38.216625,23.102175
38.57605,23.21745
38.593425,23.23615
38.6832,23.3146
38.723275,23.76055
38.96085,23.8506
39.056375,23.95625
39.3539,24.046175
39.498975,24.23505
39.72485,24.440175
40.07805,24.745775
40.686225,24.77245
40.80655,24.936775
41.111275,25.0378
41.836825,25.073825
42.055775,25.084675
42.085375,25.150075
42.3729,25.3877
42.553325,25.435725
42.76035,25.51895
42.7685,25.5786
43.0521,25.668825
43.167375,25.8269
43.201,25.891325
43.3437,25.909525
43.98625,25.935425
44.155325,26.042975
44.4145,26.077825
45.0117,26.153575
45.262425,26.305875
45.3503,26.378925
45.85305,26.47035
45.92285,26.6132
46.2253,26.725475
46.527375,26.91135
46.899325,26.96535
47.2419,27.0845
47.76975,27.091725
47.79265,27.26415
48.51145,27.309675
48.563925,27.321275
48.94465,27.472425
49.784275,27.5726
50.450475,27.700675
50.81645,27.793825
50.924725,27.845075
51.71205,27.979325
51.723175,28.044575
51.7971,28.082725
53.3262,28.15585
53.363675,28.274125
53.706925,28.3758
53.857275,28.539025
53.926225,28.647975
54.019,28.7023
54.144425,28.90895
54.244425,28.945775
54.3726,29.364875
54.746175,29.5684
54.942225,29.678025
55.0591,29.84455
55.949,29.9841
56.489425,30.07375
56.764875,30.213625
57.2993,30.2705
57.427675,30.39145
57.66505,30.640525
57.7689,30.70095
57.90555,30.802
57.972275,30.91165
58.405625,30.98725
58.46515,31.2112
58.6007,31.28625
59.06895,31.4631
59.1974,31.474675
59.3184,31.575125
59.356025,31.651375
59.449325,31.826525
59.6174,31.8808
59.62785,32.45045
59.877125,32.618025
59.986875,32.692825
60.02755,32.905925
60.05405,33.0221
60.37995,33.1241
60.50935,33.192425
60.68405,33.31275
60.73805,33.663975
60.8383,34.065025
61.401975,34.232175
61.41695,34.242025
61.708575,34.3936
61.90365,34.60655
62.008825,34.7669
62.3661,34.9766
62.539225,35.149275
62.6245,35.28985
62.9103,35.522225
63.19655,35.58015
63.829425,35.701175
63.9454,35.72585
63.9913,35.81305
64.0186,36.3291
64.077525,36.4258
64.102675,36.637475
64.4833,36.7171
64.757725,36.779675
64.826375,36.845025
64.92775,36.8824
65.580775,36.96685
65.60695,36.97855
65.71475,37.17525
67.054625,37.3938
67.18125,37.57055
67.251725,38.12195
67.452925,38.216625
67.470975,38.384825
67.481175,38.547025
67.5602,38.587575
67.780625,38.746
67.8467,38.895175
68.01435,39.117175
68.172525,39.2859
68.240625,39.37
68.51315,39.552975
68.68725,39.5771
68.733975,39.646675
68.816925,39.86075
68.919775,40.04835
69.15035,40.2382
69.276425,40.3805
69.484225,40.723525
69.97775,40.724975
70.248375,40.82445
70.4222,40.94395
70.73615,41.090125
70.91015,41.3209
71.063725,41.585725
71.201225,41.780325
71.594,41.9064
72.5419,41.953725
72.57725,42.132225
73.122875,42.292075
73.8637,42.333275
73.94815,42.4087
74.10205,42.553375
74.2107,42.76035
74.3378,42.768525
74.45235,42.81555
74.7651,42.88945
75.04035,43.34365
75.05005,43.41595
75.143725,43.714475
75.756725,43.8638
76.0914,44.076275
76.12165,44.3087
76.3158,44.4127
76.55105,44.568
76.956425,44.6168
77.01725,44.78415
77.84575,44.85775
78.031375,45.083125
78.216125,45.115775
78.3165,45.179875
78.475625,45.327325
78.54105,45.577225
78.665775,45.6962
78.682575,45.790825
78.83905,45.910175
79.0223,46.0435
79.33185,46.488675
79.35985,46.5274
80.08565,46.624425
80.411325,46.6848
80.82965,46.762625
81.10965,46.8451
81.203475,46.873325
81.229075,46.89935
81.2767,46.9976
81.531075,47.007425
81.721025,47.265925
81.7748,47.47595
81.800025,47.725675
81.884275,47.807125
82.009125,47.906875
82.125125,48.054025
82.201625,48.12445
82.29065,48.262225
83.1248,48.2972
83.44055,48.4634
83.8367,48.5114
83.883775,48.7214
84.055975,48.884125
84.088725,49.012025
84.2036,49.0684
84.396875,49.082
84.43415,49.175875
84.592225,49.27495
84.65155,49.4305
84.865075,49.5579
84.9411,49.62265
85.05705,49.884275
85.158575,49.936775
85.4195,50.069425
85.463875,50.190725
85.615225,50.360975
85.7655,50.42055
85.7968,50.6023
86.4303,50.642375
86.87595,51.0181
86.940975,51.4218
87.012575,51.623725
87.02605,51.657175
87.133775,51.65875
87.436675,51.712
87.4693,51.74075
87.6434,51.810425
87.742625,51.854625
87.817175,52.65985
88.0275,52.736225
88.19695,52.831475
88.324325,52.8417
88.6107,52.972225
88.75045,53.151475
88.77985,53.29835
88.86825,53.466125
88.952225,53.53565
89.125075,53.6615
89.14815,53.7584
89.219925,53.831075
89.469075,53.85725
89.6624,53.928875
89.71385,54.00095
89.7574,54.01715
89.815675,54.018975
89.868725,54.098275
89.885075,54.185575
90.156475,54.1999
90.254525,54.25735
90.2845,54.538775
90.4244,54.70435
90.5917,55.01085
90.67825,55.0591
90.775,55.19865
90.814025,55.29285
90.880725,55.584875
90.937225,55.695125
90.955125,55.821675
91.102825,56.091
91.143625,56.195525
91.279975,56.31515
91.31975,56.39435
91.429825,56.758875
91.4515,56.8985
91.506075,56.982575
91.734575,57.38255
91.839575,57.528475
91.98925,57.6173
92.782625,57.659175
93.1504,57.665025
93.249725,57.806975
93.46895,57.922425
93.603075,58.00015
93.69975,58.20175
94.051925,58.3815
94.101,58.5235
94.12955,58.551175
94.39225,58.88035
94.64445,58.964725
94.752575,59.1273
94.985825,59.187825
95.817,59.246625
96.183025,59.465125
96.398675,59.5076
96.791025,59.6864
96.980125,59.702325
97.097625,59.728025
97.3931,59.813575
97.4122,59.9029
97.56855,60.1196
97.603,60.12635
98.158975,60.28445
98.8029,60.33275
98.82005,60.37985
99.128525,60.607975
99.2314,60.738
99.358475,60.74345
99.46065,61.401975
99.95975,61.48785
100.28455,61.7565
100.3702,61.971825
100.3857,62.022375
100.420675,62.13925
101.678225,62.22425
102.05205,62.3488
102.149975,62.3661
102.46855,62.51345
102.6439,62.5631
102.797675,62.6123
102.919975,62.742675
103.161025,62.954275
103.220575,63.1636
103.4993,63.382975
104.057725,63.4149
104.159225,63.82945
104.344725,64.165425
104.363225,64.2324
104.469425,64.351175
104.530125,64.4834
104.821,64.692575
104.874925,64.88025
105.033,64.927725
105.684025,64.9819
105.865925,65.05815
106.070425,65.166825
106.165325,65.19755
106.236625,65.2945
107.072275,65.60285
107.156225,65.95845
107.17045,65.9748
107.309375,66.1041
107.4031,66.38175
107.630375,66.695525
107.693175,66.830475
107.80745,66.890175
108.132975,67.09895
108.17225,67.252875
108.322525,67.29895
108.369875,67.4812
108.45895,67.601325
108.800675,67.7236
108.936675,67.824225
108.95145,67.915425
109.03645,67.949025
109.217525,68.152
109.299375,68.350925
109.33725,68.513225
109.906175,68.578125
110.2779,68.601
111.052275,68.86005
111.341525,69.14335
111.50405,69.150275
111.624425,69.2764
111.6431,69.6247
111.789525,69.8919
112.0024,70.039575
112.211175,70.116975
112.229525,70.245975
112.289025,70.4236
112.517325,70.5606
112.52975,70.88315
112.786425,70.958125
112.849625,71.086525
113.08245,71.187275
113.105125,71.360925
113.2374,71.450775
113.3685,71.59405
113.5673,71.690775
113.761,71.8306
113.9546,72.143575
114.08815,72.21965
114.311375,72.322325
114.481625,72.3746
114.669925,72.66975
114.687425,72.77615
114.7383,72.857225
114.74505,72.922925
114.991025,73.097625
115.1744,73.1621
115.374925,73.589575
115.712125,73.78965
116.119525,73.996075
116.176475,74.104675
116.66445,74.163575
117.1582,74.376475
117.282375,74.452375
117.309225,74.569625
117.454275,74.711475
117.578975,74.7808
117.6233,74.864875
117.660025,74.958325
117.748675,75.026625
118.0069,75.087975
118.06,75.174275
118.1995,75.83185
118.289025,76.075875
118.33555,76.16665
118.38095,76.25955
118.408925,76.320325
118.4375,76.481775
118.598775,76.9119
118.677975,77.1674
119.794825,77.2408
119.84155,77.320175
119.985025,77.45005
120.126275,77.59915
120.155675,77.63335
120.225375,77.8612
120.2617,77.972225
120.348175,78.2548
120.515275,78.73205
120.568425,79.022275
120.5947,79.08145
120.716875,79.209625
120.728225,79.28465
120.918675,79.359875
120.938075,79.78195
120.999075,79.929625
121.1424,80.118725
121.18145,80.24085
121.47595,80.341
121.604025,80.620575
121.973975,81.1761
122.0299,81.301275
122.061675,81.37505
122.25315,81.489675
122.367275,81.5734
122.52425,81.6877
122.568225,81.776425
122.634675,81.80005
122.7416,82.2469
123.214525,82.338175
123.23955,83.320675
124.009875,83.587825
124.407575,83.776625
124.8262,83.882025
125.25565,83.88375
125.32425,83.943075
125.525175,84.09305
125.56095,84.3968
125.766025,84.49825
125.9073,84.57485
126.1116,84.626625
126.253925,84.7798
126.288275,84.819925
126.474725,85.003425
126.4878,85.034775
126.6835,85.103525
126.7144,85.258425
126.7542,85.40325
126.866975,85.4638
127.2281,85.48325
127.386525,85.53505
127.492975,85.5425
127.806675,85.84895
128.02235,86.1235
128.1646,86.2967
128.337,86.414325
128.50305,86.43035
128.71485,86.603275
129.247625,86.854275
129.62315,86.912625
129.720425,86.95245
129.75035,86.95395
129.798025,86.961725
130.0168,87.01255
130.14215,87.0491
130.782425,87.08345
130.863225,87.11425
130.948975,87.266675
131.033425,87.616
131.166025,87.623125
131.243575,87.832425
131.401525,88.539075
131.512325,88.952275
131.556425,89.014125
131.7115,89.2437
131.740675,89.381025
131.898925,89.513975
131.921925,89.566175
132.489775,89.65425
132.58815,89.6916
132.75105,89.829075
132.807175,90.09185
133.57825,90.2187
134.101925,90.233825
134.1397,90.36005
134.390575,90.464925
134.550475,90.5074
134.660425,90.803125
134.68475,90.88075
134.85065,90.93725
134.8983,91.06035
134.9165,91.15815
135.17545,91.319725
135.24485,91.45145
135.361275,91.5232
135.4798,91.623325
135.895875,91.671175
136.097225,91.822475
136.275375,92.296775
136.29215,92.580575
136.497525,92.72675
136.9319,92.82415
136.963175,92.973125
136.99965,93.1756
137.2763,93.2513
137.416875,93.376425
137.46215,93.603075
137.479725,93.7074
137.56725,93.7931
137.7272,94.026575
137.848175,94.118475
137.87045,94.19525
138.029575,94.2235
138.125225,94.3268
138.166375,94.349925
138.51365,94.49915
138.674125,94.635275
139.094725,95.00955
139.204375,95.4364
139.235325,95.563075
139.595575,95.81615
139.607225,95.878775
139.7338,95.90935
139.75335,95.96915
139.79505,96.003375
139.923175,96.0963
139.9443,96.195575
140.0334,96.35935
140.20615,96.600125
140.2453,96.791025
140.35705,96.8017
140.5396,96.92565
140.5564,97.016275
140.670425,97.24875
140.832125,97.30295
140.8779,97.6379
140.989975,97.946575
140.996425,98.19245
141.252725,98.38185
141.27225,98.526575
142.283125,98.72935
142.377775,99.00125
142.4002,99.118525
142.5325,99.457925
142.831025,99.863025
142.898075,99.9799
142.937475,100.023575
143.006375,100.081025
143.0805,100.221075
143.184075,100.4598
143.3482,100.57205
143.444575,100.740425
143.505625,100.8682
143.55145,101.243225
143.97195,101.37245
144.295025,101.5157
144.3727,101.713725
144.531875,101.734425
144.772475,101.834975
144.9197,101.91045
144.934675,101.93115
145.08935,102.018575
145.097975,102.08175
145.204925,102.128275
145.27485,102.3131
145.3015,102.429775
145.385375,102.52235
145.438975,102.580525
145.7312,102.669125
146.08705,102.77775
146.14295,102.79765
146.17295,103.14065
146.423475,103.2435
146.85745,103.370725
147.1067,103.563025
147.21915,103.770375
147.43195,103.821
147.445875,103.838425
147.563075,103.95685
147.664,104.1571
147.747175,104.315725
147.7655,104.469425
147.85715,104.522875
147.877125,104.619575
147.92615,104.635525
147.938525,104.7615
147.97085,104.97065
148.058275,105.5706
148.138,105.679425
148.202,105.859525
148.571525,105.977475
148.616025,106.180775
148.7146,106.34595
148.7891,106.4164
148.8282,106.5888
148.93505,106.726925
148.956075,106.85295
149.06015,107.11715
149.198525,107.17045
149.3497,107.179675
149.3801,107.2766
149.497775,107.309375
149.69845,107.403
149.739175,107.449575
149.9142,107.509875
150.249375,107.573025
150.297425,107.658975
150.3537,107.72935
150.5657,107.8057
150.623275,108.30655
150.810425,108.404025
150.904675,108.5874
150.968175,109.0364
151.00505,109.0597
151.2383,109.22105
151.25755,109.342325
151.3306,109.4026
151.392375,109.4599
151.4951,109.49605
151.508075,109.6507
151.5434,109.81345
151.625275,110.002275
151.6456,110.269375
151.816475,110.5874
151.9546,111.06215
152.0263,111.128525
152.040025,111.15915
152.125325,111.622725
152.1492,111.830875
152.7919,111.885775
153.074775,112.023325
153.15295,112.22695
153.178675,112.28735
153.22825,112.52975
153.330925,112.60795
153.361975,112.70005
153.37545,112.778525
153.4915,112.813375
153.57775,112.919125
153.634275,113.0941
153.65595,113.385125
153.7973,113.590975
153.81175,113.7328
154.044525,113.954625
154.144475,114.15775
154.186725,114.2938
154.243525,114.573325
154.262775,114.74505
154.34795,114.99105
154.51625,115.14485
154.608275,115.361875
154.979425,115.55325
155.98485,116.204525
156.202675,116.413
156.275375,116.50455
156.284625,116.581925
156.317,116.77425
156.376725,116.99385
156.5059,117.017025
156.5327,117.1582
156.595275,117.445
156.6404,117.491675
156.74165,117.965775
156.832725,118.0555
156.859,118.4329
156.8823,118.514075
156.9624,118.592
156.99445,118.677925
157.06795,118.852775
157.2106,118.919725
157.297375,119.399125
157.340875,119.546425
157.480125,119.679925
157.687525,119.857525
158.265875,120.093925
158.4057,120.1382
158.450875,120.158675
158.4847,120.2192
158.525875,120.590525
158.644825,120.64435
158.71995,120.811375
158.79705,120.981575
158.878025,121.060875
158.91935,121.189725
158.974975,121.337675
158.9989,121.471825
159.261275,121.943625
159.30705,122.068525
159.3941,122.177775
159.441075,122.286025
159.5811,122.311475
159.710625,122.388025
159.78035,122.524175
159.81495,122.644875
160.0205,122.786075
160.07965,122.85665
160.368925,123.25135
160.497225,123.310175
160.8017,123.357175
160.9968,123.424475
161.205425,123.520225
161.31465,123.562175
161.38425,123.635875
161.398175,123.65525
161.562525,123.81825
161.631825,123.986125
161.753075,124.127025
162.106425,124.171275
162.161525,124.275125
162.3019,124.48845
162.667075,124.551725
162.931925,124.795925
163.583225,125.13735
163.621725,125.32425
163.63895,125.82425
163.818475,125.938325
163.878525,126.11165
164.023525,126.3446
164.0718,126.3874
164.0829,126.66185
164.09525,126.754175
164.104275,126.75995
164.143025,126.828325
164.25735,126.89335
164.34065,126.9759
164.478775,127.003825
164.713875,127.11335
164.75595,127.1897
164.799975,127.261275
164.947825,127.493
164.960775,127.5938
165.045575,127.741275
165.104775,128.0224
165.172125,128.196275
165.24315,128.238925
165.30345,128.475775
165.32745,128.6074
165.59935,128.801875
165.86535,128.964275
166.324825,129.2178
166.41525,129.2766
166.561925,129.3463
166.726525,129.3769
166.76285,129.627425
167.3624,129.748225
167.383525,129.7503
167.428975,130.3581
167.477975,130.4272
167.600575,130.562875
167.801625,130.755975
167.84105,130.8683
167.901225,130.948925
167.932875,131.0876
168.06105,131.117625
168.101125,131.1432
168.42725,131.1673
168.648325,131.277875
168.751025,131.3146
168.952875,131.349175
169.307525,131.38685
169.47695,131.5226
169.6939,131.615825
169.81665,131.904575
169.837575,131.9515
169.896,132.2091
169.99605,132.260625
170.2956,132.4123
170.471525,132.534675
170.601075,132.703125
170.686,132.805975
170.74165,132.875675
171.010925,133.034875
171.0986,133.27595
171.139225,133.43425
171.3934,133.51235
171.774325,133.68255
171.920575,133.8909
172.0522,134.11275
172.119925,134.16385
172.152675,134.287475
172.332025,134.40705
172.3791,134.64265
172.593875,134.779575
172.750075,135.0162
172.775625,135.104075
172.79645,135.2731
172.9151,135.313075
172.96515,135.47975
173.023375,135.5208
173.05305,135.62725
173.137875,136.0097
173.14865,136.132025
173.234325,136.218325
173.247825,136.4328
173.298875,136.574475
173.43475,136.6121
173.579,136.655175
173.63445,136.659525
173.810725,136.764975
173.83485,136.814925
173.87885,136.888725
173.946075,136.992425
174.008525,137.062075
174.09255,137.1373
174.1957,137.26795
174.32355,137.3535
174.413925,137.50415
174.614525,137.746275
174.70365,137.870425
174.851025,138.0058
174.8934,138.1097
175.0643,138.144525
175.097125,138.376625
175.13465,138.684
175.1967,138.82655
175.21035,138.98405
175.28165,139.084375
175.47165,139.453175
175.5223,139.7656
175.563375,139.820225
175.636775,139.96225
175.70085,140.0469
175.7244,140.157275
175.766925,140.25865
175.7848,140.319275
175.8147,140.3792
175.8772,140.447275
175.916375,140.744175
176.0096,140.787
176.176125,140.9077
176.233625,141.200075
176.435775,141.357775
176.501875,141.69705
176.617625,141.86565
176.643475,141.954975
176.712825,142.082425
176.739825,142.343925
176.90445,142.408125
176.94545,142.52035
177.153175,142.6375
177.460125,142.732075
177.582925,142.8296
177.624,142.943875
177.643925,143.084425
177.74125,143.126025
177.986925,143.318575
178.07,143.443325
178.0778,143.58405
178.2229,143.82
178.3769,143.953575
178.415075,144.04495
178.47845,144.24715
178.506275,144.38995
178.5642,144.438825
178.6182,144.581675
178.768225,144.67995
178.938275,144.873475
178.966775,145.001875
179.01285,145.31355
179.0522,145.403525
179.1836,145.470075
179.2511,145.582075
179.311675,145.830425
179.3235,145.9919
179.38245,146.08705
179.48485,146.10525
179.582575,146.1513
179.66145,146.5
179.74205,146.901
179.8823,147.051525
179.9741,147.1507
180.006175,147.246175
180.122075,147.341175
180.178375,147.34275
180.20945,147.382475
180.238575,147.55165
180.26925,147.631875
180.28855,147.66395
180.296025,147.765475
180.31975,147.8224
180.353075,147.877125
180.53535,148.251575
180.544775,148.50395
180.6015,148.64755
180.792325,148.7662
180.8581,148.82825
180.960525,149.11375
181.157725,149.204925
181.1912,149.25305
181.225025,149.431325
181.25775,149.6063
181.3031,150.0418
181.4682,150.168
181.539625,150.3218
181.5642,150.385475
181.666825,150.473125
181.7612,150.5444
181.87365,150.613125
181.904025,150.8104
181.9289,150.959775
182.09425,150.96815
182.173725,151.065925
182.196275,151.23975
182.247175,151.257525
182.381975,151.377425
182.385475,151.57365
182.5812,151.80005
182.6007,152.003475
182.641325,152.125275
182.865075,152.50705
182.937275,152.824175
183.008475,153.271025
183.019275,153.36195
183.213675,153.4659
183.2261,153.71645
183.266475,153.8498
183.2874,153.939825
183.324775,154.1695
183.3775,154.25685
183.41655,154.34795
183.43805,154.365
183.50185,154.657075
183.514675,154.8606
183.5482,154.9805
183.68485,155.07495
183.70175,155.1996
183.7977,155.513875
183.9229,155.658575
184.021225,155.82875
184.06595,156.059825
184.119075,156.17445
184.196925,156.25955
184.2915,156.2846
184.365,156.4103
184.6074,156.4607
184.68425,156.510325
184.877225,156.595275
184.9407,156.624
184.95855,156.7144
184.989325,156.867
185.1031,156.93535
185.245225,157.038575
185.4059,157.1001
185.553525,157.270775
185.589625,157.945525
185.627925,158.18705
185.640425,158.25305
185.697625,158.360775
185.7105,158.458075
185.889725,158.66275
186.0058,158.842275
186.13245,158.877925
186.361325,158.954575
186.47105,159.126775
186.55765,159.16345
186.62385,159.284475
186.67445,159.307025
187.1267,159.328475
187.8597,159.441075
187.921,159.4536
188.09385,159.5442
188.438175,159.636425
188.513075,159.825075
188.6499,159.9478
188.73245,160.3689
188.804525,160.56525
189.058075,160.8343
189.969425,161.467275
189.986825,161.648675
190.341225,161.80165
190.46325,161.9263
190.575375,162.00675
190.733775,162.1797
190.7506,162.3723
191.09975,162.411
191.18785,162.434425
191.238025,162.4892
191.53515,162.51325
191.5673,162.73995
191.62325,163.09325
191.64575,163.214725
191.7351,163.376025
191.835525,163.41855
191.963275,163.638925
192.0102,163.69065
192.15085,163.733475
192.965075,163.820875
193.002175,163.971025
193.062175,164.07185
193.174125,164.08295
193.362775,164.104325
193.424325,164.14295
193.436575,164.206275
193.51625,164.27405
193.538725,164.424125
193.6361,164.721575
193.76695,164.932175
193.780425,165.02835
193.860025,165.0566
193.895025,165.1721
193.94905,165.216225
194.025125,165.274875
194.066225,165.363625
194.092075,165.5993
194.1323,165.617725
194.16505,165.763525
194.24495,165.912475
194.2595,166.044725
194.292625,166.087075
194.32005,166.15785
194.412275,166.31905
194.41865,166.58085
194.521475,166.6065
194.544375,166.742325
194.5491,166.80285
194.614875,166.8453
194.628075,167.064075
194.676525,167.1492
194.769625,167.477925
194.8046,167.5925
194.818175,168.0081
194.836075,168.075175
194.87785,168.54595
194.9884,168.5876
195.01365,168.90265
195.166425,169.19755
195.24995,169.3058
195.31105,169.3542
195.336725,169.6253
195.369375,169.759225
195.429775,169.8376
195.4848,169.93195
195.757925,169.97635
195.95465,170.121
196.12485,170.18185
196.175,170.259625
196.199825,170.296825
196.244475,170.484775
196.552775,170.861375
196.575825,170.99035
196.611775,171.139225
196.77335,171.389025
196.8373,171.5
196.935175,171.5697
196.966825,171.644075
197.08525,171.696075
197.212675,171.901525
197.378175,171.913975
197.43725,172.026425
197.46365,172.137125
197.480025,172.216
197.52645,172.744325
197.567125,172.845475
197.632625,172.96515
197.728675,173.053025
197.77855,173.1379
197.886325,173.1486
198.054375,173.203725
198.167575,173.252175
198.429275,173.292825
198.833375,173.451075
198.956025,173.5544
199.2813,173.5669
199.4262,173.65335
199.44425,173.680625
199.46765,173.777275
199.627025,173.888775
199.65615,173.962825
199.71485,174.25635
199.904625,174.67595
199.9509,174.93465
200.0839,175.074
200.21605,175.19085
200.228975,175.45495
200.296325,175.58185
200.328,175.95345
200.3799,176.03695
200.4002,176.11995
200.8036,176.23355
200.942825,176.297375
201.130425,176.35205
201.1623,176.61765
201.198375,176.727
201.28145,176.773075
201.3154,176.90155
201.381775,177.191125
201.396575,177.579975
201.5634,178.006775
201.616975,178.07
201.935825,178.09205
201.9673,178.1311
202.05075,178.296775
202.09825,178.50725
202.11225,178.541875
202.14575,178.738775
202.158775,179.024275
202.21025,179.118225
202.2483,179.212925
202.3037,179.5945
202.33345,179.89445
202.412625,180.118175
202.8375,180.209375
202.951225,180.220325
203.09675,180.33155
203.310525,180.353025
203.3765,180.430875
203.411225,180.4459
203.6964,180.631325
203.900575,181.1995
204.270225,181.3858
204.431275,181.594075
204.565075,181.72285
204.7055,181.789975
204.801325,181.8624
204.917825,181.959625
204.96325,182.268
205.1732,182.381975
205.245675,182.728875
205.285575,182.967925
205.329825,183.0084
205.3927,183.020325
205.405875,183.151525
205.50635,183.222975
205.5829,183.373025
205.5885,183.399325
205.612775,183.8337
205.69415,183.90525
206.3905,183.984
206.45785,184.081625
206.553925,184.1919
206.73265,184.368225
206.80845,184.54705
206.855625,184.71
206.869375,184.886825
206.921375,184.9585
206.983875,185.313925
207.012975,185.451375
207.088975,185.48555
207.2393,185.55775
207.262175,185.700225
207.273825,186.128475
207.301125,186.259775
207.41825,186.41405
207.599825,186.50185
207.63385,186.594175
207.661725,186.64935
207.754525,186.7169
207.78405,187.292375
207.83405,187.586625
208.05065,187.7748
208.107475,188.075825
208.179375,188.122225
208.34085,188.293925
208.4523,188.3024
208.4779,188.4815
208.913525,188.60575
208.9707,188.72045
209.09435,188.73235
209.17755,188.74455
209.260125,188.8347
209.3667,188.9525
209.481625,188.9712
209.50475,189.006525
209.628375,189.084475
209.650925,189.1663
209.669825,189.357425
209.7372,189.4255
209.846225,189.444925
210.0218,189.517775
210.234275,189.5663
210.313775,189.918175
210.432675,190.025025
210.578025,190.142175
210.80395,190.210325
210.898125,190.3058
210.988825,190.40995
211.005975,190.5952
211.05185,190.817525
211.272875,190.88525
211.303275,190.979175
211.39055,191.02045
211.94775,191.040125
211.991925,191.099725
212.0473,191.238
212.199325,191.47165
212.367875,191.5065
212.59005,191.750725
212.680075,191.835525
212.777675,191.8988
213.485875,192.0182
213.52675,192.066075
213.7887,192.45865
213.955425,192.7168
214.0955,192.7994
214.141125,192.965025
214.684175,192.976575
214.94165,193.061
214.99315,193.078475
215.10485,193.12185
215.2396,193.207
215.33545,193.259975
215.3792,193.333725
215.5839,193.5043
215.86185,193.5641
215.9144,193.603375
215.962325,193.67445
215.994975,193.732575
216.0312,193.862
216.087425,193.966875
216.180725,194.06615
216.3711,194.08975
216.377925,194.1497
216.422375,194.176375
216.48305,194.324275
216.525975,194.518525
216.5696,194.581325
216.903975,194.660325
217.443725,194.706225
217.603675,194.744775
217.6778,194.852975
217.858,194.883375
217.879225,195.024075
217.886875,195.18425
217.925025,195.22165
217.9497,195.34055
217.98825,195.42975
218.142625,195.649925
218.2388,196.02245
218.25825,196.0926
218.3522,196.312
218.557675,196.463275
218.576525,196.7515
218.601925,197.059325
219.197925,197.226325
219.2302,197.283675
219.3359,197.555525
219.4045,197.5671
219.84695,197.608275
220.002575,197.664175
220.1121,197.80555
220.3992,197.889775
220.468425,198.094475
220.74635,198.5195
220.754425,198.717525
220.897375,198.828075
220.910325,198.865975
221.00825,198.970275
221.099225,199.153575
221.146225,199.354025
221.24935,199.467625
221.2993,199.493975
221.373175,199.548325
221.40835,199.622875
221.603925,199.738075
221.6372,199.845775
221.671775,199.959225
221.80725,199.9755
221.941525,200.2385
222.0704,200.261625
222.0837,200.4481
222.300475,200.536725
222.3559,200.99285
222.666625,201.343575
222.902025,201.4381
222.968775,201.5195
223.038925,201.819275
223.097475,202.0348
223.1309,202.050725
223.24385,202.10415
223.31855,202.222525
223.35975,202.41265
223.69075,202.498125
223.703675,202.692825
223.7309,202.732975
223.757175,202.8127
223.824825,203.310525
224.0054,203.681925
224.127025,203.81815
224.30975,203.9844
224.3346,204.0684
224.41615,204.2702
224.4685,204.37325
224.652675,204.5226
224.6949,204.595025
225.0131,204.703825
225.045025,204.7055
225.305625,204.751775
225.369325,204.8013
225.689825,204.9822
225.96025,205.057375
226.2092,205.154825
226.3975,205.214625
226.5282,205.366525
226.534175,205.4058
226.613225,205.41355
226.6354,205.567025
226.64945,205.588525
226.690675,205.83405
226.713725,205.962575
227.051,206.070725
227.151,206.406225
227.418325,206.812875
227.5883,206.882925
227.607425,207.06205
227.70995,207.186625
227.736925,207.237375
227.756,207.364875
227.852825,207.427275
227.86825,207.631475
227.921325,207.80245
227.9726,207.8425
227.995725,207.937175
228.445125,208.0015
228.584375,208.105475
228.668875,208.207825
228.691275,208.304525
228.707775,208.33055
228.839375,208.340825
228.942575,208.38175
229.0659,209.0027
229.081025,209.197925
229.21165,209.4327
229.389625,209.615925
229.43675,209.703925
229.457425,209.70535
229.541975,209.7752
229.649875,209.83885
229.7986,209.89295
229.8462,210.039125
229.93095,210.074175
230.00125,210.144675
230.02505,210.20915
230.11775,210.2924
230.260275,210.43265
230.303275,210.531725
230.32865,210.771675
230.386275,210.816975
230.546975,210.86325
230.6047,211.1512
230.6276,211.39055
230.652,211.8563
230.702,211.94775
230.7457,212.0158
230.749825,212.136425
230.818675,212.350075
231.0542,212.706625
231.07875,212.835575
231.120875,213.52675
231.576675,213.60325
231.683325,213.79805
231.726075,213.88485
231.75995,214.08115
232.06635,214.08275
232.37795,214.24655
232.40745,214.343025
232.471625,214.39395
232.865775,214.638075
233.157225,214.880375
233.277825,214.987775
233.298825,215.115
233.3468,215.290575
233.4671,215.3641
233.506625,215.44475
233.650475,215.512125
233.8096,215.5788
234.01905,215.94055
234.10125,216.059725
234.19055,216.37795
234.278575,216.442875
234.303875,216.5291
234.468575,217.047375
234.4866,217.1745
234.5325,217.350875
234.620775,217.46515
234.648125,217.595925
234.87565,217.923575
234.878125,217.997925
234.888675,218.0678
234.95835,218.1073
235.08475,218.217
235.124325,218.539475
235.1555,218.751375
235.16375,219.018425
235.22985,219.262625
235.247325,219.512425
235.3087,219.795
235.451575,219.95915
235.511075,220.112025
235.53605,220.35975
235.610925,220.51775
235.624125,220.7361
235.721525,221.1321
235.788675,221.195725
235.952525,221.267875
236.237975,221.323625
236.37435,221.637225
236.43375,221.7385
236.44085,222.430075
236.5107,222.553625
236.539425,222.75415
236.609975,222.966175
236.736275,223.354325
236.740325,223.510525
236.770125,223.60935
236.827175,223.816325
236.9544,223.912675
236.974475,223.981375
237.046325,224.06125
237.27815,224.166325
237.303875,224.234275
237.34145,224.439325
237.356875,224.587
237.369225,224.672675
237.404475,224.7777
237.628125,224.826875
237.724,224.9477
237.730175,225.0555
237.77525,225.54825
237.7896,225.7296
237.808725,226.082
237.8251,226.258625
237.880525,226.4052
237.906725,226.5282
237.93145,226.6618
237.96385,226.9935
237.991875,227.139275
238.03315,227.205025
238.04005,227.331875
238.139725,227.406475
238.16125,227.41825
238.2185,227.512975
238.249475,227.629475
238.278825,227.7172
238.517225,227.79105
238.538025,227.95605
238.554175,228.11005
238.602425,228.388075
238.63865,228.6237
238.7305,228.708825
238.762525,228.864425
238.862125,228.910675
238.898575,229.038875
238.909175,229.22835
238.93555,229.2783
239.00345,229.51355
239.052225,229.586175
239.065125,229.60145
239.079375,229.66765
239.1098,229.838175
239.337025,230.04975
239.36635,230.100275
239.580325,230.29845
239.6355,230.344675
239.650675,230.487175
239.70325,230.977675
239.759425,231.00375
239.8156,231.238775
239.84965,231.423
239.8567,231.598325
239.990375,231.8036
240.0064,232.27035
240.022025,232.57545
240.040675,232.818375
240.07795,232.966875
240.0882,233.084725
240.15395,233.19215
240.16585,233.7101
240.1967,234.552175
240.278475,234.621825
240.36705,234.73185
240.4216,234.814975
240.44265,234.87815
240.464875,234.95835
240.533075,235.191725
240.634075,235.205175
240.6492,235.247275
240.778875,235.333075
240.81935,235.408125
240.838675,235.514475
240.871275,235.65535
240.923325,235.7838
240.94015,235.995975
240.99755,236.014475
241.08315,236.07465
241.097775,236.18695
241.206075,236.253525
241.371725,236.431275
241.3849,236.51315
241.662925,236.651425
241.70885,236.6651
241.7227,236.7363
241.771625,236.862525
241.88725,237.269925
241.90485,237.341375
241.96895,237.48625
242.08005,237.54685
242.114625,237.676775
242.329625,237.737125
242.383175,237.9388
242.4309,238.203
242.4419,238.315575
242.49675,238.349975
242.5346,238.538075
242.55145,238.607375
242.561,238.75075
242.59045,238.80635
242.651075,238.84235
242.7373,239.05225
242.82695,239.083375
242.887625,239.366225
242.94015,239.5188
242.9849,239.713
243.022175,239.853425
243.0639,239.91655
243.246025,240.021875
243.29245,240.06935
243.3201,240.088125
243.611825,240.2347
243.88165,240.278475
243.89965,240.3482
243.946475,240.402825
244.21475,240.4426
244.282075,240.53575
244.363375,240.587725
244.410825,240.819325
244.447425,240.923225
244.470625,240.978575
244.696575,241.029075
244.7348,241.15165
244.766025,241.222675
244.822425,241.70885
244.827775,242.17815
244.92785,242.533675
244.96445,242.755825
244.985,242.8876
245.0865,242.8888
245.1558,243.037775
245.41845,243.0829
245.47425,243.129925
245.5074,243.21885
245.53615,243.268775
245.572125,243.3378
245.763275,243.4177
245.7901,243.777975
245.831275,243.93895
245.862675,244.146925
245.90415,244.328325
245.962025,244.4883
246.016,244.6023
246.051125,244.7298
246.0632,244.909875
246.128625,244.99225
246.185,245.077475
246.2366,245.221525
246.28195,245.244975
246.33495,245.37405
246.449425,245.4702
246.696125,245.536175
246.824975,245.7119
246.884925,245.904175
246.9395,246.051125
247.0584,246.19665
247.0789,246.499625
247.233275,246.560675
247.371825,246.7102
247.410625,246.776825
247.460275,247.015275
247.49875,247.369975
247.825775,247.41055
247.875,247.5298
248.019825,247.7092
248.061775,247.825825
248.187225,248.050175
248.223525,248.10185
248.244325,248.18715
248.290925,248.3794
248.394,248.4466
248.4115,248.46535
248.46545,248.549625
248.52,248.718275
248.868775,248.761325
248.88895,249
249.0093,249.083775
249.08845,249.170825
249.11835,249.23685
249.322575,249.305875
249.33525,249.48725
249.396625,249.5529
249.435075,249.61685
249.54065,249.8373
249.6241,250.123925
249.784175,250.230875
249.8688,250.36915
250.2701,250.39585
250.3356,250.541275
250.4325,250.863325
250.4767,250.97165
250.634325,251.00845
250.772075,251.0804
250.838825,251.381475
251.123925,251.424175
251.265225,251.545775
251.48025,251.589825
251.54585,251.62305
251.607775,251.67615
251.6273,251.885375
251.692625,251.942925
251.831175,252.14085
251.95295,252.1827
252.019975,252.365425
252.071225,252.37205
252.166225,252.862025
252.20015,253.06255
252.4402,253.16085
252.48315,253.54565
252.537825,253.672425
252.696125,253.986675
252.821275,254.061875
252.83005,254.1707
253.120975,254.330925
253.167575,254.392025
253.3889,254.4757
253.474275,254.5557
253.559275,254.602175
253.604625,254.627225
253.6374,254.747925
253.725375,254.939
253.7603,254.985675
253.8414,255.0874
253.99295,255.156625
254.039975,255.323225
254.0993,256.07465
254.1876,256.286125
254.613525,256.47815
254.8192,256.538025
254.92295,256.598925
255.022175,256.6852
255.1567,256.84915
255.1804,257.2034
255.2124,257.3398
255.373775,257.435625
255.57755,257.48255
255.604125,257.660125
255.6499,257.895025
255.813925,258.077325
255.975175,258.39095
256.10475,258.515025
256.2861,258.780625
256.300725,258.872825
256.65305,259.281725
256.68665,259.432675
256.708675,259.4343
256.81835,259.5097
256.863225,259.72965
257.094625,259.81975
257.2732,259.98395
257.339825,260.01915
257.4512,260.0877
257.48255,260.261625
257.520875,260.4137
258.02385,260.748275
258.069,261.049825
258.096675,261.8521
258.189225,261.9
258.2858,261.982775
258.37925,262.0405
258.390925,262.3274
259.137275,262.4055
259.20985,262.571025
259.3557,262.805025
259.4027,263.483925
259.434425,263.967175
259.45465,264.21555
259.542825,264.324
259.606875,264.4218
259.65415,264.644225
259.739075,264.751825
259.81975,264.832075
259.83635,264.988675
259.893925,265.11265
259.9184,265.159
259.955275,265.33655
260.010575,265.3657
260.243325,265.4644
260.261575,265.643075
260.329525,265.77715
260.341425,265.923375
260.367,265.99515
260.5375,266.02005
260.58715,266.09475
260.6273,266.20005
260.656225,266.681
260.6796,266.816525
260.7542,266.91635
260.760775,267.006275
260.8246,267.214525
260.944925,267.39285
260.985625,267.620825
261.063025,267.77925
261.0895,267.82
261.1893,268.023025
261.22835,268.093
261.329175,268.218675
261.483175,268.301375
261.551725,268.415225
261.639075,268.5743
261.65975,268.713
261.786725,268.795525
261.952725,268.923625
261.967825,269.095325
261.992675,269.3263
262.013075,269.47105
262.02835,270.497375
262.1115,270.6217
262.12,270.7314
262.14165,271.04785
262.316125,271.121225
262.4908,271.292925
262.559075,271.575525
262.7479,271.7784
262.794775,271.888525
262.8831,272.162625
262.95665,272.218575
263.038625,272.373825
263.155475,272.456175
263.168525,272.67925
263.235925,272.759975
263.255775,272.8704
263.2692,273.166175
263.319,273.597575
263.3342,273.7915
263.455525,273.929925
263.464575,273.988225
263.479075,274.0455
263.5416,274.223875
263.55945,274.2717
263.638425,274.37545
263.758575,274.444925
263.834075,274.4821
263.839825,274.562275
263.89535,274.64085
263.9548,274.659975
263.9927,274.819825
264.12875,274.983325
264.2211,275.0584
264.4218,275.1317
264.70585,275.320075
264.924075,275.353725
264.974775,275.714475
265.16795,275.903625
265.181525,276.18435
265.275475,276.3986
265.3314,276.5401
265.3759,276.7831
265.413025,276.829675
265.4801,277.1964
265.527525,277.5229
265.58345,277.5891
265.6201,277.7095
265.649175,277.86935
265.6805,278.01745
265.70965,278.231875
265.738725,278.432775
265.7523,278.676775
265.772,279.062675
265.89185,279.30815
265.9578,279.378475
265.99525,279.4394
266.078875,279.592125
266.096375,279.693125
266.157075,279.8691
266.2878,279.9251
266.31005,280.0392
266.376375,280.140575
266.440475,280.28425
266.5249,280.338575
266.5853,280.4669
266.619025,280.5416
266.6659,280.753525
266.708575,280.996275
266.843525,281.12785
266.946225,281.2539
266.98975,281.310525
267.05925,281.60245
267.2145,282.240675
267.391575,282.31915
267.656725,282.35795
267.779075,282.67385
267.800425,282.77105
267.819975,282.8419
268.084575,283.411025
268.2323,283.49265
268.36255,283.64105
268.401625,283.808525
268.4838,283.8543
268.6647,283.9453
268.687325,283.956975
268.71195,284.00585
268.720925,284.21575
268.773725,284.339175
268.7855,284.41325
268.801125,284.5383
268.8393,284.7637
268.87585,285.0028
268.984725,285.21595
269.00495,285.314775
269.044475,285.448175
269.05275,285.566
269.076625,285.6496
269.174225,285.77765
269.41895,286.03805
269.46045,286.106675
269.469225,286.108275
269.53155,286.1749
269.5699,286.295875
269.669175,286.506
269.712325,286.546575
269.7298,286.583675
269.810725,286.6387
269.96765,286.67575
270.288975,287.067625
270.3035,287.259675
270.335,287.584875
270.470775,287.916725
270.5295,288.040425
270.546575,288.096375
270.562075,288.409
270.587325,288.424575
270.684725,288.502275
270.8226,288.666925
270.84115,288.8966
270.961325,288.983425
270.9928,289.033375
271.022625,289.20135
271.044125,289.513675
271.1001,289.715425
271.1527,289.793625
271.16385,290.151875
271.211175,290.4839
271.29285,290.593375
271.446525,290.86455
271.494575,291.12665
271.60975,291.1902
271.71245,291.3577
271.77135,291.484625
271.8999,291.4933
271.981775,291.77415
272.03615,291.8688
272.061975,292.09875
272.141925,292.307175
272.16265,292.4776
272.235275,292.655025
272.3029,292.675225
272.513875,292.737425
272.562275,292.904225
272.75845,293.084075
273.221925,293.524075
273.3883,293.76515
273.727225,293.9085
273.814875,294.0142
273.894775,294.337275
274.0881,294.366725
274.112625,294.496625
274.15745,294.552875
274.192025,294.662075
274.197975,294.7325
274.2142,294.774225
274.28365,294.797925
274.346925,294.9071
274.36605,294.9687
274.39225,295.10395
274.402525,295.151575
274.506675,295.271375
274.6489,295.3777
274.74455,295.450025
274.8421,295.57325
275.03625,295.67505
275.1108,295.7141
275.12285,295.7892
275.237325,295.813425
275.2904,295.84615
275.32155,295.97915
275.380925,296.136075
275.436475,296.360525
275.451125,296.425725
275.4657,296.6591
275.592875,296.741525
275.6721,296.85935
275.883175,296.951075
275.9653,297.0455
276.009625,297.0969
276.16255,297.17725
276.2165,297.406175
276.268175,297.74225
276.29835,297.857425
276.326125,297.905875
276.383825,297.92715
276.4066,298.1039
276.435225,298.293275
276.498525,298.374625
276.517575,298.40165
276.5882,298.563925
276.6264,298.589875
276.8611,298.6561
276.933,298.836875
276.94525,299.09985
276.965225,299.747975
276.9918,299.924775
277.06905,
277.082,
277.164475,
277.25465,
277.392525,
277.43385,
277.548525,
277.564225,
277.58905,
277.628025,
277.720075,
277.81075,
277.851725,
277.9542,
278.28855,
278.56585,
278.572625,
278.775875,
278.870425,
278.951725,
279.062625,
279.30815,
279.3784,
279.40445,
279.467925,
279.521025,
279.57805,
279.677425,
279.730575,
279.803675,
279.82965,
279.89005,
280.013475,
280.042325,
280.06725,
280.23555,
280.249325,
280.34155,
280.617625,
280.705775,
280.803975,
280.8453,
280.916175,
281.0594,
281.11555,
281.1555,
281.18235,
281.2235,
281.251775,
281.57875,
281.942925,
281.9614,
282.0528,
282.092825,
282.17535,
282.259175,
282.324425,
282.37735,
282.4663,
282.696225,
282.771075,
282.796925,
282.8449,
282.902525,
282.9946,
283.134325,
283.608025,
283.68925,
283.921625,
283.985525,
284.0614,
284.0987,
284.2979,
284.573275,
284.635325,
284.64985,
284.664075,
284.786925,
284.89255,
284.907,
284.9991,
285.026775,
285.12395,
285.13675,
285.207,
285.234625,
285.360825,
285.389425,
285.4987,
285.556,
285.6216,
285.634775,
285.6514,
285.7148,
286.1083,
286.14175,
286.249325,
286.416875,
286.428675,
286.454175,
286.50605,
286.52935,
286.5691,
286.689475,
286.736175,
286.861525,
286.936375,
286.98995,
287.229125,
287.33635,
287.377575,
287.447125,
287.5949,
287.6577,
287.693225,
287.75865,
287.863425,
287.916725,
288.1248,
288.1484,
288.3029,
288.50355,
288.531175,
288.56445,
288.670125,
288.69945,
288.7425,
288.762875,
288.7944,
288.82345,
288.8794,
288.89295,
289.007925,
289.061725,
289.126275,
289.201425,
289.25865,
289.338875,
289.34735,
289.370775,
289.44085,
289.51685,
289.541025,
289.6578,
289.72685,
289.745525,
289.79005,
289.79365,
289.844025,
290.06255,
290.077425,
290.22115,
290.2464,
290.456275,
290.584075,
290.610925,
290.797525,
290.82015,
290.864525,
290.9054,
290.921625,
290.9354,
291.12665,
291.12825,
291.299275,
291.359325,
291.42375,
291.5494,
291.678125,
291.776625,
291.7901,
291.83305,
291.985625,
292.31055,
292.376575,
292.499525,
292.53535,
292.675175,
292.717425,
292.875075,
292.947225,
292.968025,
293.174,
293.212575,
293.261375,
293.4235,
293.50385,
293.5212,
293.766125,
293.909825,
293.9936,
294.037825,
294.208875,
294.27545,
294.33725,
294.366725,
294.413075,
294.5729,
294.625175,
294.654125,
294.7619,
294.7999,
294.813325,
294.880825,
294.907125,
295.0383,
295.1774,
295.259125,
295.454125,
295.573175,
295.580375,
295.7123,
295.746525,
295.918375,
296.018925,
296.0425,
296.073125,
296.22285,
296.353275,
296.372625,
296.412175,
296.5892,
296.6835,
296.727075,
296.85935,
296.892525,
297.001275,
297.0958,
297.230575,
297.32865,
297.4589,
297.59105,
297.615575,
297.666,
297.679625,
297.724325,
297.7793,
297.8123,
297.84725,
298.04805,
298.37755,
298.401675,
298.46205,
298.563925,
298.746875,
298.828975,
298.891175,
298.940775,
299.235025,
299.325725,
299.3671,
299.503025,
299.536,
299.621925,
299.752775,
299.823875,
299.95315,
