SPK_SPKC04a,SPK_SPKC07a,SPK_SPKC10a,SPK_SPKC12b,SPK_SPKC13a,SPK_SPKC13b
0.427025,0.621425,0.229875,0.5815,0.5769,11.09775
0.547,5.283475,0.91585,2.354025,0.66265,11.696575
0.83005,6.321675,1.359275,4.73575,1.031925,11.8981
0.854125,6.375075,1.6365,5.1226,1.1556,11.96825
1.246625,9.123475,1.807725,5.434675,1.3491,12.061725
1.566,12.226475,1.9854,5.4999,1.71675,12.07995
1.9153,12.8282,2.075925,5.5459,1.835525,12.102675
3.203025,13.8078,2.478225,5.55445,3.042275,12.11955
3.79355,13.824325,2.715575,5.964225,3.2187,12.61195
4.3929,15.1958,2.9485,7.3553,3.516025,13.658
4.729575,15.959725,3.523075,8.75665,3.568125,13.92945
5.038725,16.46495,3.81705,8.80455,4.283825,14.0776
6.041625,19.1909,3.970925,8.88005,4.514925,14.185975
6.1405,21.675575,4.591075,8.903,4.9195,14.188925
7.161525,23.917775,5.08615,9.285475,4.9728,14.272575
7.284875,27.0728,5.268325,9.32035,5.003925,14.3362
7.38715,27.6974,5.64385,9.3668,5.018725,14.548625
7.40845,30.439475,5.813525,9.42295,5.057025,14.742625
8.3939,31.683825,6.2709,9.441875,5.07715,14.835225
9.574775,37.402625,6.4674,9.4588,5.1204,14.9368
10.56235,44.436275,7.17635,9.492425,5.2306,14.9878
11.40715,49.459825,7.30965,9.539225,5.245475,15.0846
12.03085,51.7436,7.6551,9.576575,5.270325,15.27855
12.611975,60.802675,7.754875,9.5907,5.282925,15.36745
12.9928,70.44735,7.994425,9.64655,5.356425,15.457975
13.033725,74.30885,8.11685,9.6999,5.3985,15.626075
13.3768,74.565325,8.385375,9.72895,5.451275,15.665425
13.657975,79.19135,9.380325,9.772975,5.46775,15.76625
13.92945,82.58575,9.5642,9.78855,5.59205,16.034575
13.9705,88.312375,10.0453,9.84545,5.776525,16.073375
14.93325,91.337475,10.2224,9.934625,5.808825,16.237125
14.936825,96.57495,10.455325,9.946625,5.8744,16.283225
14.9878,103.79725,10.521075,9.968075,5.9177,16.3729
15.535675,105.88125,10.8238,10.0528,5.954,16.5311
16.28325,107.9083,10.91525,10.075175,5.991675,16.643575
16.39065,113.222575,11.1537,10.17055,6.08415,16.695875
16.437725,114.986375,11.5364,10.212775,6.123725,16.829825
17.18895,115.71905,11.54705,10.253175,6.139575,17.141625
17.224275,117.327725,11.711475,10.338825,6.185575,17.188925
17.564725,126.737475,11.727175,10.474875,6.2005,17.22425
18.06825,128.508725,11.829,10.547375,6.294375,17.377225
18.280075,131.2295,11.932025,10.607975,6.371725,17.484225
18.698675,137.833875,12.0292,10.697675,6.45635,17.5647
18.710275,138.567375,12.170325,10.753875,6.49595,17.70515
18.937675,139.507175,12.368875,10.84665,6.5167,17.7371
19.24585,139.508725,12.47515,10.9535,6.6246,18.023775
19.3026,139.92285,12.51395,11.009125,6.650525,18.120775
19.908425,140.081875,12.5189,11.112,6.7295,18.205825
19.9874,141.10875,12.615775,11.176225,6.778075,18.25995
20.53635,141.182575,12.6878,11.288925,6.81965,18.412275
20.57385,141.237325,12.77745,11.4344,6.9281,18.42925
21.385875,141.553625,12.80265,11.806975,7.016,18.54845
21.42545,141.963275,12.8839,11.8287,7.033875,18.653975
21.7228,142.02205,13.127575,11.9543,7.0693,18.69865
22.001175,143.0488,13.201575,12.0171,7.1024,18.848125
22.035975,144.476275,13.376175,12.137625,7.164775,18.9377
22.096,144.52895,13.4663,12.226425,7.203825,19.11345
22.252025,144.68345,13.577275,12.32755,7.25415,19.15275
22.385375,145.1939,13.769925,12.375725,7.269175,19.222675
22.480475,145.998575,13.86375,12.51475,7.403125,19.302575
23.02655,146.0011,14.01065,12.55715,7.435825,19.382425
23.0795,146.23365,14.112625,12.619575,7.49675,19.52825
23.442475,146.7497,14.207925,12.729725,7.535125,19.589725
23.4783,147.010125,14.2187,12.8001,7.556475,20.0062
23.966575,147.647975,14.400525,12.828175,7.607625,20.071525
24.0324,148.027425,14.567175,12.887375,7.68425,20.1892
24.752375,148.11345,14.7314,12.928675,7.751,20.2853
24.900025,148.23325,14.9079,13.008,7.7762,20.311425
25.30835,148.684325,14.9993,13.0627,7.811575,20.46605
25.379425,148.736925,15.1558,13.145525,7.86125,20.66575
25.536725,150.21225,15.3592,13.172925,7.887275,20.72635
25.581575,150.3926,15.572925,13.1867,7.904175,20.78075
25.6581,153.0756,15.739825,13.2701,7.92095,20.83455
25.830275,154.656925,15.87,13.31475,7.93125,21.12765
25.95095,156.1573,15.955875,13.3644,7.97475,21.1629
25.9954,163.0284,16.12115,13.398525,7.99335,21.290825
26.070525,166.615425,16.2501,13.477775,8.29505,21.385875
26.249,170.390425,16.37165,13.52495,8.4511,21.425425
26.81405,170.5109,16.37605,13.607375,8.629775,21.58505
26.886475,171.248975,16.4713,13.649875,8.691775,21.761825
26.9493,171.282025,16.6748,13.706375,8.755825,21.806525
27.23265,171.463975,16.801375,13.773425,9.1294,21.8708
27.591525,172.6964,16.881825,13.824325,9.17815,21.903575
27.831125,174.919825,16.98695,13.8861,9.252,21.95075
28.49485,175.958775,17.073175,14.08755,9.2665,22.008325
28.645075,176.301625,17.152125,14.188875,9.311625,22.095975
28.682875,177.323375,17.21495,14.3481,9.3708,22.252025
28.71155,177.665225,17.49015,14.522825,9.422975,22.274825
29.651825,177.679425,17.634875,14.610375,9.45155,22.385375
29.99955,178.14255,17.72575,14.7379,9.620425,22.40795
30.3961,179.571325,17.805625,14.859125,9.646525,22.509025
30.755725,180.12865,17.939725,15.107275,9.67105,22.650775
31.2617,180.464725,18.22225,15.2606,9.71005,22.695825
31.555525,180.691225,18.2306,15.814825,9.7515,22.73925
31.650825,181.135225,18.346925,15.959725,9.8295,23.165125
31.7868,182.396375,18.476125,16.1744,9.856775,23.194825
33.00985,185.321625,18.5083,17.117675,9.930225,23.400325
33.06005,188.003375,18.652025,18.226125,9.946575,23.442475
33.1167,188.11185,18.7952,19.190875,9.96035,23.545325
33.163325,188.282225,19.057375,20.2265,9.968075,23.66295
33.46795,188.69145,19.175775,32.710575,9.9962,23.716025
33.503475,188.74645,19.598475,34.505125,10.05285,23.758
34.055425,188.913975,19.7492,42.038175,10.054825,23.931975
34.8456,189.146975,19.92565,46.517025,10.062925,23.9854
35.566675,190.316875,20.49425,54.251325,10.079125,24.0324
36.16145,191.379575,20.62945,60.802725,10.1372,24.388025
36.545925,191.6001,20.78805,61.1105,10.190525,24.428425
36.822025,191.657,20.988625,61.732575,10.241675,24.5307
38.15225,191.847575,21.204325,64.674925,10.309125,24.5535
38.378975,198.416325,21.349975,65.815275,10.336025,24.757175
38.452275,,21.378875,66.3214,10.33885,24.856775
38.516725,,21.467975,68.7659,10.352925,24.92835
38.670425,,21.5846,69.72295,10.3688,24.971775
39.213325,,21.609325,73.0898,10.40815,25.009975
39.710025,,21.8724,73.796675,10.432375,25.054075
40.011275,,21.99505,74.0387,10.4882,25.143175
40.1533,,22.169775,74.17925,10.538875,25.2579
41.018775,,22.593675,74.5654,10.600825,25.2961
41.253425,,22.64845,75.880625,10.63305,25.327575
41.48695,,22.746525,76.820375,10.6557,25.421325
41.574275,,22.899575,79.430525,10.7263,25.462975
42.12585,,23.0726,82.2081,10.798225,25.486
42.3503,,23.121575,82.58585,10.896375,25.5367
43.0842,,23.28795,83.5562,10.9789,25.56825
43.873675,,23.475075,84.5648,11.038,25.630825
43.94435,,23.698,85.504,11.122625,25.658075
44.0984,,23.8168,85.572325,11.2084,25.72905
44.2166,,24.255775,86.3995,11.32045,25.750275
44.274925,,24.353125,87.86625,11.383125,25.76945
44.3008,,24.4877,88.312425,11.43305,25.813025
44.3569,,24.72605,91.912525,11.4575,25.8642
44.577625,,25.2436,93.327,11.4738,25.97555
45.249875,,25.427025,95.953125,11.589875,26.022975
45.475725,,25.622475,96.278575,11.7094,26.039575
45.521325,,25.970575,98.908475,11.76465,26.073125
45.906475,,26.10545,98.985725,11.806775,26.096625
47.06115,,26.2417,99.452325,11.843775,26.1826
47.11345,,26.333225,99.704225,11.8908,26.239725
47.2592,,26.44355,100.13095,11.908325,26.287325
47.5086,,26.5753,100.4731,11.9649,26.48065
47.733575,,26.658825,101.20425,12.0003,26.6097
47.7788,,26.77285,101.604425,12.0933,26.8104
47.86995,,26.939675,102.9897,12.12095,26.859875
48.1042,,27.085325,103.309975,12.15305,26.981525
48.24125,,27.2725,103.797225,12.17025,27.061875
48.7303,,27.37745,104.0962,12.216725,27.109725
49.1151,,27.3905,105.722025,12.26995,27.1387
49.808775,,27.61025,105.881225,12.345075,27.1659
49.8593,,27.70365,107.596725,12.455775,27.2746
50.8337,,27.853775,108.35935,12.482775,27.4915
52.6725,,27.95575,108.4821,12.62855,27.495975
52.983075,,27.9736,109.14575,12.639075,27.5513
53.08925,,28.08445,110.15665,12.675,27.64145
54.22545,,28.101125,110.854075,12.736075,27.7307
54.3069,,28.227175,111.15515,12.806225,27.7498
55.5019,,28.346525,111.97,12.82435,27.777825
55.745925,,28.550225,116.305675,12.844525,27.853825
56.3389,,28.667875,117.327825,12.934725,28.071175
56.721475,,28.7975,118.54885,13.0325,28.153225
57.667325,,29.003675,122.7,13.4091,28.254575
58.090825,,29.24635,123.05955,13.53245,28.2972
58.156925,,29.275925,124.29005,13.617625,28.3654
58.23525,,29.43685,126.574575,13.6591,28.418675
58.5418,,29.562225,126.73745,13.734275,28.461525
58.70575,,29.739925,126.7924,13.86245,28.494825
58.891725,,29.89045,128.031375,13.902525,28.5261
59.757625,,30.22325,128.5088,13.999075,28.595275
59.807125,,30.38115,129.269525,14.120675,28.85555
59.89765,,30.53655,130.496,14.411225,28.9067
60.26805,,30.541325,139.05395,14.656375,28.9613
60.550675,,30.7088,139.08915,14.7121,29.12385
60.96415,,30.8215,139.191325,14.8055,29.1515
61.295975,,30.855225,139.340175,15.006075,29.391825
61.37465,,30.9276,139.40675,15.130875,29.603175
61.8393,,31.1052,139.642,15.421975,29.7772
61.97795,,31.17575,139.7475,15.630625,29.859125
62.14355,,31.220025,139.750225,15.6736,29.958975
62.6008,,31.3674,140.03255,15.720175,30.01585
63.697125,,31.419425,140.158275,16.3456,30.07465
64.158125,,31.49915,140.476175,16.3661,30.145675
64.287875,,31.55875,140.634575,16.382775,30.2307
64.474875,,31.7559,140.720075,16.48185,30.3113
65.03045,,31.91795,140.772275,16.644825,30.41675
65.1421,,32.19475,140.844425,16.844575,30.979975
65.30495,,32.405675,140.909875,16.897425,31.468475
65.451625,,32.50835,140.96685,17.103125,31.5323
65.5233,,32.6453,141.030225,17.179475,31.6044
65.89955,,32.66705,141.06395,17.2268,31.67725
66.175475,,32.977175,141.066975,17.309525,31.8047
66.2187,,33.130425,141.12955,17.34675,31.88625
66.97835,,33.367625,141.226825,17.481975,32.02265
67.472,,33.51905,141.254325,17.62575,32.082575
68.0044,,33.572325,141.322825,17.6575,32.220375
68.0311,,33.702525,141.362325,17.752975,32.304925
68.533125,,33.88455,141.4107,18.207025,32.376425
68.79435,,34.0454,141.450125,18.326925,32.413
68.888125,,34.367075,141.501925,18.43225,32.4316
69.255475,,34.47085,141.5536,18.492625,32.463925
69.32895,,34.64755,141.603075,18.5913,32.4947
70.764825,,34.664225,141.6583,18.632375,32.569425
70.99235,,34.79115,141.70085,18.677125,32.612725
71.1423,,34.9496,141.71915,18.806575,32.649025
72.9711,,35.0263,141.7324,19.055775,32.71655
73.03855,,35.096625,141.776575,19.1862,32.745725
74.05845,,35.3485,141.812775,19.452,32.78035
74.448125,,35.504175,141.93235,19.5714,32.7988
74.886275,,35.532475,141.96325,19.623675,32.848825
76.032275,,35.668725,142.0035,19.682525,32.87165
76.109825,,36.122275,142.042825,19.72615,32.8897
76.951975,,36.399575,142.2075,19.86455,32.930325
77.09865,,36.63775,142.268075,20.08175,33.002425
78.703625,,36.7766,142.347275,20.164225,33.1193
79.042275,,36.804925,142.40935,20.2591,33.3595
79.160375,,36.9342,142.51985,20.344475,33.4214
79.811525,,37.022975,142.57185,20.5952,33.517125
81.904525,,37.13865,142.5958,20.792825,33.6417
81.9717,,37.315975,142.6957,21.0212,33.687825
82.38495,,37.54575,142.744725,21.06615,33.786125
82.444075,,37.68225,142.7769,21.251375,33.814875
84.03525,,37.846125,142.89915,21.383175,33.880225
84.06405,,37.94475,142.966,21.5055,33.92415
84.08405,,38.11945,143.0488,21.560725,33.9621
84.845675,,38.2156,143.096975,21.643675,34.03355
85.214975,,38.36635,143.17145,21.76685,34.13765
86.35905,,38.469075,144.2083,22.14725,34.163425
87.27375,,38.60835,144.250925,22.19565,34.213325
88.46705,,38.7356,144.3837,22.26125,34.255
88.832575,,38.869075,144.47625,22.33885,34.33025
89.147475,,39.0639,144.528925,22.5728,34.4265
89.689825,,39.18345,144.636775,22.934825,34.46225
89.726,,39.186525,144.6834,23.000475,34.558475
89.997425,,39.203675,144.742425,24.015925,34.6006
90.24075,,39.35415,144.83135,24.198075,34.632475
90.457875,,39.481625,144.88925,24.327175,34.665
90.48365,,39.76635,144.9316,24.403175,34.776175
91.307525,,40.110875,144.95925,24.58005,34.8085
91.463325,,40.249,145.031375,24.66795,34.845575
91.6677,,40.34315,145.134375,24.760225,34.880825
92.49375,,40.45265,145.375325,24.877975,34.9117
92.86065,,40.579575,145.381625,25.0326,34.941675
93.1328,,40.704925,145.57205,25.2064,35.30435
93.65375,,40.89245,145.679325,25.54495,35.559325
93.880175,,41.05735,145.735075,25.7158,35.65325
94.02905,,41.155175,145.75345,25.9313,35.743
95.240475,,41.28215,145.9211,25.98335,35.8096
95.602875,,41.526175,146.001075,26.0167,35.84565
96.9895,,41.771975,146.127975,26.1415,35.879125
97.056325,,41.959125,146.233625,26.30845,35.924175
97.566375,,42.111025,146.3728,26.490375,35.973425
97.719575,,42.524725,146.494425,26.52705,36.0132
97.935925,,42.7965,146.582325,26.6824,36.0829
98.71545,,43.040075,146.627025,26.824875,36.119225
99.273025,,43.0599,146.701825,27.020225,36.140825
99.4045,,43.1788,146.739775,27.2513,36.158375
100.21765,,43.40595,146.789125,27.31315,36.189425
100.761775,,43.576,146.85285,27.38945,36.225175
102.0231,,43.76245,146.907225,27.45065,36.27995
102.36985,,43.782325,146.93415,27.529725,36.396325
102.60025,,43.98675,147.0101,27.97425,36.452225
102.7114,,44.12955,147.050525,28.036125,36.47885
102.804975,,44.636275,147.0747,28.10995,36.61375
103.2191,,44.888,147.2295,28.208025,36.655875
103.575875,,45.006975,147.298325,28.280225,36.725225
104.195725,,45.0733,147.3742,28.322825,36.831425
104.492425,,45.192475,147.472525,28.380225,36.91465
104.61475,,45.617325,147.534025,28.405925,37.056025
104.7954,,45.775575,147.647925,28.4479,37.130275
104.94845,,45.905675,147.76995,28.521725,37.459625
105.0332,,46.033725,147.842275,28.64735,37.634
105.41865,,46.16815,147.93875,28.68885,37.6816
106.80475,,46.5297,148.02745,28.74465,38.076675
106.88465,,47.00755,148.0361,28.8467,38.237675
108.804625,,47.30715,148.233275,28.9876,38.29145
109.36395,,47.4479,148.2741,29.09875,38.308925
110.002075,,47.5835,148.35715,29.26165,38.378925
110.21385,,47.617225,148.475275,29.33315,38.596275
110.238575,,47.84995,148.6843,29.460925,38.6151
110.260325,,48.041525,148.7369,29.5367,38.654525
110.552675,,48.066625,148.854025,29.649725,38.703175
110.700825,,48.208925,149.055425,29.7586,38.78195
111.486375,,48.460075,149.19025,29.7987,38.81775
112.356625,,48.5507,149.3425,29.8718,38.87455
113.379575,,48.6306,149.4799,30.0289,39.056875
113.819125,,48.812975,149.512875,30.053275,39.0827
114.00435,,48.974225,149.66055,30.1739,39.12355
114.740375,,49.04415,149.697325,30.427625,39.18435
115.537125,,49.14815,149.968425,30.4783,39.22225
115.6522,,49.26405,149.996375,30.5846,39.267925
116.051225,,49.4201,150.161725,30.745625,39.3501
116.52295,,49.62165,150.31065,30.936775,39.390025
117.223375,,50.00015,150.578375,31.2885,39.451675
117.440525,,50.0467,150.876525,31.80145,39.573725
117.62615,,50.30065,150.9656,32.001775,39.610175
118.452325,,50.31335,151.153825,32.072875,39.6685
119.110225,,50.386875,151.427375,32.121275,39.71
119.159675,,50.5387,151.558275,32.161425,39.740525
119.831775,,50.7656,152.75805,32.223875,39.773
119.85315,,50.904625,153.002,32.341725,39.85895
120.31965,,51.03105,153.720575,32.466125,39.89625
121.56845,,51.088625,154.87305,32.5163,39.987725
121.5998,,51.1776,155.9303,32.617625,40.04425
122.635975,,51.3478,156.777625,32.719775,40.094075
123.163675,,51.496225,158.6118,32.77285,40.118825
123.829225,,51.6042,158.95165,32.804225,40.1305
124.9056,,51.618625,161.5569,32.873975,40.180675
125.498975,,51.70775,162.8372,32.932275,40.207
125.93575,,51.7088,164.477025,33.1141,40.2602
126.2572,,51.76695,164.640675,33.227125,40.4195
126.302075,,52.09845,164.804075,33.289725,40.55325
126.344975,,52.33165,164.9174,33.3322,40.7595
127.898725,,52.43225,169.5753,33.45505,40.7705
127.9688,,52.737725,169.973225,33.64455,40.854875
128.00665,,53.005125,170.0977,33.723275,41.02405
128.21145,,53.170625,170.441775,34.0882,41.430425
128.6246,,53.297725,170.5852,34.216825,41.570325
129.391025,,53.411225,170.62225,34.4033,41.6018
129.951725,,53.6169,170.706775,34.5242,41.613725
130.054975,,53.776775,170.7281,34.6383,41.630025
130.333,,53.926525,170.7795,34.74625,41.798725
130.59945,,53.989775,170.9059,35.055675,41.8434
130.7124,,54.147375,170.937775,35.116825,41.913975
130.945325,,54.24,171.01235,35.19305,41.95125
131.401175,,54.396275,171.04445,35.262,42.0453
133.8109,,54.5141,171.1545,35.482525,42.075275
134.098775,,54.6765,171.1585,35.54905,42.1414
134.1208,,54.723075,171.21595,35.636825,42.162675
134.347075,,54.905275,171.248975,35.893175,42.2415
135.0653,,55.052225,171.282075,36.043275,42.255425
136.065025,,55.115775,171.341225,36.378825,42.32315
136.5498,,55.17765,171.398,36.460975,42.3576
136.61635,,55.319725,171.443375,36.483825,42.3773
136.878925,,55.434325,171.572075,36.499425,42.414725
136.89945,,55.514275,171.61815,36.5136,42.4354
136.931475,,55.665275,171.659575,36.553775,42.47635
137.814175,,55.815725,171.710375,36.694925,42.520625
138.032875,,55.91775,171.874925,36.733025,42.663175
138.835075,,56.0403,171.907725,36.762125,42.722975
139.06285,,56.0984,172.049,36.80045,42.7403
141.069625,,56.18395,172.186525,36.811825,42.773825
142.71435,,56.314025,172.2413,36.83625,42.91515
144.669725,,56.428225,172.291,36.8883,43.021875
144.8049,,56.537275,172.35745,36.91945,43.0623
144.85455,,56.7098,172.4054,36.969775,43.10975
146.410925,,56.916425,172.48615,37.021475,43.15665
149.763475,,57.039775,172.574575,37.06845,43.181175
150.63235,,57.182725,172.624225,37.143275,43.22625
150.782675,,57.311075,172.6964,37.305275,43.277925
151.117925,,57.608125,172.729675,37.6714,43.352225
151.77165,,57.6661,172.769175,37.715675,43.410925
151.916275,,57.78895,172.841125,37.801825,43.467475
151.970475,,57.967075,172.897975,38.072125,43.530275
152.321925,,58.2213,172.9177,38.110725,43.61045
152.54525,,58.465325,172.95965,38.1874,43.663475
152.99575,,58.5532,173.064775,38.306025,43.694
153.1305,,58.581975,173.164875,38.453175,43.8785
153.203775,,58.695525,173.195175,38.585625,43.94735
153.65975,,58.811775,173.227325,38.71755,43.984325
153.70025,,58.9417,173.2799,38.7489,44.3644
153.785625,,59.02785,173.29515,39.24855,44.50385
153.845925,,59.18535,173.32035,39.27025,44.669375
153.8847,,59.301,173.376675,39.2997,44.69215
154.542875,,59.3875,173.463925,39.612875,45.1241
154.5547,,59.407575,173.486175,39.636475,45.203625
154.58175,,59.570275,173.51135,39.646475,45.249875
155.409375,,59.6604,173.587,39.68505,45.361425
155.602425,,59.800475,173.643825,39.700425,45.4207
155.678675,,59.93785,173.676325,39.7489,45.471825
155.8502,,60.0323,173.7207,39.79655,45.521325
156.60355,,60.17305,173.806675,39.80775,45.6973
156.8623,,60.56235,174.039475,39.8299,45.83835
157.13865,,60.85885,174.384375,39.85515,45.8689
157.290125,,60.995025,174.619125,39.914975,45.959325
157.402825,,61.1364,175.016375,40.0316,45.994225
158.56275,,61.3151,175.37125,40.0663,46.046475
158.725075,,61.41735,175.53125,40.163125,46.0684
158.727425,,61.570925,175.69885,40.19075,46.092975
158.8948,,61.6901,175.7484,40.2986,46.145025
158.95635,,61.809525,175.7724,40.33495,46.1829
159.398925,,62.0583,176.46805,40.35725,46.295
159.5626,,62.281525,176.58915,40.4667,46.4305
159.78745,,62.341125,176.651725,40.52745,46.470125
159.833375,,62.36635,177.1944,40.592825,46.510275
159.94905,,62.5542,177.46465,40.87,46.54025
160.0134,,62.6029,177.62485,40.916825,46.61215
160.47975,,62.805825,177.67935,40.96385,46.68315
160.829,,63.207175,177.741575,41.2048,46.751525
161.227925,,63.38435,177.7602,41.34725,46.779875
161.683,,63.71125,177.786575,41.4464,47.10835
162.417175,,63.887825,177.823475,41.5753,47.259175
162.660675,,63.906975,178.142525,41.6499,47.31365
162.841925,,63.93865,178.55345,41.72575,47.37145
163.15145,,64.062575,179.325,41.84985,47.466825
163.347125,,64.31275,179.5713,42.00885,47.5191
164.0302,,64.462075,179.62735,42.08475,47.53535
164.136725,,64.626925,179.75535,42.251725,47.567875
164.245075,,64.77385,179.794925,42.503525,47.606975
164.473775,,64.8856,179.95295,42.936925,47.6584
165.970525,,65.019925,180.05035,43.017025,47.727925
166.304225,,65.201325,180.528825,43.0684,47.8007
166.85875,,65.480525,180.710025,43.088125,47.87965
167.724075,,65.4964,180.85465,43.265225,47.9253
168.034825,,65.6339,181.412275,43.29815,48.0464
168.153925,,65.676975,181.698075,43.418775,48.1459
169.094475,,65.848925,181.902175,43.473175,48.349725
170.9296,,65.908275,182.1112,43.50385,48.474075
170.96365,,65.988875,183.143125,43.5607,48.6988
170.995925,,65.998175,184.7313,43.58015,48.78225
171.002775,,66.11715,185.796325,43.6494,48.820825
171.0336,,66.31195,185.902475,43.65675,49.130725
171.04355,,66.689625,186.1786,43.707175,49.200925
171.499775,,66.8076,187.4863,43.725625,49.285475
173.51315,,66.9859,187.639725,43.743775,49.380725
174.9042,,67.1171,187.682675,43.781925,49.4357
176.4756,,67.401925,187.864925,43.87225,49.495875
177.158675,,67.455375,188.003425,43.9777,49.779775
177.5655,,67.792425,188.0714,44.088725,49.959475
180.55375,,68.315225,188.1118,44.131075,50.176875
180.714175,,68.459325,188.153025,44.221775,50.242925
180.73875,,68.603,188.195125,44.7836,50.4856
181.562675,,68.800625,188.2117,44.97105,50.525475
182.0632,,68.804625,188.26005,45.23345,50.608825
182.7846,,69.083625,188.3088,45.794975,50.65525
182.87495,,69.207625,188.34525,45.84805,50.69495
182.9094,,69.310825,188.373075,46.0788,50.755975
183.52475,,69.4664,188.438775,46.147875,50.822775
184.408775,,69.652625,188.470575,46.26425,50.9715
184.6439,,69.7891,188.515675,46.577475,51.03445
185.675025,,69.96915,188.691475,46.7582,51.111825
185.70995,,70.09745,188.74645,46.788225,51.16385
186.62325,,70.266525,188.854025,47.34805,51.233025
186.836025,,70.306175,188.91395,47.433325,51.532575
188.598625,,70.85875,188.985325,47.640275,51.582075
189.54765,,71.117025,189.0564,47.805425,51.67575
190.834475,,71.13075,189.146925,47.98775,51.780125
191.429075,,71.30405,189.16565,48.10205,51.86065
191.908775,,71.4381,189.21765,48.104175,51.9165
191.915075,,71.540025,189.3458,48.388725,51.94955
192.330875,,71.874425,189.44555,49.16765,52.315525
192.36425,,71.987475,189.484675,49.3258,53.03525
192.404725,,72.244775,189.5887,49.472625,53.05805
194.438625,,72.392625,189.67115,49.53575,53.0935
194.5697,,72.498725,189.80195,49.845525,53.16955
194.72265,,72.64005,189.86335,49.990025,53.25845
195.2119,,72.83135,189.9102,50.112625,53.34565
195.657275,,72.900925,189.945325,50.214375,53.4013
195.864475,,72.995825,190.129325,50.329125,53.415
196.3052,,73.167925,190.264975,50.507625,53.489575
196.326175,,73.186075,190.31695,50.6764,53.534025
196.412725,,73.304825,190.349025,50.933475,53.58265
196.45685,,73.350825,190.398875,51.0917,53.67835
196.48555,,73.4406,190.499775,51.14335,53.792275
196.4997,,73.569175,190.57095,51.336425,53.8778
196.52285,,73.717025,190.64665,51.458125,54.024475
196.57015,,73.900275,190.783425,51.605,54.074925
196.596825,,74.09105,190.948725,51.63595,54.13045
196.6095,,74.316925,190.99465,51.670325,54.169775
196.9956,,74.478775,191.01065,51.706175,54.193975
197.0566,,74.50295,191.079375,51.751575,54.26155
197.341725,,74.64465,191.2364,51.8193,54.314725
197.471625,,74.6864,191.37955,51.849975,54.33725
197.66105,,74.964275,191.446825,51.875475,54.368625
197.839125,,75.07825,191.5131,51.888275,54.4011
198.0065,,75.132275,191.6597,51.920425,54.539325
198.046725,,75.18475,191.736525,52.010175,54.584125
198.05015,,75.3337,191.79855,52.224225,54.70155
198.06775,,75.430525,191.971025,52.27505,55.882725
198.290625,,75.4468,192.088275,52.325525,56.01965
198.326475,,75.49595,193.773575,52.46565,56.078875
198.339,,75.528175,193.85665,52.6545,56.164
198.60755,,75.637,193.942575,52.85715,56.299775
198.65505,,75.72735,194.0455,52.922575,56.338875
198.671575,,75.9229,194.0899,52.991125,56.463975
198.7186,,76.019225,194.181875,53.28065,56.52765
198.791575,,76.068025,194.31605,53.3717,56.816425
198.85525,,76.131425,194.572775,53.437775,57.080075
198.86205,,76.231875,194.763775,53.601875,57.238775
199.63895,,76.47455,194.95675,53.6639,57.325725
199.7355,,76.548925,195.0808,53.75065,57.73775
199.994875,,76.770275,195.246825,53.85,57.849
,,76.946475,195.412875,53.901475,57.899
,,77.077025,195.49865,53.9364,57.954
,,77.099425,196.25005,54.01615,58.044575
,,77.25375,196.326325,54.062325,58.319875
,,77.396,196.430375,54.138,58.393825
,,77.61685,196.8142,54.253225,58.46435
,,78.0255,196.89785,54.323975,58.51805
,,78.071875,197.00575,54.428725,58.609225
,,78.229175,197.12575,54.518175,58.6541
,,78.394225,197.293225,54.567575,58.8669
,,78.543675,197.3737,54.614225,58.910975
,,78.5483,197.52205,54.68175,58.993125
,,78.685425,198.04675,54.7833,59.094825
,,78.83745,198.4673,54.8625,59.133425
,,78.943125,199.084625,54.958575,59.361225
,,79.006225,199.22365,55.179425,59.460575
,,79.062675,199.3459,55.237925,59.7576
,,79.1909,199.500475,55.3938,59.8071
,,79.215275,199.787875,55.6324,59.85185
,,79.293175,,55.6833,60.048125
,,79.437125,,55.949725,60.1272
,,79.628125,,55.9892,60.189875
,,79.836675,,56.05185,60.268025
,,79.96515,,56.369325,60.312075
,,80.174525,,56.48035,60.348725
,,80.260575,,56.57235,60.498475
,,80.362575,,56.614875,60.55065
,,80.64615,,56.874675,60.59225
,,80.733925,,57.11015,60.655175
,,80.779925,,57.242,60.760225
,,80.877375,,57.38415,60.868475
,,81.004275,,57.4628,61.159975
,,81.1899,,57.499325,61.243325
,,81.2338,,57.687225,61.346075
,,81.33605,,57.77635,61.5112
,,81.4897,,57.858525,61.87205
,,81.6355,,58.1824,62.075725
,,81.918,,58.2688,62.21495
,,81.998325,,58.345775,62.39435
,,82.123075,,58.473,62.508175
,,82.26455,,58.531125,62.623275
,,82.304975,,58.63455,62.7226
,,82.36375,,58.69935,62.743975
,,82.458775,,58.761925,62.773525
,,82.53755,,58.82235,62.8963
,,82.608025,,58.85405,64.135425
,,82.67125,,59.220675,64.513175
,,82.709825,,59.27545,64.61855
,,82.8553,,59.344725,64.696825
,,82.980925,,59.383575,64.779775
,,83.141725,,59.47985,64.835325
,,83.2778,,59.592425,64.952825
,,83.44095,,59.71455,65.04155
,,83.54865,,59.741525,65.102375
,,83.5565,,59.7793,65.209625
,,83.955225,,59.906625,65.249875
,,84.107825,,59.9521,65.27165
,,84.183625,,59.983525,65.508325
,,84.326875,,60.013775,65.573925
,,84.588125,,60.0646,65.8155
,,84.641625,,60.13135,65.907425
,,84.79935,,60.243175,66.13035
,,84.942375,,60.2747,66.1848
,,84.976575,,60.31535,66.733125
,,85.035175,,60.45835,66.848075
,,85.160025,,60.673225,67.266575
,,85.314175,,60.982825,67.589875
,,85.42535,,61.349625,67.683
,,85.551525,,61.64035,67.731475
,,85.64595,,61.90185,67.9618
,,85.6498,,61.9576,68.174125
,,85.823175,,62.09895,68.2589
,,86.056325,,62.142075,68.288525
,,86.374125,,62.177225,68.35825
,,86.58855,,62.198975,68.38995
,,86.9924,,62.294975,68.425875
,,87.148625,,62.3165,68.43655
,,87.2842,,62.3741,68.47455
,,87.397925,,62.40495,68.502525
,,87.532075,,62.518325,68.533125
,,87.692775,,62.608,68.595075
,,87.79435,,62.66435,68.626175
,,87.82,,62.680025,68.646725
,,87.935575,,63.2026,68.733975
,,88.06935,,63.53565,68.827375
,,88.175825,,63.646,68.954175
,,88.459425,,63.838425,68.99795
,,88.51605,,63.938575,69.12975
,,88.647575,,63.9688,69.228
,,88.845375,,63.9983,69.28355
,,89.02165,,64.1763,69.328925
,,89.02785,,64.3152,69.38965
,,89.126125,,64.4955,69.433
,,89.19795,,64.6473,69.50685
,,89.283075,,64.786575,69.6097
,,89.3547,,64.8476,69.723175
,,89.558375,,64.94945,69.7694
,,89.579075,,65.2892,69.793825
,,89.6066,,65.47345,69.84255
,,89.697225,,66.154275,70.23155
,,89.7698,,66.271125,70.329825
,,89.8637,,66.449975,70.384675
,,89.9085,,66.5871,70.408275
,,90.119175,,66.7222,70.42115
,,90.225875,,66.796,70.5229
,,90.404975,,66.8225,70.7648
,,90.510775,,66.891475,71.323025
,,90.565525,,66.915175,71.658125
,,90.5917,,66.990575,71.8223
,,90.681775,,67.1353,72.444175
,,90.833,,67.2565,72.509275
,,90.89305,,67.3351,72.5621
,,91.01325,,67.377675,72.64785
,,91.134225,,67.6305,72.768825
,,91.334775,,67.7403,72.810425
,,91.4845,,67.831525,72.971075
,,91.612275,,67.9272,73.038525
,,91.7695,,67.974225,73.1278
,,92.044775,,68.21575,73.144325
,,92.280825,,68.451375,73.19465
,,92.503,,68.552225,73.22755
,,92.52195,,68.661375,73.2892
,,92.600775,,68.7425,73.429175
,,92.7698,,68.781925,73.948075
,,92.966,,68.79575,73.949275
,,93.043425,,68.81925,74.96265
,,93.16475,,68.846225,75.15565
,,93.200475,,68.87425,75.207825
,,93.288825,,68.94935,75.2428
,,93.4312,,68.9798,75.304375
,,93.723275,,69.0271,75.37205
,,93.942425,,69.13525,75.4254
,,94.151125,,69.305475,75.51825
,,94.277775,,69.339275,75.6949
,,94.363125,,69.460075,75.985425
,,94.4043,,69.596825,76.239625
,,94.479075,,69.83355,76.333625
,,94.53545,,70.021175,76.386925
,,94.654025,,70.107725,76.42595
,,94.84515,,70.1903,76.4865
,,94.8995,,70.354825,76.6471
,,95.003525,,70.57085,76.7139
,,95.1444,,71.04965,77.513075
,,95.49145,,71.0959,78.25775
,,95.652075,,71.23255,78.33705
,,95.72,,71.294925,78.473725
,,95.837725,,71.3894,78.506275
,,96.04355,,71.535,78.63045
,,96.21505,,71.61905,78.68805
,,96.2164,,71.736975,78.73565
,,96.41705,,71.9264,78.7913
,,96.524775,,72.008025,78.85225
,,96.759225,,72.087,78.929925
,,96.797075,,72.1691,78.959325
,,97.1016,,72.66645,79.00175
,,97.3467,,72.733675,79.04225
,,97.396,,72.816625,80.12915
,,97.5006,,72.8363,80.134
,,97.54,,72.915675,80.4737
,,97.6966,,73.019275,80.81975
,,97.80895,,73.0971,80.94795
,,97.91885,,73.21115,80.99545
,,98.2482,,73.379625,81.027825
,,98.369175,,74.31545,81.095725
,,98.509025,,74.452575,81.204125
,,98.651025,,74.49515,81.361625
,,98.841375,,74.611625,81.8692
,,98.965775,,74.708775,81.971675
,,99.11475,,74.7485,82.074925
,,99.1611,,74.851175,82.117275
,,99.3693,,74.948775,82.211575
,,99.496175,,75.020225,82.277225
,,99.60485,,75.08965,82.35605
,,99.76335,,75.11345,82.384925
,,99.8359,,75.148025,82.414
,,99.91385,,75.1716,82.43565
,,100.048125,,75.230725,82.479025
,,100.051125,,75.283825,82.5955
,,100.33535,,75.3121,84.4615
,,100.616325,,75.37925,84.49325
,,100.8278,,75.393,84.5266
,,100.895225,,75.486325,84.656175
,,101.071425,,75.59505,84.72535
,,101.287425,,75.65645,84.77645
,,101.385425,,75.6797,84.878025
,,101.672375,,75.71695,84.8965
,,101.714525,,75.7465,84.967325
,,101.89265,,75.8155,85.0041
,,102.101525,,75.859075,85.062825
,,102.2066,,75.88285,85.28385
,,102.31275,,75.8997,85.37605
,,102.3297,,75.924575,85.39645
,,102.6118,,75.937075,85.4765
,,102.755725,,76.0491,85.804075
,,102.8936,,76.117225,85.826525
,,103.060975,,76.252675,85.8722
,,103.24085,,76.293675,85.8847
,,103.391575,,76.370425,85.9455
,,103.57635,,76.600125,86.091475
,,103.7602,,76.806975,86.171325
,,103.7781,,77.180275,86.207125
,,103.83085,,77.453175,86.262875
,,103.906875,,77.528675,86.297725
,,104.124525,,77.660975,86.340175
,,104.26245,,77.755325,86.376175
,,104.482825,,77.891525,86.458625
,,104.662975,,78.019,87.52635
,,104.764125,,78.251375,87.5784
,,104.965625,,78.3321,87.643925
,,105.145525,,78.434825,87.71005
,,105.298625,,78.546925,87.782
,,105.487625,,78.5986,87.8888
,,105.676575,,78.819475,87.910375
,,106.0321,,78.860225,87.95835
,,106.40055,,79.006575,88.0464
,,106.5895,,79.06635,88.274725
,,106.75905,,79.095925,88.30335
,,107.003375,,79.135475,88.447675
,,107.158375,,79.24615,88.611825
,,107.1958,,79.302675,88.6753
,,107.278525,,79.39395,88.78865
,,107.413575,,79.5867,88.879875
,,107.6306,,79.7934,88.9942
,,107.7541,,79.92395,89.0795
,,107.8573,,80.207775,89.14745
,,107.899375,,80.232775,89.1722
,,108.09875,,80.3129,89.24985
,,108.2443,,80.390625,89.33975
,,108.265775,,80.498025,89.41665
,,108.371175,,80.572775,89.444025
,,108.4457,,80.662,89.59155
,,108.650625,,80.763525,89.713725
,,108.732975,,80.82455,89.77945
,,108.826975,,80.9517,89.826525
,,108.9376,,81.0864,89.8654
,,109.120975,,81.18655,89.879825
,,109.251,,81.3012,89.951025
,,109.375975,,81.4269,89.98805
,,109.4726,,81.52105,90.037625
,,109.4848,,81.5546,90.161925
,,109.5085,,81.64375,90.227175
,,109.622825,,81.7726,90.259425
,,109.7881,,81.86205,90.2798
,,109.910775,,81.92695,90.378225
,,109.929075,,82.0421,90.528525
,,110.048525,,82.217925,90.59695
,,110.15695,,82.27165,90.77815
,,110.264325,,82.31425,90.90425
,,110.398725,,82.40065,90.960825
,,110.553675,,82.473925,91.097275
,,110.57625,,82.54325,91.16805
,,110.675525,,82.610125,91.2428
,,110.817075,,82.674225,91.3075
,,110.997325,,82.742025,91.4633
,,111.15545,,83.141825,91.53245
,,111.1972,,83.256825,91.73755
,,111.2322,,83.386025,91.822975
,,111.3832,,83.47085,91.9104
,,111.5151,,83.5757,93.194875
,,111.72895,,83.730675,93.256375
,,111.86105,,83.82675,93.30395
,,111.9866,,83.899175,93.3295
,,112.23385,,83.970325,93.385075
,,112.4677,,84.1004,93.443925
,,112.58905,,84.212425,93.463925
,,112.7382,,84.265625,93.495425
,,112.743025,,84.3409,93.5214
,,112.902075,,84.386125,93.566225
,,113.13575,,84.446575,93.65375
,,113.20565,,84.630325,93.67865
,,113.3676,,84.7329,93.709675
,,113.4428,,84.85055,93.754125
,,113.58415,,84.981825,93.784175
,,113.628775,,85.1181,93.822125
,,113.710775,,85.21915,93.84255
,,113.941675,,85.265175,93.8586
,,114.057075,,85.672075,93.8906
,,114.2126,,85.8598,93.9847
,,114.398775,,86.075775,94.04645
,,114.615025,,86.22245,94.095025
,,114.790975,,86.3472,94.1161
,,115.015275,,86.4,94.2718
,,115.1395,,86.43265,94.766425
,,115.25795,,87.048075,94.952675
,,115.316625,,87.294125,95.010925
,,115.44995,,87.45915,95.171
,,115.48475,,87.696075,95.2709
,,115.5647,,87.763,95.377825
,,115.748525,,87.826525,95.426125
,,115.89675,,87.9874,95.519025
,,116.084875,,88.132025,96.687
,,116.21645,,88.20785,97.35065
,,116.328975,,88.25835,97.487275
,,116.44645,,88.56295,97.559925
,,116.5388,,88.6429,97.756525
,,116.68575,,88.7572,97.809525
,,116.77475,,89.081575,97.846
,,116.778075,,89.144475,97.895575
,,116.821325,,89.245675,98.10925
,,116.8621,,89.344825,98.1714
,,117.173825,,89.379975,98.230425
,,117.36615,,89.446425,98.25
,,117.49995,,89.47075,98.274875
,,117.610075,,89.510725,98.319725
,,117.641125,,89.55065,98.34685
,,117.829175,,89.656325,98.402775
,,118.008125,,89.70175,98.451525
,,118.147875,,89.759625,98.4772
,,118.328225,,89.903575,98.499975
,,118.398725,,89.9692,98.521725
,,118.485125,,90.0528,98.55175
,,118.582125,,90.199,98.591725
,,118.686075,,90.282325,98.613725
,,118.791425,,90.411725,98.6434
,,118.978625,,90.4595,98.730875
,,119.427025,,90.53545,98.75055
,,119.6168,,90.572025,98.7685
,,119.754,,90.809175,98.80455
,,119.861425,,90.87745,98.86635
,,119.87215,,90.990025,98.9391
,,119.960675,,91.152,98.967275
,,120.06825,,91.213825,99.3413
,,120.070825,,91.26715,99.4623
,,120.198975,,91.365775,99.505375
,,120.282275,,91.513175,99.550075
,,120.3702,,91.56215,99.6017
,,120.3822,,91.678225,99.697625
,,120.51025,,91.7627,99.77425
,,120.537075,,91.8285,99.889875
,,120.550125,,91.883,100.11025
,,120.674725,,91.9582,100.192525
,,120.7179,,92.023875,100.27485
,,120.818475,,92.186375,100.32365
,,121.291525,,92.234725,100.40445
,,121.475575,,92.43275,100.4539
,,121.752475,,92.7336,100.644275
,,122.02875,,92.791525,100.761725
,,122.0958,,92.98485,100.91135
,,122.177875,,93.1206,100.95185
,,122.248475,,93.252775,100.992925
,,122.282,,93.362825,101.031
,,122.4015,,93.518175,101.065375
,,122.48845,,93.550925,101.10545
,,122.596175,,93.741675,101.172525
,,122.7379,,94.058075,101.26375
,,122.873975,,94.127775,101.3889
,,122.894875,,94.219375,101.42575
,,122.985925,,94.26605,101.4781
,,123.1042,,94.3351,102.050975
,,123.15285,,94.447375,102.239575
,,123.31305,,94.47795,102.36985
,,123.453275,,94.4981,102.478375
,,123.589925,,94.5512,102.57895
,,123.7419,,94.669725,102.707825
,,123.850025,,94.763275,102.896575
,,124.093675,,94.8424,102.932225
,,124.19505,,95.0015,102.98065
,,124.285525,,95.036475,103.38215
,,124.449975,,95.07395,103.4268
,,124.479175,,95.198875,103.57585
,,124.846025,,95.308475,103.596325
,,125.170375,,95.494175,104.703975
,,125.430325,,95.6437,104.7756
,,125.56595,,95.7412,104.827125
,,125.731575,,96.032825,104.864575
,,125.88365,,96.143675,104.9669
,,126.17315,,96.22125,105.023675
,,126.26545,,96.25775,105.168275
,,126.399325,,96.55,105.21015
,,126.409475,,96.67585,105.267525
,,126.58565,,96.7961,105.324825
,,126.646825,,97.453675,105.41865
,,126.865975,,97.553725,105.4573
,,126.869775,,97.670075,105.52685
,,127.3593,,97.707225,106.12155
,,127.444875,,97.833325,106.4961
,,127.605325,,97.92365,106.81555
,,127.657925,,98.057425,106.946275
,,127.8039,,98.212025,107.041175
,,127.8923,,98.3322,107.12875
,,127.993325,,98.3973,107.18765
,,128.189725,,98.4412,107.203125
,,128.2418,,98.534075,107.2363
,,128.314575,,98.8333,107.29035
,,128.45605,,98.900475,107.33605
,,128.579525,,99.061175,107.440175
,,128.675,,99.358625,107.494825
,,128.9855,,99.40215,107.5253
,,129.0772,,99.5084,107.5863
,,129.112175,,99.627625,107.62265
,,129.3153,,99.786625,107.694125
,,129.3236,,100.05475,107.74
,,129.436,,100.1399,107.76145
,,129.450375,,100.188475,107.8344
,,129.56025,,100.244075,108.22445
,,129.65535,,100.37315,108.26585
,,129.913775,,100.4649,108.327775
,,129.9284,,100.5851,108.452
,,130.0604,,100.6303,108.527925
,,130.264125,,100.653075,108.606225
,,130.369625,,100.79315,108.687975
,,130.37975,,100.836275,108.718075
,,130.493125,,101.09025,108.761025
,,130.607175,,101.3533,108.8046
,,130.74105,,102.29775,108.843775
,,130.8813,,102.334475,108.88695
,,130.9857,,102.415575,108.931375
,,131.06975,,102.43995,109.3224
,,131.087725,,102.48515,109.453975
,,131.275925,,102.5044,109.6016
,,131.683475,,102.5235,109.638725
,,131.71875,,102.543225,109.806
,,131.951825,,102.6401,109.8632
,,132.02585,,102.71635,109.922025
,,132.083825,,102.87425,109.988475
,,132.203675,,103.017075,110.014625
,,132.209275,,103.168925,110.0571
,,132.343725,,103.4018,110.101175
,,132.47265,,103.738625,110.164225
,,132.483,,103.802675,110.233075
,,132.573525,,103.83825,110.298525
,,132.62735,,103.933,110.335525
,,132.755425,,104.0436,110.388925
,,132.852575,,104.1078,110.41815
,,132.91865,,104.271425,110.4916
,,133.055325,,104.32605,110.546025
,,133.26095,,104.47855,110.59825
,,133.348425,,104.514975,110.62755
,,133.362625,,104.577275,110.7277
,,133.425025,,104.669625,110.7699
,,133.527875,,104.82145,110.835675
,,133.5354,,105.421425,111.019325
,,133.835125,,106.03165,111.233125
,,134.002975,,106.130175,111.37745
,,134.09375,,106.2126,111.46345
,,134.203925,,106.2926,112.237025
,,134.37225,,106.417775,112.292325
,,134.52565,,106.4434,112.363275
,,134.64705,,106.507475,112.405725
,,134.66145,,106.59,112.449125
,,134.8185,,106.755075,112.5339
,,134.896075,,106.918725,112.564675
,,134.941375,,107.02855,112.6091
,,134.98035,,107.0973,112.6427
,,135.34435,,107.168675,112.6928
,,135.43085,,107.270275,112.7612
,,135.4735,,107.3574,113.117275
,,135.662025,,107.42315,113.328475
,,135.7495,,107.4901,113.37955
,,135.825475,,107.558925,113.480075
,,135.8671,,107.599,113.710175
,,135.907375,,107.615,113.84055
,,136.067325,,107.639725,113.871925
,,136.22005,,107.7356,113.974025
,,136.584525,,107.8067,114.0359
,,136.854975,,107.862375,114.092625
,,136.9459,,107.89585,114.140675
,,137.3084,,107.963725,114.2729
,,137.515575,,108.196025,114.441
,,137.533525,,108.288775,114.5275
,,137.736575,,108.3454,114.6538
,,137.879325,,108.431275,114.687625
,,138.078,,108.72375,117.576725
,,138.179375,,108.75755,117.97465
,,138.296825,,108.960725,118.09045
,,138.341325,,109.0736,118.307725
,,138.357525,,109.25595,118.3647
,,138.368625,,109.47955,118.400425
,,138.4361,,109.707875,118.4209
,,138.5531,,109.79305,118.5028
,,138.61005,,109.87475,118.553725
,,138.6477,,109.92645,118.67305
,,138.65295,,109.955875,119.214325
,,138.724675,,109.9787,119.282275
,,138.7863,,110.0168,119.363375
,,138.867425,,110.088675,119.412875
,,138.936125,,110.1362,119.475325
,,139.003575,,110.32875,119.491575
,,139.03625,,110.5162,119.5889
,,139.1732,,110.607925,119.6214
,,139.2301,,110.754725,119.6637
,,139.244325,,110.961575,119.733175
,,139.3703,,111.184825,119.819425
,,139.412275,,111.220325,119.853125
,,139.619325,,111.244125,119.987175
,,139.817775,,111.30445,120.061725
,,139.985775,,111.3788,121.412325
,,140.260425,,111.425175,121.47715
,,140.444925,,111.470325,121.57265
,,140.506425,,111.526875,121.7985
,,140.51855,,111.6909,121.946625
,,140.649025,,111.7524,122.13635
,,140.6577,,112.0304,122.199675
,,140.795325,,112.33555,122.63595
,,140.81055,,112.48755,123.2025
,,140.852425,,112.7124,123.264975
,,140.885325,,112.781775,123.31015
,,140.9667,,112.85375,123.362075
,,141.001575,,113.03055,123.407075
,,141.1681,,113.148425,123.4806
,,141.305775,,113.2441,123.566325
,,141.3302,,113.257125,123.58245
,,141.44295,,113.306525,123.618375
,,141.452675,,113.3936,123.65255
,,141.641525,,113.4706,123.7652
,,141.818975,,113.574325,123.7931
,,141.874075,,113.59875,123.8292
,,141.971875,,113.7493,123.92385
,,142.0721,,113.9118,124.06485
,,142.084475,,114.105025,124.105625
,,142.096675,,114.168575,124.194625
,,142.191775,,114.2483,124.27425
,,142.283025,,114.4568,124.38065
,,142.323375,,114.830275,124.750425
,,142.52575,,114.922225,124.778675
,,142.59015,,115.02495,124.9449
,,142.719275,,115.1373,125.007075
,,142.8371,,115.168675,125.131125
,,143.003025,,115.293825,125.192575
,,143.07,,115.3624,125.2347
,,143.138925,,115.436475,125.30545
,,143.147775,,115.496525,125.37165
,,143.24265,,115.59385,125.420475
,,143.41215,,115.61895,125.544675
,,143.535075,,115.661875,125.5859
,,143.611325,,115.736625,125.6014
,,143.643025,,115.933125,125.755075
,,143.90535,,116.061525,125.819
,,143.929675,,116.1052,125.86025
,,144.073025,,116.176425,125.935725
,,144.2164,,116.2551,126.01585
,,144.228,,116.363525,126.071525
,,144.2872,,116.442775,126.103975
,,144.52415,,116.520425,126.16425
,,144.5617,,116.611625,126.22955
,,144.68765,,116.6695,126.296325
,,144.767475,,116.745475,126.328375
,,144.873125,,116.7712,126.391925
,,144.933,,116.930825,126.4932
,,145.101975,,117.010325,126.9417
,,145.312675,,117.038675,127.08495
,,145.340075,,117.1351,127.142025
,,145.48985,,117.408675,127.775625
,,145.627625,,117.531275,127.820575
,,145.776275,,117.69805,127.869
,,145.886075,,117.7448,128.008825
,,145.9845,,118.0231,128.09505
,,146.0632,,118.473475,128.1963
,,146.253125,,118.571075,128.38825
,,146.335725,,118.674375,128.44805
,,146.423625,,118.73505,128.486075
,,146.542275,,118.887775,128.573175
,,146.618425,,119.0101,128.632825
,,146.67185,,119.05385,128.781025
,,146.763075,,119.127,128.8092
,,146.82865,,119.262175,128.95335
,,147.0655,,119.80265,129.240425
,,147.197475,,120.011625,129.353325
,,147.32895,,120.07995,129.5603
,,147.4323,,120.141725,129.602025
,,147.71615,,120.269575,129.91095
,,147.849475,,120.351075,129.9867
,,147.94645,,120.437225,130.05495
,,148.02175,,120.53195,130.11015
,,148.0339,,120.58685,130.20545
,,148.15645,,120.6499,130.3597
,,148.372475,,120.679225,130.518275
,,148.6247,,120.734775,130.554125
,,148.654225,,120.8813,130.64875
,,148.80865,,121.5119,130.71235
,,148.9585,,121.621775,130.766525
,,149.0697,,121.937175,130.9569
,,149.169825,,122.1174,131.0547
,,149.519675,,122.2217,131.093075
,,149.6098,,122.28745,131.157975
,,149.7766,,122.342225,131.17705
,,149.928175,,122.463575,131.30975
,,150.041525,,122.5414,131.40535
,,150.12655,,122.599175,131.60555
,,150.404325,,122.63845,131.686475
,,150.622175,,122.717875,131.7496
,,150.87305,,122.794325,131.773925
,,151.1462,,122.86015,131.99025
,,151.313425,,122.907,132.3669
,,151.44075,,122.958525,133.068525
,,151.5698,,123.0069,133.308275
,,151.730125,,123.170975,133.43915
,,151.85635,,123.1977,133.5453
,,152.008025,,123.32015,133.72145
,,152.241025,,123.525975,133.901025
,,152.5578,,123.6324,134.01295
,,152.7625,,123.717275,134.081425
,,153.1738,,123.80505,134.120775
,,153.302175,,123.961875,134.1697
,,153.5005,,124.17955,134.21855
,,153.729275,,124.358975,134.2618
,,153.941425,,124.418125,134.30015
,,154.0843,,124.50975,134.40245
,,154.252575,,124.55745,134.51435
,,154.308075,,124.585325,134.878
,,154.488825,,124.681,134.913025
,,154.62925,,125.341625,135.035375
,,154.747875,,125.591175,135.076375
,,154.8952,,125.78565,135.10975
,,155.003725,,125.874375,135.16635
,,155.155575,,125.939675,135.19875
,,155.288525,,126.19025,135.288275
,,155.46565,,126.3366,135.329325
,,155.55685,,126.4671,135.419725
,,155.827175,,126.532825,135.521325
,,155.985875,,126.623325,135.627975
,,156.05125,,126.6647,135.677975
,,156.171125,,126.7076,135.741525
,,156.38375,,126.735625,135.80025
,,156.493725,,126.73745,135.866975
,,156.62705,,126.77265,135.92225
,,156.8119,,126.803275,136.1825
,,157.09635,,126.988125,136.24245
,,157.2862,,127.161475,136.722775
,,157.583175,,127.4063,136.92395
,,157.76985,,127.5358,137.0229
,,157.9939,,127.63985,137.35255
,,158.0573,,127.67835,137.458825
,,158.303325,,127.758,137.52295
,,158.515525,,128.0847,137.602725
,,158.822325,,128.186175,137.713875
,,159.0297,,128.225375,137.79515
,,159.21375,,128.24095,137.853075
,,159.41085,,128.29055,138.05545
,,159.55865,,128.3573,138.162
,,159.654375,,128.487275,138.211325
,,159.784875,,128.702275,138.260075
,,160.15025,,128.734475,139.091125
,,160.580075,,128.76895,139.38775
,,160.8425,,128.931525,139.4068
,,161.044575,,128.993325,140.157925
,,161.27925,,129.016075,140.986375
,,161.436125,,129.0684,141.0696
,,161.604925,,129.1266,141.162975
,,161.846,,129.2193,141.2041
,,161.979275,,129.265025,141.244675
,,162.3442,,129.3422,141.6194
,,162.3479,,129.38925,141.6417
,,162.497125,,129.415925,141.719975
,,162.668725,,129.4527,141.854825
,,162.855825,,129.615025,142.2457
,,163.049925,,129.7499,142.32275
,,163.2183,,129.94315,142.41155
,,163.435875,,129.978075,142.588225
,,163.542625,,130.01225,142.8992
,,163.618375,,130.215725,142.918375
,,163.75085,,130.272725,142.931075
,,164.02535,,130.3283,143.2671
,,164.24885,,130.392025,144.220225
,,164.426925,,130.479625,144.3939
,,164.76295,,130.59705,144.5868
,,164.900825,,130.720325,144.8049
,,165.113125,,130.794675,146.073475
,,165.23185,,130.860925,146.39235
,,165.3986,,131.163,148.174325
,,165.5467,,131.205925,149.032175
,,165.727125,,131.2782,149.351275
,,165.822125,,131.35185,150.63235
,,166.057125,,131.387025,150.78265
,,166.230575,,131.456275,151.1179
,,166.492525,,131.527275,151.77165
,,166.57585,,131.6762,152.20065
,,166.74965,,131.7774,152.995725
,,166.792775,,131.85295,153.1478
,,166.87705,,131.9613,153.2117
,,167.064575,,132.021275,153.301075
,,167.1683,,132.089425,153.753775
,,167.2915,,132.1771,153.8847
,,167.4228,,132.22075,153.920525
,,167.536,,132.277375,154.19965
,,167.6901,,132.343475,154.339925
,,167.8133,,132.4201,154.54285
,,167.9754,,132.465,154.58175
,,168.223675,,132.5156,155.63205
,,168.32015,,132.57105,155.659275
,,168.532625,,132.616875,155.67865
,,168.724575,,132.66745,155.801075
,,168.795275,,132.728725,155.850175
,,168.832025,,132.84805,155.97985
,,169.032,,132.872725,156.0141
,,169.2891,,132.938125,156.653575
,,169.4672,,132.98745,156.70905
,,169.619,,133.1128,157.183325
,,169.62205,,133.258425,157.402825
,,169.799325,,133.3222,157.4679
,,169.811725,,133.421,157.5429
,,169.967425,,133.70525,157.66045
,,170.13245,,133.765875,157.7376
,,170.19815,,133.78385,157.762175
,,170.37375,,133.851175,157.844475
,,170.686,,134.05155,157.896475
,,170.737775,,134.4485,158.011075
,,170.844075,,134.5256,158.14785
,,170.870275,,134.57605,158.221275
,,170.951,,134.639025,158.25525
,,171.042425,,134.724075,158.272575
,,171.19085,,134.907625,158.471625
,,171.276275,,134.985325,158.562725
,,171.4331,,135.071375,158.58285
,,171.46595,,135.156325,158.625625
,,171.57015,,135.265875,158.7274
,,171.683925,,135.326575,158.8118
,,171.831275,,135.455025,159.057825
,,171.871325,,135.562425,159.18265
,,171.972825,,135.657675,159.3386
,,172.1803,,135.718,159.3989
,,172.18515,,135.882375,159.416975
,,172.435625,,136.00235,159.4379
,,172.5888,,136.0479,159.538425
,,172.989675,,136.0779,159.672575
,,173.298225,,136.13775,159.7188
,,173.635225,,136.53535,159.78745
,,174.5682,,136.606325,159.816975
,,174.749675,,136.66695,159.860175
,,174.884575,,137.013,159.8791
,,174.9216,,137.430975,159.93255
,,174.9486,,137.46925,160.050525
,,175.03235,,137.874775,160.08355
,,175.151875,,138.00265,160.12675
,,175.2882,,138.115,160.14675
,,175.364525,,138.32365,160.479725
,,175.449825,,138.410575,160.504725
,,175.7303,,138.45825,160.568525
,,175.792375,,138.52635,160.6756
,,175.90565,,138.63955,160.705125
,,176.01905,,138.674875,160.829
,,176.205675,,138.685275,160.944425
,,176.5318,,138.733925,160.9906
,,176.581725,,138.758475,161.021975
,,176.6089,,138.777925,161.038625
,,176.677775,,138.83985,161.090325
,,176.783175,,138.888425,161.123575
,,176.842075,,138.903225,161.1512
,,177.135375,,138.99425,161.206425
,,177.253275,,139.008575,161.214275
,,177.391925,,139.0987,161.23755
,,177.406875,,139.20385,161.2804
,,177.63245,,139.254675,161.333625
,,177.837075,,139.315325,161.3702
,,177.975875,,139.3385,161.584125
,,178.04435,,139.44725,161.682975
,,178.09825,,139.51365,161.72155
,,178.160725,,139.54095,161.7493
,,178.408975,,139.56585,161.80715
,,178.4858,,139.702175,161.882125
,,178.503475,,139.7436,161.991825
,,178.767,,139.787275,162.243875
,,178.821,,139.8199,162.417175
,,178.896825,,139.941175,162.5428
,,178.94285,,139.9605,162.594075
,,178.96895,,140.00515,162.66065
,,179.0172,,140.113875,162.9404
,,179.074175,,140.203425,163.251175
,,179.1772,,140.30205,163.501075
,,179.255675,,140.3268,163.833
,,179.277,,140.379575,163.86575
,,179.40095,,140.450725,163.90655
,,179.5073,,140.5319,163.933375
,,179.613525,,140.590625,164.030175
,,179.713975,,140.63155,164.08045
,,179.792525,,140.636625,164.158925
,,179.86755,,140.795,164.22855
,,179.983725,,140.8245,164.245075
,,180.202325,,140.9243,164.372925
,,180.217175,,140.9933,164.515375
,,180.264025,,141.062275,164.5838
,,180.32355,,141.063975,164.678725
,,180.352875,,141.09205,164.77475
,,180.454175,,141.10785,164.888025
,,180.482225,,141.12565,164.951525
,,180.600475,,141.146775,165.028425
,,180.720925,,141.179975,165.103875
,,180.8837,,141.2101,165.169475
,,180.93375,,141.253225,165.241825
,,181.0148,,141.2757,165.49375
,,181.1927,,141.34605,165.612125
,,181.2617,,141.348275,165.653725
,,181.630575,,141.3861,165.686025
,,181.7283,,141.4591,165.752425
,,181.8242,,141.537275,165.886925
,,181.9039,,141.597725,166.768025
,,181.997375,,141.678675,166.854225
,,182.004775,,141.755125,166.9576
,,182.09705,,141.779,167.28905
,,182.1927,,141.834975,167.3236
,,182.282425,,141.873175,167.34195
,,182.34635,,141.976225,167.38765
,,182.4673,,142.055575,167.48005
,,182.573425,,142.104975,167.573375
,,182.763025,,142.1321,167.5889
,,182.848375,,142.1706,167.6359
,,182.9592,,142.187725,167.82675
,,183.044625,,142.272675,167.9006
,,183.254075,,142.340575,168.007325
,,183.366675,,142.39215,168.048625
,,183.411725,,142.41045,168.112525
,,183.5255,,142.449175,168.1539
,,183.594775,,142.518525,168.233225
,,183.668775,,142.5808,168.29875
,,183.756775,,142.633625,168.429775
,,183.90935,,142.6929,168.529475
,,183.996575,,142.732575,168.8889
,,184.0543,,142.86755,168.95475
,,184.124225,,142.878575,168.9956
,,184.197175,,142.883875,169.333275
,,184.320125,,142.975975,169.377
,,184.557275,,143.023475,169.42375
,,184.677625,,143.05325,169.5135
,,184.752375,,143.089525,169.7252
,,184.833125,,143.151725,170.963675
,,184.9629,,143.18065,171.002775
,,185.199275,,143.241375,171.0336
,,185.326425,,143.3571,171.672075
,,185.4286,,143.4683,171.720725
,,185.5247,,143.504225,172.227175
,,185.7588,,143.5509,173.60315
,,185.878725,,143.704125,177.115425
,,185.99215,,143.739025,177.6608
,,186.150225,,143.77935,177.665025
,,186.177125,,143.857825,177.6693
,,186.261275,,143.880825,177.969075
,,186.324775,,143.926875,178.35175
,,186.414025,,143.9564,178.4086
,,186.5427,,143.9968,178.4576
,,186.708625,,144.04285,178.6076
,,186.73505,,144.070225,178.691
,,186.8814,,144.13775,178.7306
,,187.020225,,144.213675,178.771225
,,187.33455,,144.28805,179.3825
,,187.5101,,144.362275,179.580675
,,187.655075,,144.3634,179.65695
,,187.7017,,144.42075,179.693475
,,187.73385,,144.455075,179.735775
,,187.751025,,144.468475,179.792675
,,187.775625,,144.7507,180.854725
,,187.796925,,144.7813,182.49355
,,187.8504,,144.840425,182.51805
,,188.098,,144.9143,182.611725
,,188.253325,,144.9529,182.691875
,,188.37795,,144.99175,183.1904
,,188.469,,145.0175,183.62885
,,188.63545,,145.04235,184.1188
,,188.785075,,145.0575,184.17795
,,188.9667,,145.1552,184.24525
,,189.0835,,145.208425,184.33625
,,189.1705,,145.247725,184.816325
,,189.3303,,145.374975,184.842625
,,189.4274,,145.476325,184.925225
,,189.47325,,145.649275,184.971625
,,189.7022,,145.70045,185.061975
,,189.967675,,145.7318,185.480875
,,190.120625,,145.849775,185.542875
,,190.258925,,145.883925,185.60485
,,190.587225,,145.906225,185.641975
,,190.6881,,145.955825,185.68815
,,190.8169,,145.99425,186.21595
,,190.942375,,146.01265,186.289075
,,191.021,,146.056475,186.313225
,,191.1153,,146.0612,186.37335
,,191.25205,,146.173975,186.430875
,,191.3052,,146.24445,186.43905
,,191.4358,,146.2775,186.475675
,,191.8134,,146.296325,186.617525
,,191.9647,,146.349,186.800925
,,192.093925,,146.3515,186.836
,,192.15975,,146.419,186.938975
,,192.233925,,146.5248,186.987475
,,192.3243,,146.723125,187.02995
,,192.65695,,146.744025,187.101025
,,192.763325,,146.82455,187.79705
,,192.8743,,147.00265,187.85405
,,193.0207,,147.051025,187.90935
,,193.226525,,147.0924,188.24955
,,193.64915,,147.113375,188.422925
,,194.505975,,147.147575,188.453225
,,195.100125,,147.386375,188.487825
,,195.358775,,147.4313,188.5659
,,195.505675,,147.539375,188.667875
,,195.599275,,147.552125,188.884725
,,196.08875,,147.629375,188.99955
,,196.17295,,147.74365,189.045275
,,196.232575,,147.784575,189.11785
,,196.25845,,147.809475,189.189325
,,196.2958,,147.8461,189.19795
,,196.4447,,147.869225,189.285125
,,196.4785,,147.9576,189.490275
,,196.575425,,148.049975,189.802
,,196.74695,,148.10495,190.238425
,,196.8759,,148.214425,190.529075
,,197.0292,,148.242575,190.720075
,,197.15435,,148.327275,191.002675
,,197.409525,,148.56395,191.07945
,,197.627975,,148.611575,191.42905
,,197.78935,,148.733425,191.468875
,,197.967575,,148.841975,191.65975
,,198.125275,,149.074775,192.36425
,,198.278575,,149.958525,192.91585
,,198.555825,,149.974275,193.024825
,,198.689125,,150.1242,194.574775
,,198.793125,,150.2057,194.67885
,,199.0884,,150.2327,194.9568
,,199.136675,,150.305375,195.211925
,,199.186125,,150.3382,195.33155
,,199.187975,,150.5593,196.41275
,,199.3119,,150.744325,196.4997
,,199.32255,,150.773225,198.0065
,,199.38085,,150.815475,198.855275
,,199.385875,,150.88755,198.86205
,,199.458675,,151.04665,199.638975
,,199.479975,,151.1998,
,,199.5842,,151.2689,
,,199.628275,,151.5142,
,,199.84445,,151.6417,
,,199.950125,,151.884425,
,,,,152.075725,
,,,,152.163225,
,,,,152.33175,
,,,,152.44975,
,,,,152.498625,
,,,,152.579425,
,,,,152.692525,
,,,,152.890325,
,,,,152.9091,
,,,,152.93865,
,,,,153.014925,
,,,,153.083225,
,,,,153.151725,
,,,,153.251425,
,,,,153.3787,
,,,,153.5878,
,,,,153.653575,
,,,,153.729375,
,,,,153.8378,
,,,,153.99285,
,,,,154.166475,
,,,,154.300875,
,,,,154.458,
,,,,154.8123,
,,,,155.047275,
,,,,155.1701,
,,,,155.29245,
,,,,155.349225,
,,,,155.52275,
,,,,155.5967,
,,,,155.753,
,,,,155.874975,
,,,,155.90355,
,,,,155.9379,
,,,,156.1504,
,,,,156.40305,
,,,,156.4273,
,,,,156.59835,
,,,,156.625675,
,,,,156.94125,
,,,,157.026625,
,,,,157.2298,
,,,,157.4407,
,,,,157.52905,
,,,,157.634725,
,,,,157.917825,
,,,,157.956325,
,,,,158.020225,
,,,,158.111625,
,,,,158.8181,
,,,,159.0757,
,,,,159.50725,
,,,,159.72335,
,,,,159.837425,
,,,,159.989225,
,,,,160.086325,
,,,,160.1376,
,,,,160.295175,
,,,,160.457675,
,,,,160.621025,
,,,,160.75075,
,,,,160.889825,
,,,,161.043225,
,,,,161.1425,
,,,,161.44945,
,,,,161.6566,
,,,,161.9174,
,,,,161.993925,
,,,,162.125525,
,,,,162.35595,
,,,,162.4363,
,,,,162.65725,
,,,,162.863225,
,,,,162.88465,
,,,,163.050725,
,,,,163.108625,
,,,,163.315725,
,,,,163.369025,
,,,,163.6123,
,,,,163.72065,
,,,,163.987,
,,,,164.0908,
,,,,164.1458,
,,,,164.308475,
,,,,164.360225,
,,,,164.4574,
,,,,164.609225,
,,,,164.690375,
,,,,164.8799,
,,,,164.992725,
,,,,165.43605,
,,,,165.513325,
,,,,165.8529,
,,,,166.01495,
,,,,166.058025,
,,,,166.223125,
,,,,166.5735,
,,,,166.654,
,,,,166.73975,
,,,,166.831225,
,,,,166.967925,
,,,,167.053575,
,,,,167.142825,
,,,,167.297,
,,,,167.370775,
,,,,167.50985,
,,,,167.717675,
,,,,167.85035,
,,,,168.281925,
,,,,168.489425,
,,,,168.6916,
,,,,169.202125,
,,,,169.240375,
,,,,169.286475,
,,,,169.429525,
,,,,169.57045,
,,,,169.638425,
,,,,169.7146,
,,,,169.760675,
,,,,169.78845,
,,,,169.84865,
,,,,169.870525,
,,,,169.90885,
,,,,169.9547,
,,,,169.969225,
,,,,170.04515,
,,,,170.07665,
,,,,170.1321,
,,,,170.2722,
,,,,170.3089,
,,,,170.3515,
,,,,170.427975,
,,,,170.454675,
,,,,170.5033,
,,,,170.544075,
,,,,170.652325,
,,,,170.700075,
,,,,170.7422,
,,,,170.82995,
,,,,170.862025,
,,,,170.901475,
,,,,170.9916,
,,,,171.039175,
,,,,171.1021,
,,,,171.18805,
,,,,171.219275,
,,,,171.289475,
,,,,171.481275,
,,,,171.53705,
,,,,171.566775,
,,,,171.6228,
,,,,171.7062,
,,,,171.722875,
,,,,171.77535,
,,,,171.832075,
,,,,171.890725,
,,,,171.947925,
,,,,171.997,
,,,,172.08645,
,,,,172.088725,
,,,,172.137975,
,,,,172.23345,
,,,,172.318875,
,,,,172.430875,
,,,,172.500875,
,,,,172.83125,
,,,,172.993625,
,,,,173.0309,
,,,,173.052975,
,,,,173.912475,
,,,,173.956125,
,,,,174.691975,
,,,,174.8688,
,,,,175.021,
,,,,175.0889,
,,,,175.10575,
,,,,175.12845,
,,,,175.2385,
,,,,175.55255,
,,,,175.59865,
,,,,175.60995,
,,,,175.650225,
,,,,175.7537,
,,,,175.81475,
,,,,175.8778,
,,,,175.995825,
,,,,176.065025,
,,,,176.141375,
,,,,176.23315,
,,,,176.3565,
,,,,176.4429,
,,,,176.469475,
,,,,176.53475,
,,,,176.615925,
,,,,176.642125,
,,,,176.7358,
,,,,176.852575,
,,,,176.854925,
,,,,176.8781,
,,,,176.9287,
,,,,176.951275,
,,,,176.986875,
,,,,177.0333,
,,,,177.050975,
,,,,177.24335,
,,,,177.2762,
,,,,177.296575,
,,,,177.497,
,,,,177.587325,
,,,,177.62835,
,,,,177.688575,
,,,,177.7224,
,,,,177.77195,
,,,,177.80385,
,,,,177.855975,
,,,,177.905675,
,,,,177.946025,
,,,,178.029475,
,,,,178.044975,
,,,,178.086925,
,,,,178.138175,
,,,,178.211425,
,,,,178.352775,
,,,,178.383825,
,,,,178.396725,
,,,,178.431625,
,,,,178.464375,
,,,,178.522375,
,,,,178.574075,
,,,,178.6108,
,,,,178.639725,
,,,,178.669875,
,,,,178.714275,
,,,,178.790025,
,,,,178.8821,
,,,,178.97185,
,,,,179.034875,
,,,,179.048375,
,,,,179.0827,
,,,,179.096175,
,,,,179.1376,
,,,,179.2738,
,,,,179.3016,
,,,,179.315075,
,,,,179.340075,
,,,,179.3647,
,,,,179.394525,
,,,,179.43135,
,,,,179.575225,
,,,,179.673775,
,,,,179.7233,
,,,,179.781325,
,,,,179.951675,
,,,,179.979275,
,,,,180.018875,
,,,,180.03925,
,,,,180.0781,
,,,,180.1206,
,,,,180.192375,
,,,,180.2699,
,,,,180.31025,
,,,,180.3473,
,,,,180.393175,
,,,,180.44385,
,,,,180.462475,
,,,,180.50435,
,,,,180.52885,
,,,,180.547275,
,,,,180.569525,
,,,,180.58805,
,,,,180.60865,
,,,,180.6522,
,,,,180.711275,
,,,,180.727625,
,,,,180.74205,
,,,,180.85805,
,,,,180.873825,
,,,,180.93545,
,,,,180.953825,
,,,,181.024375,
,,,,181.092775,
,,,,181.12585,
,,,,181.193175,
,,,,181.2485,
,,,,181.296525,
,,,,181.4332,
,,,,181.47515,
,,,,181.514425,
,,,,181.599675,
,,,,181.649725,
,,,,181.691075,
,,,,181.8267,
,,,,181.864425,
,,,,181.87475,
,,,,181.896675,
,,,,181.923575,
,,,,181.988325,
,,,,182.1019,
,,,,182.3479,
,,,,182.386025,
,,,,182.43785,
,,,,182.484225,
,,,,182.613075,
,,,,182.8935,
,,,,183.041775,
,,,,183.297375,
,,,,183.38505,
,,,,183.446775,
,,,,183.544775,
,,,,183.583425,
,,,,183.61515,
,,,,183.6733,
,,,,183.798025,
,,,,183.8753,
,,,,184.0013,
,,,,184.138825,
,,,,184.315725,
,,,,184.43645,
,,,,184.5422,
,,,,184.5651,
,,,,184.6161,
,,,,184.68075,
,,,,184.7281,
,,,,184.8026,
,,,,185.07395,
,,,,185.198475,
,,,,185.386275,
,,,,185.423,
,,,,185.466525,
,,,,185.57885,
,,,,185.66735,
,,,,185.776525,
,,,,185.815525,
,,,,185.830525,
,,,,185.856975,
,,,,185.874325,
,,,,185.910675,
,,,,186.008775,
,,,,186.044725,
,,,,186.190425,
,,,,186.231325,
,,,,186.298,
,,,,186.353125,
,,,,186.422775,
,,,,186.4828,
,,,,186.513125,
,,,,186.559275,
,,,,186.620025,
,,,,186.7326,
,,,,186.8227,
,,,,186.904,
,,,,187.05415,
,,,,187.2542,
,,,,187.501775,
,,,,187.5994,
,,,,187.650475,
,,,,187.674925,
,,,,187.6802,
,,,,187.7109,
,,,,187.7215,
,,,,187.730575,
,,,,187.7472,
,,,,187.8255,
,,,,187.8449,
,,,,187.85635,
,,,,187.90195,
,,,,188.024825,
,,,,188.11255,
,,,,188.114975,
,,,,188.1583,
,,,,188.1853,
,,,,188.44135,
,,,,188.455475,
,,,,188.536425,
,,,,188.64905,
,,,,188.7197,
,,,,188.7494,
,,,,188.845175,
,,,,188.983525,
,,,,189.035225,
,,,,189.09365,
,,,,189.1414,
,,,,189.1733,
,,,,189.208175,
,,,,189.3095,
,,,,189.343025,
,,,,189.378475,
,,,,189.419775,
,,,,189.462975,
,,,,189.4746,
,,,,189.534075,
,,,,189.594,
,,,,189.635425,
,,,,189.69495,
,,,,189.7235,
,,,,189.76815,
,,,,189.8342,
,,,,189.859925,
,,,,190.023425,
,,,,190.074175,
,,,,190.099375,
,,,,190.2723,
,,,,190.331975,
,,,,190.4526,
,,,,190.535925,
,,,,190.590675,
,,,,190.61665,
,,,,190.659375,
,,,,190.692325,
,,,,190.767225,
,,,,190.802825,
,,,,190.828525,
,,,,190.913625,
,,,,190.930275,
,,,,190.997675,
,,,,191.063775,
,,,,191.107275,
,,,,191.1636,
,,,,191.2359,
,,,,191.319225,
,,,,191.3942,
,,,,191.4166,
,,,,191.4909,
,,,,191.537125,
,,,,191.54995,
,,,,191.66875,
,,,,191.70665,
,,,,191.812175,
,,,,191.83895,
,,,,191.9201,
,,,,192.1265,
,,,,192.431825,
,,,,194.402775,
,,,,194.469075,
,,,,194.508425,
,,,,194.747275,
,,,,194.9176,
,,,,195.6065,
,,,,195.63695,
,,,,195.72205,
,,,,195.913275,
,,,,196.145725,
,,,,196.31025,
,,,,196.3724,
,,,,196.606625,
,,,,197.0528,
,,,,197.112775,
,,,,197.321625,
,,,,197.4228,
,,,,197.6338,
,,,,198.120925,
,,,,198.2162,
,,,,198.296025,
,,,,198.623675,
,,,,198.7818,
,,,,198.91485,
,,,,198.9453,
,,,,199.15385,
,,,,199.226575,
,,,,199.36985,
,,,,199.39675,
,,,,199.428375,
,,,,199.4712,
,,,,199.513425,
,,,,199.59585,
,,,,199.629925,
,,,,199.691625,
,,,,199.729675,
,,,,199.76135,
,,,,199.88245,
,,,,199.954,
