SPK_SPKC02a (no response),SPK_SPKC07a (exc/inh)
200.10815,200.326325
200.259875,201.930225
200.36715,203.008775
200.4378,203.1399
200.565075,204.259875
200.74715,204.492825
200.9217,205.924975
201.007625,205.995025
201.09845,206.110575
201.23175,206.16045
201.36575,206.618775
201.51875,206.809825
201.621625,207.58025
201.834675,208.529825
202.05635,208.8907
202.14345,209.0218
202.25725,209.2131
202.410025,209.28255
202.5581,209.340975
202.627475,209.477325
202.71305,209.5389
202.845325,209.551025
203.0747,209.567325
203.185925,209.630075
203.2859,209.646925
203.396525,209.70475
203.5083,209.78015
203.699675,209.93315
203.859275,209.956575
203.967425,209.99135
204.0722,210.0454
204.12775,210.37245
204.21065,210.39975
204.3267,210.5423
204.4311,210.54685
204.5451,210.697325
204.652225,210.71685
204.921375,210.882525
205.038825,211.050975
205.099,211.133175
205.29545,211.280125
205.4231,211.4338
205.580525,211.5826
205.718325,212.4051
205.8195,212.438875
205.919575,212.551875
206.10345,212.581725
206.2603,212.887625
206.3823,212.91325
206.50705,212.977725
206.6582,213.398875
206.750875,213.430375
206.926825,213.69535
207.15515,213.725925
207.32065,213.86285
207.5129,213.985675
207.5723,214.063225
207.682525,214.16875
207.8221,214.24675
207.94125,214.361025
208.06335,214.46715
208.173175,214.4963
208.281275,214.672375
208.442275,214.875
208.516025,214.92195
208.626775,215.040875
208.683,215.047625
208.778875,215.0982
208.91235,215.26665
209.00465,215.2912
209.15755,215.3951
209.295825,215.445125
209.35595,215.514975
209.480275,215.540925
209.627225,215.747
209.782425,215.844825
209.878175,215.85675
209.941625,215.965975
210.15745,215.979625
210.24445,216.1276
210.350225,216.474125
210.457525,216.519525
210.57765,216.553025
210.694975,216.6
210.818075,216.71685
210.88335,216.8497
210.979625,216.888525
211.093325,216.92405
211.2356,217.0729
211.387425,217.48
211.519675,217.62685
211.630075,217.6915
211.76165,217.73595
211.83725,217.784175
211.98495,217.8301
212.078175,217.86045
212.182575,217.9269
212.284375,217.97985
212.403175,218.224325
212.475625,218.5072
212.558125,218.522
212.6743,218.631725
212.839125,218.740875
213.005175,218.76965
213.094125,219.127375
213.248425,219.14055
213.36185,219.175025
213.48125,219.188575
213.548775,219.26655
213.681975,219.49715
213.75345,219.53875
213.8335,219.70115
214.017075,219.723575
214.173825,219.736375
214.349375,219.829875
214.45755,219.978325
214.57755,220.0037
214.742125,220.08325
214.790975,220.139125
214.90205,220.1743
215.001075,220.192775
215.1071,220.423875
215.1842,220.496275
215.3398,220.513425
215.41955,220.5619
215.6019,220.653425
215.730325,220.7053
215.787225,220.844425
215.91075,220.895725
216.05785,221.064675
216.131825,221.076175
216.194575,221.112625
216.231625,221.120675
216.2965,221.20195
216.41165,221.49695
216.5003,221.557875
216.620425,221.569475
216.7317,221.58725
216.897875,221.671825
216.948725,221.734
217.031175,221.931175
217.101575,221.956625
217.206875,221.9877
217.323225,222.137475
217.399375,222.171725
217.55955,222.256175
217.681825,222.264075
217.766525,222.31205
217.8908,222.337275
217.9441,222.381325
218.114875,222.5055
218.244275,222.59365
218.3069,222.6223
218.3793,222.945625
218.469725,222.99395
218.5806,223.162175
218.716675,223.282025
218.82045,223.313625
218.973425,223.449475
219.0539,223.6243
219.196075,223.8101
219.28245,223.855375
219.4232,223.9092
219.542175,224.0126
219.772125,224.0886
219.926375,224.4431
219.9869,224.475675
220.079525,224.6199
220.169775,224.744625
220.356875,224.817325
220.474725,224.8889
220.618175,224.918675
220.748725,224.970725
220.911825,224.984675
221.03285,225.00605
221.11425,225.0155
221.213375,225.05845
221.37325,225.0761
221.45225,225.090625
221.559175,225.339425
221.717225,225.576725
221.8399,225.5946
221.916025,225.6245
221.964425,225.78675
222.0979,225.83695
222.175425,225.94795
222.311325,226.1925
222.380125,226.37425
222.45425,226.516125
222.52325,226.5584
222.627125,226.625125
222.74845,226.706825
222.840025,226.785325
222.966925,226.8614
223.094475,226.938625
223.205225,226.967925
223.3415,227.0547
223.629125,227.123925
223.8173,227.146375
223.913875,227.221
224.045975,227.3
224.116375,227.405975
224.23845,227.61785
224.3326,228.050525
224.418125,228.5377
224.583825,228.791925
224.68045,229.066675
224.749125,229.2704
224.87515,229.31315
224.958225,229.378
225.055125,229.425075
225.159675,229.472275
225.286525,229.5011
225.39855,229.6563
225.486125,229.751825
225.5663,229.84945
225.70235,229.8767
225.7991,229.88765
225.916525,230.007825
226.04,230.0231
226.14545,230.27475
226.33825,230.29025
226.395525,230.871425
226.5107,230.915625
226.572825,230.945725
226.723425,231.0088
226.8117,231.076575
226.98715,231.13485
227.067075,231.249175
227.200575,231.258275
227.27795,231.346025
227.439625,231.3603
227.48975,231.397875
227.567425,231.50005
227.646175,231.615625
227.746175,231.78035
227.8291,231.804025
227.879175,231.94845
227.981025,232.011225
228.098275,232.454675
228.221375,232.527875
228.363025,232.582125
228.507275,232.7878
228.6456,232.8393
228.778225,232.86695
228.882875,232.896775
228.9788,232.947725
229.054675,233.084325
229.270225,233.095725
229.357275,233.2263
229.5264,233.25385
229.610025,233.279775
229.72035,233.31665
229.8606,233.394125
229.977175,233.483475
230.127775,233.6148
230.29275,233.668675
230.377975,234.20825
230.4796,234.478975
230.5889,234.62185
230.66955,234.8261
230.759775,234.865075
230.908725,234.955325
231.025725,234.994075
231.090675,235.114625
231.233175,235.445325
231.323125,235.508
231.3983,235.5924
231.459725,235.628425
231.527275,235.780625
231.660325,235.794425
231.792525,235.81105
231.8873,235.827675
231.9474,235.863225
231.998425,236.2325
232.05855,236.250375
232.1855,236.25805
232.30535,236.278025
232.401875,236.330225
232.5385,236.33645
232.679525,236.5284
232.78955,237.0324
232.912875,237.10435
233.0172,237.220725
233.141675,237.229275
233.232525,237.254075
233.2922,237.318875
233.3649,237.4421
233.4456,237.487475
233.5646,238.0409
233.679375,238.064525
233.824275,238.137525
233.979,238.185775
234.05735,238.346275
234.172075,238.358325
234.21135,238.677225
234.299725,238.702325
234.480075,238.7384
234.580125,238.756625
234.694675,238.767625
234.789825,238.8924
234.858575,239.2049
234.95835,239.362225
235.012375,239.38925
235.078775,239.442925
235.188925,239.461775
235.239125,239.4994
235.346775,239.6132
235.43185,239.87055
235.5224,239.875475
235.59475,239.9498
235.693725,240.11115
235.772675,240.14295
235.924,240.206575
235.981425,240.218075
236.06985,240.24595
236.14905,240.377325
236.2385,240.8082
236.344275,240.885225
236.472775,240.91415
236.546475,240.96065
236.64215,241.00485
236.702825,241.06795
236.802475,241.117
236.9356,241.3215
237.006725,241.38655
237.084125,241.6333
237.21405,241.6453
237.315325,241.6612
237.45985,241.6734
237.6099,241.778
237.689825,241.93705
237.836625,242.160425
237.932525,242.635975
238.052275,242.8845
238.167725,242.905675
238.257825,243.02745
238.350925,243.313025
238.44595,243.419
238.55075,244.05865
238.63385,244.115075
238.7144,244.744075
238.8076,245.268325
238.893925,245.283475
239.06935,245.3659
239.183225,245.3784
239.298125,245.524075
239.37795,245.559725
239.523625,245.5809
239.60165,245.7731
239.646725,246.51235
239.719025,246.577675
239.79175,246.598575
239.8732,246.7365
239.943825,247.18325
240.0841,247.306675
240.23015,247.329875
240.36185,247.342075
240.498725,247.4129
240.6261,247.428975
240.76935,247.447375
240.8746,247.616125
240.936725,247.813225
240.99825,247.869075
241.128875,247.888575
241.20115,247.900575
241.2552,247.9065
241.335175,248.1195
241.3976,248.3894
241.4832,248.596225
241.5656,249.13665
241.72085,249.1404
241.796475,249.16825
241.917375,249.296475
241.984175,249.419875
242.059625,249.499375
242.2074,250.0492
242.27305,250.454825
242.382825,250.760825
242.4865,251.133225
242.5695,251.16645
242.642775,251.223525
242.735,251.2714
242.849225,251.404275
242.972375,251.4143
243.073425,251.431225
243.17265,251.45025
243.281575,251.4601
243.379075,251.469375
243.448375,251.492025
243.5591,252.343125
243.600625,252.923425
243.721725,252.966175
243.803275,252.98015
243.872775,253.37475
243.93875,253.403175
243.991675,253.416175
244.13505,253.43395
244.270525,253.4452
244.328925,253.46085
244.419525,253.5163
244.52425,253.5641
244.573975,253.710425
244.65715,253.73415
244.747525,254.10695
244.813325,254.277325
244.890525,254.45685
245.009625,254.48005
245.1346,254.842175
245.212875,254.872925
245.335425,254.95115
245.4158,255.140025
245.543425,255.1486
245.6171,255.19895
245.703475,255.311225
245.822325,255.67685
245.949725,255.7154
246.097625,255.8148
246.174625,255.854525
246.30675,255.9401
246.410375,255.974275
246.5257,256.037
246.63105,256.329825
246.714775,256.40705
246.80115,256.4378
246.911575,256.88755
246.99015,257.05675
247.056675,257.46555
247.154225,257.629675
247.257875,257.82365
247.35965,257.889125
247.465025,257.9544
247.581375,258.137175
247.6773,258.19965
247.784775,258.59565
247.872775,258.72065
247.9538,258.758875
248.0212,258.78445
248.059625,258.890525
248.1649,258.9554
248.326725,259.046775
248.3844,259.078925
248.532,259.0894
250.933125,259.132025
251.112525,259.1548
251.23845,259.600075
251.396075,259.755525
251.502775,260.173
251.625175,260.283575
251.6931,260.30155
251.768725,260.3616
251.841775,260.4613
251.89505,260.5456
251.9896,260.6051
252.06525,260.6955
252.14485,260.845925
252.2593,260.894275
252.33795,261.06875
252.45205,261.2183
252.554575,261.337625
252.6425,261.346875
252.7386,261.50895
252.834125,261.619825
252.894525,261.729425
252.9917,261.883
253.10125,261.976625
253.1511,261.9867
253.284625,262.03115
253.4129,262.102025
253.506075,262.12005
253.601525,262.13635
253.6714,262.161075
253.74505,262.44155
253.85225,262.50815
253.98435,262.615925
254.07255,262.71375
254.157575,262.895525
254.2742,262.956125
254.341925,262.97805
254.412425,263.091075
254.50175,263.354925
254.61,263.38405
254.682125,263.47965
254.890025,263.550575
254.959475,263.60955
255.07825,263.681875
255.16275,263.779475
255.276875,263.942075
255.40215,264.10115
255.540125,264.132425
255.62085,264.18615
255.712075,264.255625
255.794125,264.2705
255.903525,264.346725
256.043075,264.38335
256.1353,264.41455
256.21775,264.695775
256.299575,264.7178
256.3534,264.75025
256.483275,264.77335
256.552225,264.8265
256.6551,264.833925
256.717725,264.9218
256.7816,265.0551
256.89135,265.2864
256.983275,265.327625
257.060075,265.486075
257.19625,265.50155
257.281575,265.7853
257.40945,265.9124
257.50245,265.968075
257.562175,266.046475
257.6809,266.223225
257.772675,266.3395
257.8862,266.406875
258.011075,266.4547
258.1048,266.578
258.162425,266.648975
258.2715,266.908125
258.43365,266.9941
258.566325,267.015925
258.659725,267.035575
258.7414,267.28035
258.827475,267.2905
258.89965,267.46
258.984975,267.505875
259.0882,267.588875
259.20725,267.634675
259.2868,267.7322
259.472575,267.975
259.596075,268.0214
259.679825,268.08545
259.758575,268.141325
260.036025,268.36875
260.133075,268.385725
260.2766,268.527275
260.395375,268.5427
260.5131,268.622625
260.6881,269.164
260.78825,269.299975
260.8914,269.309
260.96975,269.496575
261.109425,269.510375
261.2234,269.697
261.3199,270.03365
261.389125,270.26935
261.52215,270.339125
261.671925,270.46925
261.7654,270.643525
261.8216,270.6709
261.94145,270.715475
262.03215,270.718625
262.1807,270.840425
262.273025,270.867875
262.3841,270.957725
262.484,271.02215
262.59825,271.113925
262.705,271.1969
262.7939,271.2378
262.8939,271.516575
262.9988,271.55235
263.07125,271.61355
263.169775,271.886625
263.33785,272.241225
263.463175,272.270775
263.562275,272.331775
263.680825,272.553925
263.758125,272.640075
263.810075,272.6948
263.9513,272.71315
264.047875,273.008025
264.10415,273.03
264.2109,273.0833
264.257575,273.114225
264.37425,273.153525
264.445125,273.2498
264.513325,273.438075
264.5645,273.490925
264.68005,273.54195
264.773575,273.5667
264.8485,273.57335
264.962275,273.712225
265.062525,273.738075
265.112475,273.82455
265.16135,273.8896
265.246,273.95575
265.29115,274.1084
265.371,274.312425
265.442375,274.3592
265.47205,274.46785
265.546925,274.554925
265.609725,274.7453
265.694725,274.749125
265.77025,274.8557
265.864675,274.927475
265.938275,275.0984
266.038875,275.8816
266.131425,276.348075
266.2046,276.602925
266.290225,276.96625
266.411075,277.38695
266.565825,277.547
266.627375,278.1327
266.689125,278.446
266.79475,278.8777
266.865425,279.241
266.9935,279.308425
267.04805,279.32935
267.129775,279.584525
267.199475,279.675775
267.2749,280.088575
267.39725,280.11045
267.4715,280.16525
267.59535,280.544
267.7612,280.61305
267.84505,280.70435
267.941675,281.0418
267.981275,281.1701
268.053225,281.9196
268.1242,282.2408
268.21165,282.5088
268.3499,282.5352
268.428425,282.677625
268.490575,282.892275
268.56135,283.43025
268.626,283.482925
268.6897,283.537775
268.825075,283.869075
268.895825,284.063975
268.938075,284.0702
269.088225,284.14015
269.181075,284.330725
269.28695,284.373725
269.38825,284.436025
269.441125,284.943225
269.58265,285.046475
269.6541,285.1173
269.82005,285.402025
269.8881,285.504575
269.95025,285.8639
270.043325,285.894725
270.125875,285.92095
270.20145,285.965575
270.2752,286.599
270.3244,286.876875
270.418575,287.4129
270.549325,287.6554
270.59065,288.71065
270.698025,289.132175
270.78175,289.604375
270.88445,289.80445
270.983675,290.2616
271.065175,290.4965
271.11415,290.985975
271.193775,291.48295
271.263375,291.899375
271.349325,292.4981
271.40685,292.5524
271.503175,292.6918
271.65215,292.7786
271.72895,292.80935
271.780375,292.963375
271.87375,293.038175
271.975375,293.2623
272.0603,293.349675
272.16195,293.530825
272.251825,294.440425
272.3058,295.0555
272.392775,295.169
272.47455,295.28875
272.58545,295.473625
272.6792,295.911975
272.76235,296.189575
272.8862,296.371775
272.951975,296.94845
273.091225,297.049175
273.164725,297.20775
273.217775,297.26015
273.2747,297.6303
273.37725,297.651475
273.53055,297.686675
273.587525,297.85
273.68075,297.9382
273.742925,298.0906
273.8182,298.36995
273.8903,298.64255
273.952275,298.785475
274.07265,298.994575
274.18955,299.063475
274.247425,299.12455
274.331725,299.24675
274.395025,300.016675
274.423475,300.0612
274.547075,300.064725
274.60985,300.293375
274.648525,300.4996
274.68685,300.560325
274.83415,300.590875
275.0188,300.633925
275.261875,300.66915
275.344125,300.7219
275.4567,300.79235
275.57165,300.818875
275.67225,300.894125
275.7635,301.024675
275.9477,301.07375
276.029425,301.091925
276.089975,301.11485
276.161775,301.42705
276.21805,301.43325
276.246425,301.60835
276.286875,301.704525
276.351625,301.72365
276.42455,301.829225
276.4817,301.8562
276.5457,301.87695
276.575375,301.896075
276.672175,302.00295
276.765375,302.2824
276.8044,302.332775
276.837925,303.0513
276.85555,303.348625
276.9518,303.39855
277.057075,303.4037
277.128825,303.41955
277.15045,303.557175
277.194575,303.605
277.2796,303.661675
277.380875,303.768625
277.43525,303.8666
277.46175,303.88225
277.5117,303.92025
277.623725,304.0054
277.6843,304.152575
277.73655,304.253375
277.795475,304.291925
277.86515,304.472275
277.9549,304.5537
278.002575,304.72935
278.066625,304.833425
278.118475,304.88165
278.17915,304.987825
278.249225,305.01935
278.38665,305.5661
278.4882,305.777125
278.578875,306.120875
278.642125,306.152475
278.7016,306.1738
278.742025,306.1921
278.77595,306.21385
278.848625,306.2332
278.887575,306.25245
278.939425,306.35835
279.010425,306.384875
279.049275,306.392525
279.138425,306.632325
279.20785,306.8208
279.2926,306.864125
279.33115,306.904675
279.374075,306.936225
279.469575,307.18695
279.55785,307.208025
279.64265,307.214975
279.764275,307.234575
279.924025,307.25945
279.97785,307.374
280.09885,307.63865
280.239675,307.681025
280.308375,307.72695
280.389075,307.919
280.4232,307.9848
280.5443,308.0135
280.59575,308.0446
280.65655,308.113375
280.737625,308.1749
280.888575,308.220325
280.969175,308.2814
281.049375,308.5235
281.206375,308.627275
281.349925,308.6439
281.39355,308.829875
281.441775,308.9321
281.6593,309.0956
281.7548,309.330675
281.8367,309.408725
281.8827,309.5431
281.930725,309.824475
281.990625,309.96115
282.0557,310.138125
282.10315,310.3505
282.159975,310.438275
282.2087,310.445375
282.32285,310.7493
282.399025,310.78615
282.4827,310.843225
282.551625,310.9244
282.61055,310.955025
282.758,311.0008
282.888175,311.160125
283.01945,311.180325
283.161725,311.2077
283.211825,311.249075
283.297675,311.39975
283.375975,311.41225
283.573375,311.427725
283.7512,311.47715
283.8087,311.494575
283.92115,311.64265
283.955175,311.69005
284.142925,311.77245
284.31115,311.8678
284.40685,311.905075
284.562,311.923325
284.8175,311.98665
284.927875,312.076975
285.1218,312.11435
285.2347,312.2047
285.3819,312.2512
285.5464,312.303875
285.638575,312.30965
285.778225,312.3634
286.04395,312.43435
286.212375,312.49235
286.325475,312.61125
286.403175,312.636275
286.63705,312.82935
286.7129,312.87565
286.84505,312.918125
287.003625,312.937525
287.142375,312.97475
287.3058,313.122625
287.4368,313.182275
287.54575,313.2966
287.613225,313.4347
287.84735,313.50845
287.961625,313.7109
288.102225,313.800825
288.211225,313.9255
288.801075,313.972375
289.049775,314.0068
289.196625,314.106675
289.370475,314.148
289.55645,314.183525
289.631625,314.87455
289.910925,314.91415
289.972975,314.97995
290.06375,314.9884
290.153625,315.042075
290.242825,315.1839
290.29745,315.4694
290.436425,315.583525
290.6582,315.608675
290.77205,315.88555
290.824075,316.2288
290.987475,316.458825
291.077225,316.59405
291.237775,316.6545
291.354225,318.6632
291.467425,318.718425
291.575675,318.7683
291.753075,318.7977
291.87315,318.8201
292.0665,318.976475
292.2326,319.0378
292.3852,319.504
292.5273,319.529675
292.6085,319.6739
292.7105,320.87235
292.90065,321.15855
293.075325,321.26865
293.22225,321.42205
293.37755,321.614175
293.547475,321.62085
293.699125,321.7041
293.776425,322.294875
294.060175,322.5063
294.380875,322.781325
294.4617,323.5108
294.575775,323.5443
294.688,323.552925
294.8187,323.618225
294.88475,323.628
294.99275,323.870125
295.212675,323.95775
295.3138,323.96805
295.5201,323.99145
295.665225,324.0518
295.8107,324.09055
296.3065,324.10805
296.58935,324.121625
296.68615,324.128025
296.7196,324.143925
296.838775,324.1554
297.014125,324.169775
297.321925,324.209575
297.45245,324.21705
297.5463,324.2369
297.642925,324.27105
297.8667,324.29665
298.03165,324.3653
298.153425,324.73785
298.399325,324.833225
298.505425,324.97625
298.586675,325.024975
298.7067,325.03935
298.80305,325.43015
298.955825,325.797325
299.067925,325.820925
299.211725,325.82925
299.324025,326.077475
299.4298,326.088575
299.572875,326.15405
299.695375,326.179575
299.88165,326.32745
300.0089,326.372175
300.106,326.429925
300.345125,326.608575
300.489,326.6811
300.75675,326.70815
302.565275,327.091625
302.63,327.1718
302.742675,327.194375
302.8296,327.24555
302.9328,327.288825
303.053925,327.308875
303.162275,327.32115
303.2561,327.33225
303.374275,327.34215
303.4684,327.473775
303.59965,327.639125
303.696875,327.65015
303.773875,327.699275
303.86555,327.81565
303.97865,327.8272
304.13385,328.04955
304.2693,328.0626
304.45295,328.194325
304.56415,328.20985
304.689225,328.23715
304.750175,328.29755
304.886275,328.524475
305.048625,328.574575
305.141575,328.596275
305.293925,328.646
305.52315,328.788475
305.59535,328.959975
305.74105,329.0216
305.8463,329.03975
305.998875,329.117725
306.083275,329.34975
306.23035,329.407025
306.460825,329.58995
306.67605,329.720825
306.76275,330.114175
306.889425,330.121325
306.96815,330.214675
307.12815,330.2405
307.279325,330.310025
307.384675,330.3239
307.484425,330.3393
307.666975,330.372475
307.831875,330.577975
307.923425,330.59025
307.968175,330.728825
308.206325,330.976425
308.315675,331.07
308.53605,331.158175
308.614725,331.160975
308.705275,331.3365
308.85435,331.346725
309.06545,331.50875
309.17955,331.523625
309.32195,331.5699
309.4018,331.595175
309.50635,331.614975
309.593425,331.67185
309.651475,331.708675
309.6904,331.824925
309.80095,331.8655
309.892725,331.943325
309.988875,332.064925
310.12175,332.070575
310.228975,332.092775
310.343725,332.1771
310.43185,332.212925
310.546575,332.323825
310.738525,332.500375
310.830575,332.675175
310.9202,332.7004
310.993275,332.7122
311.0722,332.762175
311.271275,332.968325
311.371075,333.03775
311.54095,333.079375
311.658675,333.1147
311.7801,333.3726
311.849275,333.455475
311.9227,333.4879
311.986275,333.5151
312.225925,333.571775
312.381175,333.6378
312.414675,333.79665
312.60015,333.841
312.711,333.85095
312.8669,333.86035
312.968275,333.8773
313.114775,333.93075
313.729375,333.97375
313.799075,334.161125
314.0006,334.195225
314.1788,334.2547
314.2351,334.4016
314.71715,334.5257
314.921175,334.556325
315.21705,334.594875
315.49855,334.646
315.601225,334.726375
315.694775,334.797925
315.8416,334.842475
316.009175,334.99195
316.07885,335.102475
316.3233,335.17195
316.41485,335.3027
316.537125,335.360425
316.601875,335.382375
316.67705,335.586575
316.88645,335.8334
317.03305,336.129725
317.04345,336.176775
317.21545,336.2128
317.352875,336.378625
317.42175,336.4336
317.5367,336.44685
317.9705,336.492825
318.116525,336.49575
318.449975,336.585675
318.5156,336.696075
318.7745,336.715825
319.2356,336.91125
319.777625,336.98525
320.006,337.036325
320.039275,337.0519
320.101775,337.125325
320.171275,337.152
320.223675,337.291525
320.313425,337.3893
320.3537,337.45155
320.377325,337.464525
320.4354,337.70145
320.49725,337.85875
320.554375,337.97135
320.58665,337.982425
320.639425,338.03125
320.70125,338.056075
320.7631,338.06295
320.859975,338.140525
320.923375,338.5027
320.95485,338.596825
321.045,338.626975
321.084825,338.710575
321.1504,338.7981
321.242275,338.865675
321.288225,338.957675
321.386025,339.0215
321.431525,339.067725
321.4856,339.3771
321.5592,339.4157
321.63025,339.447675
321.6808,339.4967
321.784025,339.771275
321.879,339.862525
321.92765,339.943075
321.97155,339.967075
322.08405,339.9983
322.1989,340.117625
322.226,340.196575
322.266275,340.218175
322.339075,340.572175
322.414825,340.6899
322.504175,340.7068
322.58395,340.727325
322.680725,341.058575
322.74115,341.1
322.921375,341.150675
323.088775,341.20685
323.30885,341.222075
323.423875,341.26875
323.484325,341.333575
323.57575,341.44465
323.6615,341.5773
323.81085,341.72785
323.8928,341.76885
323.96105,341.7929
324.0361,341.806175
324.071425,341.838075
324.186125,341.92695
324.263,342.0012
324.3572,342.012675
324.560725,342.0245
324.627275,342.063925
324.72485,342.07045
324.88195,342.0808
324.944075,342.0944
324.99635,342.112025
325.11245,342.14525
325.20995,342.16025
325.315825,342.44305
325.415625,342.4875
325.5289,342.53695
325.611775,342.6405
325.718025,342.714725
325.79855,342.7717
325.8507,342.97285
325.9397,343.089425
326.003575,343.13685
326.116925,343.1719
326.185,343.310725
326.38705,343.718825
326.472025,343.77215
326.589975,343.823125
326.7118,344.21525
326.989025,344.266825
327.064275,344.337575
327.161725,344.436175
327.243575,344.651325
327.446,344.764075
327.5441,344.82295
327.668925,344.83465
327.89445,344.95845
327.9986,344.966225
328.110325,345.079875
328.2061,345.116125
328.296825,345.12425
328.401025,345.67705
328.4709,345.71655
328.615075,345.896375
328.882625,346.016575
328.9453,346.09075
329.0542,346.186875
329.117925,346.310975
329.2928,346.455175
329.361325,346.592075
329.5579,346.623125
329.60235,346.667375
329.819175,346.890575
329.913675,346.96165
330.088825,346.994925
330.308275,347.17525
330.409075,347.2097
330.5126,347.224475
330.6324,347.305925
330.8781,347.319775
330.9269,347.33095
330.998825,347.45635
331.15015,347.512925
331.25025,347.69285
331.423025,347.833625
331.519675,347.909175
331.612675,348.179325
331.818975,348.366125
331.899875,348.661525
332.01195,348.89335
332.131175,348.90765
332.274575,349.038825
332.378625,350.9192
332.52765,350.970475
332.608575,351.3023
332.76685,351.328225
332.855225,351.335275
332.917175,351.37805
333.043,351.425875
333.2348,351.4363
333.358475,351.47925
333.526225,351.678325
333.70055,351.8802
333.91305,351.949775
334.1308,352.377075
334.2411,352.54855
334.469425,352.559175
334.609875,352.624825
334.75385,352.75625
334.889025,352.812
334.998825,352.933075
335.093075,352.983925
335.22305,353.208875
335.33025,353.360675
335.497975,353.433675
335.779675,353.577025
335.912525,353.63375
336.045525,353.7031
336.18095,353.744525
336.30875,353.9773
336.404825,354.19505
336.586875,354.215025
336.823525,354.342425
336.937175,354.415425
337.057675,354.48115
337.213275,354.496
337.3189,354.51035
337.4412,354.5552
337.53555,354.767725
337.612175,355.0997
337.813375,355.21835
337.93955,355.252875
338.127975,355.267575
338.294025,355.3167
338.467525,355.4216
338.580975,355.609875
338.642075,356.181625
338.712575,356.261925
338.7945,356.450375
338.8781,356.45315
338.950175,356.556175
339.0342,356.6155
339.142725,356.628475
339.301575,356.69245
339.480275,356.77025
339.7225,356.956725
339.837625,356.989125
339.982175,357.076875
340.059075,357.09605
340.1989,357.195575
340.253325,357.2738
340.349125,357.346675
340.436625,357.399975
340.520875,357.4708
340.5943,357.75715
340.7577,357.8184
340.905175,358.073625
341.08175,358.0933
341.23355,358.1097
341.357075,358.2887
341.487975,358.350675
341.5633,358.596125
341.648525,358.6844
341.761375,358.787
341.867125,358.809175
342.00025,358.837075
342.181525,358.869425
342.242225,358.9436
342.2727,359.23235
342.336675,359.344725
342.446125,359.4872
342.52735,359.561825
342.590325,359.610125
342.65135,359.66625
342.760675,359.70735
342.83395,359.732875
342.93235,359.82235
343.101175,359.85025
343.23665,359.92165
343.431225,360.049025
343.71985,360.278625
343.928875,360.345475
344.404925,360.485075
344.659775,360.551575
344.773825,360.781025
344.852975,360.991125
344.909725,360.994875
345.046975,361.026625
345.101225,361.0599
345.17385,361.228225
345.48665,361.342275
345.5794,361.34455
345.62675,361.487625
345.6758,361.511275
345.721375,361.576575
345.768675,361.849925
345.836075,361.8698
345.87915,361.89765
345.929525,362.003575
345.960125,362.0344
345.9848,362.127475
346.006025,362.184575
346.041975,362.24785
346.0727,362.41355
346.09705,362.47595
346.133425,362.507125
346.16235,362.530025
346.19015,362.562075
346.24105,362.718875
346.255425,362.881325
346.298725,362.93805
346.3524,363.163975
346.38995,363.185125
346.455325,363.215225
346.4912,363.23415
346.52095,363.263175
346.54435,363.293575
346.607175,363.311375
346.636225,363.328675
346.662475,363.38205
346.781875,363.56805
346.805375,363.749
346.849875,363.7975
346.923475,363.8783
346.994175,363.99495
347.022875,364.02745
347.131525,364.27865
347.217525,364.297225
347.3383,364.356325
347.410475,364.4032
347.7311,364.405675
347.9184,364.4793
348.094875,364.540075
348.1425,364.54355
348.1782,364.56745
348.274925,364.768175
348.3289,364.905525
348.43035,365.2013
348.64865,365.327875
348.81035,365.416975
348.96585,365.463575
349.005775,365.540475
349.06255,365.560825
349.09855,365.675025
349.19215,365.703225
349.2471,365.953475
349.293075,366.07225
349.32295,366.11785
349.352775,366.181925
349.386675,366.495225
349.42315,366.522875
349.514475,366.58485
349.548725,366.61105
349.596,366.683375
349.625525,366.854325
349.68205,366.901425
349.749,366.961125
349.7714,367.10205
349.807925,367.11335
349.84225,367.168875
349.877375,367.1809
349.93105,367.21135
350.008075,367.292825
350.1541,367.302125
350.2245,367.312175
350.301625,367.4312
350.360975,367.510875
350.450025,367.66605
350.611975,367.68575
350.6614,367.711275
350.748475,367.729875
350.89275,367.9535
351.01575,368.08205
351.072725,368.108625
351.149725,368.35945
351.2011,368.4922
351.2686,368.602675
351.371925,368.661275
351.45035,368.789725
351.52255,368.891225
351.60465,368.9945
351.6363,369.05605
351.786125,369.132875
351.8483,369.215375
351.9407,369.258125
351.999825,369.362425
352.15175,369.395625
352.283175,369.41815
352.413225,369.48325
352.51495,369.501975
352.698925,369.56135
352.792425,369.64195
352.9323,369.732175
353.286025,369.806275
353.495825,369.8153
353.73395,369.8192
354.090475,370.361675
354.2064,370.40155
354.3274,370.46445
354.4033,370.523075
354.6128,370.5694
354.774225,370.6985
354.956475,370.7175
355.308375,370.7287
355.47935,370.942725
355.7034,371.040575
355.92145,371.114225
356.092025,371.321225
356.171425,371.6372
356.349775,371.770425
356.61665,372.003875
356.886925,372.146675
357.005475,372.4413
357.120925,372.771925
357.252525,373.006925
357.520025,373.056
357.722575,373.392325
357.853075,373.889325
358.062875,373.999525
358.231825,374.51945
358.4336,374.851
358.670575,375.754175
358.862975,376.180775
359.037225,376.564375
359.15565,376.71845
359.2677,376.855625
359.52175,377.1117
359.635275,378.057
359.79345,378.591525
359.886925,378.694925
360.23235,378.947775
360.467425,379.014575
360.545875,379.05545
360.7453,379.701825
360.896725,380.538825
361.082,380.85795
361.132675,381.13765
361.249525,381.173125
361.422525,381.308025
361.70765,382.801875
361.81145,382.8539
362.01345,383.1773
362.218225,383.286625
362.6366,383.631225
362.760725,384.5241
362.95525,384.734325
363.067525,385.152775
363.1693,385.199725
363.3454,385.21355
363.475,385.31515
363.574025,385.376575
363.69285,385.395975
363.81375,385.44685
363.93265,385.593875
364.1385,385.7213
364.222925,385.9601
364.399675,386.669625
364.481925,386.69095
364.606425,386.7886
364.709575,387.8336
364.8518,387.859125
364.99785,387.97825
365.167075,388.002525
365.30065,388.027175
365.404425,388.0764
365.53155,388.082725
365.702825,388.090325
365.840875,388.115175
366.011875,388.2748
366.217025,388.289225
366.4429,388.38435
366.585075,388.465675
366.703475,388.483
366.79685,388.8918
367.03115,389.271475
367.162925,389.297375
367.24135,389.305925
367.30975,389.411075
367.40685,389.4282
367.51895,389.660525
367.55485,389.67755
367.634775,389.691125
367.699275,389.892375
367.79365,390.06575
367.898325,390.092025
367.93685,390.135275
367.9828,390.27995
368.12855,390.344725
368.186125,390.394575
368.25555,390.72625
368.435725,390.924875
368.5839,391.2012
368.74365,391.216425
368.81155,391.40255
369.018575,391.422925
369.206075,391.454
369.32335,391.55555
369.494425,391.637875
369.6328,391.680075
369.74715,391.864925
369.94955,392.082075
370.180175,392.112475
370.282275,392.211575
371.253575,392.275225
371.34405,392.58665
371.394125,392.919
371.462425,393.075525
371.55895,393.2096
371.908875,393.302325
372.4133,393.7059
372.99365,393.8323
373.3952,393.893275
373.5093,393.913625
373.6887,394.017775
373.88065,394.0826
373.9419,394.543975
374.0332,394.55805
374.239275,394.62625
374.295225,394.732325
374.397925,394.921075
374.695675,394.939225
374.724275,395.1875
374.9096,395.399475
375.074475,395.43305
375.259225,395.4475
375.297025,395.46345
375.355525,395.531275
375.416125,395.6386
375.45385,395.66
375.478,395.75235
375.5383,395.792275
375.5901,395.8246
375.6503,396.062925
375.705,396.1854
375.836225,396.202675
375.89165,396.250425
375.9352,396.407675
376.010825,396.491475
376.096675,396.504825
376.132775,396.567275
376.159925,396.844
376.226225,396.865075
376.303525,396.88505
376.4674,396.98965
376.607075,397.08595
376.7154,397.099225
376.818125,397.22205
376.949475,397.334825
377.0701,397.5305
377.178075,397.557125
377.264475,397.567125
377.355725,397.639875
377.399275,397.6652
377.473125,397.73165
377.55115,397.746875
377.614025,397.83155
377.753525,397.8355
377.779975,397.8623
377.852925,397.993275
377.9964,398.08105
378.17355,398.1761
378.28335,398.297375
378.445525,398.453225
378.55565,398.577825
378.7142,398.63155
378.8026,398.910325
379.117925,399.1281
379.2367,399.1578
379.381175,399.465175
379.475625,399.5557
379.660725,399.622875
379.8099,399.75545
379.92945,399.8111
380.041275,
380.146,
380.308025,
380.380875,
380.470425,
380.651425,
380.8345,
380.886475,
380.958525,
381.22275,
381.346275,
381.49085,
381.695275,
381.8944,
382.013575,
382.09515,
382.21845,
382.28245,
382.4703,
382.746225,
382.95075,
383.05825,
383.1383,
383.3083,
383.4023,
383.630425,
383.72175,
384.0813,
384.166375,
384.40195,
384.66725,
384.778575,
385.084925,
385.193575,
385.424775,
385.675625,
385.7483,
385.868375,
386.0044,
386.0939,
386.20695,
386.293775,
386.504275,
386.56215,
386.763525,
386.9551,
387.0477,
387.099525,
387.2391,
387.38395,
387.45525,
387.583775,
387.728875,
387.85635,
388.006725,
388.11875,
388.290075,
388.45105,
388.60375,
388.7592,
388.929375,
388.98445,
389.17235,
389.278525,
389.3581,
389.501,
389.587325,
389.7938,
389.978325,
390.13845,
390.2236,
390.33065,
390.45445,
390.567225,
390.679,
390.9275,
391.089325,
391.18655,
391.486375,
391.69445,
391.741325,
391.839,
391.990425,
392.19695,
392.3592,
392.5223,
392.680825,
392.978425,
393.161175,
393.25455,
393.5315,
393.774925,
393.94365,
394.058625,
394.36635,
394.521025,
394.682525,
394.91815,
395.036975,
395.158575,
395.347175,
395.426275,
395.624125,
395.757025,
395.8422,
396.057025,
396.118125,
396.34455,
396.5858,
396.720825,
396.948575,
397.071875,
397.22465,
397.396375,
397.533175,
397.64085,
397.73255,
398.112675,
398.19595,
398.284525,
398.5719,
398.73465,
398.9001,
398.99685,
399.095,
399.264375,
399.363625,
399.563675,
399.64545,
399.784225,
399.9117,
399.995625,
