SPK_SPKC04a (inhibited),SPK_SPKC09b (inhibited),"SPK_SPKC11a (NA, artefact)",SPK_SPKC12a (excited)
0.0365,0.6724,0.043775,2.3097
0.07725,6.8561,0.072375,3.8826
0.11535,7.10425,0.142375,7.7696
0.14975,11.105325,0.168025,7.799175
0.34495,14.159475,0.312875,10.644075
0.413725,14.19895,0.59145,12.656075
0.502775,16.222925,0.619125,20.17235
0.52725,22.913475,0.634375,22.0597
0.56875,23.679725,0.644025,27.345475
0.673,24.0605,0.8782,30.771
0.730725,24.2351,1.185675,34.891625
0.820675,25.07135,1.497425,40.106275
1.01805,25.1858,1.665775,45.0126
1.0801,27.769475,1.68805,46.47465
1.101575,28.82235,1.714025,47.039025
1.11755,28.83125,1.786425,47.713025
1.16065,29.977375,1.900275,50.912925
1.163825,31.843025,1.926525,51.1842
1.1854,33.050825,2.024025,51.99175
1.30475,35.122475,2.09965,54.599375
1.347775,36.692,2.241825,61.952675
1.4182,37.7872,2.331425,62.7144
1.4539,38.06505,2.345375,63.710075
1.4834,38.218075,2.464825,68.3436
1.50505,38.6879,2.487575,68.7114
1.513875,43.74445,3.003825,70.416575
1.524175,44.1892,3.13755,70.4329
1.567875,44.3878,3.15005,72.35585
1.692525,44.541875,3.9177,73.756875
1.7997,44.611025,4.0271,74.124025
1.84645,45.391325,4.1022,77.26275
1.872125,46.451175,4.732625,77.66085
1.910575,47.006725,4.903175,78.413325
1.9768,49.055075,4.92495,82.067625
2.168925,54.502725,5.3561,82.340525
2.2247,57.482075,5.66005,82.6176
2.35255,60.83465,5.9671,83.515725
2.39325,61.35495,5.995225,84.417575
2.400525,65.244575,6.063475,87.516825
2.5632,66.8483,6.13845,91.903775
2.60935,72.116225,6.3146,93.46125
2.652325,72.804725,6.32885,94.135325
2.68785,73.84365,6.972625,95.27595
2.753725,75.8956,6.99805,99.356075
3.061275,79.892325,7.27405,103.279575
3.10045,83.09555,7.313475,104.162125
3.14285,83.295025,7.365975,104.2821
3.24475,94.904375,7.40585,104.84265
3.2475,95.443425,7.726775,104.8672
3.263,96.846525,7.76965,104.9214
3.31405,98.1685,7.992175,107.599125
3.4331,101.09895,8.0143,109.41585
3.519275,113.21965,8.125825,110.368475
3.557775,115.01305,8.46195,111.218275
3.571875,116.48355,8.731825,111.722975
3.58925,118.9548,9.0657,112.41795
3.678575,119.326875,9.2707,112.49445
3.985575,122.200525,9.41025,112.8273
4.1279,122.5821,9.479975,113.3179
4.1909,123.782125,9.649675,115.097425
4.242525,124.954825,9.70265,115.173275
4.387675,125.280325,9.85585,118.090025
4.42845,126.4846,9.873375,118.2442
4.436775,128.07175,10.1262,118.856875
4.5,128.09415,10.306925,119.832725
4.682075,128.1257,10.507775,121.17515
4.72435,128.759475,10.71925,121.44785
5.03225,129.424725,10.95005,121.7019
5.037475,131.414825,10.977075,123.927075
5.157775,131.67705,11.0945,123.954075
5.4376,131.799025,11.449325,124.035525
5.5066,131.83855,11.48725,124.1623
5.547975,137.2638,11.60665,125.479925
5.599675,138.081425,11.678825,125.498025
5.64825,138.51765,11.791575,126.83385
5.6993,138.5811,12.02065,127.3618
6.04675,138.990175,12.030625,127.515475
6.170775,139.5815,12.044825,127.582875
6.292425,140.33005,12.196075,128.404675
6.36315,140.816725,12.3223,128.741025
6.619725,142.01855,12.474525,128.945775
6.632975,143.807325,12.526325,129.395725
7.04175,145.3738,12.653125,129.735225
7.146325,146.665925,12.82675,130.14035
7.64865,147.429075,12.997125,130.15285
7.755175,147.7078,13.067525,131.15845
7.7663,147.935525,13.344525,131.290625
7.7854,148.2646,13.75615,131.6104
7.79035,148.3613,14.123525,131.774625
7.79245,149.7278,14.330425,132.5995
7.87485,152.043875,14.340675,132.610475
7.97105,152.664675,14.358,133.0766
8.0211,153.8552,14.420475,133.32115
8.06475,154.39745,14.6678,133.54905
8.135375,155.04685,15.0581,133.89105
8.262825,155.388525,15.121525,133.932625
8.391125,157.6438,15.135025,134.145525
8.4393,158.689625,15.19645,135.05115
8.56295,159.719725,15.25225,135.1702
8.6286,160.378325,15.2904,136.3868
8.711925,160.500125,15.31535,136.662525
8.793025,160.660475,15.3383,137.0487
9.045125,161.2638,15.882,137.223
9.3091,161.338125,15.927625,137.59035
9.343925,161.47435,16.4369,137.62975
9.589675,161.667875,16.463025,137.661325
9.66785,162.441225,16.60545,138.009225
9.707725,163.198525,16.6067,138.987175
9.720125,163.2662,16.64355,139.022425
9.742325,164.916525,16.66555,140.548725
9.7559,164.997275,16.716475,141.606625
9.810975,166.41485,17.014875,141.9371
10.14525,167.0217,17.450575,144.373625
10.17625,167.51275,17.708825,144.687575
10.292875,167.969725,17.848225,144.70825
10.3315,168.30145,18.047625,145.573175
10.4028,168.796575,18.3061,145.575975
10.473525,168.87055,18.522025,145.955425
10.510025,168.88355,18.942025,146.558825
10.61135,169.272625,19.091325,146.956825
10.68645,169.3671,19.67325,147.03505
10.744625,169.7164,19.78155,147.22455
10.797725,169.78385,19.9008,147.9086
10.8236,170.60395,19.996575,149.028825
10.948325,170.76235,20.00475,149.9526
11.0079,171.38645,20.4197,150.0856
11.116825,171.39405,20.4484,150.348825
11.15805,172.980975,20.48675,151.5722
11.438625,173.278325,20.505525,152.2807
11.453125,173.663775,20.58725,152.681375
11.636425,173.85695,20.7821,153.141775
11.992725,174.325625,20.794775,153.247475
12.015425,174.90785,20.976975,153.486475
12.0443,175.2232,21.7964,153.581475
12.107575,175.701225,21.873025,154.745625
12.37475,175.840075,21.8905,154.865225
12.464075,176.247325,21.94065,154.8696
12.470325,176.479125,22.0243,155.0034
12.4723,176.4901,22.21285,155.915425
12.481575,176.4975,22.283575,156.051025
12.4898,176.9829,22.376625,156.687625
12.496225,178.41335,22.39555,156.913225
12.506475,178.443775,22.443375,157.97535
12.5096,179.099575,22.54945,158.22875
12.54425,180.936375,22.8626,158.77695
12.567975,181.1582,22.871025,159.1344
12.6289,181.89765,22.95415,159.263975
12.743375,183.0275,23.138925,159.34495
12.974525,184.089675,23.1858,161.04985
13.081525,185.371525,23.509575,161.051175
13.175425,185.5973,23.679725,161.2221
13.176975,186.45655,23.686775,162.3299
13.196625,186.841275,23.971475,162.702025
13.21355,187.339625,23.990925,162.7588
13.28665,187.7649,24.086625,162.7921
13.349475,187.8452,24.196425,163.134325
13.5023,188.552975,25.1351,163.1767
13.670475,189.685375,25.334125,163.19785
13.772575,189.729575,25.563925,163.79945
13.901425,190.281975,25.86075,163.8152
14.089375,190.719225,26.188125,164.870075
14.1539,190.808225,26.303575,165.2414
14.191975,191.0832,26.804575,165.84925
14.213225,191.522925,26.881575,166.57075
14.30275,191.583,26.968525,166.72695
14.61245,191.673775,27.332625,167.7313
14.6197,191.691775,27.569925,167.7453
14.784575,192.039475,27.579475,168.2522
14.86715,192.939725,27.816575,168.762275
15.020525,193.148,28.079975,169.006725
15.10515,193.315475,28.17405,169.435575
15.15745,193.9875,28.355875,170.20135
15.23,195.37495,28.794925,170.3254
15.2947,195.5189,28.880225,170.5991
15.487775,196.37415,28.9468,170.612875
15.627225,197.7208,29.0844,170.984
15.6769,198.4741,29.2511,171.098975
15.815325,198.878275,29.2522,172.084525
15.928075,199.31085,29.29555,172.37425
15.95215,200.216675,29.355925,173.45715
16.178375,200.514875,29.450775,173.50985
16.219225,201.646025,29.516875,174.2772
16.242025,201.75985,29.6196,174.5436
16.387875,202.300775,30.018875,175.0627
16.4019,202.35825,30.06645,175.156325
16.4609,202.8305,30.483025,175.239075
16.4747,203.9231,30.48575,175.264525
16.63475,204.152,30.60745,175.368375
16.69915,204.4926,31.219725,175.41205
16.723075,205.750975,31.3144,175.64875
16.791475,206.576975,31.351125,176.1349
17.0925,206.63375,31.5227,176.708175
17.138375,206.69605,31.8142,177.0628
17.150925,206.801075,32.213925,177.143875
17.20425,206.920325,32.2507,178.039625
17.266325,207.0843,32.5606,178.28115
17.366175,207.183875,32.6953,178.287275
17.5184,207.450475,32.89585,178.302925
17.525575,207.89495,33.0539,179.610475
17.57325,208.646775,33.063775,179.90595
17.601025,209.30015,33.087825,180.0642
17.902925,209.639225,33.170125,180.318875
17.907075,210.06795,33.234725,180.62555
17.955375,210.7344,33.52605,180.790625
18.148375,210.8599,34.068375,180.973425
18.1584,210.937275,34.572325,181.01915
18.1837,211.52325,34.65115,181.463575
18.210775,211.545975,34.6531,181.8919
18.2463,211.881675,34.89165,181.9188
18.32305,212.02255,34.96815,182.159275
18.44895,212.76485,35.905825,183.096025
18.520025,212.84575,35.948925,183.567125
18.572975,213.994925,36.018375,184.30165
18.662375,214.077325,36.067,184.6249
18.753275,214.20005,36.182625,184.952075
18.919325,214.251975,36.25595,185.448925
18.953725,214.538625,36.42315,185.453575
18.97715,215.267975,36.93415,187.13545
19.03135,215.28935,37.3671,187.3442
19.207375,215.332975,37.432175,187.669725
19.296275,215.533875,37.458025,187.70955
19.35225,216.21155,37.6818,188.22295
19.394075,216.270775,37.7049,188.2958
19.42605,216.4313,37.760175,188.5692
19.66935,216.474675,37.86925,189.239
19.74695,217.792875,37.910175,189.267775
19.781225,218.331625,38.055,189.385875
19.83705,218.3668,38.176275,189.428975
19.909575,218.392075,38.236975,189.859125
20.02095,218.456925,38.689625,190.288025
20.04915,218.535975,38.849825,190.34825
20.1538,218.571775,38.971925,191.571375
20.485975,218.91355,39.257225,192.02105
20.559325,218.9454,39.278075,192.0378
20.66645,219.500225,39.344675,192.350375
20.688725,220.1204,39.380975,192.361075
20.88215,220.7559,39.4092,192.6369
21.048575,220.892375,39.563725,192.785475
21.10265,221.401675,39.5984,192.87325
21.20065,221.5963,39.6774,192.911325
21.2437,221.844075,39.69815,192.94625
21.444325,222.224,39.74145,193.03495
21.4889,222.701,40.053875,193.11235
21.57055,223.408125,40.092575,193.177525
21.719425,224.1543,40.093725,193.250975
22.10875,224.566175,40.332225,193.311725
22.268525,224.605575,40.428175,193.368975
22.3708,225.156625,40.97005,193.4179
22.4141,226.04955,41.29995,193.682625
22.68565,226.1996,41.350075,193.7689
22.85695,226.45695,41.72355,194.007275
22.9116,226.696225,41.99905,194.149675
22.930975,226.816175,42.052725,194.206675
22.93485,227.56335,42.134125,194.308325
22.96505,227.637025,42.149575,194.39735
23.0225,228.779475,42.39585,194.734125
23.279,229.668625,42.671525,194.8461
23.63955,230.7447,42.72445,194.919625
23.69715,232.255475,43.01915,194.98865
23.724925,232.619075,43.227125,195.17335
23.90435,232.837925,43.322625,195.1864
24.026675,233.340775,43.479425,195.497125
24.052675,234.580225,43.99945,195.514275
24.0662,234.7579,44.080125,195.532975
24.158075,234.80035,44.172275,195.5381
24.21425,235.020175,44.4099,195.600225
24.265825,235.270325,45.144475,196.42935
24.32135,235.953825,45.857025,196.7749
24.415275,235.995675,46.33985,196.7912
24.448025,236.404475,46.935325,197.2714
24.483175,236.551825,47.380375,197.279625
24.4975,237.118675,47.521025,197.286125
24.51885,237.567875,47.8305,197.464175
24.68455,237.623225,47.9224,197.855075
24.8496,238.002225,48.34245,197.932225
24.86245,238.418875,48.348425,198.299775
24.9359,238.552775,48.5357,198.31425
24.943875,238.66815,48.734975,199.020775
25.105175,238.852225,48.898725,199.41065
25.154475,239.76815,48.996125,199.505525
25.1899,239.962175,49.482925,199.57205
25.196225,240.234525,50.049125,199.7926
25.316725,240.249,50.066175,200.0481
25.4402,240.340125,50.4736,200.575325
25.53815,240.708475,50.776075,200.721225
25.6981,240.8595,51.950725,200.8358
25.71175,241.050875,52.4748,201.0191
25.7319,241.07995,52.63035,201.26145
25.791775,241.2612,53.01345,201.5574
25.79305,241.35185,53.0975,201.627525
25.804625,241.46295,53.217225,201.693725
25.817675,241.74135,53.855525,202.072925
25.845225,242.236975,53.9903,202.23655
26.0474,242.4169,54.35955,202.636475
26.1119,242.577275,54.83295,202.83405
26.1176,242.753,54.869,202.93805
26.13405,242.782375,54.887,204.0011
26.151875,242.860075,56.23665,204.901675
26.259675,242.944275,56.3212,205.221525
26.369725,242.969075,57.289475,205.237
26.39085,243.140475,57.348475,205.4938
26.732975,243.229825,57.39095,206.036375
26.744475,243.4728,57.50975,206.376025
26.77825,243.9026,58.153475,206.560125
26.788075,244.1364,58.5628,206.7741
26.843075,244.275775,58.611925,207.208075
27.009125,244.350225,58.616825,207.69285
27.040825,244.53655,58.6237,207.904875
27.209825,244.78645,59.198375,209.0732
27.579125,244.816125,59.5187,209.1658
27.59465,245.0352,59.781025,209.17435
27.6768,245.24015,59.970925,210.263025
27.808375,246.650875,60.486875,210.27285
27.8327,246.754925,61.114475,210.393575
27.9571,246.828475,61.389725,210.44425
27.999475,247.6072,61.582375,210.66405
28.0584,248.172625,61.952625,210.869375
28.155675,248.425325,62.13485,211.788425
28.189975,248.563425,62.5339,212.74795
28.371625,248.90285,62.943475,212.815275
28.531775,249.03615,63.83675,213.2251
28.6657,249.11045,64.033975,214.176525
28.822175,249.15975,64.143175,214.220925
28.831,249.241325,64.622875,214.61485
28.882175,249.382225,64.8033,214.635375
28.952325,249.488425,64.96075,214.650425
29.08005,249.58235,65.152,215.547275
29.11925,249.748425,65.46255,215.872525
29.16635,250.014575,66.274675,215.95445
29.293025,250.294225,66.37775,216.036025
29.333025,250.380475,66.410675,216.0425
29.36135,250.4441,67.3795,216.685875
29.446925,250.64915,67.8199,218.105175
29.48165,251.679025,68.092325,218.22095
29.519675,251.78755,68.4331,218.602725
29.594,252.163825,68.890975,218.68455
29.641275,252.238875,68.94905,219.32885
29.685425,252.73245,70.09035,219.60975
29.86875,253.0657,71.02375,219.959475
29.87725,253.27185,71.624125,220.006775
29.961125,253.31765,73.26745,220.13315
30.007325,253.655675,73.84365,220.762675
30.046775,253.6733,74.124025,221.27905
30.071225,253.693075,74.61275,221.925175
30.090025,253.74755,74.79435,222.135975
30.1048,253.863025,74.839575,222.375075
30.16815,254.7025,75.8872,222.39525
30.462775,254.8053,76.309425,222.443125
30.494025,254.85145,76.86315,222.463175
30.52455,255.181525,76.975075,222.8561
30.726475,255.49735,77.0266,223.3491
30.7475,255.7823,78.413325,223.35895
30.758575,255.96005,78.682925,223.4004
30.795725,255.99975,79.159575,223.514625
30.89925,256.281025,79.399225,223.563875
30.994675,256.3519,79.8638,223.720225
31.025275,256.67395,80.562125,223.86695
31.20075,256.727225,80.72965,224.104225
31.21835,257.04015,80.8935,225.041325
31.25355,257.17165,81.268675,225.1769
31.270075,258.0292,81.5584,225.1907
31.294625,258.4667,82.617625,225.6784
31.338125,258.98565,83.11605,225.713425
31.492775,259.1695,83.19475,225.7407
31.721575,259.236575,83.46825,225.8032
31.750425,259.28535,84.1514,225.89395
31.860075,259.38095,84.20835,226.08525
31.9232,259.62395,84.3902,226.2091
32.05355,259.73885,84.720925,226.28645
32.153925,260.082525,85.909425,226.6926
32.5413,260.789675,86.509425,226.695075
32.580225,261.144725,86.573975,226.697425
32.6245,261.18495,86.70265,227.1654
32.636125,261.2824,86.9026,227.420025
32.6821,261.297575,88.5873,228.44295
32.7353,261.355575,88.8738,228.661
32.787025,261.4955,89.127525,229.188325
32.87815,261.54205,90.200675,229.354925
32.972225,261.684225,90.960825,229.382575
33.011375,262.7597,91.9038,229.471525
33.076025,263.243575,92.96395,229.5249
33.09445,263.350025,93.160975,229.7461
33.10615,264.1093,93.5071,229.78545
33.1401,264.12835,93.59405,229.867125
33.141875,264.210075,94.7179,229.87255
33.33785,264.374675,96.064,230.374075
33.59165,264.46875,96.3191,230.40045
33.628925,264.547525,96.369725,230.7075
33.65125,264.604625,97.59415,231.414975
33.8902,264.7366,97.6102,231.517125
33.89955,265.466225,98.3186,231.910425
33.9374,265.73825,98.379,232.034675
33.95025,266.161825,98.4971,232.1031
34.280875,267.456425,100.1445,232.331675
34.322525,267.472475,101.099025,232.412375
34.390525,267.820075,101.213375,232.492625
34.456275,268.01595,103.2873,233.01745
34.8217,268.476075,106.0674,233.953825
34.8972,269.58105,106.20185,234.00725
34.931425,270.093675,106.26205,234.045675
34.969575,270.388175,107.3968,235.180375
35.241725,270.46605,109.0034,235.19255
35.3168,270.50795,109.68915,235.22745
35.395275,270.652125,110.17545,235.2438
35.4346,270.6713,110.605825,235.340975
35.487175,270.749175,111.32635,235.635725
35.642075,270.9201,112.93735,236.2987
35.79205,271.7173,114.0673,236.309775
36.1924,271.9673,114.88835,236.313775
36.281975,272.007925,115.43595,236.4953
36.3597,272.128975,116.84885,236.8536
36.5777,272.599725,117.8863,236.9265
36.822775,272.771425,118.180525,237.1272
36.833625,272.793525,118.2846,237.27955
36.879825,273.06975,119.05085,237.35695
36.88735,273.272425,120.238175,238.114225
36.938125,273.41895,121.107975,238.7992
36.97425,274.172975,121.165825,239.036225
37.139225,274.2191,123.420625,239.1003
37.196,274.65105,123.74395,239.21555
37.232975,275.016975,123.882125,239.293475
37.2478,275.477125,125.125025,239.629075
37.25595,276.563975,126.37265,239.911225
37.268475,276.6459,126.3835,240.204675
37.2839,277.058025,126.83385,240.2133
37.371475,277.106825,127.49145,240.8188
37.5347,277.497725,128.76995,241.178475
37.604075,277.811525,129.027575,241.188525
37.647325,277.9885,129.42475,241.484625
37.72055,278.229125,131.45125,241.614575
37.745225,278.3068,133.399025,241.665975
37.842125,278.4515,135.170225,241.8492
37.89075,278.650475,135.577125,241.88665
38.071025,278.84675,135.82435,241.93725
38.1276,279.135625,136.641275,242.139925
38.290175,279.257525,136.929225,242.277375
38.3186,279.45955,137.661275,242.377725
38.46815,279.78245,139.022475,243.5632
38.494475,280.02475,140.562225,243.601675
38.59135,280.270475,141.36395,243.75245
39.0319,280.617825,142.079175,243.912125
39.0706,280.71375,143.750575,243.9475
39.097,281.04945,144.669925,244.38205
39.11195,281.202425,145.3328,244.4317
39.18515,281.2234,146.865175,244.4684
39.257475,281.8546,148.615325,244.7987
39.307175,282.208425,153.3804,244.90725
39.8212,282.8793,156.0579,245.439025
39.878325,282.944775,160.322425,245.65645
39.936675,283.0104,160.631475,245.813575
39.96125,283.550775,161.110025,246.269975
39.978375,283.8752,161.227575,246.59905
40.1242,284.206925,163.79955,246.9045
40.264425,285.662475,165.422175,247.557925
40.854725,285.7651,166.89655,248.2015
41.061975,285.832625,168.779425,250.15995
41.104625,286.07175,169.0162,250.611625
41.12455,286.65785,169.188575,251.168925
41.187225,286.800975,170.615525,251.7689
41.200925,287.409775,175.368425,251.99385
41.285025,287.961925,175.850725,252.47755
41.567825,288.27835,176.108775,252.643475
41.6617,288.3086,176.1349,252.774125
41.676575,288.66875,176.424375,253.128025
41.8187,288.714875,176.509975,253.78
42.01955,289.016875,177.0628,254.279425
42.0999,290.213725,177.088425,254.701025
42.10665,290.447,178.31825,254.866775
42.138025,290.61465,182.5002,255.003875
42.14915,290.652175,184.54,255.832075
42.21285,290.672225,184.978325,255.893475
42.253675,291.624425,185.919325,255.925225
42.3962,291.729025,187.3442,256.1666
42.531675,291.89165,188.304525,256.194325
42.591375,292.3302,188.6934,256.342325
42.6297,292.831425,189.323875,256.594325
42.8871,292.9997,192.03775,256.62095
43.093025,293.041325,194.731925,257.0531
43.2065,293.0992,195.205475,257.32805
43.23415,293.450175,195.31325,257.468625
43.2582,293.499775,196.4309,257.6207
43.315225,293.6602,197.47095,257.66555
43.7155,293.671825,199.123075,258.068125
43.721425,293.67555,202.459075,258.344175
43.85055,294.090975,202.541075,258.444375
44.047725,294.14015,208.5155,258.552975
44.250425,294.339775,209.514,258.6176
44.387675,294.50995,210.79655,258.6397
44.535875,295.082475,212.1953,258.820175
45.0851,295.1432,212.279825,259.10995
45.2677,295.475925,213.042175,259.61465
45.33285,295.623725,214.437225,259.70355
45.410925,295.952725,214.680175,259.74255
45.715375,296.0896,215.5324,259.749825
45.769325,296.22335,216.03075,260.183225
45.780775,296.261125,216.31155,260.490325
45.894525,296.39475,223.358925,260.7405
46.021125,296.803775,226.2091,260.791925
46.092025,296.86005,226.69255,261.49155
46.227375,296.9077,227.876625,261.5581
46.610325,298.015575,228.09145,261.824375
46.755725,298.09505,228.661,261.8509
46.922775,298.22295,229.155325,262.377875
47.00135,298.33835,229.78545,263.303575
47.00955,298.523825,230.8392,263.6202
47.011025,298.962775,231.085525,263.667525
47.284275,299.176925,232.226,263.84475
47.765675,299.617725,234.8176,264.013375
47.8302,299.725525,235.180375,264.03
47.8571,299.79145,239.215575,264.217725
48.105075,299.82195,242.239525,264.3695
48.375175,299.876325,242.277375,264.58115
48.392175,299.91295,243.04575,264.606275
48.415675,299.985675,243.483125,264.6284
48.4307,300.098675,243.544575,264.988825
49.029725,300.227725,243.944525,264.99965
49.1384,300.454375,245.239675,265.267525
49.439575,300.48925,245.77225,265.33435
49.527475,300.516275,245.813575,265.41665
49.700725,300.542525,246.24295,266.095475
50.10155,300.9595,246.521125,266.291
50.5814,300.99735,248.964225,266.7943
50.908775,301.08955,249.185675,267.001075
50.929875,301.156525,249.428375,267.394725
51.4393,301.321475,252.472125,267.7179
51.741025,301.553425,252.603875,268.359225
51.95395,301.69975,253.655675,268.3875
52.610675,301.808225,253.6948,268.50935
52.68085,302.061225,254.456725,268.866675
52.750525,302.5557,257.08235,268.891325
53.037225,302.767175,257.155425,269.772025
53.834325,303.152525,261.8509,270.4773
54.697375,303.219325,264.127775,270.70815
54.71925,303.382325,264.576975,270.7201
54.84255,303.83995,265.559875,270.861225
55.214,303.9871,267.659425,271.2422
55.226625,304.934975,270.673175,271.2479
55.2657,305.081275,271.247925,271.256825
55.417175,305.1699,271.45445,271.3235
55.469975,305.457025,271.535575,271.40555
55.654,305.847775,271.8887,271.454425
56.331075,306.430225,272.8371,271.50985
56.460575,306.46595,273.337575,271.670225
56.837875,306.81735,275.21555,271.901575
56.89525,307.2151,276.530425,271.9064
57.2951,307.561075,276.813475,271.925375
57.90765,308.657775,277.305275,272.31375
58.39865,309.23595,278.868925,272.330625
58.729475,309.333525,279.4046,272.70525
60.37515,309.963125,279.819075,272.8656
60.466925,310.4401,280.02485,272.99295
60.473375,310.5707,280.671425,273.0472
60.594,310.668125,280.808825,273.6228
60.921725,311.01845,281.409025,273.872375
61.0503,311.468,282.948575,273.8783
61.4447,311.892725,283.180425,274.20785
61.65055,312.372925,286.8048,274.695225
61.6734,312.8843,287.51765,274.97205
61.7159,313.034525,289.90315,275.002225
61.92645,313.243725,294.846475,275.01725
61.942525,313.46635,295.47595,275.284575
61.955475,313.623925,296.089675,275.550175
62.1415,313.6652,297.712425,275.660825
62.223475,313.87935,299.096775,275.689475
62.3423,314.9084,299.73615,275.991975
62.48225,315.5355,300.43625,276.03405
62.594225,315.70945,300.86765,276.437875
62.60595,316.1953,301.536575,276.461375
62.689575,316.580775,303.4065,276.530425
62.703375,317.31855,303.49355,276.731025
62.714025,317.3922,304.4427,277.3384
63.13035,319.646375,308.952325,277.36805
63.2643,319.911075,309.7061,277.420225
63.449575,320.2446,310.301025,278.46225
63.6387,320.2897,310.9478,278.676125
63.6563,320.395875,311.380075,278.868925
64.076825,320.55005,314.339525,278.9101
64.2222,321.7224,314.42815,278.9734
64.44215,321.7551,316.0727,279.096275
64.587875,322.264575,317.5305,279.611075
64.60395,322.7582,317.5893,279.661625
64.808125,322.784625,317.630975,280.07095
64.9501,322.996425,317.795325,280.52495
65.1048,323.891375,318.672575,280.7197
65.2621,324.076775,319.105475,280.729825
65.2877,324.118875,319.38575,281.3541
65.32165,324.2874,319.48595,281.66325
65.9361,324.437225,320.59345,282.60305
66.003425,325.4187,321.8985,282.68255
66.10415,325.5016,323.558225,283.036825
66.166025,325.91475,324.3738,283.073975
66.439475,327.555375,325.2102,283.13465
66.506425,327.78815,328.15665,283.7304
66.81845,328.7814,329.602925,283.99555
66.8559,328.9396,330.40345,284.142925
66.8704,329.77355,331.375975,284.433525
67.10145,329.84405,335.727225,284.53755
67.247,331.104475,336.49245,284.8359
67.379325,331.397125,336.95575,284.877175
67.544275,331.856925,337.06785,285.012275
67.686675,334.613875,338.806225,285.204625
67.8766,334.759225,339.815525,285.541
67.893425,334.987425,344.61845,286.337075
67.902025,335.0383,345.7453,286.383325
67.9651,335.248275,347.8163,286.58205
68.002075,335.279175,347.95465,286.804825
68.0959,335.343125,348.506225,286.8476
68.3939,335.36315,348.5541,286.920625
68.395025,335.401,351.658975,287.073
68.433475,336.2522,352.608625,287.42015
68.438925,336.393875,353.2031,287.450925
68.492425,336.652775,354.832625,288.169075
69.0504,337.18515,356.2802,288.70875
69.245875,337.211575,358.6309,288.8346
69.474675,337.5086,358.995375,289.11345
69.612125,337.706225,,289.7055
69.665225,337.81945,,290.085025
70.079825,337.856525,,290.1286
70.2342,338.55305,,290.14545
70.67395,338.6051,,290.4066
70.698125,338.837275,,290.57115
71.07895,339.094075,,290.736625
71.122125,339.707625,,290.765375
71.141175,340.06815,,292.15305
71.593,340.481825,,292.187075
71.99255,340.76845,,293.0319
72.0191,340.89245,,293.529225
72.48395,341.09485,,294.0904
72.63745,341.2315,,294.157775
72.8131,341.554,,294.192625
72.856975,341.573875,,294.535975
73.5826,341.724575,,294.801675
73.61835,342.061225,,295.0233
73.833675,342.08495,,295.48115
73.95765,342.119425,,295.6383
74.20365,342.1459,,295.648725
74.467225,342.218375,,295.789475
74.582075,342.374225,,296.067525
75.048725,342.574575,,296.480875
75.59385,342.652275,,296.507775
75.63015,342.773275,,296.57395
75.824375,342.79605,,297.02035
76.0273,342.85265,,297.027525
76.30635,342.9988,,297.15195
76.504725,343.26575,,297.26565
76.536975,343.457025,,297.2956
76.55035,344.09855,,297.65265
76.584325,344.1454,,297.71245
76.604675,344.281425,,297.7136
76.94605,344.42025,,298.164125
77.0897,344.58765,,298.591975
77.142875,345.33615,,298.631775
77.28185,345.415725,,299.049275
77.327375,345.4443,,299.20165
77.9313,345.71755,,299.622525
78.1697,346.335475,,299.722275
78.23035,346.364225,,299.804075
78.3249,346.507975,,299.858275
78.36965,346.64635,,300.004275
78.449475,346.76835,,300.0855
78.486075,346.8309,,300.4149
78.6181,347.0004,,300.4831
78.7579,347.2137,,300.575925
78.836075,347.648825,,300.58205
78.953675,347.663425,,300.94125
79.244325,347.9754,,301.022
79.3505,348.488075,,301.403825
79.488325,348.741825,,301.536575
79.56295,348.803975,,301.69405
79.6945,349.075975,,301.76655
79.8393,349.077225,,301.789325
80.002275,349.238375,,301.809025
80.0672,349.289925,,301.89005
80.3691,349.353725,,302.64235
80.51255,349.5939,,303.190025
80.570525,349.7105,,303.213425
80.67235,350.004075,,303.249375
80.90495,350.73045,,303.258
80.94405,350.85875,,303.4065
80.973725,350.90775,,304.029775
81.88565,351.033925,,304.086375
81.912725,351.13345,,304.1735
82.1548,351.2024,,304.555175
82.3401,351.23435,,304.76005
82.6046,351.38815,,305.1319
82.665575,351.565175,,305.1471
82.8226,351.915875,,305.212375
83.24355,351.932325,,305.274325
83.393175,352.197325,,305.796925
83.6319,352.3153,,305.838375
83.780475,352.9187,,306.386675
83.8524,353.224025,,306.519775
83.99945,353.2758,,306.793775
84.00915,353.331125,,306.809725
84.064225,353.376625,,307.079325
84.401225,353.619175,,307.226725
85.023775,353.6449,,307.4572
85.085525,353.833325,,307.521825
85.5167,354.065975,,307.7791
85.529075,354.877325,,307.8484
85.540725,355.09835,,308.09025
85.70225,355.168325,,308.128275
85.842175,355.43375,,308.139625
85.952475,355.4632,,308.193925
86.4882,355.5059,,308.262375
86.71945,355.659925,,308.356525
86.754275,355.688775,,308.5362
86.838025,356.054375,,309.4868
86.8528,356.147675,,309.554075
86.864175,356.56215,,309.699725
86.96275,356.59335,,309.706125
87.2182,356.66465,,309.967825
87.87155,356.688475,,310.0639
88.556225,356.9023,,310.2439
88.6393,356.98135,,310.30105
88.8964,357.184,,310.498125
89.0287,357.538775,,310.524425
89.050625,357.62805,,310.546425
89.066175,357.955275,,310.5554
89.10605,358.0111,,310.5901
89.176075,358.055075,,310.694375
89.30755,358.24165,,310.8782
89.355575,358.306525,,310.9547
89.580025,358.40275,,311.039125
90.022175,358.465175,,311.380075
90.052425,358.5274,,311.773075
90.09665,358.5681,,311.931325
90.4715,358.76275,,312.4926
90.756975,358.991175,,312.917475
90.836825,359.0022,,313.28195
90.9382,359.132725,,313.317225
91.412025,359.338125,,313.454925
91.570375,359.574875,,313.541975
91.6083,359.6241,,313.735525
91.819725,359.653475,,313.768
92.256275,359.6934,,314.053375
92.339425,,,314.138275
92.763575,,,314.325375
92.89455,,,314.333275
92.980775,,,314.37525
93.2706,,,314.448175
93.42325,,,314.741275
93.516475,,,314.87055
93.565,,,314.93795
94.1345,,,315.177425
94.427375,,,315.65245
94.69125,,,315.711875
95.138875,,,315.972625
95.17815,,,316.611725
95.37105,,,316.839275
95.6054,,,317.225025
95.683825,,,317.264825
95.8875,,,317.53465
95.984575,,,317.589375
96.569825,,,317.62735
96.798625,,,317.62905
97.3372,,,317.6646
97.500875,,,317.781125
98.03485,,,318.067675
98.164925,,,318.223625
98.30795,,,318.328175
98.388025,,,318.333475
98.47955,,,318.57575
98.835825,,,318.973
98.87815,,,319.28235
99.2768,,,319.365675
99.299875,,,320.452875
99.63805,,,320.48015
99.881725,,,320.514975
100.04905,,,320.9587
100.246475,,,320.988475
100.37515,,,321.041675
100.6409,,,321.425
101.195075,,,321.659525
101.837075,,,321.9544
101.88035,,,322.1293
101.9575,,,322.210625
102.007025,,,322.45755
102.35715,,,322.738975
103.224425,,,323.44125
103.49795,,,323.595675
103.740225,,,323.92475
104.2379,,,324.280625
104.282875,,,325.21015
104.6437,,,325.70245
105.1055,,,326.4853
105.830925,,,327.446425
106.110475,,,327.8991
106.646525,,,328.3262
106.67505,,,328.341975
107.196475,,,328.812675
107.1976,,,329.0319
107.4251,,,329.34635
107.485875,,,329.526875
107.56895,,,329.986625
107.921675,,,330.00085
108.2626,,,330.186375
108.44115,,,330.9134
108.622925,,,331.0013
109.37905,,,331.4036
109.608075,,,331.81475
109.64265,,,332.228775
110.1256,,,332.41615
110.1815,,,332.42615
110.3792,,,332.60965
110.40155,,,332.95395
110.440075,,,334.1581
112.605725,,,334.562525
112.619,,,334.583675
113.156825,,,335.083525
113.191225,,,335.2662
113.423875,,,335.306925
113.507925,,,335.337275
114.196475,,,335.564225
114.307425,,,335.85555
114.6588,,,335.982575
114.905075,,,336.022675
114.989775,,,336.05535
115.191925,,,336.2061
115.406725,,,336.287225
115.44305,,,336.385675
116.3422,,,336.845375
116.829575,,,336.854525
117.8303,,,336.970225
118.254425,,,337.609225
119.10765,,,338.11495
119.32735,,,338.13435
120.29765,,,338.74935
120.3047,,,338.833475
120.337575,,,338.96175
121.042225,,,339.119
121.09745,,,339.454625
122.0611,,,339.493675
122.238825,,,339.593975
122.26605,,,340.151525
123.876,,,340.57895
123.95435,,,340.686575
123.98895,,,340.8809
124.1698,,,341.056825
124.39635,,,341.1136
124.485175,,,341.647175
124.619775,,,342.08715
125.300175,,,342.1623
125.67155,,,342.6682
126.4228,,,343.056575
126.597025,,,343.100775
127.064175,,,343.238325
127.113075,,,343.541775
127.2041,,,343.71915
127.62265,,,344.7542
128.4771,,,344.978625
128.7836,,,345.4676
129.045475,,,345.7552
129.125575,,,346.15835
129.538275,,,346.171925
129.83385,,,346.187125
130.74735,,,346.20035
131.391825,,,346.2091
131.56905,,,346.215825
132.4594,,,346.352375
133.455675,,,346.47905
134.6559,,,346.98285
134.933075,,,347.28665
135.277725,,,347.617825
135.388825,,,348.42185
135.74305,,,348.511
136.350075,,,348.553075
136.92135,,,348.604575
136.926325,,,348.64735
137.340075,,,349.01795
137.3569,,,349.13345
137.514075,,,349.519875
138.44205,,,349.521675
139.041975,,,349.529425
140.0418,,,349.54175
140.857075,,,349.547225
140.977575,,,349.574125
141.255725,,,349.595625
141.62295,,,349.63865
141.7406,,,349.909375
142.058725,,,350.0651
142.58805,,,350.325375
144.187575,,,350.337725
145.668075,,,350.3438
145.802425,,,350.3788
145.83385,,,350.712175
145.926125,,,350.72445
146.106,,,351.290175
146.32905,,,352.097525
147.714975,,,352.448975
148.107575,,,352.529725
148.3611,,,352.572775
149.104475,,,352.590525
149.245725,,,352.6651
149.281375,,,353.053575
149.7752,,,353.095
150.34765,,,353.15025
151.474875,,,353.178275
152.730925,,,353.6085
152.990575,,,353.693875
153.1567,,,354.1801
154.102925,,,354.252725
155.38185,,,354.428975
156.039825,,,354.473225
156.605075,,,354.7568
157.40655,,,354.789
161.037525,,,354.8288
161.584625,,,355.266275
161.896325,,,355.27295
162.7502,,,355.3615
163.401875,,,356.2752
163.766775,,,356.34795
164.8443,,,356.777625
164.950925,,,356.98525
165.509,,,357.02255
165.55955,,,357.1237
167.93905,,,357.324
167.978125,,,357.358975
168.631425,,,357.80215
168.833925,,,358.37275
169.257675,,,358.8904
170.1755,,,358.895675
170.5985,,,358.995375
171.2655,,,359.0535
172.717075,,,359.170975
172.86715,,,359.263225
173.0328,,,359.656125
173.362,,,
174.0511,,,
174.276975,,,
175.64435,,,
176.549525,,,
177.28,,,
177.6281,,,
177.7344,,,
178.837325,,,
181.041475,,,
185.09785,,,
185.31595,,,
186.205925,,,
186.2317,,,
187.99745,,,
189.98545,,,
189.986575,,,
191.2505,,,
191.54565,,,
191.561575,,,
191.6677,,,
191.683175,,,
191.69505,,,
191.85435,,,
192.10695,,,
192.727175,,,
192.9192,,,
192.9603,,,
193.285175,,,
195.3126,,,
195.673825,,,
196.4564,,,
196.680025,,,
196.840575,,,
197.1327,,,
197.9568,,,
199.01775,,,
199.830075,,,
200.16305,,,
200.4533,,,
200.7177,,,
201.143625,,,
203.5692,,,
203.5966,,,
206.266925,,,
206.64425,,,
207.11735,,,
207.142025,,,
208.551975,,,
208.56895,,,
209.1014,,,
209.6631,,,
209.922325,,,
211.318975,,,
212.881575,,,
213.776125,,,
214.692925,,,
219.4934,,,
220.8039,,,
227.186425,,,
227.279325,,,
227.858975,,,
228.324725,,,
228.4441,,,
228.6975,,,
229.239675,,,
229.975575,,,
230.4123,,,
231.97485,,,
233.014225,,,
236.82575,,,
241.026225,,,
241.142025,,,
241.37975,,,
241.624375,,,
242.200575,,,
242.213375,,,
242.872875,,,
243.2381,,,
243.967075,,,
244.329925,,,
245.18075,,,
245.338625,,,
251.3689,,,
251.405025,,,
256.943225,,,
257.621075,,,
260.0303,,,
260.189175,,,
263.1308,,,
265.3293,,,
265.530225,,,
266.226925,,,
266.780225,,,
267.495875,,,
270.7155,,,
271.492825,,,
274.66135,,,
275.049675,,,
275.16995,,,
275.329275,,,
276.0643,,,
276.4616,,,
276.59355,,,
276.835,,,
277.753075,,,
277.78055,,,
278.158375,,,
279.922275,,,
280.69525,,,
281.541625,,,
282.2298,,,
282.444475,,,
282.777175,,,
283.57685,,,
285.728925,,,
286.3842,,,
286.709825,,,
287.123975,,,
287.14585,,,
289.865125,,,
290.2187,,,
290.457675,,,
290.652,,,
292.203325,,,
292.814475,,,
292.90805,,,
294.287475,,,
294.784625,,,
296.0159,,,
296.512725,,,
297.0143,,,
297.2102,,,
297.682475,,,
299.55295,,,
300.43595,,,
300.4481,,,
300.4653,,,
301.109525,,,
305.531025,,,
307.189175,,,
307.651025,,,
307.860675,,,
310.46045,,,
311.69475,,,
313.30755,,,
314.234825,,,
314.46575,,,
315.354925,,,
315.98885,,,
317.0292,,,
317.691675,,,
318.213,,,
318.306,,,
320.7,,,
321.17835,,,
321.360725,,,
321.857675,,,
322.9433,,,
322.994725,,,
323.1144,,,
324.415325,,,
324.56705,,,
325.377025,,,
326.114125,,,
326.14855,,,
327.868925,,,
328.2306,,,
328.428675,,,
329.010675,,,
330.3245,,,
331.1874,,,
332.16665,,,
332.251625,,,
332.329975,,,
333.452075,,,
333.601275,,,
333.64195,,,
334.117075,,,
336.141025,,,
336.543025,,,
339.496575,,,
342.094775,,,
343.62555,,,
346.588025,,,
348.9523,,,
350.38645,,,
350.688525,,,
351.70985,,,
352.357675,,,
353.326525,,,
353.580875,,,
353.63185,,,
355.2665,,,
356.6041,,,
358.623,,,
358.900475,,,
358.9333,,,
359.0397,,,
