SPK_SPKC01a,SPK_SPKC06a,SPK_SPKC14a
400.075125,400.662375,400.007775
400.2006,403.042075,400.043325
400.416225,403.255225,400.10915
400.569025,403.31175,400.15245
400.7517,403.6695,400.20735
401.055025,403.7781,400.241425
401.217075,405.12575,400.30335
401.39325,406.041525,400.392475
401.754175,409.729375,400.446725
402.005525,409.94585,400.484875
402.365775,411.465825,400.533675
402.568525,411.67315,400.571
402.725225,411.82565,400.59115
403.00685,411.951425,400.63715
403.14015,412.0596,400.69365
403.4372,412.20715,400.740375
403.8951,412.501725,400.791425
404.105925,415.3574,400.90595
404.2537,415.608475,400.942075
404.41145,415.7414,401.0048
404.602875,417.16235,401.058675
404.7227,418.11855,401.12505
404.83985,418.19905,401.2094
405.3206,418.30895,401.23665
405.454625,419.7734,401.444175
405.626975,419.922725,401.5081
405.842525,423.659575,401.63615
405.9883,432.37555,401.679675
406.158325,432.486075,401.7286
406.27535,433.25975,401.7906
406.47375,433.4501,401.9321
406.675275,433.6923,401.9848
406.802175,433.7663,402.03165
407.118525,434.0042,402.145725
407.52215,434.310375,402.17695
407.928725,438.49375,402.30655
408.170725,438.849625,402.371
408.335125,439.0098,402.419475
408.52925,439.130775,402.489025
408.691925,439.2579,402.631425
408.829475,439.591275,402.740725
408.95865,439.881375,403.690075
409.085,440.008075,403.78595
409.178725,440.1198,403.98295
409.308975,440.218325,404.18
409.5205,440.3064,404.259075
409.621375,440.3944,404.315775
409.7025,440.5042,404.3745
409.773875,440.6938,404.409825
409.8849,440.8637,404.588875
410.11425,441.0451,405.200175
410.321925,441.123525,405.4946
410.59585,441.19145,406.842625
410.8393,441.331575,406.872225
411.066075,441.404825,406.91335
411.32935,441.4626,406.9653
411.509975,441.51875,406.989625
411.65875,441.601375,407.042625
411.805025,441.7054,407.07395
411.902575,441.766275,407.170075
412.072425,441.827625,407.2034
412.22185,443.441925,407.245775
412.372875,445.24965,407.287175
412.49095,447.610775,407.345325
412.610775,452.580025,407.3769
412.731,455.980825,407.410025
412.82385,456.0597,407.4592
412.9306,456.275925,407.5228
413.1192,460.0757,407.550125
413.234975,460.179175,407.598975
413.52115,460.35365,407.658075
413.7491,460.393775,407.707825
413.942675,460.4557,407.735775
414.125775,460.588925,407.772675
414.338975,460.70855,407.833975
414.538775,460.872775,407.871325
414.7414,461.004925,407.935725
414.867475,461.227675,407.995075
415.126875,461.36315,408.1027
415.337,464.399875,408.214125
415.491925,464.6531,408.280275
415.74395,466.0461,408.3304
415.9843,466.127675,408.45385
416.1493,466.214375,408.491225
416.321675,470.777575,408.549225
416.420125,474.208225,408.6028
416.6674,474.487275,408.644825
416.832975,476.0884,408.684575
417.000425,476.158,408.732075
417.133275,476.39715,408.786125
417.201,476.62185,408.901775
417.259225,477.2892,409.0662
417.4647,480.021475,409.1244
417.856725,483.60015,409.14855
418.0462,488.8144,409.174825
418.189075,491.08555,409.194875
418.31975,492.0138,409.25705
418.571125,492.0581,409.37825
418.73385,492.1159,409.51635
418.921925,492.22895,410.033
418.996425,492.4446,410.1464
419.11115,492.4872,410.17475
419.264325,492.766325,410.21625
419.3827,492.903,410.2673
419.472525,493.1497,410.30235
419.594675,493.184675,410.3885
419.7016,493.255325,410.4388
419.883975,493.32315,410.4772
419.942725,493.4459,410.501775
420.047875,496.23615,410.5308
420.13595,496.332325,410.575775
420.24495,496.5078,410.62565
420.40525,496.766075,410.698825
420.52255,497.0027,410.773975
420.637025,497.1684,410.812275
420.765925,497.4225,410.8911
420.869775,497.778825,410.9814
420.95945,497.88395,411.005625
421.04625,498.043175,411.083675
421.1762,498.139375,411.37405
421.2801,498.22355,413.3656
421.379825,498.53465,413.3986
421.4597,498.6159,413.439475
421.5753,499.03865,413.4627
421.685925,499.1079,413.49035
421.86675,499.443775,413.517475
422.00665,499.706125,413.534825
422.20235,499.812975,413.564725
422.411675,499.9178,413.5967
422.6904,500.266325,413.637675
423.098175,500.33745,413.67775
423.3192,500.398175,413.72165
423.44075,500.44955,413.84695
423.656475,500.534375,413.884575
423.805875,500.611975,413.9736
423.950425,500.792725,414.067475
424.03345,505.40755,414.10845
424.182025,505.79025,414.25335
424.340125,507.670575,414.3347
424.462875,513.1919,414.382975
424.59875,513.631725,414.581725
424.7091,519.094575,414.64265
424.869825,519.161125,414.723775
425.0068,519.27015,414.751025
425.150525,519.289525,414.8687
425.31815,519.4066,414.996625
425.41365,528.148725,415.036475
425.530775,528.547575,415.08035
425.647225,528.671,415.15705
425.759,528.787675,415.21705
425.886675,528.872725,415.29595
425.9697,529.002875,415.359675
427.071225,529.3494,415.4849
427.494925,529.40045,415.60925
427.81025,529.481075,415.6839
428.0743,529.637525,415.735975
428.265375,533.7449,415.910625
428.460875,539.145575,416.63425
428.67425,541.867175,416.78915
428.869225,544.7319,417.3353
429.001475,545.126475,417.39155
429.19245,546.968125,417.436375
429.3831,549.808875,417.47565
429.568775,550.1352,417.504
429.7049,550.3105,417.5512
429.85585,550.403475,417.594475
430.0098,551.116225,417.653
430.183625,557.8775,417.700275
430.3415,558.953825,417.7577
431.0408,559.909875,417.789325
431.42395,560.28405,417.90835
431.9674,560.46505,417.94565
432.148675,560.679875,418.029175
432.41225,561.0502,418.05755
432.5519,565.172825,418.083975
432.83125,565.38835,418.133975
433.00645,571.410075,418.162575
433.067125,573.0971,418.190075
433.22485,575.12045,418.265525
433.356675,579.8172,418.314
433.43615,584.239275,418.352
433.532925,584.633325,418.428075
433.6112,584.70135,418.48705
433.72995,589.207775,418.5416
433.836725,596.478125,418.58375
433.980275,596.63515,418.6778
434.10835,596.7468,418.732625
434.2601,597.064975,418.8166
434.38895,597.249375,418.952675
434.49235,597.34265,419.02905
434.66895,597.390675,419.09205
434.828625,597.500775,421.874575
435.032425,597.59685,421.900025
435.140875,597.86085,421.940425
435.2694,598.029275,422.0256
435.4055,598.294175,422.0649
435.4894,598.8545,422.108975
435.63495,,422.153725
435.752425,,422.180425
435.8531,,422.2098
435.9837,,422.24885
436.101475,,422.281425
436.19885,,422.30985
436.371575,,422.337825
436.485525,,422.363275
436.6343,,422.38465
438.04275,,422.420375
438.4251,,422.49045
438.74465,,422.523075
438.884125,,422.55565
439.0749,,422.577375
439.200525,,422.597675
439.357975,,422.61945
439.5362,,422.6394
439.7199,,422.660925
439.8146,,422.720825
439.86185,,422.81015
439.968275,,422.860175
440.1063,,422.891325
440.21135,,422.93545
440.291925,,422.987525
440.390425,,423.0766
440.488525,,423.1532
440.598575,,423.24615
440.721275,,423.432825
440.8632,,423.529875
440.94495,,423.6379
440.978,,425.237125
441.017475,,425.58215
441.049225,,425.647725
441.1221,,425.807775
441.210925,,426.080125
441.28375,,426.14385
441.318925,,426.1887
441.3502,,426.207825
441.429475,,426.252825
441.526525,,426.4094
441.6321,,426.43735
441.77315,,426.5215
441.89985,,426.590175
442.433975,,426.665075
442.705925,,426.760175
442.975425,,426.835125
443.174925,,426.89
443.3657,,426.997
443.527725,,427.044575
443.657275,,427.092975
443.81555,,427.233025
443.9642,,427.26285
444.11445,,427.3114
444.208075,,427.342675
444.324925,,427.39505
444.51705,,427.4399
444.67315,,427.49435
444.873025,,427.58735
445.019375,,427.808325
445.15685,,427.96115
445.3687,,430.471025
445.5586,,430.5084
445.89765,,430.5305
446.292975,,430.558075
446.92805,,430.5886
447.4142,,430.70855
447.681025,,430.769925
447.86665,,430.81135
448.001425,,430.854675
448.12855,,430.887225
448.258225,,430.92715
448.404225,,430.978375
448.539825,,431.030525
448.643575,,431.15505
448.80435,,431.284825
448.986425,,431.3913
449.159575,,431.639
449.3948,,431.817
449.60465,,431.863825
449.776275,,431.898275
449.9696,,431.94065
450.10805,,431.976225
450.50425,,432.01515
450.902675,,432.075325
451.08305,,432.2318
451.38335,,432.284375
451.5864,,432.380875
451.73225,,432.60375
451.914725,,436.635425
452.08345,,436.732475
452.267125,,436.795275
452.3883,,436.829875
452.57185,,436.85835
452.75385,,437.076175
452.869675,,437.17825
452.989125,,437.24555
453.1461,,437.29355
453.2208,,437.336875
453.30925,,437.3909
453.42955,,437.5056
453.527825,,437.5761
453.655875,,437.798
453.786225,,437.863575
453.89065,,437.88255
454.051725,,437.9446
454.1458,,437.9794
454.22425,,438.071775
454.3017,,438.151275
454.5817,,438.17855
455.246275,,438.219275
455.656125,,438.2778
455.971675,,438.304625
456.19125,,438.3701
456.44335,,438.41625
456.56525,,438.449775
456.69645,,438.5026
456.980075,,442.039825
457.096325,,442.065875
457.23285,,442.124675
457.3352,,442.207525
457.509,,442.2822
457.6227,,442.363475
457.7112,,442.458075
457.88225,,442.510575
458.2579,,442.5325
458.41685,,442.62425
458.604775,,442.7082
458.76475,,442.867625
458.946275,,443.0173
459.08915,,443.085275
459.1786,,443.16265
459.27285,,443.276
459.4923,,443.361825
459.658625,,443.42285
459.768225,,443.4766
459.932825,,443.563575
460.087525,,443.656425
460.1767,,443.812075
460.305,,443.873225
460.410925,,443.9435
460.505175,,444.001975
460.57945,,444.04625
460.6911,,444.121275
460.8013,,444.21575
460.88525,,444.25775
460.976275,,444.5033
461.06655,,445.116825
461.157075,,445.344625
461.248675,,445.386625
461.367425,,445.4795
461.48835,,445.536775
461.6301,,445.574325
461.743275,,445.60985
461.83815,,445.6386
461.970625,,445.6737
462.101025,,445.743675
462.19515,,445.77905
462.526175,,445.921475
462.756125,,446.132575
462.940625,,446.53465
463.126,,446.58455
463.27375,,446.636575
463.43765,,446.756325
463.642225,,446.7792
463.78425,,446.826
463.94885,,446.853525
464.064225,,446.969725
464.285925,,446.98875
464.386275,,447.041875
464.5229,,447.075225
464.6485,,447.145225
464.747775,,447.2003
464.9563,,447.234175
465.09395,,447.2987
465.1799,,447.369925
465.27905,,447.430375
465.398875,,447.47195
465.563875,,447.599575
465.7339,,450.315875
465.8197,,450.366825
465.87175,,450.4116
465.913675,,450.498325
465.9816,,450.6441
466.04645,,450.685475
466.118225,,450.706025
466.17605,,450.753025
466.27705,,450.7981
466.3971,,450.837075
466.522875,,450.8589
466.7012,,450.968775
466.814325,,451.020525
466.950025,,451.1521
467.076775,,451.2688
467.2144,,451.3185
467.370875,,451.3663
467.586125,,451.4049
467.742225,,451.46495
467.877525,,451.523825
468.018375,,451.5506
468.1324,,451.615025
468.209125,,451.6916
468.3269,,451.7443
468.432375,,451.79805
468.51195,,451.8444
468.5927,,451.8738
468.66575,,451.905575
468.710475,,451.92905
468.7936,,451.9599
468.864625,,452.105525
468.89725,,452.141925
468.935375,,452.180575
468.969225,,452.2369
469.0704,,452.278625
469.125525,,452.365475
469.1924,,452.464525
469.2865,,452.55165
469.385725,,454.431725
469.476825,,454.4912
469.601,,454.5243
469.6846,,454.823675
469.80575,,454.8598
469.891225,,454.887675
470.0181,,454.915325
470.13215,,454.969325
470.23385,,455.0233
470.319125,,455.059775
470.43235,,455.092725
470.55235,,455.138975
470.64775,,455.2666
470.846975,,455.31055
470.961025,,455.32765
471.096025,,455.353375
471.208025,,455.376075
471.2924,,455.40615
471.39,,455.42095
471.492475,,455.44855
471.591475,,455.49805
471.695325,,455.557
471.804,,455.59875
471.9922,,455.706725
472.168075,,455.7741
472.277675,,455.842225
472.4821,,455.88375
472.86455,,455.9146
472.989975,,455.981575
473.099025,,456.0144
473.27835,,456.0497
473.49485,,456.09715
473.657325,,456.128325
473.8011,,456.1983
473.896375,,456.260575
473.979625,,456.51895
474.146225,,456.567
474.2662,,456.82735
474.441325,,456.974575
474.56875,,457.08595
474.717925,,457.218825
474.845575,,457.690225
474.943525,,457.803975
475.093225,,457.884325
475.214075,,457.960475
475.31415,,458.0302
475.39665,,458.08875
475.546125,,458.138575
475.63755,,458.247425
475.691375,,458.297075
475.889075,,458.34585
476.175875,,458.38005
476.3258,,458.408475
476.38965,,458.443
476.51,,458.488
476.656075,,458.5709
476.788375,,458.604525
476.9643,,458.6855
477.137975,,458.761775
477.373625,,458.829425
477.598275,,458.924075
477.753075,,459.0809
477.937125,,459.149775
478.153325,,459.1747
478.324325,,459.2513
478.55195,,459.319325
478.80665,,459.372025
478.9778,,459.562025
479.163525,,459.623325
479.324925,,459.6734
479.7531,,459.727725
480.0727,,459.88365
480.305925,,460.162075
480.48085,,460.3473
480.6273,,460.672225
480.76795,,460.85195
480.8393,,462.084475
481.03325,,462.3277
481.163125,,462.3719
481.316125,,462.437075
481.67105,,462.457825
482.0251,,462.498825
482.253675,,462.62425
482.5551,,462.662825
482.7121,,462.699075
482.975575,,462.73525
483.177125,,462.765175
483.3987,,462.802075
483.501925,,462.825925
483.621275,,462.859625
483.75135,,462.91935
483.861325,,462.964525
483.9889,,462.9939
484.1469,,463.03385
484.2805,,463.099275
484.4185,,463.216275
484.616325,,463.2949
484.692275,,463.42635
484.785525,,463.4754
484.87435,,463.5227
484.972,,463.57045
485.2062,,463.615875
485.316775,,463.714775
485.455125,,463.75045
485.685225,,463.818425
485.8655,,463.900775
485.9731,,463.958775
486.24935,,464.0495
486.5142,,464.09815
486.76945,,464.1891
486.937925,,464.288
487.1596,,464.462575
487.263225,,464.778525
487.3668,,466.42565
487.4546,,466.45515
487.5183,,466.474575
487.58085,,466.519475
487.645225,,466.5928
487.82695,,466.654225
487.9771,,466.746825
488.06415,,466.78735
488.24435,,466.806175
488.5007,,466.85285
488.7572,,466.908425
488.896075,,466.932625
489.03705,,466.960725
489.187275,,467.0129
489.327125,,467.100875
489.435075,,467.13295
489.63565,,467.214725
489.8118,,467.2375
489.9438,,467.27595
490.13005,,467.31135
490.282825,,467.343075
490.432025,,467.4372
490.658825,,467.52305
490.772275,,467.586725
490.912725,,467.61235
491.1626,,467.668775
491.2465,,467.7972
491.462575,,467.9082
491.54275,,468.0331
491.68745,,469.739825
491.82165,,469.875725
491.963525,,469.9312
492.219475,,469.99275
492.41115,,470.292925
492.54015,,470.473925
492.681925,,470.731
492.767025,,471.020425
492.92715,,471.070875
493.0567,,471.406575
493.23935,,471.784275
493.408775,,472.2123
493.56565,,472.25705
493.733125,,472.29355
493.921025,,472.346525
493.992525,,472.39075
494.0807,,472.425275
494.2809,,472.476325
494.456025,,472.5067
494.60955,,472.539025
494.87265,,472.580725
494.9821,,472.616875
495.219875,,472.66525
495.293025,,472.73595
495.39825,,472.759
495.48865,,472.810725
495.56845,,472.836525
495.659575,,472.899025
495.82195,,472.953325
495.971075,,473.004275
496.194925,,473.06675
496.370125,,473.113525
496.58,,473.322525
496.97035,,473.349675
497.167825,,473.4387
497.4425,,473.527175
497.6021,,473.59965
497.817725,,473.703675
498.007,,473.868475
498.287025,,474.2183
498.481875,,474.993775
498.62085,,476.070975
498.82755,,476.921875
499.047425,,477.022325
499.214375,,477.081475
499.339875,,477.123175
499.542925,,477.163175
499.81775,,477.20935
499.9806,,477.375425
500.2139,,477.676475
500.3891,,477.750375
500.5392,,477.786825
500.6194,,477.846
500.750175,,477.87285
500.94735,,477.91605
501.264125,,477.975125
501.467025,,477.998025
501.566825,,478.0679
501.715,,478.11495
501.83125,,478.17025
502.026125,,478.2265
502.12225,,478.28825
502.206925,,478.3298
502.3793,,478.399425
502.492975,,478.4276
502.5857,,478.456975
502.668475,,478.50985
502.8247,,478.5429
502.89795,,478.569925
502.9748,,478.610725
503.039575,,478.722175
503.135025,,478.761425
503.238675,,478.88975
503.31445,,478.931475
503.411075,,479.221825
503.52925,,479.2664
503.65655,,479.320325
503.760075,,479.355675
503.836325,,479.441925
503.9184,,479.48425
503.977,,479.537475
504.00555,,479.616125
504.057525,,479.665175
504.1253,,479.702125
504.2219,,479.8051
504.320525,,480.1249
504.428675,,480.3142
504.511675,,480.381875
504.7123,,480.91145
504.925,,481.032425
505.0608,,481.03395
505.161525,,481.074025
505.327,,481.20185
505.434875,,481.260375
505.65145,,481.3003
505.760325,,481.32935
505.892225,,481.365525
506.042675,,481.403325
506.18435,,481.4407
506.316275,,481.48525
506.391475,,481.524
506.545225,,481.656925
506.64175,,481.7077
506.774325,,481.783825
506.90575,,481.824725
507.008825,,481.893025
507.114925,,481.931025
507.2267,,481.990275
507.3238,,482.0421
507.444725,,482.098425
507.55,,482.1823
507.6446,,482.21285
507.7498,,482.2458
507.830725,,482.278575
507.97715,,482.316825
508.131625,,482.42565
508.224375,,482.4606
508.3793,,482.528825
508.508275,,482.57755
508.643225,,482.68565
508.7851,,482.733925
508.87275,,482.77445
508.9785,,482.81125
509.18245,,482.8998
509.546775,,482.971225
509.771425,,483.0199
509.84725,,483.048525
510.0271,,483.11975
510.247325,,483.2739
510.398275,,483.38905
510.6283,,483.447225
510.86465,,483.51645
511.0216,,483.71845
511.173725,,484.787625
511.302825,,485.038375
511.449,,485.077325
511.63215,,485.120375
511.791325,,485.16355
511.8863,,485.19785
512.169675,,485.24635
512.315,,485.299375
512.53895,,485.34875
512.67785,,485.399375
512.842875,,485.462175
512.9304,,485.5448
513.091775,,485.587125
513.190275,,485.667125
513.28795,,485.691225
513.403725,,485.719625
513.488425,,485.7817
513.690025,,485.80175
513.7886,,485.81955
513.9604,,485.859475
514.05945,,485.917425
514.183675,,485.9654
514.37275,,486.0014
514.53545,,486.04245
514.654325,,486.099425
514.790075,,486.179575
514.9249,,486.232125
515.020725,,486.3155
515.24355,,486.36045
515.382725,,486.534825
515.552725,,486.6287
515.76085,,486.663875
515.890925,,486.7948
516.053825,,486.8937
516.189175,,486.969025
516.41835,,487.073875
516.786925,,487.687425
516.967275,,487.7952
517.2389,,487.940525
517.520925,,488.089575
517.64695,,488.18345
517.8304,,488.3118
518.032525,,488.631925
518.1519,,488.70995
518.37395,,488.774625
518.55605,,488.842475
518.72395,,488.905175
518.876175,,489.008025
519.0206,,489.0446
519.304175,,489.085
519.514275,,489.126775
519.791975,,489.1632
519.953775,,489.213675
520.1255,,489.25455
520.328775,,489.299025
520.48725,,489.33685
520.838125,,489.3664
520.96985,,489.4003
521.072225,,489.4311
521.1438,,489.45645
521.3973,,489.498425
521.5164,,489.52925
521.615725,,489.567425
521.7386,,489.61875
521.796875,,489.6697
521.887775,,489.797825
522.0636,,489.91725
522.333175,,490.0028
522.4649,,490.0565
522.57835,,490.151675
522.72,,490.26555
522.886775,,490.33805
522.9796,,490.40085
523.144375,,490.432475
523.434125,,490.473575
523.6314,,490.530525
523.9162,,490.584775
524.11695,,490.7457
524.531825,,490.869325
524.8044,,490.970325
524.9744,,491.012225
525.18585,,491.0556
525.42915,,491.112775
525.55745,,491.203475
525.7126,,491.28195
525.8273,,491.31755
525.933775,,491.35995
526.312,,491.4023
526.51025,,491.450075
526.717,,491.532675
527.0173,,491.600125
527.451225,,491.630325
527.9239,,491.676
528.118675,,491.7472
528.372425,,491.84915
528.6369,,492.114325
528.8789,,492.2299
529.265,,492.534875
529.6288,,492.7063
529.9511,,492.842775
530.353325,,493.024125
530.4577,,493.45625
530.660875,,493.932075
530.7811,,494.015925
530.996875,,494.73305
531.144775,,495.52535
531.306725,,495.5841
531.5197,,495.622325
531.772925,,495.6612
531.9974,,495.70055
532.20545,,495.736075
532.4861,,495.778375
532.74115,,495.817725
532.991025,,495.844925
533.178725,,495.88045
533.38465,,495.9246
533.543425,,495.996625
533.657575,,496.02765
533.9151,,496.061675
534.1481,,496.097275
534.34065,,496.1394
534.624375,,496.169875
534.771925,,496.191475
534.844175,,496.236025
534.997225,,496.260675
535.1859,,496.309325
535.485275,,496.382925
535.7782,,496.415825
535.999825,,496.49885
536.140325,,496.550625
536.290425,,496.600625
536.637125,,496.632475
536.949725,,496.6937
537.1237,,496.755475
537.315825,,496.7776
537.602775,,496.81845
537.7605,,496.900625
537.92705,,496.9352
538.056125,,496.976925
538.18305,,497.03105
538.298675,,497.1241
538.40595,,497.21875
538.584775,,497.2805
538.749575,,497.423875
539.021,,497.472725
539.18605,,497.59985
539.376525,,497.707425
539.5632,,497.820725
539.782325,,497.889225
539.919675,,497.991625
540.065475,,498.0662
540.15395,,498.222875
540.318125,,498.43285
540.414525,,498.9265
540.52905,,499.400275
540.668175,,501.123025
540.780625,,501.1651
540.8426,,501.2096
540.87915,,501.3014
540.937625,,501.40455
541.020675,,501.46205
541.120825,,501.967075
541.188825,,504.185925
541.390725,,504.287425
541.54705,,504.35625
541.668875,,504.4288
541.8219,,504.517425
541.958625,,504.559825
542.087075,,504.625425
542.2292,,504.855725
542.32015,,504.9235
542.494575,,504.965425
542.731125,,505.0286
542.87715,,505.062775
543.19515,,505.113125
543.4296,,505.16545
543.5823,,505.21355
543.70525,,505.291675
543.814625,,505.3547
543.935575,,505.4906
544.094425,,505.5305
544.24995,,505.586975
544.3599,,505.640175
544.640875,,505.686725
544.7863,,505.732275
544.91455,,505.81205
545.05295,,505.955875
545.160775,,506.1167
545.280425,,506.2586
545.41895,,506.440525
545.62025,,507.5323
545.772425,,507.584825
545.878225,,508.59495
545.96575,,509.2564
546.080725,,509.3989
546.20435,,509.453125
546.317275,,509.508975
546.4457,,509.57625
546.5657,,509.62885
546.65725,,509.6818
546.755525,,509.733625
546.868175,,509.7912
546.940975,,509.851825
547.08675,,509.886825
547.197775,,509.9312
547.340675,,510.060775
547.458775,,510.133175
547.619,,510.237975
547.790325,,510.302775
547.9085,,510.432175
548.09585,,510.4883
548.2353,,510.6703
548.354275,,510.730875
548.5238,,510.85625
548.6707,,511.00935
548.8327,,511.270175
548.99875,,511.3778
549.1848,,511.693725
549.32055,,511.933025
549.431575,,512.178775
549.583425,,513.106625
549.7031,,513.21465
549.799575,,513.3075
549.940275,,513.367725
550.06045,,513.480025
550.1926,,513.5269
550.326425,,513.56905
550.4476,,513.633075
550.5709,,513.690425
550.712525,,513.76055
550.79175,,513.817175
550.899175,,513.8701
551.011325,,513.96095
551.171475,,514.06725
551.282025,,514.24875
551.444925,,514.464275
551.579925,,514.704075
551.874825,,515.015775
552.061375,,515.10085
552.19585,,515.2679
552.2694,,515.8711
552.331875,,516.035775
552.45255,,516.0996
552.71795,,516.147475
552.9134,,516.218925
553.0314,,516.220125
553.1899,,516.26215
553.4118,,516.332225
553.549625,,516.40265
553.7467,,516.45005
553.87995,,516.49525
553.985925,,516.589375
554.1588,,516.63785
554.2616,,516.758075
554.342025,,516.798525
554.4973,,516.90615
554.64905,,517.01615
554.760825,,517.14695
554.90375,,517.26905
555.06475,,517.44095
555.28185,,517.729575
555.37455,,517.8932
555.53875,,518.009925
555.706225,,518.063675
555.808475,,518.135375
555.920125,,518.19235
556.120975,,518.2632
556.3099,,518.357475
556.565125,,518.4181
556.698875,,518.5403
556.863,,518.57875
556.99775,,518.6251
557.22965,,518.6747
557.49775,,518.762075
557.704125,,518.943775
557.9285,,519.364925
558.0985,,519.58135
558.286525,,519.6964
558.5393,,519.744875
558.735,,519.786025
558.87035,,519.8195
558.9449,,519.86455
559.083925,,519.918575
559.35535,,520.00215
559.451125,,520.107925
559.7412,,520.28805
560.0043,,520.3428
560.48045,,520.395275
560.7331,,520.461025
561.0562,,520.528425
561.188675,,520.5613
561.370125,,520.638
561.48545,,520.71915
561.6647,,520.794175
561.8025,,521.081375
561.95105,,521.90135
562.145025,,521.9495
562.25885,,522.03375
562.33365,,522.169325
562.4816,,522.2102
562.59445,,522.266475
562.791475,,522.334925
562.93155,,522.397725
563.106075,,522.510175
563.268775,,522.55745
563.44785,,522.6609
563.645775,,522.736425
563.794925,,522.79955
563.99065,,522.87025
564.195025,,522.9602
564.355525,,523.017425
564.437325,,523.06335
564.50915,,523.1398
564.914,,523.182275
565.049475,,523.249175
565.2509,,523.294975
565.381525,,523.349625
565.544875,,523.4346
566.092475,,523.48875
566.427775,,523.522925
566.72405,,523.5856
567.0655,,523.636275
567.201175,,523.664525
567.34405,,523.701325
567.54045,,523.76375
567.688575,,523.8176
567.961475,,523.873525
568.112975,,523.92485
568.249925,,523.9819
568.511925,,524.05035
569.03525,,524.0888
569.355525,,524.151025
569.474375,,524.2211
569.6387,,524.33255
569.749425,,524.438875
569.868625,,524.50385
569.963075,,524.70495
570.0591,,524.854775
570.12025,,525.411025
570.2618,,525.87525
570.387275,,525.9317
570.507675,,525.9671
570.582075,,526.0175
570.67055,,526.076125
570.761125,,526.142375
570.86735,,526.18045
571.08955,,526.237275
571.229275,,526.286025
571.3348,,526.31875
571.48325,,526.3509
571.548775,,526.3929
571.637775,,526.420575
571.823325,,526.4682
571.920725,,526.52335
571.998775,,526.56405
572.12405,,526.606925
572.2049,,526.676875
572.685,,526.733875
572.858875,,526.77485
572.973875,,526.8099
573.1017,,526.85245
573.2897,,526.933675
573.4684,,527.011825
573.61855,,527.11555
573.964925,,527.168075
574.157325,,527.205225
574.305025,,527.27695
574.4663,,527.313175
574.586675,,527.335775
574.739725,,527.3721
574.9192,,527.4118
575.15605,,527.46445
575.244625,,527.5143
575.354575,,527.58895
575.470675,,527.666175
575.59295,,527.71495
575.72065,,527.7922
575.87615,,527.849025
576.0048,,527.92045
576.11575,,527.965175
576.228125,,528.0531
576.351775,,528.4158
576.489425,,528.514425
576.628525,,528.842975
576.701725,,528.91515
576.979225,,529.163375
577.14055,,529.3349
577.24245,,529.441775
577.3393,,529.54095
577.43325,,529.61255
577.615025,,529.80115
577.703325,,530.142875
577.800375,,530.508075
577.88795,,530.893325
577.954725,,530.96505
578.01005,,531.0212
578.1064,,531.396525
578.298125,,531.431975
578.420875,,531.456325
578.522425,,531.513375
578.764525,,531.687025
578.95285,,531.75225
579.10265,,531.785625
579.317525,,531.84565
579.526525,,531.886825
579.8493,,531.944475
580.064225,,531.984775
580.21625,,532.022975
580.379175,,532.073175
580.5138,,532.13195
580.6841,,532.159575
580.802975,,532.204825
580.931975,,532.244525
581.0402,,532.272725
581.163425,,532.307675
581.255625,,532.346075
581.33125,,532.39765
581.49875,,532.44895
581.605175,,532.5024
581.7335,,532.5687
581.80105,,532.621525
581.930875,,532.654325
582.00045,,532.6877
582.1326,,532.7125
582.235775,,532.74605
582.344975,,532.777275
582.569925,,532.817325
582.719825,,532.863475
582.80075,,532.898175
582.946375,,532.933025
583.041575,,532.96895
583.401075,,533.01645
583.80765,,533.08405
583.9867,,533.1137
584.1719,,533.1621
584.372275,,533.24905
584.66875,,533.3264
584.810375,,533.397125
584.920675,,533.475275
585.0168,,533.518575
585.152,,533.57215
585.34795,,533.620525
585.5422,,533.675425
585.66305,,533.7219
585.754975,,533.7811
585.938925,,534.109025
586.03695,,534.216625
586.1096,,534.46765
586.2394,,534.61995
586.336275,,535.050875
586.5864,,535.10925
586.7567,,535.157525
586.884725,,535.23385
587.018375,,535.54545
587.1186,,535.65165
587.205825,,535.812825
587.339725,,536.12795
587.48985,,536.25025
587.63905,,536.31285
587.719475,,536.3652
587.87775,,536.4314
587.95665,,536.53055
588.03935,,536.58075
588.192925,,536.618125
588.43895,,536.65255
588.595975,,536.69385
588.8329,,536.752875
588.946975,,536.794275
589.116475,,536.82855
589.362575,,536.869075
589.663525,,536.892125
589.922525,,536.9573
590.0761,,536.9855
590.2994,,537.098125
590.43105,,537.199
590.626025,,537.24835
590.881125,,537.31975
591.072525,,537.371025
591.224525,,537.4183
591.44765,,537.544
591.749825,,537.6007
591.8889,,537.706925
591.99585,,537.7755
592.105025,,537.8197
592.227225,,537.859075
592.3637,,537.909275
592.49835,,537.964025
592.5899,,538.08185
592.7,,538.229175
592.84125,,538.30055
593.023925,,538.340025
593.135375,,538.383175
593.51145,,538.42775
593.7642,,538.548325
593.91805,,538.6537
594.05535,,538.9351
594.2359,,539.06455
594.4135,,539.245725
594.61115,,539.692725
594.72105,,541.229475
594.888625,,541.354525
595.2458,,542.319025
595.437075,,542.368375
595.613175,,542.4061
595.77555,,542.464525
595.97045,,542.55795
596.099925,,542.6099
596.2417,,542.651325
596.345825,,542.68605
596.451075,,542.77615
596.552825,,542.8343
596.674275,,542.881075
596.745175,,542.9147
596.812625,,542.966025
596.86235,,543.004075
596.982275,,543.048
597.1011,,543.095625
597.15405,,543.157975
597.218775,,543.1963
597.295875,,543.243975
597.411275,,543.2709
597.566775,,543.3362
597.69165,,543.364875
597.902825,,543.406925
598.0692,,543.4786
598.195725,,543.523275
598.34585,,543.5625
598.447075,,543.5968
598.552625,,543.6402
598.73305,,543.672725
598.89205,,543.714425
599.011075,,543.756175
599.091075,,543.7831
599.1859,,543.822425
599.230075,,543.912675
599.5796,,543.993
599.7269,,544.06935
599.89765,,544.1492
600.104725,,544.21755
600.28005,,544.26935
600.72915,,544.3657
601.017675,,544.416625
,,544.512725
,,545.7781
,,546.71165
,,547.17215
,,547.266625
,,547.3062
,,547.337575
,,547.375425
,,547.40205
,,547.483925
,,547.5188
,,547.5492
,,547.599375
,,547.686775
,,547.7853
,,547.84745
,,547.874325
,,547.8999
,,547.927925
,,548.008225
,,548.03695
,,548.140025
,,548.1971
,,548.250175
,,548.29675
,,548.341875
,,548.391925
,,548.426725
,,548.48445
,,548.530425
,,548.581125
,,548.660575
,,548.715925
,,548.751125
,,548.7943
,,548.837475
,,548.884825
,,548.92185
,,548.95765
,,549.01235
,,549.09005
,,549.1548
,,549.202575
,,549.2605
,,549.312025
,,549.452175
,,550.335975
,,551.39945
,,551.46755
,,551.519325
,,551.558625
,,551.586725
,,551.633325
,,551.66735
,,551.7448
,,551.78015
,,551.811
,,551.842825
,,551.8756
,,551.906225
,,551.952825
,,551.9898
,,552.026775
,,552.056275
,,552.109625
,,552.1771
,,552.199675
,,552.2361
,,552.2651
,,552.378775
,,552.441075
,,552.51735
,,552.602475
,,552.717725
,,552.8139
,,552.922625
,,554.616625
,,555.873925
,,555.99115
,,556.108925
,,556.203875
,,556.2638
,,556.297525
,,556.338575
,,556.35985
,,556.38015
,,556.40985
,,556.4412
,,556.47005
,,556.508175
,,556.544225
,,556.5901
,,556.660575
,,556.738775
,,556.7604
,,556.7952
,,556.816675
,,556.8529
,,556.87745
,,556.906825
,,556.943875
,,556.9792
,,557.0187
,,557.079225
,,557.133125
,,557.167475
,,557.202725
,,557.2286
,,557.292125
,,557.333625
,,557.354475
,,557.3878
,,557.4758
,,557.567325
,,557.676925
,,557.859575
,,557.982225
,,558.2508
,,558.5003
,,558.6367
,,559.12135
,,559.18525
,,559.249925
,,559.293575
,,559.36805
,,559.410125
,,559.4551
,,559.522325
,,559.590475
,,559.644875
,,559.678325
,,559.747225
,,559.83005
,,559.925875
,,560.032225
,,560.08475
,,560.180525
,,560.2914
,,560.3905
,,560.947275
,,561.169775
,,561.52115
,,562.096625
,,562.4091
,,562.449375
,,562.482175
,,562.516
,,562.5499
,,562.5745
,,562.601225
,,562.62175
,,562.640725
,,562.67065
,,562.731775
,,562.759925
,,562.78875
,,562.85085
,,562.88855
,,562.92785
,,563.008675
,,563.055775
,,563.0894
,,563.139625
,,563.17365
,,563.200525
,,563.23915
,,563.294375
,,563.32605
,,563.377175
,,563.405225
,,563.441725
,,563.472
,,563.547
,,563.593325
,,563.6343
,,563.7389
,,563.7714
,,563.84305
,,563.9098
,,563.948325
,,563.982575
,,564.043425
,,564.208725
,,564.3673
,,564.4779
,,564.541925
,,564.597275
,,564.7127
,,564.7779
,,564.8746
,,564.947725
,,565.0926
,,565.2549
,,565.43995
,,565.5896
,,565.627675
,,565.663075
,,565.70165
,,565.723475
,,565.771675
,,565.823775
,,565.8454
,,565.8764
,,565.91685
,,565.989875
,,566.031425
,,566.0553
,,566.08755
,,566.11195
,,566.1467
,,566.17605
,,566.218325
,,566.258825
,,566.307725
,,566.371
,,566.436425
,,566.4925
,,566.5677
,,566.61995
,,566.689175
,,566.746675
,,566.851275
,,566.959325
,,567.021625
,,567.1342
,,567.241225
,,567.313875
,,567.363775
,,567.3767
,,567.398225
,,567.5432
,,567.5798
,,567.71355
,,567.750725
,,567.835575
,,568.010625
,,568.088875
,,568.169625
,,568.253775
,,568.386425
,,568.469425
,,568.50345
,,568.5812
,,568.664925
,,568.82615
,,568.89685
,,568.9785
,,569.07005
,,569.181775
,,569.557175
,,569.736725
,,570.9808
,,571.106775
,,571.294725
,,571.366375
,,571.99505
,,572.304475
,,572.349025
,,572.4198
,,572.451275
,,572.477875
,,572.502
,,572.535225
,,572.567575
,,572.61325
,,572.6521
,,572.67835
,,572.72405
,,572.796075
,,573.011625
,,573.086475
,,573.311725
,,573.36655
,,573.404575
,,573.48915
,,573.51195
,,573.535475
,,573.562875
,,573.5939
,,573.6345
,,573.663825
,,573.705775
,,573.743875
,,573.803975
,,573.842075
,,573.894825
,,573.92125
,,573.9621
,,574.030075
,,574.064125
,,574.139525
,,574.177725
,,574.261475
,,574.37415
,,574.5145
,,574.579375
,,574.63505
,,574.72655
,,574.842475
,,574.898325
,,575.19935
,,575.3518
,,575.515575
,,575.688625
,,576.08715
,,576.2308
,,576.99855
,,578.147025
,,578.263025
,,578.412275
,,578.483525
,,578.52275
,,578.557825
,,578.595225
,,578.698825
,,578.7389
,,578.78995
,,578.84165
,,578.903475
,,578.92845
,,578.996275
,,579.022875
,,579.110225
,,579.212175
,,579.249825
,,579.3071
,,579.346075
,,579.3836
,,579.47205
,,579.612575
,,579.659625
,,579.745
,,579.99715
,,580.07025
,,580.12775
,,580.452275
,,580.524175
,,581.20825
,,583.0169
,,583.108575
,,583.14635
,,583.208475
,,583.287225
,,583.372675
,,583.415975
,,583.5103
,,583.5741
,,583.66735
,,583.7354
,,583.852275
,,583.8986
,,583.9727
,,584.0747
,,584.2119
,,584.274675
,,584.486625
,,584.824525
,,585.366675
,,587.03775
,,588.19165
,,588.236525
,,588.291825
,,588.35565
,,588.4766
,,588.52325
,,588.570075
,,588.590125
,,588.6005
,,588.614225
,,588.65275
,,588.68555
,,588.745025
,,588.806475
,,588.856625
,,588.9012
,,588.942225
,,588.994375
,,589.023925
,,589.05975
,,589.10915
,,589.1648
,,589.3244
,,589.4107
,,589.482625
,,589.512925
,,589.608375
,,589.628325
,,589.656225
,,589.73435
,,589.77
,,589.8202
,,589.8671
,,589.974825
,,590.016225
,,590.069925
,,590.1098
,,590.2385
,,590.27275
,,590.307975
,,590.3351
,,590.384525
,,590.464725
,,590.503725
,,590.5681
,,590.626325
,,590.690675
,,590.736525
,,590.9581
,,591.0502
,,591.292825
,,592.8015
,,593.0236
,,593.817725
,,593.94655
,,594.01775
,,594.061675
,,594.1939
,,594.27535
,,594.32845
,,594.418125
,,594.484575
,,594.5403
,,594.5929
,,594.707625
,,594.759975
,,594.795625
,,594.8424
,,594.87535
,,594.907075
,,594.95505
,,595.0048
,,595.047125
,,595.131125
,,595.194325
,,595.26205
,,595.3414
,,595.3876
,,595.45385
,,595.518775
,,595.5795
,,595.62535
,,595.7055
,,595.759175
,,595.804775
,,595.855675
,,595.890325
,,595.951875
,,595.980675
,,596.091325
,,596.141125
,,596.2157
,,596.26725
,,596.338225
,,596.3864
,,596.45035
,,596.5164
,,596.598775
,,596.66755
,,596.777125
,,597.0097
,,597.149275
,,597.257425
,,599.9537
,,600.01315
,,600.0633
,,600.10315
,,600.159775
,,600.19425
,,600.269125
,,600.334075
,,600.436675
,,600.522675
,,600.56585
,,600.6047
,,600.633175
,,600.702
,,600.73985
,,600.784225
,,600.85805
,,600.909225
,,600.9457
,,600.970025
,,601.006075
,,601.053975
