SPK_SPKC12a,SPK_SPKC13a,SPK_SPKC15a
0.0877,0.046125,0.00175
0.56005,0.080125,0.1742
0.846575,0.087725,0.1794
1.092675,0.10495,0.258975
1.413375,0.1138,0.28855
1.9709,0.40165,0.301325
2.06845,0.49375,0.30285
2.13645,0.50785,0.3082
2.175575,0.573275,0.330625
2.33095,0.641275,0.33945
2.57425,0.708225,0.3463
2.939075,0.74025,0.350225
3.320675,0.819975,0.735275
3.52725,0.887925,0.74705
3.582975,0.940775,0.793075
3.591025,0.954325,0.87565
3.922375,0.960975,0.8915
4.0166,0.969975,0.921575
4.14345,0.97705,0.95155
4.161825,0.9796,0.97355
4.411425,1.05415,1.17495
4.474875,1.0838,1.293525
4.4817,1.174575,1.332175
4.741175,1.2293,1.714725
4.832775,1.333,1.85405
5.084425,1.3493,2.35455
5.496425,1.58985,2.375825
5.5694,1.82775,2.43455
5.618025,1.896275,2.532275
5.740275,1.970975,2.57895
5.76045,2.086075,2.584975
6.194825,2.2565,2.6018
6.21615,2.261825,2.608175
6.4058,2.271025,2.627725
6.63615,2.291275,2.95
7.224375,2.311825,3.133775
7.225825,2.34085,3.157425
7.513,2.3541,3.3877
7.63675,2.357075,3.63825
7.80175,2.363775,3.8749
7.9833,2.4801,4.156675
8.11145,2.496625,4.255475
8.23965,2.50465,4.4495
8.495675,2.5432,4.7986
8.71755,2.548125,4.8289
8.771825,2.665525,4.83235
9.02535,2.722775,4.84765
9.208825,2.7687,4.862775
9.301,2.803425,4.8763
9.571675,2.904,4.95155
9.7014,2.91395,4.95935
10.35085,2.955625,5.0366
10.6459,2.963125,5.0573
11.362375,2.969225,5.109225
11.685925,3.001575,5.1129
11.79725,3.020775,5.150525
11.8765,3.05915,5.44775
11.962375,3.187375,5.593
11.98135,3.227475,5.708525
12.141825,3.296525,5.80715
12.420125,3.325225,6.094425
13.395475,3.381075,6.202275
13.49405,3.39655,6.36
13.606325,3.418175,6.67475
13.732525,3.522275,7.059975
13.7473,3.533375,7.1218
14.3269,3.536125,7.17455
15.06435,3.575625,7.2061
15.18645,3.583025,7.23975
15.315675,3.58445,7.291475
15.391675,3.59095,7.453325
15.43935,3.605975,7.549125
15.46735,3.659725,7.613175
15.58015,3.672175,7.6661
15.6012,3.679325,7.68145
15.684425,3.72975,7.732025
15.78065,3.8086,7.7558
16.78155,3.858825,7.7731
16.878825,3.90735,7.8402
17.278675,4.105375,8.002125
17.436575,4.109975,8.0061
17.961875,4.1541,8.01275
18.385575,4.164875,8.35835
18.953125,4.1692,8.394475
19.3886,4.1965,8.576525
19.628775,4.2056,8.94665
19.9321,4.2333,9.139775
19.99715,4.2814,9.5945
20.04165,4.2862,9.683325
20.103375,4.321925,9.693425
20.3053,4.399975,9.694425
20.678775,4.417525,9.78185
20.82865,4.46545,9.93395
20.9154,4.47235,10.16045
21.106825,4.603375,10.4086
21.1675,4.720725,11.190275
21.2676,4.839425,11.700525
21.286625,4.907175,11.836225
21.5457,4.926775,12.051425
21.79815,4.93495,12.313825
21.8948,4.9589,13.007175
22.0123,4.967925,13.16205
22.033375,5.0447,13.63575
22.151725,5.062375,13.742825
22.15605,5.1475,13.843525
22.184025,5.16175,14.569625
22.222575,5.1761,14.639325
22.42495,5.215575,14.74805
22.68675,5.29935,15.0665
23.388375,5.3977,15.11885
23.396825,5.39895,15.3952
23.64405,5.531575,15.449925
23.676525,5.551625,15.4866
23.727725,5.56055,15.5353
23.90335,5.573025,15.552825
24.08415,5.614925,15.6791
24.186925,5.61795,15.6819
24.3294,5.68295,15.7048
24.601275,5.7218,15.7431
25.0908,5.74025,15.83115
25.200725,5.848275,16.006475
25.296175,5.8962,16.2959
25.381425,5.9132,16.56935
26.2232,6.087075,16.831825
26.352125,6.09075,17.1686
26.379025,6.10505,18.020925
26.697725,6.127,18.3706
26.73655,6.169175,18.490025
26.8345,6.2641,18.6514
26.856675,6.2871,18.809525
26.94345,6.298425,19.097325
27.586875,6.36285,19.201525
27.9961,6.381,19.212825
28.08765,6.46695,19.657975
28.2434,6.481175,19.678375
28.40225,6.675025,20.1346
28.446875,6.8439,20.170325
28.49995,6.917675,20.180575
28.668425,7.0583,20.183125
28.8745,7.291925,20.52135
29.05375,7.3351,20.57615
29.25015,7.449225,20.629725
29.537675,7.486575,20.65875
30.514625,7.585775,20.894
30.575775,7.596125,20.9295
30.68045,7.626275,21.12305
30.7538,7.645875,21.79075
31.095975,7.709975,22.30915
31.2244,7.755725,22.346975
31.254425,7.91285,22.376325
31.728125,7.942275,22.63775
31.815775,7.997275,22.754125
31.927275,8.051,22.7664
32.2038,8.1114,22.963775
32.402575,8.11475,23.002025
32.48125,8.177425,23.05965
32.922025,8.256375,23.0675
33.20365,8.2887,23.3031
33.2572,8.312075,23.4359
33.2819,8.371975,23.438225
33.694825,8.422225,23.710875
34.00045,8.433125,23.742925
34.10335,8.53125,24.499625
34.151575,8.671625,24.75545
34.37975,8.67635,24.97725
34.492975,8.7176,25.2418
34.80155,8.8026,25.2913
34.87485,8.933025,25.340525
34.9072,8.984975,25.34875
35.059475,9.078575,25.351125
35.108075,9.135025,25.4082
35.425625,9.172275,25.607675
35.46195,9.239225,26.641425
35.50845,9.332825,26.658075
35.529475,9.370675,26.670875
35.6432,9.379675,27.083225
36.281775,9.46575,28.940775
36.32975,9.51595,29.162275
36.835625,9.5859,29.394575
36.8631,9.669175,29.4722
36.884175,9.685175,29.55175
36.906825,9.698675,29.9856
37.074675,9.717125,30.099175
37.09905,9.735975,30.10745
37.53555,9.739,30.180675
37.571025,9.784,30.2096
37.636975,9.8354,30.408025
37.764675,9.847675,30.645275
37.973975,10.04655,30.8889
38.135775,10.125975,31.011225
38.3798,10.151875,31.14065
38.88695,10.18325,31.311775
39.22815,10.2817,31.61215
39.525875,10.405925,32.083575
39.5588,10.430725,32.3046
40.01795,10.489825,32.320725
40.06025,10.493625,32.719575
40.187725,10.496,32.830425
40.199425,10.606125,33.5034
40.2067,10.683075,34.453575
40.532575,10.722125,34.771875
40.8961,10.748925,34.833775
40.9319,10.765875,34.897325
41.1479,10.7986,35.4167
41.4734,10.904125,35.4627
41.480175,11.025575,35.502825
41.5732,11.042625,35.79205
41.589925,11.059275,35.989625
41.8842,11.159975,36.239575
41.9007,11.2397,36.841675
42.285825,11.40295,36.935175
42.3794,11.534775,37.017025
42.7637,11.55285,37.0399
42.79185,11.5917,37.094825
43.06475,11.7912,37.20595
43.081625,11.921675,37.2265
43.099425,11.9366,37.39205
43.14555,12.11345,37.451125
43.214725,12.241825,37.590425
43.217625,12.30515,37.69645
43.230375,12.4067,37.7175
43.729775,12.475625,38.225975
43.87785,12.505275,38.38895
44.059225,12.5097,38.5034
44.3821,12.703525,38.520875
44.44555,12.73735,39.10385
44.6627,12.75295,39.210925
44.8086,12.857475,39.358325
44.9591,12.9188,39.687
45.00175,12.92575,40.0076
45.088775,12.9854,40.52025
45.121125,13.0255,40.6127
45.689175,13.2991,40.72855
45.712425,13.35985,40.813925
45.725425,13.39295,40.8828
46.39905,13.4939,40.9403
46.42625,13.503125,40.95235
46.598175,13.566525,41.103275
46.71575,13.57885,41.13025
46.8123,13.60825,41.187575
46.874575,13.6102,41.2235
47.048275,13.74415,41.256675
47.2721,13.77225,41.33775
47.809975,13.78285,41.342575
48.231125,13.96585,41.35885
48.33395,14.010825,41.405725
48.370575,14.059325,41.566925
48.4128,14.114475,41.667675
48.4362,14.138875,41.833875
48.454525,14.162025,42.0016
48.557975,14.201425,42.05405
48.610175,14.2265,42.29915
48.723575,14.391025,42.310425
48.878625,14.66215,42.75735
48.990575,14.68255,43.138775
49.28995,14.78425,43.19225
49.293125,14.8357,43.26775
49.350725,14.903025,43.673825
49.446175,15.186575,43.8883
49.636425,15.263325,43.8944
49.680575,15.53515,43.911375
49.713575,15.58015,43.953775
49.75485,15.6955,44.3645
49.810225,15.697,44.7572
49.84135,15.79755,44.848225
49.860675,15.9862,44.93005
49.87495,16.102925,45.00475
49.953125,16.105375,45.1044
49.96695,16.20325,45.15095
50.091575,16.27145,45.21435
50.168725,16.33325,45.303975
50.316175,16.368975,45.45945
50.398325,16.38095,45.60055
50.486825,16.38225,45.7123
50.510925,16.49095,45.71955
50.5882,16.525125,45.7919
50.6277,16.674875,46.4714
51.53265,16.77675,46.65095
51.820175,16.790625,46.8722
51.887225,16.79745,47.010375
52.026975,16.802975,47.0933
52.0466,16.81585,47.2052
52.210575,16.86905,47.417
52.396375,16.882225,47.5457
52.43115,16.971475,47.624575
52.536975,16.98435,47.643425
52.63315,17.09775,47.88395
52.666675,17.107725,47.982075
52.711325,17.124575,48.15045
52.737075,17.2392,48.3996
53.048725,17.250425,48.774525
53.14275,17.558325,48.83505
53.318225,17.69125,49.122975
53.330475,17.80795,49.15115
53.505625,17.834475,49.238625
53.53615,17.870175,49.29815
53.67835,17.9141,49.343575
53.700375,17.928925,49.375075
53.702625,17.98825,49.8738
53.7118,18.04005,50.1624
53.806,18.152425,50.16915
53.895075,18.222,50.25125
53.911625,18.235075,50.264675
54.200025,18.329025,50.2848
54.34355,18.3468,50.336475
54.356275,18.376725,50.584475
54.37615,18.512025,51.02355
54.4574,18.60025,51.5792
54.51215,18.660575,51.62905
54.5512,18.669825,51.697525
54.5619,19.02925,51.7499
54.594375,19.04245,52.091275
54.630525,19.08985,52.625075
54.64335,19.1665,52.805175
54.827225,19.257925,52.984675
54.91815,19.352675,53.070575
54.97805,19.39925,53.4128
55.060375,19.479375,53.50065
55.17365,19.5078,53.514775
55.3875,19.54925,53.525125
55.61305,19.5819,53.595425
55.632675,19.63205,53.721675
55.750525,19.677025,53.777825
55.83395,19.705475,53.826975
56.0122,19.7291,53.95325
56.083125,19.784875,54.01885
56.158975,19.848625,54.033425
56.213625,19.94755,54.176325
56.34145,20.00665,54.2757
56.41695,20.01005,54.3288
56.451225,20.06355,54.50745
56.52465,20.06715,54.570825
56.665125,20.071825,54.595175
56.69415,20.1062,54.6127
56.71485,20.169125,54.661825
56.825575,20.1906,55.010525
56.90625,20.2027,55.0147
57.281725,20.237175,55.0204
57.40645,20.3089,55.27565
57.544975,20.39855,55.379875
57.579075,20.44005,55.6571
57.754,20.50035,56.0504
57.7806,20.697675,56.122525
57.7884,20.73815,56.2169
57.8769,20.74855,56.367475
58.1447,20.7721,56.42435
58.3237,20.96065,56.652025
58.35485,20.9868,56.8844
58.3751,21.000225,57.792225
58.417725,21.024,57.844875
58.439775,21.04225,58.0063
58.660475,21.0581,58.34385
58.782725,21.106675,58.3556
58.8049,21.130375,58.450325
58.8549,21.266525,58.873525
59.492675,21.286675,58.893125
59.533725,21.378875,58.91395
59.59585,21.4354,59.360625
59.845675,21.4516,59.634225
59.955475,21.530075,59.72015
60.03425,21.5499,59.7325
60.1186,21.558375,60.1462
60.2049,21.65975,60.258375
60.206225,21.68035,60.302125
60.3843,21.69865,60.3532
60.51035,21.718875,60.6178
60.645475,21.77315,60.651475
60.7502,21.8163,60.67115
61.19355,21.887425,60.67635
61.220075,21.990625,60.689375
61.221875,22.07235,60.693225
61.533875,22.12455,61.06535
61.540975,22.1913,61.141325
61.608625,22.283375,61.17005
61.764225,22.3554,61.2494
61.8331,22.428725,61.543775
61.915925,22.495875,61.5808
61.950625,22.7175,61.735225
61.959225,22.734575,61.7745
62.02025,22.7635,61.863775
62.0855,22.8257,61.975175
62.263725,22.857875,61.977575
62.45955,22.8962,62.034925
62.748925,22.919975,62.067
62.762675,22.94725,62.09
62.796875,23.0348,62.15495
62.846475,23.1096,62.244
62.866225,23.184,62.259275
62.875175,23.256425,62.37045
62.96055,23.33375,62.61765
62.998275,23.3433,62.7043
63.042725,23.3699,62.766425
63.068825,23.397075,62.91225
63.238625,23.4089,62.9237
63.260375,23.635025,63.002375
63.4219,24.05575,63.0323
63.4656,24.09465,63.086925
63.608125,24.167025,63.4678
63.6775,24.200925,63.492475
63.968225,24.229425,63.49425
64.10155,24.23075,63.53815
64.137375,24.3365,63.6049
64.350475,24.435975,63.785675
64.414575,24.507875,63.966225
64.448625,24.64105,63.982975
64.6793,24.929625,64.0099
64.731725,25.04645,64.01415
65.0216,25.111525,64.017625
65.026775,25.1973,64.0364
65.043775,25.20065,64.068525
65.3721,25.214475,64.20475
65.44275,25.260225,64.28505
65.49185,25.288175,64.737525
65.564625,25.2917,64.77445
65.840625,25.3203,65.022475
66.179175,25.34935,65.037925
66.450025,25.377275,65.4179
66.5105,25.378475,65.6527
66.52615,25.4201,65.840525
66.583325,25.42315,65.950575
66.591875,25.450825,66.0034
67.264825,25.58425,66.2095
67.316225,25.607425,66.247625
67.3968,25.647275,66.4235
67.4312,25.80815,66.46815
67.82935,26.0016,66.615875
67.999275,26.1996,66.705575
68.0436,26.309675,66.742475
68.060025,26.3652,67.177675
68.08615,26.4128,67.4285
68.12985,26.505225,67.5906
68.13405,26.562425,67.7225
68.341375,26.576725,67.928325
68.5262,26.6894,68.029425
68.67295,26.808275,68.2454
68.98845,26.8176,68.53585
69.21475,26.844625,68.8012
69.6532,26.972375,68.9262
69.706125,27.009775,69.104325
70.20495,27.102475,69.229425
70.303875,27.2085,69.62365
70.803,27.264175,69.753575
70.8931,27.3378,69.86575
70.942075,27.347725,70.33355
71.0843,27.495675,70.359875
71.358425,27.529925,70.392675
71.40145,27.5437,70.681225
71.467475,27.54865,71.025925
71.607125,27.564725,71.099325
71.796075,27.783475,71.160075
71.964175,27.794675,71.2211
72.038625,27.8205,71.31225
72.1085,28.113425,71.331175
72.164325,28.138375,71.344925
72.200575,28.1488,71.646475
72.370825,28.26835,71.909225
72.423575,28.48315,71.96115
73.198425,28.6063,71.982775
73.3153,28.66055,72.316825
73.541125,28.676425,72.331975
74.04525,28.685825,72.4661
74.099025,28.785325,72.69565
74.24065,28.86045,73.3878
74.27045,28.94985,73.4172
74.31195,28.9589,73.551725
74.501325,29.025975,73.690975
74.657525,29.0752,73.7516
74.7042,29.120875,74.730825
74.804975,29.254125,74.761775
74.87785,29.288625,74.787775
74.973925,29.401175,75.16435
75.285825,29.40835,75.304925
75.290675,29.4872,75.48035
75.3436,29.49355,75.5772
75.3583,29.52265,75.62355
75.361225,29.552325,75.903075
75.443525,29.626375,76.140625
75.54795,29.8583,76.253525
75.594175,29.937775,76.764525
75.880325,29.9533,76.774725
76.0526,29.972925,76.888
76.089275,30.02335,76.968825
76.123875,30.07295,77.083575
76.13155,30.0878,77.126875
76.1453,30.15405,77.199425
76.178825,30.226975,77.956425
76.58525,30.387825,77.97095
76.634175,30.49745,78.208725
76.68405,30.514625,78.3241
76.77505,30.536125,78.32805
76.78875,30.5562,78.34465
76.81075,30.5597,78.35895
77.0193,30.585575,78.809975
77.07735,30.59525,78.889175
77.118975,30.617875,79.47
77.12855,30.645925,79.478075
77.220775,30.6561,79.4978
77.23705,30.68395,79.74835
77.6828,30.768,79.92595
78.26045,30.930125,79.985425
78.343325,31.013925,80.23045
78.368875,31.0184,80.319175
78.532625,31.021375,80.35915
78.796925,31.031825,80.413475
78.871975,31.14435,80.568925
78.9015,31.196925,80.69065
79.039925,31.2564,80.75105
79.051625,31.29315,80.87345
79.296575,31.34905,80.953325
79.301825,31.4803,80.969225
79.363575,31.49145,81.042575
79.365825,31.57355,81.13645
79.59055,31.65065,81.32195
79.63385,31.81325,81.3398
79.826975,31.86345,81.360925
79.9002,32.004175,81.3857
79.925925,32.07145,81.416975
79.94685,32.1521,81.49125
79.97965,32.219475,81.586025
79.986775,32.2276,81.62505
80.022325,32.34105,81.62925
80.09945,32.3441,81.65375
80.113775,32.3915,81.671175
80.1639,32.449075,81.758025
80.213475,32.57685,82.03465
80.273025,32.586025,82.037975
80.2865,32.6358,82.20915
80.291475,32.7212,82.41915
80.408,32.738175,82.660225
80.433525,32.762575,83.1702
80.47565,32.97785,83.44385
80.50975,32.996975,83.448725
80.641475,33.104675,83.9871
80.87945,33.1736,84.39375
80.909225,33.2143,84.898025
80.926675,33.2938,85.27515
80.987975,33.3491,85.329925
81.05155,33.43875,85.37335
81.0723,33.50685,85.39145
81.1177,33.70185,85.487975
81.130025,33.727825,85.5452
81.20305,33.81865,85.70315
81.2602,33.957325,85.725875
81.28575,33.98435,85.967875
81.301,34.03845,86.0193
81.33035,34.0479,86.320375
81.352175,34.0608,87.495775
81.380725,34.1107,87.751875
81.49435,34.20935,87.86415
81.5256,34.260325,87.947175
81.542075,34.2646,87.973925
81.56595,34.3188,88.337775
81.575375,34.379775,88.69145
81.597075,34.433375,88.733825
81.643525,34.710875,88.8596
81.703125,34.712375,89.333275
81.782525,34.722225,89.47705
81.834075,34.762375,89.515825
81.86925,34.840575,89.654425
81.983075,34.973925,90.1667
81.9956,34.9786,90.248025
82.3254,35.08675,90.375575
82.43045,35.202575,90.698775
82.48775,35.295575,90.8771
82.571625,35.3414,90.907675
82.653725,35.402375,91.05255
82.7557,35.580925,91.375425
82.80185,35.6773,92.07655
82.9858,35.776,92.088925
83.01925,35.815125,92.13395
83.13565,35.861875,92.28795
83.155275,35.880325,92.4053
83.1931,35.90585,92.494875
83.25215,35.931625,93.0246
83.34095,35.97255,93.050675
83.3854,36.198925,93.07325
83.40145,36.291175,93.11405
83.435775,36.305375,93.239275
83.476425,36.33835,93.3174
83.49595,36.358075,93.47805
83.593375,36.369425,93.499525
83.839,36.3863,93.543275
83.866775,36.3949,93.5965
83.94085,36.5064,93.739175
83.957225,36.567325,93.752925
83.965925,36.570725,93.892525
84.197425,36.606325,93.9595
84.38865,36.826075,94.001175
84.546375,36.859225,94.0909
84.6113,36.869325,94.1338
84.6628,36.8794,94.38625
84.6993,36.91575,94.5262
84.70385,36.93875,94.646875
84.83815,36.985725,94.726
85.280675,37.0824,94.78895
85.285125,37.11775,95.11785
85.336925,37.12,95.163075
85.44675,37.2497,95.560825
85.452125,37.55015,96.5498
85.567225,37.703675,97.30695
85.7415,37.7279,97.44015
85.874975,37.76455,97.48035
85.892475,37.784325,97.484475
85.94655,37.7989,97.622125
86.005725,37.932125,97.643625
86.02735,37.9459,97.6667
86.15835,38.0361,97.8766
86.2447,38.061375,97.893175
86.311325,38.066375,98.1177
86.437875,38.081325,98.29
86.491975,38.1261,98.425375
86.656825,38.16155,98.611775
86.738875,38.3289,99.227975
86.84535,38.350325,99.245725
86.898775,38.35405,99.5636
86.9618,38.3772,99.902975
87.4682,38.56415,99.956625
87.56515,38.651875,100.463475
87.708375,38.668,100.5946
88.0358,38.69225,100.6038
88.1061,38.706475,100.8078
88.257425,38.96225,100.974625
88.363675,38.975675,101.407
88.4048,39.04635,101.44395
88.520975,39.06305,102.24435
88.5496,39.069875,102.2649
88.682075,39.111,102.611175
88.707875,39.12925,102.620375
88.7228,39.186975,102.63425
88.731825,39.281575,102.703225
88.80695,39.327075,102.73795
88.814575,39.4552,102.8661
88.979925,39.674375,102.90435
89.14085,39.68285,103.01755
89.15775,39.9334,103.055025
89.248625,39.999775,103.06265
89.286,40.008225,103.074725
89.353675,40.0293,103.215675
89.36535,40.03285,103.405725
89.3912,40.044525,103.5914
89.399325,40.144175,103.752875
89.415675,40.15635,103.782475
89.42835,40.190275,103.7903
89.4373,40.1943,103.993025
89.4703,40.250225,104.543425
89.4767,40.35855,105.211725
89.4947,40.51045,105.264475
89.51695,40.56895,105.277525
89.79505,40.6048,105.30075
90.15605,40.696325,105.3591
90.302025,40.70985,105.419575
90.3209,40.7323,105.5319
90.414525,40.779675,105.642775
90.5348,40.801125,105.661625
90.572,40.8565,105.974475
90.656425,40.89485,106.037825
90.855225,40.90435,106.421075
90.902825,40.9628,106.44155
90.9184,40.98605,106.821725
91.13405,41.01025,107.319925
91.30785,41.03575,107.39375
91.436175,41.0437,107.8409
91.484475,41.116675,107.9979
91.496625,41.1198,108.148475
91.511025,41.14345,108.35205
91.580475,41.19055,108.39715
91.630875,41.198225,108.4448
91.657625,41.2232,108.467225
91.78265,41.240625,108.70555
91.855875,41.314525,108.726
91.86905,41.35295,108.96235
91.909475,41.354925,109.106175
92.162425,41.36005,109.13515
92.25375,41.37015,109.175975
92.346775,41.376825,109.313375
92.358175,41.500475,109.367125
92.629475,41.515575,109.433325
92.6452,41.55435,109.58635
92.655775,41.565025,109.617425
92.706175,41.5672,109.661425
92.72675,41.647275,109.938725
92.752125,41.726875,109.992525
92.94015,41.746325,110.407575
92.949475,41.8081,110.58125
92.9643,41.851725,110.914525
92.988075,41.85695,111.073375
93.036175,41.8691,111.19935
93.2141,41.882075,111.447725
93.221225,41.88425,111.887
93.232625,41.9027,111.928825
93.374325,42.01355,112.010925
93.4768,42.287525,112.073375
93.56785,42.3552,112.2897
93.589675,42.35715,112.311175
93.6735,42.37365,112.5169
93.7238,42.377,113.072075
93.8556,42.3976,113.29395
93.95865,42.553275,113.36275
93.9735,42.630975,113.430825
94.007875,42.65865,113.4788
94.0108,42.713875,113.63115
94.030625,42.756975,113.708525
94.503925,42.7712,114.080775
94.56395,42.80805,114.2015
94.64915,42.869875,114.25945
94.738325,43.039,114.388525
94.74755,43.074925,114.44535
94.769575,43.096,114.53755
94.7891,43.13945,114.767975
94.882425,43.230425,114.836675
94.9785,43.273175,115.2325
94.982075,43.2924,115.256725
95.126125,43.297975,115.284325
95.31555,43.351625,115.44555
95.352575,43.355225,115.558775
95.553325,43.377925,115.61015
95.646775,43.42925,115.625225
95.8536,43.451375,116.17375
96.259825,43.592675,116.33185
96.4318,43.623175,116.6385
96.485425,43.713675,116.65395
96.55725,43.72105,116.68985
96.634275,43.834425,116.838325
96.73315,43.845125,116.964075
96.901375,43.869025,117.184075
97.009175,44.047425,117.306525
97.01545,44.1702,117.328525
97.10945,44.321425,117.418875
97.1943,44.330625,117.6416
97.197575,44.347275,117.68325
97.204,44.427025,118.1124
97.2137,44.4455,118.15635
97.247575,44.4643,118.33895
97.277725,44.48645,118.345575
97.344725,44.559175,118.665025
97.355025,44.573225,118.6927
97.36325,44.602375,118.745925
97.716675,44.65845,118.7736
97.7505,44.684875,118.9752
97.840625,44.790675,118.990625
97.935425,44.819375,119.061075
98.02225,44.834775,119.3261
98.089175,44.90205,119.775325
98.135275,44.9499,119.828025
98.455425,45.0888,120.047825
98.5982,45.1047,120.32105
98.6021,45.148525,120.41905
98.728075,45.24115,120.545475
98.763425,45.2885,120.56755
98.975225,45.321175,120.78775
99.257925,45.377625,121.001725
99.410425,45.50855,121.476375
99.487475,45.51725,121.7207
99.580375,45.56185,122.002725
99.863,45.57555,122.84685
99.871,45.6662,123.1848
99.929675,45.74245,123.279475
99.9588,46.092475,123.4106
99.9843,46.11055,123.54555
99.9877,46.22545,123.573025
100.13775,46.254725,123.6935
100.26855,46.26845,124.039675
100.55535,46.287625,124.150975
100.586575,46.353475,124.192175
100.7051,46.5098,124.895325
100.712325,46.632175,124.9447
100.820875,46.797,125.074475
100.97685,46.87595,125.363175
101.0195,46.907175,125.479125
101.21225,46.952575,125.91605
101.32725,46.982175,126.08565
101.337475,46.9926,126.148175
101.353225,47.0375,126.15235
101.39025,47.080875,126.603525
101.447375,47.132025,126.716975
101.4506,47.155425,126.7753
101.470625,47.219475,126.784225
101.502925,47.36595,127.176025
101.550375,47.531875,127.21865
101.597275,47.56605,127.382825
101.64145,47.571125,127.406525
101.70435,47.6056,127.4875
101.976275,47.629275,127.544625
101.997425,47.661925,127.756275
102.1121,47.813525,127.764175
102.130025,47.88,127.9111
102.241125,48.07965,127.9519
102.285125,48.117275,128.0716
102.41905,48.135875,128.561775
102.487875,48.177025,128.64305
102.560025,48.2351,128.688275
102.611525,48.249225,128.835025
102.654,48.3424,128.856425
102.67025,48.3694,129.04495
102.6809,48.412875,129.297975
102.72085,48.4362,129.411225
102.758175,48.480425,129.457725
102.791925,48.512675,129.477875
102.963975,48.516425,129.4965
103.056125,48.539275,129.57275
103.107325,48.5651,129.88065
103.16595,48.59695,130.57165
103.197225,48.6102,130.884225
103.21035,48.68575,131.42915
103.263775,48.7001,131.48445
103.353275,48.738825,131.63145
103.390925,48.744025,131.871875
103.506975,48.848,132.2011
103.530525,48.8788,132.2538
103.54245,48.909625,132.609525
103.680525,49.1186,132.6924
103.932475,49.219775,133.001975
104.284425,49.257725,133.386375
104.303425,49.291325,133.4037
104.306725,49.360625,133.746725
104.417525,49.423225,133.766575
104.451725,49.480175,133.7987
104.596075,49.57665,134.482925
104.692275,49.68175,134.69815
104.78015,49.77535,134.79455
104.791175,49.79805,134.79625
104.84195,49.851175,134.947725
105.013025,49.971075,135.0033
105.03555,50.128925,135.1257
105.166975,50.1386,135.5583
105.356525,50.33085,135.642425
105.5688,50.353275,136.087725
105.6161,50.373425,136.494275
105.6581,50.43675,137.294175
105.852225,50.4533,137.375575
106.079725,50.4559,137.63175
106.165925,50.6118,138.10295
106.19315,50.6437,138.35165
106.233525,50.73665,138.456
106.245225,50.7558,138.96335
106.32275,50.80475,138.97215
106.457675,50.820275,139.38045
106.508925,50.894125,139.3974
106.5165,50.9388,139.55085
106.715175,51.10465,139.59905
106.7405,51.107675,139.609425
106.84855,51.1438,139.6335
107.14705,51.194125,139.68705
107.19825,51.3965,139.727425
107.213825,51.432025,139.870375
107.229525,51.440225,140.450225
107.26635,51.4477,140.541075
107.28715,51.461625,140.72675
107.298,51.575475,140.9919
107.578225,51.59605,141.012175
107.746025,51.61525,141.28245
107.787275,51.663825,141.363
107.93925,51.66705,141.3764
108.038925,51.6804,141.490575
108.125175,51.79595,142.33225
108.1645,51.83195,142.335825
108.20315,51.86995,142.33985
108.343825,51.97845,143.215275
108.377725,51.981275,143.312675
108.407675,51.985275,143.3466
108.4244,52.367725,143.3808
108.46215,52.440075,143.5418
108.47525,52.520375,143.786225
108.5293,52.5267,143.933
108.579525,52.531175,143.97395
109.0661,52.658025,144.037275
109.216625,52.7264,144.046925
109.3765,52.747525,144.40875
109.4076,52.76945,144.45205
109.458225,52.90815,144.608475
109.4776,52.9696,144.902175
109.513875,53.02425,145.297325
109.525875,53.03745,145.738075
109.585475,53.049975,145.9637
109.59515,53.274425,145.97005
109.634,53.310175,146.144875
109.652125,53.317525,146.308825
109.78575,53.332775,146.496925
109.85215,53.536225,146.53175
109.967225,53.547075,146.5574
110.129625,53.646925,146.7892
110.28335,53.64835,146.811925
110.32645,53.705525,147.1847
110.365075,53.709,147.403325
110.374475,53.712525,147.41545
110.483,53.73745,147.430775
110.8682,53.78535,147.448425
110.950575,53.8183,147.565125
111.108525,53.882325,147.84
111.18805,53.9517,147.87715
111.516325,53.98045,148.033975
111.542625,53.982375,148.153725
111.7098,53.994575,148.22505
111.738925,54.064625,148.43045
111.92405,54.0684,148.61125
111.9745,54.074125,149.059025
112.02825,54.1876,150.048025
112.29105,54.194575,150.174825
112.343375,54.206025,150.93095
112.372225,54.250125,151.1615
112.510025,54.30735,151.180975
112.6521,54.32865,151.30765
112.7235,54.348425,151.3723
112.796625,54.356275,151.40885
112.889325,54.360825,151.4242
113.073875,54.49275,151.44555
113.0808,54.52705,151.46695
113.380925,54.563175,151.645975
113.4181,54.582425,151.985
113.4647,54.659525,152.8103
113.730525,54.981125,153.204175
113.7354,55.03135,153.45545
113.89455,55.14225,153.87995
114.032125,55.1972,153.917975
114.181875,55.245025,153.948025
114.2655,55.324675,153.970625
114.280675,55.372425,154.00815
114.290425,55.38145,154.303125
114.3047,55.404575,154.8167
114.3538,55.452975,154.8261
114.43375,55.59185,154.8657
114.460675,55.597275,154.999575
114.468525,55.663175,155.174825
114.554575,55.667125,155.3267
114.63675,55.699125,155.88015
114.794025,55.78485,156.1702
115.1607,55.798825,156.2053
115.193475,55.851375,156.211275
115.206925,55.8649,157.09
115.22695,55.880525,157.3306
115.2371,55.97875,157.45995
115.3752,56.0045,157.51335
115.41755,56.04375,157.683
115.483525,56.087325,157.707175
115.56385,56.121325,157.71325
115.594775,56.1509,158.011625
115.710625,56.158325,158.05755
115.748725,56.2105,158.0711
116.11955,56.225675,158.126975
116.1374,56.298725,158.1361
116.1391,56.346575,158.2023
116.16865,56.3871,158.663
116.186675,56.39655,158.6672
116.2045,56.41965,158.6816
116.418075,56.431525,158.74515
116.4926,56.4545,159.084275
116.6163,56.467675,159.23165
116.6298,56.488875,159.2446
116.690325,56.52125,159.29155
116.712675,56.533125,159.539025
116.783175,56.623325,159.545725
116.838475,56.814025,159.549025
116.872875,56.876575,159.9618
116.978275,56.949225,159.983875
117.001275,56.9957,160.11295
117.050875,57.28075,160.257425
117.0896,57.50005,160.283125
117.202975,57.510525,160.448075
117.284625,57.521375,160.955525
117.303025,57.528325,160.95885
117.33225,57.548575,161.621375
117.355775,57.679575,161.643975
117.371025,57.7669,161.753875
117.38055,57.801825,162.03765
117.434,57.884825,162.0523
117.472925,57.94315,162.579125
117.54855,58.1085,162.976525
117.54975,58.193475,163.56405
117.597,58.216,163.737775
117.604075,58.278125,164.278375
117.671175,58.28825,164.42435
117.72475,58.371325,165.37075
117.79575,58.386675,166.2194
117.868,58.4099,166.226425
117.9402,58.4221,166.406225
117.954925,58.4666,166.69215
117.985775,58.49975,166.704725
118.079625,58.51165,167.158425
118.096475,58.541925,167.15955
118.145275,58.773075,167.267125
118.27475,58.82615,167.331075
118.281,58.8469,167.394075
118.2882,58.881175,167.5684
118.374675,58.89135,167.5771
118.431825,58.912775,167.587925
118.4834,59.007325,168.140425
118.488825,59.05035,169.022675
119.019375,59.1757,169.047225
119.069725,59.2172,169.090075
119.108525,59.284525,169.255275
119.375475,59.338475,169.94825
119.550075,59.36125,170.247225
119.90865,59.3643,170.50845
119.931525,59.375425,170.57495
120.113725,59.485925,170.749025
120.21665,59.5958,170.98015
120.342425,59.61495,171.67085
120.409,59.711075,171.68005
120.427025,59.71855,171.725625
120.570275,60.13145,171.7792
120.587775,60.136825,172.0486
120.670875,60.33075,172.857925
120.7755,60.4579,172.8662
121.51325,60.474675,172.872375
122.374925,60.48095,172.93375
122.481475,60.512725,173.131325
122.51825,60.529125,173.354025
122.672125,60.5593,174.4398
122.871825,60.5676,174.579625
123.063475,60.63555,175.529875
123.098925,60.87005,175.563525
123.544325,60.8901,175.57035
123.6288,60.9646,175.728825
123.798675,61.1064,175.7506
123.861525,61.1383,175.78345
124.129825,61.178825,175.88775
124.1857,61.214675,176.660175
124.2693,61.231225,176.7817
124.5021,61.54625,177.2109
125.01165,61.58395,178.256525
125.02465,61.719625,179.362575
125.083475,61.742575,179.56445
125.099025,61.7486,179.925625
125.294375,61.764225,179.961025
125.333425,61.775425,179.97755
125.551325,61.795175,180.052175
125.6358,62.26405,180.38555
125.7672,62.2855,180.418825
126.166775,62.355025,180.434725
126.257675,62.38675,180.44715
126.55,62.6423,180.4511
126.6611,62.7791,180.75535
126.812925,62.87005,181.144325
126.86685,62.881475,181.442175
127.073825,62.998475,181.4785
127.776525,63.0041,181.51145
127.9935,63.010875,181.523725
128.0556,63.019475,182.15645
128.329875,63.151025,182.251125
128.36495,63.238625,182.355425
128.5404,63.243525,182.365725
128.569375,63.2841,182.908825
128.583925,63.335825,183.715775
128.63425,63.33685,183.95725
128.8428,63.459375,184.109675
129.1313,63.5061,184.33485
129.221325,63.53095,184.52525
129.2235,63.5439,184.878575
129.269875,63.568825,184.989275
129.308575,63.5841,185.0244
129.398275,63.624875,185.7433
129.458075,63.642925,185.918225
129.488025,63.648775,186.11835
129.5249,63.651325,186.170725
129.55225,63.740325,186.304575
129.593275,63.789775,186.40275
129.7655,64.2367,186.703375
129.87805,64.26,186.7561
130.054875,64.53215,186.7979
130.43245,64.562425,186.957575
130.580925,64.62545,187.00855
130.905825,64.786525,187.06945
130.91175,64.81585,188.213475
131.106025,64.82565,188.344075
131.256125,64.838575,188.701875
131.447525,64.857125,188.7898
131.45935,64.887425,188.871225
131.4694,64.94355,188.891475
131.489825,64.998575,188.89545
131.889175,65.01065,189.5987
131.956675,65.0171,190.306875
131.965825,65.0394,190.443775
132.466375,65.053225,190.739375
132.4819,65.09555,190.999075
132.898775,65.1239,191.198225
133.137975,65.13995,191.327425
133.2044,65.15865,191.649175
133.413125,65.2662,191.9546
133.7144,65.27955,192.514075
133.737625,65.335,192.6998
133.786625,65.35545,192.803375
133.8943,65.42,192.898025
133.9079,65.46025,193.080975
134.03395,65.54505,193.18585
134.2387,65.550525,193.3162
134.774225,65.556075,193.32815
134.92185,65.60825,194.538575
135.28815,65.658425,194.660375
135.546025,65.6998,194.748
135.8381,65.75885,194.9088
136.018725,65.802275,195.41195
136.1473,65.8051,195.47395
136.229825,65.898875,196.184175
136.3065,65.998425,196.91695
136.4713,66.058975,196.995275
136.620475,66.14,197.010175
136.664025,66.167375,197.106125
136.79715,66.243475,197.3769
136.80075,66.2772,197.437425
136.84235,66.450575,197.59545
136.966825,66.484975,197.9163
136.9744,66.54565,198.92435
136.98615,66.6178,198.955925
137.03735,66.779,198.9827
137.1324,66.792,199.13245
137.420725,66.961975,199.47275
137.47775,67.0383,199.614075
137.58655,67.0719,199.679925
138.1031,67.07645,199.6997
138.120825,67.25765,199.8936
138.13015,67.316275,199.89945
138.21735,67.399775,199.92465
138.2805,67.41955,
138.3501,67.528675,
138.410025,67.61285,
138.468775,67.646925,
138.843625,67.682425,
138.84495,67.706025,
138.90945,67.7247,
138.9705,67.822375,
139.3133,67.838125,
139.3332,67.8651,
139.37815,67.8746,
139.38495,67.909875,
139.407675,68.035775,
139.42705,68.061075,
139.4976,68.0809,
139.58685,68.101075,
139.590675,68.1955,
139.810575,68.371175,
139.830525,68.3994,
139.8834,68.552,
140.794475,68.5606,
140.86115,68.562875,
141.043125,68.621825,
141.1033,68.650525,
141.450025,68.76095,
141.470375,68.84915,
141.711575,68.8588,
141.792325,68.923925,
141.975875,68.930175,
142.089875,69.0356,
142.1758,69.05655,
142.277725,69.243775,
142.349375,69.256275,
142.387525,69.318425,
142.4103,69.683475,
142.51525,69.69815,
142.655575,69.723825,
142.845775,69.776925,
142.988325,69.864225,
143.536375,69.9349,
143.663075,70.1192,
143.745775,70.125025,
143.846625,70.2486,
144.03765,70.2603,
144.3285,70.32185,
144.451325,70.40225,
144.472275,70.5554,
144.819225,70.6201,
144.975475,70.7348,
145.1369,70.7547,
145.236075,70.778525,
145.32325,70.8281,
145.65665,70.890625,
145.77025,70.90155,
145.822175,70.94325,
145.977675,71.02345,
146.3882,71.07905,
146.5583,71.0819,
146.560425,71.2759,
146.853875,71.285175,
146.910975,71.317025,
146.98295,71.3226,
147.289275,71.34095,
147.55975,71.401475,
147.58575,71.533375,
147.613475,71.5689,
147.64475,71.587725,
147.7858,71.610175,
147.799925,71.617,
147.857925,71.8153,
148.074475,71.89535,
148.08645,71.92115,
148.139825,71.9252,
148.1726,71.92845,
148.22265,71.954325,
148.5313,71.985825,
148.7407,72.119875,
149.168875,72.17735,
149.3336,72.179775,
149.713,72.2049,
149.73945,72.270175,
150.52905,72.2884,
150.7094,72.3806,
151.064975,72.532775,
151.1945,72.561825,
151.261125,72.669675,
151.3075,72.763775,
151.43165,72.8781,
151.528875,72.98385,
151.585875,73.08785,
151.767725,73.1155,
152.01165,73.1661,
152.22525,73.202825,
152.3124,73.246625,
152.625625,73.24935,
153.067125,73.2564,
153.0917,73.271125,
153.282175,73.343225,
153.30105,73.384875,
153.328725,73.57595,
153.52365,73.62595,
153.525775,73.6393,
153.5535,73.69215,
153.60595,73.7455,
153.6249,73.751075,
153.653175,73.79025,
153.855725,73.92795,
153.8609,74.017275,
153.989325,74.048925,
154.0199,74.0573,
154.355425,74.108675,
154.404475,74.12095,
154.518775,74.163775,
155.601375,74.240175,
155.757675,74.2492,
156.05265,74.33935,
156.099175,74.38495,
156.117575,74.40435,
156.13995,74.4643,
156.183775,74.54835,
156.23505,74.5984,
156.3631,74.60605,
156.4655,74.63515,
156.5795,74.648525,
156.6127,74.65565,
156.681725,74.73065,
156.819425,74.8227,
156.986225,74.937275,
157.074125,75.087675,
157.11705,75.1942,
157.186125,75.2044,
157.1913,75.221725,
157.204125,75.2247,
157.215475,75.3098,
157.613925,75.314675,
157.732525,75.4164,
157.7433,75.4345,
157.869975,75.460275,
157.9141,75.4983,
158.096175,75.508425,
158.2094,75.531475,
158.43615,75.567375,
158.6347,75.6233,
158.8875,75.67685,
159.0738,75.7733,
159.2864,75.8024,
159.318325,75.82605,
159.344475,75.874225,
159.386525,75.95825,
159.567625,75.992975,
160.0111,75.995175,
160.553375,76.125375,
160.620175,76.194025,
160.83865,76.2288,
160.841175,76.23705,
160.9609,76.2408,
161.080775,76.3505,
161.4516,76.390575,
161.5445,76.418475,
161.616825,76.431975,
161.664425,76.449075,
161.684375,76.5239,
161.7569,76.63715,
161.773475,76.7832,
162.149525,76.799475,
162.56565,76.8061,
162.62565,76.81695,
163.222425,76.825625,
163.241725,76.83575,
163.320325,76.839625,
163.394775,76.915325,
163.815,76.96595,
164.388525,76.996775,
164.45605,77.03675,
164.5206,77.199,
164.581025,77.214075,
165.259025,77.22085,
165.371375,77.38865,
165.392625,77.4532,
165.414575,77.59775,
165.425775,77.61115,
165.93135,77.69165,
166.140575,77.71775,
166.1646,77.837675,
166.315,77.8929,
166.5615,77.927775,
166.71235,77.983175,
166.723025,78.0283,
167.12335,78.0528,
167.40465,78.103975,
167.45315,78.14535,
167.54365,78.1711,
167.551025,78.2668,
167.612025,78.30975,
167.64495,78.38155,
168.0565,78.4562,
168.07525,78.4951,
168.1124,78.681725,
168.1353,78.796925,
168.137075,78.872,
168.1617,78.8746,
168.245975,78.949875,
168.455175,79.02275,
168.5554,79.094825,
168.5714,79.096925,
168.5758,79.09845,
168.58165,79.457775,
168.61165,79.48465,
168.703525,79.7611,
168.97025,79.92595,
169.157975,79.94685,
169.162575,80.01975,
169.545375,80.05205,
169.602925,80.09945,
169.7007,80.2532,
169.70905,80.475675,
170.09145,80.509675,
170.105425,80.609125,
170.1805,80.619925,
170.25415,80.626375,
170.548425,80.66005,
170.558875,80.71685,
170.711125,80.74495,
171.0106,80.7762,
171.1007,80.7898,
171.11705,80.8466,
171.15425,81.09095,
171.1603,81.1456,
171.3514,81.18805,
171.59905,81.203225,
171.69045,81.21365,
171.7192,81.252875,
171.848225,81.26025,
171.91905,81.26305,
172.44605,81.280775,
172.483475,81.33035,
172.8552,81.451025,
172.882075,81.62115,
172.884375,81.819325,
173.1598,81.835425,
173.39895,81.888275,
173.72805,81.90685,
173.84965,81.937575,
174.356325,81.9495,
174.387275,81.962875,
174.478925,82.091925,
174.902425,82.100775,
174.94265,82.136275,
175.09185,82.143625,
175.366225,82.190275,
175.391125,82.251575,
175.5637,82.2971,
175.572025,82.338975,
175.6361,82.365325,
175.662075,82.440775,
175.698475,82.4518,
175.821475,82.517125,
175.8353,82.605625,
175.858675,82.7218,
175.918725,82.73935,
176.316875,82.78175,
177.059625,82.79365,
177.121425,82.842225,
177.131475,83.071425,
177.136125,83.1117,
177.4739,83.11925,
178.421525,83.210075,
178.516675,83.213675,
178.71675,83.23085,
179.003525,83.2668,
179.03685,83.323225,
179.48345,83.353675,
179.724475,83.43235,
179.93335,83.468875,
179.93945,83.67255,
179.95465,83.702125,
179.9767,83.7357,
180.027875,83.741225,
180.041075,83.742325,
180.243575,83.8098,
180.41885,83.830475,
180.4473,83.8496,
180.5117,83.94305,
180.51325,84.00875,
180.55955,84.165225,
180.593575,84.2097,
180.65805,84.24495,
180.66205,84.31825,
180.720625,84.333375,
180.748125,84.4431,
180.811975,84.4681,
181.0692,84.495925,
181.12395,84.508975,
181.29745,84.514725,
181.3346,84.5987,
181.43595,84.66185,
181.460625,84.70645,
181.483975,84.7641,
181.488675,84.781125,
181.5559,84.797325,
181.848375,84.83385,
181.924575,84.90685,
182.17025,84.9788,
182.266325,85.066675,
182.2694,85.1092,
182.281975,85.187675,
182.35145,85.2017,
182.3716,85.207175,
182.404675,85.2259,
182.691325,85.33215,
183.00805,85.366225,
183.732425,85.379925,
184.33315,85.478125,
184.340925,85.54165,
184.3986,85.605275,
184.4754,85.655175,
184.4946,85.658875,
185.13855,85.66995,
185.224475,85.702775,
185.22555,85.80505,
185.359,85.8792,
185.742925,85.88345,
186.406,85.95635,
186.475825,85.97,
186.816725,86.022225,
186.84715,86.124425,
186.8926,86.187975,
187.321925,86.210425,
188.04085,86.23755,
188.109525,86.281,
188.14785,86.440225,
188.317325,86.45635,
188.4085,86.49205,
188.4984,86.564025,
188.55415,86.62315,
188.665275,86.686,
188.696725,86.69475,
188.772675,86.70705,
188.845425,86.7565,
188.89945,86.76175,
188.936325,86.7946,
189.029525,86.800175,
189.040675,86.845325,
189.10045,87.064775,
189.106,87.07295,
189.302325,87.084225,
189.539425,87.12545,
189.653925,87.1835,
189.698525,87.19835,
189.909,87.23875,
190.109,87.274625,
190.5091,87.30435,
190.663575,87.345675,
190.914225,87.47545,
191.157225,87.48505,
191.36185,87.490125,
191.40675,87.6382,
191.451225,87.657775,
191.61675,87.666075,
191.63045,87.68475,
191.8263,87.72245,
192.439375,87.781675,
192.663875,87.787575,
192.730275,87.827675,
192.76695,87.840125,
192.8153,87.983875,
192.862075,88.015075,
192.971225,88.113675,
192.98315,88.1158,
193.204025,88.163925,
193.3682,88.178075,
193.4827,88.2232,
193.73185,88.24495,
194.244925,88.29145,
194.265475,88.413125,
194.483525,88.490225,
194.48595,88.617625,
194.665175,88.66265,
194.72265,88.670025,
194.7638,88.698575,
194.8014,88.718575,
194.80975,88.7496,
194.830175,88.7606,
194.852525,88.77215,
195.500275,88.8516,
195.828975,88.917725,
196.0942,88.940675,
196.2126,88.972375,
196.767675,89.045175,
196.9345,89.0766,
197.119975,89.0932,
197.182425,89.14595,
197.301175,89.22215,
197.461425,89.274375,
197.62205,89.29685,
198.449025,89.300275,
198.8408,89.349225,
198.91335,89.3597,
198.953325,89.3785,
199.077675,89.410125,
199.0894,89.444825,
199.120025,89.523175,
199.5633,89.533825,
199.5669,89.6061,
199.650625,89.624825,
199.675475,89.88335,
199.735525,89.893175,
199.7465,89.9541,
199.77365,89.9725,
199.8111,90.029875,
199.87475,90.060575,
199.8881,90.090875,
,90.094375,
,90.10785,
,90.1505,
,90.167125,
,90.206375,
,90.22825,
,90.2685,
,90.278425,
,90.300325,
,90.388025,
,90.403725,
,90.43495,
,90.47545,
,90.532025,
,90.616425,
,90.63515,
,90.6781,
,90.70175,
,90.723125,
,90.7478,
,90.750575,
,90.814175,
,90.833225,
,90.8835,
,90.89915,
,90.926075,
,90.931425,
,90.95965,
,91.006475,
,91.033275,
,91.093375,
,91.1593,
,91.207525,
,91.284675,
,91.311075,
,91.3294,
,91.35345,
,91.356975,
,91.4111,
,91.4151,
,91.475875,
,91.508925,
,91.522175,
,91.6237,
,91.626975,
,91.6548,
,91.703025,
,91.72405,
,91.821225,
,91.852675,
,91.86705,
,91.927175,
,91.988125,
,92.0592,
,92.0964,
,92.112775,
,92.173375,
,92.2398,
,92.287625,
,92.38665,
,92.44955,
,92.459975,
,92.4774,
,92.6025,
,92.67625,
,92.76805,
,92.78245,
,92.87255,
,92.89535,
,92.938825,
,92.96955,
,92.97745,
,93.00395,
,93.0606,
,93.0789,
,93.0845,
,93.199525,
,93.221225,
,93.25335,
,93.25645,
,93.279025,
,93.305575,
,93.358625,
,93.39145,
,93.410875,
,93.490475,
,93.528775,
,93.535275,
,93.6133,
,93.62155,
,93.6312,
,93.680275,
,93.7221,
,93.77645,
,93.78495,
,93.7891,
,93.844775,
,93.9172,
,93.93765,
,94.003375,
,94.1136,
,94.1213,
,94.185975,
,94.216,
,94.259025,
,94.26585,
,94.4217,
,94.503925,
,94.5099,
,94.515875,
,94.530275,
,94.621375,
,94.66985,
,94.68215,
,94.746725,
,94.788125,
,94.794075,
,94.9181,
,94.93695,
,95.087475,
,95.2115,
,95.22295,
,95.33405,
,95.4375,
,95.463325,
,95.479025,
,95.5026,
,95.536875,
,95.54085,
,95.550175,
,95.554525,
,95.565325,
,95.64495,
,95.65315,
,95.69015,
,95.7187,
,95.84715,
,95.9223,
,95.937075,
,95.9945,
,96.090925,
,96.112975,
,96.1239,
,96.13475,
,96.15615,
,96.19245,
,96.23765,
,96.259825,
,96.3893,
,96.471325,
,96.5777,
,96.6135,
,96.680125,
,96.693625,
,96.841275,
,96.851275,
,96.876625,
,96.911175,
,96.919275,
,96.9457,
,97.0155,
,97.022,
,97.05595,
,97.058775,
,97.0679,
,97.11665,
,97.13405,
,97.182175,
,97.208,
,97.216725,
,97.223125,
,97.2559,
,97.293,
,97.3096,
,97.377025,
,97.418775,
,97.431425,
,97.46435,
,97.5853,
,97.6696,
,97.745675,
,97.75055,
,97.769675,
,97.774,
,97.80215,
,97.87995,
,97.905875,
,97.967825,
,98.0375,
,98.14985,
,98.21335,
,98.260775,
,98.2963,
,98.3244,
,98.377375,
,98.380775,
,98.3932,
,98.400225,
,98.421575,
,98.540325,
,98.563125,
,98.582,
,98.666575,
,98.6712,
,98.744825,
,98.866125,
,98.913225,
,98.918975,
,98.9316,
,98.977625,
,98.999075,
,99.02775,
,99.096575,
,99.124925,
,99.146725,
,99.2255,
,99.24095,
,99.267225,
,99.282,
,99.294475,
,99.311975,
,99.314575,
,99.338325,
,99.44305,
,99.45445,
,99.48545,
,99.494575,
,99.511025,
,99.557875,
,99.5647,
,99.573575,
,99.628225,
,99.64365,
,99.6494,
,99.654075,
,99.695875,
,99.709475,
,99.71845,
,99.79405,
,99.88725,
,100.008625,
,100.0116,
,100.03715,
,100.058225,
,100.118625,
,100.2293,
,100.374425,
,100.396525,
,100.418175,
,100.4632,
,100.491275,
,100.517575,
,100.731075,
,100.7404,
,100.777125,
,100.8105,
,100.87405,
,100.97625,
,101.01035,
,101.098425,
,101.108375,
,101.147325,
,101.29105,
,101.300675,
,101.3509,
,101.44365,
,101.446575,
,101.459275,
,101.477325,
,101.59155,
,101.74055,
,101.7575,
,101.82365,
,101.835525,
,101.918525,
,101.94375,
,101.9588,
,101.966825,
,101.99265,
,101.9969,
,102.0913,
,102.1183,
,102.16905,
,102.1787,
,102.19785,
,102.201825,
,102.23455,
,102.245875,
,102.285625,
,102.30445,
,102.3191,
,102.328975,
,102.359525,
,102.37875,
,102.40115,
,102.50245,
,102.558575,
,102.57265,
,102.591825,
,102.5968,
,102.600475,
,102.607425,
,102.61665,
,102.6214,
,102.65755,
,102.670225,
,102.7747,
,102.90845,
,103.0728,
,103.1805,
,103.236375,
,103.280675,
,103.286225,
,103.2969,
,103.390875,
,103.41545,
,103.448025,
,103.458125,
,103.475575,
,103.56315,
,103.614,
,103.6768,
,103.733475,
,103.78285,
,103.91245,
,103.916125,
,103.92135,
,103.934775,
,104.09025,
,104.1043,
,104.1203,
,104.1428,
,104.1684,
,104.181475,
,104.336975,
,104.345825,
,104.3948,
,104.41705,
,104.46635,
,104.50225,
,104.54315,
,104.567675,
,104.6468,
,104.70775,
,104.717475,
,104.72935,
,104.73285,
,104.806725,
,104.825475,
,104.857675,
,104.91545,
,104.927025,
,104.958925,
,104.97025,
,104.980625,
,105.099375,
,105.15075,
,105.2664,
,105.29305,
,105.30325,
,105.31955,
,105.338875,
,105.539175,
,105.544675,
,105.595775,
,105.65495,
,105.658075,
,105.67815,
,105.687475,
,105.7073,
,105.718375,
,105.772975,
,105.850825,
,105.93065,
,105.9425,
,105.96875,
,105.99885,
,106.008075,
,106.011775,
,106.0279,
,106.0484,
,106.072275,
,106.079775,
,106.1026,
,106.149475,
,106.194725,
,106.219375,
,106.307775,
,106.31665,
,106.33265,
,106.372725,
,106.4392,
,106.456875,
,106.473625,
,106.48585,
,106.506125,
,106.514125,
,106.5325,
,106.605375,
,106.617125,
,106.64995,
,106.747375,
,106.764475,
,106.77895,
,106.81765,
,106.8354,
,106.916025,
,106.94215,
,106.944375,
,106.998125,
,107.00615,
,107.027675,
,107.04525,
,107.059225,
,107.062575,
,107.105675,
,107.116025,
,107.195525,
,107.1998,
,107.203325,
,107.206,
,107.2076,
,107.217525,
,107.229025,
,107.367725,
,107.39355,
,107.415975,
,107.48075,
,107.597525,
,107.669675,
,107.746975,
,107.7551,
,107.764625,
,107.8246,
,107.910775,
,107.9369,
,108.05095,
,108.086925,
,108.1436,
,108.22505,
,108.34625,
,108.377025,
,108.408525,
,108.4155,
,108.44675,
,108.4524,
,108.489425,
,108.58075,
,108.64205,
,108.6518,
,108.69275,
,108.741575,
,108.74345,
,108.757175,
,108.7739,
,108.79865,
,108.820875,
,108.880925,
,108.912,
,108.9291,
,108.95995,
,109.006475,
,109.0229,
,109.051175,
,109.135,
,109.169975,
,109.195075,
,109.207875,
,109.216625,
,109.28845,
,109.30755,
,109.3822,
,109.40555,
,109.41615,
,109.419325,
,109.466625,
,109.62875,
,109.7139,
,109.8281,
,109.866025,
,109.931525,
,109.961525,
,110.024725,
,110.0407,
,110.077875,
,110.09715,
,110.132275,
,110.1584,
,110.232375,
,110.384375,
,110.493975,
,110.541525,
,110.58175,
,110.6582,
,110.686275,
,110.717175,
,110.735375,
,110.76075,
,110.78285,
,110.840275,
,110.858425,
,110.877,
,110.912975,
,110.9369,
,111.01655,
,111.0524,
,111.1043,
,111.112425,
,111.1639,
,111.17725,
,111.199125,
,111.2154,
,111.251875,
,111.29145,
,111.30445,
,111.310625,
,111.3191,
,111.324525,
,111.35905,
,111.3653,
,111.3766,
,111.392925,
,111.482425,
,111.597175,
,111.696975,
,111.752025,
,111.754375,
,111.763725,
,111.785875,
,111.78905,
,111.823275,
,111.869875,
,111.918775,
,111.933425,
,111.954175,
,112.152775,
,112.2387,
,112.2544,
,112.2883,
,112.34185,
,112.3754,
,112.4266,
,112.5963,
,112.6817,
,112.833275,
,112.845475,
,112.8492,
,112.895,
,112.9348,
,112.942725,
,112.989625,
,113.007875,
,113.0166,
,113.0339,
,113.043375,
,113.04765,
,113.0719,
,113.083375,
,113.0892,
,113.154575,
,113.1704,
,113.24225,
,113.285375,
,113.327875,
,113.373725,
,113.40935,
,113.434575,
,113.4387,
,113.523975,
,113.54135,
,113.577975,
,113.6489,
,113.7202,
,113.743075,
,113.774975,
,113.8985,
,113.9405,
,113.9504,
,113.9883,
,113.998425,
,114.0062,
,114.0313,
,114.091475,
,114.178175,
,114.188075,
,114.198025,
,114.206825,
,114.2285,
,114.235225,
,114.25505,
,114.25775,
,114.269575,
,114.29465,
,114.3289,
,114.350975,
,114.36735,
,114.41135,
,114.51255,
,114.550775,
,114.563075,
,114.616,
,114.636425,
,114.65345,
,114.66765,
,114.688725,
,114.745275,
,114.7618,
,114.838625,
,114.89115,
,114.903925,
,114.967175,
,114.9807,
,115.0152,
,115.090475,
,115.116175,
,115.142475,
,115.14675,
,115.15845,
,115.1867,
,115.196875,
,115.249825,
,115.29725,
,115.33105,
,115.480225,
,115.5474,
,115.559175,
,115.560525,
,115.6193,
,115.7107,
,115.739075,
,115.7541,
,115.806875,
,115.82575,
,115.838475,
,115.88575,
,115.912,
,115.97975,
,116.130675,
,116.204325,
,116.26295,
,116.302025,
,116.40505,
,116.442975,
,116.45995,
,116.4907,
,116.54355,
,116.6163,
,116.745275,
,116.9173,
,116.93045,
,117.000125,
,117.14725,
,117.16765,
,117.18865,
,117.456375,
,117.52415,
,117.77225,
,117.799,
,117.828025,
,117.841675,
,117.8673,
,117.9747,
,117.992775,
,118.260875,
,118.2766,
,118.281025,
,118.31235,
,118.41875,
,118.43345,
,118.4565,
,118.465275,
,118.499175,
,118.5286,
,118.709675,
,118.923275,
,118.9544,
,118.996125,
,119.03115,
,119.033025,
,119.0855,
,119.1617,
,119.18855,
,119.20125,
,119.236925,
,119.28965,
,119.2972,
,119.30695,
,119.316625,
,119.407825,
,119.66115,
,119.69655,
,119.778175,
,119.80105,
,119.824125,
,119.850225,
,119.895275,
,119.961275,
,119.99265,
,120.03765,
,120.06795,
,120.080375,
,120.0937,
,120.1182,
,120.140825,
,120.201125,
,120.202375,
,120.209075,
,120.332225,
,120.414125,
,120.43855,
,120.457975,
,120.495875,
,120.55945,
,120.563675,
,120.5903,
,120.6028,
,120.61705,
,120.629525,
,120.648175,
,120.76235,
,120.7726,
,120.829625,
,120.945875,
,120.963125,
,121.0706,
,121.132625,
,121.134875,
,121.1981,
,121.226175,
,121.2391,
,121.253025,
,121.299025,
,121.31965,
,121.337,
,121.338075,
,121.3741,
,121.39115,
,121.39235,
,121.401825,
,121.405575,
,121.4255,
,121.439625,
,121.446525,
,121.490475,
,121.5302,
,121.53545,
,121.5523,
,121.5807,
,121.606725,
,121.657225,
,121.722375,
,121.73915,
,121.757375,
,121.7706,
,121.785325,
,121.852875,
,121.873475,
,121.899425,
,121.917525,
,121.929975,
,121.939325,
,121.95815,
,122.01395,
,122.11155,
,122.135175,
,122.187725,
,122.23525,
,122.28385,
,122.331025,
,122.412475,
,122.428675,
,122.4476,
,122.452775,
,122.46015,
,122.46745,
,122.474025,
,122.5036,
,122.513775,
,122.53725,
,122.5493,
,122.638225,
,122.6728,
,122.71405,
,122.7352,
,122.7803,
,122.86575,
,122.8781,
,122.9355,
,122.94325,
,122.9653,
,122.96815,
,122.983975,
,123.014325,
,123.0266,
,123.0424,
,123.045,
,123.05865,
,123.06575,
,123.07715,
,123.085925,
,123.089125,
,123.1027,
,123.11045,
,123.11275,
,123.122425,
,123.142375,
,123.143425,
,123.14875,
,123.18085,
,123.18535,
,123.19325,
,123.198125,
,123.20445,
,123.21115,
,123.2182,
,123.249475,
,123.25695,
,123.284225,
,123.2874,
,123.359175,
,123.427475,
,123.475675,
,123.5088,
,123.511925,
,123.520825,
,123.535775,
,123.540675,
,123.56305,
,123.56955,
,123.58015,
,123.597725,
,123.613825,
,123.624325,
,123.6344,
,123.65785,
,123.6733,
,123.683525,
,123.70105,
,123.71115,
,123.729575,
,123.748775,
,123.815875,
,123.842375,
,123.863775,
,123.883425,
,123.915125,
,123.94615,
,123.97915,
,124.0316,
,124.05055,
,124.06575,
,124.079275,
,124.0892,
,124.103075,
,124.1126,
,124.1172,
,124.1253,
,124.132775,
,124.2705,
,124.280675,
,124.30895,
,124.368925,
,124.385,
,124.448425,
,124.471475,
,124.476425,
,124.487175,
,124.491275,
,124.4987,
,124.506675,
,124.518825,
,124.5489,
,124.58665,
,124.597975,
,124.6076,
,124.660975,
,124.673825,
,124.7103,
,124.740475,
,124.752975,
,124.771025,
,124.78945,
,124.824625,
,124.9203,
,124.9468,
,124.9663,
,124.998475,
,125.0034,
,125.012825,
,125.016875,
,125.02195,
,125.031725,
,125.0415,
,125.044575,
,125.06115,
,125.067025,
,125.086825,
,125.09195,
,125.093575,
,125.1175,
,125.172325,
,125.193925,
,125.2155,
,125.23925,
,125.257525,
,125.26625,
,125.291075,
,125.320475,
,125.3441,
,125.34675,
,125.3936,
,125.4119,
,125.418,
,125.43095,
,125.434875,
,125.443125,
,125.447475,
,125.45205,
,125.473675,
,125.497525,
,125.505325,
,125.51775,
,125.52635,
,125.5432,
,125.562225,
,125.580625,
,125.6123,
,125.635775,
,125.64485,
,125.73625,
,125.753875,
,125.787975,
,125.822775,
,125.85275,
,125.865275,
,125.893625,
,125.8983,
,125.90685,
,125.911175,
,125.914325,
,125.9222,
,125.935875,
,125.95915,
,125.972275,
,125.988325,
,125.99525,
,126.006125,
,126.02305,
,126.0274,
,126.08075,
,126.104175,
,126.184825,
,126.386825,
,126.408875,
,126.4173,
,126.426075,
,126.44535,
,126.45675,
,126.4621,
,126.468525,
,126.486225,
,126.49465,
,126.522225,
,126.52615,
,126.530075,
,126.54965,
,126.55895,
,126.563175,
,126.570575,
,126.582925,
,126.600375,
,126.603325,
,126.61245,
,126.62455,
,126.646475,
,126.693925,
,126.7441,
,126.768975,
,126.79425,
,126.840725,
,126.863475,
,126.8765,
,126.8869,
,127.015075,
,127.0585,
,127.090075,
,127.094925,
,127.1112,
,127.120875,
,127.13125,
,127.1346,
,127.146475,
,127.153475,
,127.16435,
,127.169475,
,127.182775,
,127.188325,
,127.208175,
,127.2273,
,127.302,
,127.319525,
,127.36225,
,127.4073,
,127.458775,
,127.481325,
,127.5031,
,127.535325,
,127.569375,
,127.585475,
,127.5915,
,127.597325,
,127.601475,
,127.6089,
,127.61305,
,127.643875,
,127.65295,
,127.7004,
,127.74225,
,127.8202,
,127.823,
,127.83035,
,127.911375,
,127.952325,
,127.9581,
,128.033275,
,128.0425,
,128.057675,
,128.1904,
,128.19975,
,128.223275,
,128.253025,
,128.2835,
,128.366125,
,128.416225,
,128.430875,
,128.4383,
,128.456675,
,128.47955,
,128.498225,
,128.51835,
,128.526425,
,128.539525,
,128.552675,
,128.561525,
,128.6832,
,128.699725,
,128.753175,
,128.77625,
,128.7932,
,128.811,
,128.828425,
,128.8406,
,128.849625,
,128.8703,
,128.877375,
,128.8906,
,128.911375,
,128.92545,
,128.950975,
,128.980225,
,128.997625,
,129.007475,
,129.02875,
,129.06155,
,129.084175,
,129.12295,
,129.1504,
,129.176075,
,129.2091,
,129.2267,
,129.24025,
,129.25225,
,129.2664,
,129.2757,
,129.2955,
,129.3106,
,129.342575,
,129.373675,
,129.379325,
,129.393525,
,129.46105,
,129.470425,
,129.551575,
,129.5588,
,129.57265,
,129.596775,
,129.605075,
,129.628175,
,129.71,
,129.7308,
,129.740025,
,129.78135,
,129.81065,
,129.8362,
,129.84575,
,129.860025,
,129.8774,
,129.90155,
,129.932,
,129.941575,
,129.9546,
,129.9881,
,129.999775,
,130.0104,
,130.044475,
,130.07145,
,130.0917,
,130.252625,
,130.3121,
,130.37475,
,130.41475,
,130.4526,
,130.477975,
,130.49445,
,130.5071,
,130.5453,
,130.5544,
,130.560675,
,130.56765,
,130.595,
,130.61255,
,130.642225,
,130.64325,
,130.674625,
,130.67685,
,130.76175,
,130.777575,
,130.79505,
,130.808,
,130.81735,
,130.840475,
,130.84525,
,130.854975,
,130.861075,
,130.891075,
,130.917025,
,130.934225,
,130.9478,
,130.9641,
,130.978125,
,130.986375,
,130.994625,
,131.0289,
,131.05465,
,131.136225,
,131.137625,
,131.255,
,131.256175,
,131.302075,
,131.3523,
,131.382875,
,131.392975,
,131.4024,
,131.416575,
,131.4289,
,131.4379,
,131.44155,
,131.448825,
,131.458475,
,131.4784,
,131.4876,
,131.5029,
,131.519825,
,131.53545,
,131.544075,
,131.55125,
,131.567125,
,131.65305,
,131.7119,
,131.727825,
,131.78145,
,131.791475,
,131.8227,
,131.83615,
,131.856425,
,131.869175,
,131.884725,
,131.893225,
,131.9062,
,131.9131,
,131.9179,
,131.92595,
,131.949075,
,131.96005,
,131.965875,
,132.012825,
,132.040525,
,132.090175,
,132.1367,
,132.19145,
,132.236375,
,132.25165,
,132.262375,
,132.27265,
,132.281475,
,132.2912,
,132.344825,
,132.410375,
,132.421775,
,132.4285,
,132.4299,
,132.434075,
,132.466325,
,132.485225,
,132.499875,
,132.5134,
,132.5291,
,132.552925,
,132.561775,
,132.575025,
,132.59215,
,132.6292,
,132.63475,
,132.638875,
,132.645725,
,132.657325,
,132.66105,
,132.667725,
,132.6984,
,132.7498,
,132.81515,
,132.8331,
,132.860925,
,132.874075,
,132.894225,
,132.944875,
,132.9579,
,132.985775,
,132.996475,
,133.00355,
,133.014175,
,133.021,
,133.04125,
,133.09445,
,133.120875,
,133.169475,
,133.175475,
,133.301925,
,133.3087,
,133.3928,
,133.40265,
,133.4271,
,133.459975,
,133.5587,
,133.5973,
,133.63485,
,133.6635,
,133.670725,
,133.676925,
,133.68195,
,133.703575,
,133.70655,
,133.7177,
,133.72245,
,133.727525,
,133.75905,
,133.794825,
,133.8114,
,133.884325,
,134.0004,
,134.008525,
,134.0576,
,134.140125,
,134.168775,
,134.2292,
,134.312025,
,134.32885,
,134.3355,
,134.347425,
,134.3539,
,134.3599,
,134.36495,
,134.37975,
,134.410125,
,134.448625,
,134.454875,
,134.479925,
,134.520975,
,134.53805,
,134.551675,
,134.5721,
,134.618775,
,134.656875,
,134.696725,
,134.708475,
,134.716275,
,134.719525,
,134.74095,
,134.744625,
,134.7528,
,134.812375,
,134.827675,
,134.849975,
,134.88865,
,134.908025,
,134.925625,
,134.947975,
,134.95715,
,135.011575,
,135.0614,
,135.08235,
,135.10885,
,135.24935,
,135.303625,
,135.343175,
,135.381325,
,135.4834,
,135.491075,
,135.515625,
,135.52705,
,135.547325,
,135.56765,
,135.5935,
,135.60375,
,135.625875,
,135.772625,
,135.80675,
,135.83645,
,135.9159,
,135.93385,
,135.938175,
,135.943575,
,135.948125,
,135.951625,
,135.964425,
,135.96705,
,135.9739,
,136.0455,
,136.0575,
,136.0637,
,136.06935,
,136.244675,
,136.26695,
,136.298225,
,136.3154,
,136.360625,
,136.393325,
,136.427325,
,136.479,
,136.49205,
,136.50555,
,136.52275,
,136.553175,
,136.6202,
,136.625525,
,136.64165,
,136.6502,
,136.65445,
,136.67735,
,136.679525,
,136.705975,
,136.740975,
,136.74735,
,136.77825,
,136.793425,
,136.862125,
,136.88085,
,136.939725,
,136.969125,
,137.035425,
,137.083975,
,137.094725,
,137.108475,
,137.129275,
,137.1517,
,137.157225,
,137.16135,
,137.1865,
,137.1953,
,137.197575,
,137.218125,
,137.316675,
,137.327125,
,137.4431,
,137.4662,
,137.47815,
,137.51915,
,137.687075,
,137.69505,
,137.78145,
,137.85505,
,137.885,
,137.91125,
,137.934775,
,137.967225,
,138.05115,
,138.066725,
,138.08335,
,138.085375,
,138.098225,
,138.102725,
,138.115025,
,138.153975,
,138.168325,
,138.27815,
,138.338525,
,138.3501,
,138.40575,
,138.54505,
,138.57575,
,138.6021,
,138.62275,
,138.6736,
,138.694475,
,138.754025,
,138.757875,
,138.828375,
,138.831375,
,138.8837,
,138.9338,
,138.957175,
,139.09905,
,139.1158,
,139.138775,
,139.2039,
,139.2143,
,139.2716,
,139.2867,
,139.297775,
,139.381,
,139.42515,
,139.43875,
,139.57785,
,139.58425,
,139.653775,
,139.7069,
,139.7648,
,139.772125,
,139.8349,
,139.85375,
,139.864625,
,139.87025,
,139.8947,
,139.905575,
,139.970075,
,139.97975,
,140.0426,
,140.067275,
,140.163275,
,140.29365,
,140.307425,
,140.3159,
,140.3267,
,140.33605,
,140.37145,
,140.39295,
,140.410825,
,140.435475,
,140.45065,
,140.58515,
,140.64375,
,140.703,
,140.773775,
,140.80875,
,140.837525,
,140.868525,
,140.8888,
,140.990125,
,141.005875,
,141.060275,
,141.074725,
,141.08215,
,141.09615,
,141.129,
,141.169625,
,141.2644,
,141.2936,
,141.29775,
,141.393075,
,141.40025,
,141.404825,
,141.4277,
,141.4995,
,141.561975,
,141.579325,
,141.598775,
,141.61215,
,141.62645,
,141.63465,
,141.658925,
,141.691975,
,141.70965,
,141.784325,
,141.8292,
,141.97395,
,142.029425,
,142.0842,
,142.09235,
,142.1126,
,142.1328,
,142.273425,
,142.31525,
,142.3253,
,142.33965,
,142.357525,
,142.413,
,142.46275,
,142.4812,
,142.482575,
,142.49795,
,142.547375,
,142.55105,
,142.588975,
,142.734875,
,142.7681,
,142.818075,
,142.8397,
,142.884075,
,142.915975,
,142.94195,
,142.96375,
,142.98415,
,142.990025,
,143.116125,
,143.216525,
,143.324,
,143.3472,
,143.439775,
,143.4846,
,143.5585,
,143.570925,
,143.57895,
,143.60525,
,143.623575,
,143.66215,
,143.7148,
,143.7379,
,143.757775,
,143.760075,
,143.78755,
,143.8037,
,143.831975,
,143.846525,
,143.85145,
,143.865475,
,143.875675,
,143.925125,
,143.94995,
,143.96495,
,143.98345,
,143.9969,
,144.009875,
,144.017575,
,144.02305,
,144.026075,
,144.0583,
,144.064725,
,144.0856,
,144.1128,
,144.180325,
,144.2258,
,144.3086,
,144.337825,
,144.362725,
,144.382275,
,144.432725,
,144.50755,
,144.64025,
,144.645925,
,144.70305,
,144.70535,
,144.789325,
,144.853175,
,144.861025,
,144.871225,
,144.885925,
,144.88875,
,144.91325,
,144.935075,
,144.9533,
,144.954425,
,145.007125,
,145.02725,
,145.0562,
,145.1057,
,145.13295,
,145.1746,
,145.204675,
,145.22555,
,145.26175,
,145.262875,
,145.282175,
,145.322025,
,145.3278,
,145.333375,
,145.34195,
,145.348125,
,145.40105,
,145.41645,
,145.4544,
,145.4912,
,145.5304,
,145.534825,
,145.5533,
,145.69195,
,145.715375,
,145.71805,
,145.722625,
,145.735625,
,145.7403,
,145.756275,
,145.8137,
,145.833575,
,145.87425,
,145.8935,
,145.910575,
,145.92215,
,145.94095,
,146.0077,
,146.03755,
,146.07535,
,146.092175,
,146.13,
,146.146825,
,146.167575,
,146.1863,
,146.210275,
,146.227375,
,146.265975,
,146.28375,
,146.3647,
,146.36975,
,146.373875,
,146.379275,
,146.387175,
,146.416575,
,146.468775,
,146.493025,
,146.49655,
,146.552375,
,146.6271,
,146.70265,
,146.70995,
,146.744625,
,146.7805,
,146.820725,
,146.86615,
,146.870525,
,146.880925,
,146.922275,
,146.9249,
,146.9464,
,147.052275,
,147.1168,
,147.1479,
,147.15155,
,147.181725,
,147.19255,
,147.2256,
,147.3104,
,147.327425,
,147.34835,
,147.375375,
,147.380775,
,147.404,
,147.479775,
,147.513275,
,147.538075,
,147.54805,
,147.626175,
,147.750075,
,147.773925,
,147.79575,
,147.8397,
,147.85545,
,147.8626,
,147.87605,
,147.950575,
,148.027125,
,148.042075,
,148.046275,
,148.052625,
,148.06555,
,148.066575,
,148.07455,
,148.0818,
,148.087825,
,148.131125,
,148.207475,
,148.3122,
,148.3432,
,148.3834,
,148.448375,
,148.550375,
,148.5904,
,148.603975,
,148.61385,
,148.660125,
,148.687475,
,148.722325,
,148.75835,
,148.786325,
,148.790475,
,148.8328,
,148.8686,
,148.885925,
,148.92125,
,148.944875,
,149.0128,
,149.04895,
,149.068725,
,149.073175,
,149.085725,
,149.096875,
,149.109925,
,149.1314,
,149.14625,
,149.182375,
,149.19025,
,149.2016,
,149.215575,
,149.2387,
,149.31145,
,149.33805,
,149.370175,
,149.42355,
,149.475625,
,149.5114,
,149.550725,
,149.629475,
,149.68375,
,149.73855,
,149.7797,
,149.7814,
,149.790325,
,149.80255,
,149.832675,
,149.865525,
,149.882225,
,149.907875,
,149.918525,
,149.9522,
,149.966425,
,149.974425,
,149.987225,
,150.002075,
,150.015075,
,150.04065,
,150.089375,
,150.183975,
,150.217175,
,150.265475,
,150.2803,
,150.2921,
,150.2983,
,150.2998,
,150.32005,
,150.342,
,150.35245,
,150.372475,
,150.3835,
,150.401075,
,150.4307,
,150.44115,
,150.45225,
,150.470975,
,150.49935,
,150.522425,
,150.54695,
,150.5522,
,150.56075,
,150.578975,
,150.605675,
,150.65915,
,150.692,
,150.714,
,150.77,
,150.780125,
,150.788275,
,150.800875,
,150.866475,
,150.875,
,150.913425,
,150.974,
,151.042325,
,151.0499,
,151.066775,
,151.0764,
,151.08735,
,151.111625,
,151.1232,
,151.14665,
,151.22015,
,151.28975,
,151.3015,
,151.30955,
,151.331525,
,151.33325,
,151.33885,
,151.35375,
,151.359725,
,151.39215,
,151.3979,
,151.40715,
,151.42575,
,151.432575,
,151.473775,
,151.4972,
,151.5525,
,151.596175,
,151.63445,
,151.6498,
,151.68555,
,151.712375,
,151.756625,
,151.7649,
,151.782825,
,151.7922,
,151.846175,
,151.86135,
,151.878,
,151.901425,
,151.964625,
,151.968625,
,151.9974,
,152.023,
,152.033,
,152.057975,
,152.1073,
,152.114475,
,152.127775,
,152.1299,
,152.149425,
,152.1583,
,152.1705,
,152.19305,
,152.207425,
,152.2206,
,152.25555,
,152.2656,
,152.28025,
,152.284975,
,152.297075,
,152.303075,
,152.42255,
,152.452325,
,152.47065,
,152.5039,
,152.50545,
,152.52785,
,152.622225,
,152.63825,
,152.6408,
,152.653875,
,152.6626,
,152.689975,
,152.707725,
,152.73175,
,152.758725,
,152.77885,
,152.789525,
,152.79075,
,152.801725,
,152.818525,
,152.845925,
,152.86575,
,152.906225,
,152.9098,
,152.926575,
,152.930625,
,152.93945,
,152.9659,
,153.00055,
,153.005075,
,153.015125,
,153.024325,
,153.028475,
,153.04475,
,153.0554,
,153.068525,
,153.08565,
,153.09425,
,153.11475,
,153.168375,
,153.1788,
,153.205,
,153.21885,
,153.247975,
,153.277075,
,153.285975,
,153.30245,
,153.3154,
,153.347375,
,153.3636,
,153.380975,
,153.4081,
,153.41475,
,153.417375,
,153.48465,
,153.511675,
,153.52945,
,153.6824,
,153.7246,
,153.8084,
,153.861975,
,153.89705,
,153.9339,
,153.94525,
,153.955,
,153.960525,
,153.966525,
,153.989475,
,154.147,
,154.1858,
,154.1875,
,154.19925,
,154.217325,
,154.259475,
,154.265,
,154.307625,
,154.31315,
,154.32125,
,154.378075,
,154.418825,
,154.458125,
,154.4761,
,154.493325,
,154.5546,
,154.57425,
,154.6004,
,154.621025,
,154.658125,
,154.67585,
,154.678775,
,154.690525,
,154.767625,
,154.788275,
,154.8258,
,154.8678,
,154.889725,
,154.94075,
,155.0076,
,155.1037,
,155.13335,
,155.151425,
,155.16185,
,155.179475,
,155.18515,
,155.1894,
,155.205275,
,155.2217,
,155.29755,
,155.31905,
,155.326375,
,155.372775,
,155.39015,
,155.3932,
,155.441225,
,155.45815,
,155.47515,
,155.49175,
,155.5021,
,155.519825,
,155.533425,
,155.562825,
,155.592675,
,155.693825,
,155.72285,
,155.739725,
,155.754325,
,155.7651,
,155.7769,
,155.8017,
,155.8261,
,155.865125,
,155.918825,
,155.976375,
,155.993,
,156.0008,
,156.017925,
,156.0232,
,156.0322,
,156.064775,
,156.11355,
,156.12185,
,156.129875,
,156.13195,
,156.1451,
,156.212525,
,156.3043,
,156.34035,
,156.356825,
,156.458075,
,156.505,
,156.5204,
,156.529725,
,156.559825,
,156.562925,
,156.6882,
,156.7403,
,156.803025,
,156.833175,
,156.851175,
,156.871425,
,156.894725,
,156.932125,
,156.9589,
,156.986175,
,157.019925,
,157.081525,
,157.091025,
,157.098525,
,157.149325,
,157.296625,
,157.3026,
,157.31285,
,157.372225,
,157.382275,
,157.420475,
,157.457925,
,157.524825,
,157.544875,
,157.567275,
,157.58235,
,157.610325,
,157.62445,
,157.64505,
,157.722475,
,157.84855,
,157.8644,
,157.9478,
,157.9926,
,158.0383,
,158.043475,
,158.07065,
,158.089975,
,158.103525,
,158.13225,
,158.137725,
,158.2455,
,158.3331,
,158.355975,
,158.3588,
,158.404675,
,158.422475,
,158.48105,
,158.496,
,158.5457,
,158.6148,
,158.62325,
,158.6668,
,158.75725,
,158.797925,
,158.872175,
,158.884375,
,158.893375,
,159.021875,
,159.066275,
,159.0742,
,159.0813,
,159.086825,
,159.090825,
,159.156275,
,159.1878,
,159.286425,
,159.32465,
,159.332725,
,159.377975,
,159.511075,
,159.51545,
,159.524375,
,159.530075,
,159.548725,
,159.574,
,159.58315,
,159.606175,
,159.6505,
,159.65895,
,159.683375,
,159.71255,
,159.80975,
,159.836275,
,159.846875,
,159.891825,
,159.974825,
,159.97805,
,160.01225,
,160.01865,
,160.0919,
,160.103625,
,160.13645,
,160.221025,
,160.2628,
,160.287275,
,160.3346,
,160.436,
,160.439025,
,160.4523,
,160.47325,
,160.534825,
,160.55475,
,160.587175,
,160.596825,
,160.625375,
,160.75105,
,160.760825,
,160.78605,
,160.8062,
,160.849025,
,160.8579,
,160.867475,
,160.882575,
,160.9413,
,161.03485,
,161.094175,
,161.11445,
,161.152925,
,161.1719,
,161.191325,
,161.202575,
,161.2486,
,161.272875,
,161.3342,
,161.403875,
,161.417025,
,161.4357,
,161.4424,
,161.459625,
,161.4757,
,161.485175,
,161.489875,
,161.52905,
,161.5344,
,161.564,
,161.603575,
,161.634575,
,161.640675,
,161.646525,
,161.6521,
,161.693575,
,161.756575,
,161.816925,
,161.83435,
,161.8883,
,161.942525,
,161.944775,
,161.957725,
,162.02265,
,162.027275,
,162.03285,
,162.048675,
,162.0916,
,162.108925,
,162.127025,
,162.15815,
,162.238,
,162.2843,
,162.2868,
,162.317225,
,162.33675,
,162.351075,
,162.3675,
,162.3903,
,162.421175,
,162.495175,
,162.505375,
,162.5254,
,162.5484,
,162.5681,
,162.5777,
,162.6065,
,162.609825,
,162.64085,
,162.751275,
,162.788875,
,162.841925,
,162.892725,
,162.964825,
,162.9747,
,163.02725,
,163.058775,
,163.08085,
,163.1234,
,163.206075,
,163.237175,
,163.26265,
,163.2641,
,163.351125,
,163.41135,
,163.4485,
,163.51465,
,163.56285,
,163.581325,
,163.590575,
,163.600075,
,163.61245,
,163.621825,
,163.635675,
,163.705475,
,163.723125,
,163.748375,
,163.765075,
,163.820275,
,163.85885,
,163.9102,
,164.017975,
,164.0486,
,164.103675,
,164.11255,
,164.195475,
,164.2407,
,164.248825,
,164.28275,
,164.291625,
,164.31355,
,164.3146,
,164.3241,
,164.331475,
,164.338525,
,164.352375,
,164.36915,
,164.3756,
,164.3852,
,164.408875,
,164.426375,
,164.44265,
,164.46395,
,164.4804,
,164.497625,
,164.529,
,164.593425,
,164.621425,
,164.66855,
,164.698675,
,164.722275,
,164.740875,
,164.75865,
,164.783275,
,164.804925,
,164.82155,
,164.8394,
,164.85055,
,164.884075,
,164.898125,
,164.90905,
,164.9225,
,164.94405,
,164.983525,
,165.038675,
,165.0427,
,165.08055,
,165.10135,
,165.224375,
,165.238875,
,165.2474,
,165.255225,
,165.2622,
,165.27365,
,165.277525,
,165.2897,
,165.3159,
,165.3227,
,165.34845,
,165.37545,
,165.39,
,165.409175,
,165.455725,
,165.4737,
,165.4813,
,165.517475,
,165.522075,
,165.56585,
,165.593825,
,165.68135,
,165.766,
,165.78965,
,165.82895,
,165.8414,
,165.851675,
,165.875775,
,165.87865,
,165.908025,
,165.9188,
,165.928425,
,165.946825,
,165.957175,
,165.969725,
,165.97975,
,166.011325,
,166.026025,
,166.0353,
,166.046225,
,166.0574,
,166.0848,
,166.091325,
,166.097225,
,166.125175,
,166.150175,
,166.159325,
,166.209675,
,166.2432,
,166.27355,
,166.277575,
,166.3323,
,166.360925,
,166.3959,
,166.449775,
,166.495425,
,166.53505,
,166.53975,
,166.560425,
,166.56815,
,166.586825,
,166.5934,
,166.59675,
,166.6267,
,166.69325,
,166.9871,
,167.025775,
,167.0772,
,167.11455,
,167.16985,
,167.19755,
,167.221125,
,167.2356,
,167.265875,
,167.30735,
,167.3824,
,167.39215,
,167.4807,
,167.504575,
,167.565325,
,167.678625,
,167.7651,
,167.77175,
,167.787625,
,167.818875,
,167.8424,
,167.847075,
,167.860725,
,167.91175,
,167.917275,
,167.93525,
,167.97195,
,167.991225,
,167.99485,
,168.008125,
,168.020075,
,168.02505,
,168.037275,
,168.08535,
,168.201575,
,168.21025,
,168.35995,
,168.431575,
,168.468275,
,168.51805,
,168.5211,
,168.567325,
,168.60505,
,168.6975,
,168.74885,
,168.816325,
,168.834225,
,168.88985,
,168.934875,
,168.979975,
,169.002125,
,169.005175,
,169.009175,
,169.036425,
,169.099225,
,169.10515,
,169.107375,
,169.14785,
,169.154725,
,169.158,
,169.242525,
,169.37515,
,169.406275,
,169.411975,
,169.42185,
,169.43175,
,169.449375,
,169.52385,
,169.533675,
,169.541275,
,169.5461,
,169.564025,
,169.576475,
,169.63745,
,169.666025,
,169.71775,
,169.72655,
,169.797725,
,169.851075,
,169.9076,
,170.027025,
,170.038825,
,170.0498,
,170.051625,
,170.056875,
,170.059725,
,170.10655,
,170.124575,
,170.137575,
,170.346975,
,170.3664,
,170.3962,
,170.435375,
,170.512225,
,170.52105,
,170.61875,
,170.6241,
,170.840875,
,170.9019,
,170.940925,
,170.98865,
,171.053125,
,171.087425,
,171.10445,
,171.107075,
,171.12305,
,171.152825,
,171.234625,
,171.358175,
,171.4029,
,171.4372,
,171.4572,
,171.488225,
,171.5792,
,171.585625,
,171.5896,
,171.697975,
,171.722375,
,171.790975,
,171.815275,
,171.829875,
,171.8517,
,171.91545,
,171.94775,
,172.045975,
,172.071975,
,172.112925,
,172.15625,
,172.198925,
,172.227725,
,172.240825,
,172.2907,
,172.31195,
,172.337275,
,172.3432,
,172.420625,
,172.4318,
,172.454875,
,172.48915,
,172.5851,
,172.742725,
,172.756025,
,172.7759,
,172.790275,
,172.79565,
,172.79985,
,172.805875,
,172.80875,
,172.85135,
,172.864025,
,172.88995,
,172.90455,
,172.9225,
,172.92685,
,172.947925,
,172.96405,
,172.980975,
,173.0161,
,173.0501,
,173.06175,
,173.09685,
,173.12395,
,173.149225,
,173.173225,
,173.232125,
,173.2573,
,173.296575,
,173.3286,
,173.341225,
,173.34945,
,173.359675,
,173.384625,
,173.4048,
,173.421025,
,173.438325,
,173.4645,
,173.48915,
,173.496125,
,173.518125,
,173.522575,
,173.564275,
,173.611425,
,173.65805,
,173.67075,
,173.6823,
,173.697175,
,173.733775,
,173.77035,
,173.807425,
,173.830775,
,173.8463,
,173.8584,
,173.862675,
,173.87755,
,173.89935,
,173.929975,
,173.9649,
,173.995725,
,174.015075,
,174.02845,
,174.122575,
,174.239225,
,174.31185,
,174.35155,
,174.362075,
,174.380125,
,174.39935,
,174.423325,
,174.4286,
,174.4368,
,174.4767,
,174.48625,
,174.4937,
,174.536525,
,174.540775,
,174.54525,
,174.589025,
,174.6075,
,174.659025,
,174.6708,
,174.67325,
,174.722275,
,174.78295,
,174.833725,
,174.9137,
,174.929575,
,174.93265,
,174.93995,
,174.94645,
,174.978675,
,174.986025,
,174.995125,
,174.997825,
,175.008525,
,175.024675,
,175.03385,
,175.0465,
,175.066825,
,175.084425,
,175.091375,
,175.102225,
,175.111675,
,175.12765,
,175.143075,
,175.160175,
,175.1776,
,175.18795,
,175.207525,
,175.29575,
,175.314025,
,175.3872,
,175.419075,
,175.439725,
,175.462975,
,175.52495,
,175.5279,
,175.5355,
,175.545425,
,175.56425,
,175.56805,
,175.5778,
,175.594125,
,175.603775,
,175.6114,
,175.616975,
,175.640025,
,175.652175,
,175.6753,
,175.691025,
,175.759325,
,175.8188,
,175.84115,
,175.856175,
,175.95645,
,176.004625,
,176.02415,
,176.12035,
,176.182725,
,176.235175,
,176.236425,
,176.251075,
,176.30585,
,176.340075,
,176.34565,
,176.351825,
,176.359575,
,176.38085,
,176.41095,
,176.415925,
,176.486625,
,176.569525,
,176.57555,
,176.580475,
,176.5901,
,176.6014,
,176.61215,
,176.62365,
,176.806625,
,176.846225,
,176.892375,
,176.907175,
,176.908575,
,176.923625,
,176.938275,
,176.9426,
,176.95035,
,176.968675,
,176.98915,
,177.0013,
,177.008325,
,177.045625,
,177.091775,
,177.139875,
,177.1466,
,177.160125,
,177.17015,
,177.26205,
,177.2772,
,177.332225,
,177.33955,
,177.35325,
,177.4014,
,177.4071,
,177.43295,
,177.46885,
,177.5141,
,177.516375,
,177.545175,
,177.583775,
,177.60725,
,177.675375,
,177.6813,
,177.7122,
,177.741775,
,177.7566,
,177.77265,
,177.78145,
,177.79385,
,177.80635,
,177.8109,
,177.825425,
,177.849475,
,177.86495,
,177.8823,
,177.888575,
,177.895225,
,177.9576,
,178.024525,
,178.053675,
,178.068375,
,178.0813,
,178.10385,
,178.114175,
,178.164925,
,178.16805,
,178.21525,
,178.23655,
,178.269625,
,178.278875,
,178.3064,
,178.3649,
,178.38945,
,178.41765,
,178.44765,
,178.474975,
,178.530525,
,178.578975,
,178.598325,
,178.603975,
,178.636425,
,178.69945,
,178.7063,
,178.718325,
,178.736075,
,178.79805,
,178.810425,
,178.894275,
,178.902575,
,178.91955,
,178.99405,
,179.0146,
,179.030875,
,179.04645,
,179.056525,
,179.05755,
,179.080275,
,179.08405,
,179.0994,
,179.11135,
,179.116875,
,179.120275,
,179.146325,
,179.157125,
,179.168625,
,179.1739,
,179.22535,
,179.235625,
,179.237825,
,179.247325,
,179.2842,
,179.317275,
,179.33785,
,179.35995,
,179.379825,
,179.404225,
,179.435925,
,179.45075,
,179.45905,
,179.475575,
,179.544675,
,179.58305,
,179.6009,
,179.72915,
,179.7456,
,179.77195,
,179.77565,
,179.777425,
,179.781625,
,179.80925,
,179.819025,
,179.83035,
,179.832525,
,179.83765,
,179.8404,
,179.84355,
,179.85265,
,179.87595,
,179.89265,
,179.906775,
,179.925275,
,179.9378,
,179.9709,
,180.00075,
,180.029725,
,180.1272,
,180.131075,
,180.175125,
,180.203375,
,180.2485,
,180.267225,
,180.3145,
,180.3297,
,180.39875,
,180.401775,
,180.409175,
,180.423275,
,180.426325,
,180.429325,
,180.448425,
,180.451425,
,180.501975,
,180.525175,
,180.57165,
,180.611275,
,180.6253,
,180.63155,
,180.8097,
,180.82845,
,180.86875,
,180.894625,
,180.99845,
,181.022775,
,181.02865,
,181.031925,
,181.052575,
,181.0723,
,181.078075,
,181.095825,
,181.139075,
,181.160175,
,181.20385,
,181.22925,
,181.24555,
,181.2739,
,181.29745,
,181.3234,
,181.3268,
,181.332525,
,181.347575,
,181.372325,
,181.418775,
,181.44695,
,181.7218,
,181.802775,
,181.848,
,181.85505,
,181.874525,
,181.9091,
,181.931525,
,181.948775,
,182.00565,
,182.01925,
,182.04305,
,182.05865,
,182.085375,
,182.1174,
,182.1207,
,182.141475,
,182.1584,
,182.16185,
,182.16415,
,182.186375,
,182.265225,
,182.28755,
,182.298125,
,182.30205,
,182.3482,
,182.48835,
,182.52765,
,182.539375,
,182.572575,
,182.5873,
,182.63125,
,182.773675,
,182.811825,
,182.845675,
,182.862125,
,182.8729,
,182.923825,
,182.934275,
,182.941125,
,182.9464,
,182.96295,
,182.97475,
,183.00855,
,183.06895,
,183.10185,
,183.247675,
,183.254875,
,183.3138,
,183.343625,
,183.3756,
,183.380875,
,183.4117,
,183.4362,
,183.47245,
,183.514875,
,183.5478,
,183.571525,
,183.59985,
,183.6483,
,183.659,
,183.691875,
,183.77755,
,183.7997,
,183.8223,
,183.842575,
,183.85955,
,183.88225,
,183.89645,
,183.929175,
,183.949525,
,183.958475,
,183.993725,
,184.00365,
,184.037075,
,184.0569,
,184.12365,
,184.1596,
,184.16865,
,184.197025,
,184.22525,
,184.253175,
,184.269025,
,184.29165,
,184.3156,
,184.3347,
,184.342875,
,184.35475,
,184.36205,
,184.378875,
,184.39685,
,184.406075,
,184.4275,
,184.4448,
,184.467325,
,184.47255,
,184.47945,
,184.488025,
,184.50275,
,184.5071,
,184.509475,
,184.5186,
,184.586175,
,184.60945,
,184.629175,
,184.664725,
,184.673075,
,184.690475,
,184.7443,
,184.773475,
,184.797325,
,184.831225,
,184.860975,
,184.885925,
,184.89685,
,184.925275,
,184.9333,
,184.965125,
,185.004375,
,185.149525,
,185.15105,
,185.219675,
,185.25155,
,185.25265,
,185.3096,
,185.371475,
,185.3835,
,185.404125,
,185.421125,
,185.430275,
,185.4457,
,185.4636,
,185.4864,
,185.5215,
,185.53795,
,185.554025,
,185.563975,
,185.572625,
,185.6069,
,185.62375,
,185.70045,
,185.744125,
,185.7985,
,185.842475,
,185.88665,
,185.921,
,185.963575,
,185.99005,
,186.016625,
,186.076175,
,186.0884,
,186.1052,
,186.114475,
,186.1254,
,186.13095,
,186.136775,
,186.165775,
,186.16885,
,186.1741,
,186.177275,
,186.180025,
,186.187625,
,186.201625,
,186.21195,
,186.23825,
,186.257075,
,186.28655,
,186.32455,
,186.331225,
,186.3376,
,186.34525,
,186.34905,
,186.356325,
,186.36515,
,186.379375,
,186.392275,
,186.43265,
,186.443725,
,186.454125,
,186.468325,
,186.53985,
,186.5695,
,186.6036,
,186.632225,
,186.63845,
,186.67455,
,186.6927,
,186.769,
,186.7915,
,186.79495,
,186.798375,
,186.80735,
,186.81675,
,186.82465,
,186.84175,
,186.931075,
,186.934475,
,186.96435,
,186.974525,
,187.00345,
,187.04515,
,187.145925,
,187.16425,
,187.16875,
,187.174775,
,187.1979,
,187.279825,
,187.359475,
,187.360475,
,187.440225,
,187.5126,
,187.606625,
,187.610925,
,187.6139,
,187.67075,
,187.73605,
,187.744975,
,187.75755,
,187.76205,
,187.778925,
,187.800125,
,187.822,
,187.8257,
,187.8403,
,187.847875,
,187.86795,
,187.9164,
,187.9325,
,187.97285,
,187.996025,
,188.0186,
,188.051425,
,188.077575,
,188.1229,
,188.12595,
,188.148,
,188.174075,
,188.18875,
,188.196225,
,188.207575,
,188.221075,
,188.2279,
,188.2737,
,188.2794,
,188.291825,
,188.2978,
,188.313975,
,188.328425,
,188.341675,
,188.369325,
,188.37575,
,188.4065,
,188.41485,
,188.48395,
,188.51155,
,188.5227,
,188.5279,
,188.529325,
,188.535325,
,188.55695,
,188.596775,
,188.68985,
,188.7304,
,188.83675,
,188.950625,
,188.964625,
,189.1241,
,189.168625,
,189.189425,
,189.2501,
,189.2884,
,189.297025,
,189.31755,
,189.32135,
,189.345025,
,189.363375,
,189.410275,
,189.420275,
,189.447975,
,189.47885,
,189.521175,
,189.566625,
,189.569475,
,189.614475,
,189.627925,
,189.665675,
,189.6771,
,189.73395,
,189.809025,
,189.830225,
,189.84315,
,189.89865,
,189.91065,
,189.938525,
,189.986675,
,190.007875,
,190.022725,
,190.032175,
,190.044675,
,190.05525,
,190.0644,
,190.08935,
,190.11725,
,190.14235,
,190.20935,
,190.23555,
,190.241025,
,190.269775,
,190.28125,
,190.40525,
,190.450075,
,190.4688,
,190.477225,
,190.49275,
,190.501625,
,190.510325,
,190.513975,
,190.5259,
,190.57365,
,190.628375,
,190.629625,
,190.648375,
,190.661525,
,190.675775,
,190.68855,
,190.717025,
,190.73705,
,190.741275,
,190.74735,
,190.773375,
,190.790675,
,190.853175,
,190.90375,
,190.925775,
,190.95065,
,191.0325,
,191.065875,
,191.0798,
,191.1206,
,191.140425,
,191.1487,
,191.154325,
,191.16135,
,191.17065,
,191.184675,
,191.21635,
,191.25595,
,191.264925,
,191.2906,
,191.3008,
,191.316975,
,191.327825,
,191.35375,
,191.388325,
,191.417425,
,191.430375,
,191.4422,
,191.452325,
,191.464175,
,191.473675,
,191.48125,
,191.4947,
,191.506575,
,191.508525,
,191.534975,
,191.5844,
,191.607525,
,191.61515,
,191.61955,
,191.626875,
,191.62965,
,191.643575,
,191.6636,
,191.68315,
,191.7129,
,191.72885,
,191.7604,
,191.784875,
,191.8039,
,191.82605,
,191.856775,
,191.926275,
,191.96165,
,191.9876,
,191.99895,
,192.024225,
,192.071025,
,192.0942,
,192.09815,
,192.10485,
,192.12585,
,192.185625,
,192.221425,
,192.23675,
,192.254825,
,192.29225,
,192.327025,
,192.332375,
,192.342025,
,192.382325,
,192.40715,
,192.465075,
,192.495325,
,192.522025,
,192.52825,
,192.55025,
,192.6265,
,192.644025,
,192.64535,
,192.658725,
,192.683025,
,192.6876,
,192.6989,
,192.709825,
,192.724525,
,192.78325,
,192.7944,
,192.80845,
,192.812725,
,192.878325,
,192.89555,
,192.927075,
,192.93315,
,192.935475,
,192.95175,
,192.975675,
,193.00385,
,193.013325,
,193.027025,
,193.06095,
,193.080725,
,193.09375,
,193.15375,
,193.16775,
,193.17225,
,193.176025,
,193.183725,
,193.195925,
,193.237075,
,193.244325,
,193.274475,
,193.29395,
,193.31215,
,193.328275,
,193.3894,
,193.393925,
,193.403725,
,193.4048,
,193.42,
,193.44955,
,193.4613,
,193.483875,
,193.622925,
,193.681875,
,193.735325,
,193.7785,
,193.799825,
,193.828825,
,193.86475,
,193.876225,
,193.90885,
,193.930975,
,193.939025,
,193.95625,
,193.96405,
,193.9691,
,193.99575,
,194.01705,
,194.02575,
,194.02995,
,194.046575,
,194.102325,
,194.122275,
,194.21595,
,194.234425,
,194.244175,
,194.27385,
,194.388825,
,194.423975,
,194.452225,
,194.4975,
,194.536075,
,194.556025,
,194.5778,
,194.5822,
,194.585975,
,194.600925,
,194.602675,
,194.619,
,194.633525,
,194.657275,
,194.6944,
,194.72265,
,194.723975,
,194.726925,
,194.729325,
,194.74605,
,194.7903,
,195.0116,
,195.05675,
,195.081275,
,195.1071,
,195.149675,
,195.209425,
,195.2212,
,195.230025,
,195.245525,
,195.301875,
,195.39125,
,195.438725,
,195.44925,
,195.47295,
,195.49055,
,195.50145,
,195.510275,
,195.513675,
,195.521225,
,195.528675,
,195.5369,
,195.5436,
,195.548375,
,195.5531,
,195.60565,
,195.653125,
,195.693225,
,195.728475,
,195.75275,
,195.84735,
,195.85635,
,195.87125,
,195.889425,
,195.90915,
,195.9299,
,195.935375,
,195.950525,
,196.00445,
,196.0364,
,196.0898,
,196.155275,
,196.161275,
,196.170475,
,196.24745,
,196.273625,
,196.33035,
,196.35055,
,196.36865,
,196.512725,
,196.553225,
,196.567825,
,196.572825,
,196.576925,
,196.596975,
,196.650125,
,196.675275,
,196.746625,
,196.771875,
,196.816825,
,196.8495,
,196.869125,
,196.915725,
,196.922425,
,196.92855,
,196.93815,
,196.951175,
,196.96995,
,196.975775,
,196.9931,
,196.999425,
,197.0051,
,197.009825,
,197.0161,
,197.02255,
,197.0261,
,197.039925,
,197.0561,
,197.1027,
,197.167,
,197.211,
,197.231575,
,197.2469,
,197.3191,
,197.3553,
,197.3668,
,197.380125,
,197.3844,
,197.43075,
,197.438675,
,197.458425,
,197.506225,
,197.510275,
,197.570025,
,197.59515,
,197.614025,
,197.64405,
,197.68375,
,197.6903,
,197.70825,
,197.775225,
,197.7876,
,197.823875,
,197.873425,
,197.9605,
,197.9839,
,198.0032,
,198.0179,
,198.034275,
,198.04015,
,198.0567,
,198.084975,
,198.0954,
,198.1093,
,198.13485,
,198.161475,
,198.1756,
,198.197675,
,198.2086,
,198.2278,
,198.239025,
,198.250325,
,198.27425,
,198.324525,
,198.335925,
,198.34735,
,198.3638,
,198.38825,
,198.439275,
,198.476875,
,198.496225,
,198.5284,
,198.542175,
,198.552575,
,198.5842,
,198.630175,
,198.685575,
,198.727325,
,198.737425,
,198.7846,
,198.7875,
,198.8413,
,198.8814,
,198.911175,
,198.917325,
,198.938125,
,198.941375,
,198.95415,
,198.96025,
,198.973025,
,198.9758,
,198.981,
,198.98765,
,199.018325,
,199.020575,
,199.027775,
,199.059375,
,199.1223,
,199.165875,
,199.196875,
,199.202425,
,199.224225,
,199.275375,
,199.3553,
,199.381775,
,199.39125,
,199.430625,
,199.436225,
,199.445575,
,199.4586,
,199.462475,
,199.4683,
,199.4767,
,199.482225,
,199.490775,
,199.495675,
,199.503,
,199.516,
,199.57865,
,199.590575,
,199.605425,
,199.612525,
,199.636875,
,199.6672,
,199.6828,
,199.68705,
,199.6928,
,199.735475,
,199.80095,
,199.803325,
,199.831525,
,199.910125,
,199.929375,
