SPK_SPKC09a (exc),SPK_SPKC14a (no opto-tagging)
181.057925,160.033975
181.5053,160.116125
182.2161,160.26065
183.132575,160.3759
183.686325,160.47145
183.80725,160.558525
184.854825,160.66245
184.98195,160.759425
185.35755,160.84775
185.573475,161.004975
185.783425,161.22985
185.89265,161.31095
186.035475,161.423275
186.434525,161.460375
186.754625,161.515925
186.87745,161.610775
187.289075,161.693625
187.37565,161.7943
187.44495,161.890725
187.54165,162.0002
187.857025,162.099275
188.0594,162.220425
188.22465,162.40585
188.22985,162.521025
188.339725,162.617375
188.72745,162.737775
188.9803,162.8889
189.21565,162.9891
189.274875,163.045375
189.5091,163.1716
189.597025,163.2513
189.787875,163.309475
189.9412,163.3518
190.158025,163.388825
190.384825,163.428475
190.5032,163.450225
190.743925,163.50685
190.890425,163.569775
190.987325,163.6224
191.147025,163.702475
191.4154,163.752575
191.591125,163.807075
191.716175,163.90125
191.85375,163.9922
191.945025,164.07165
192.06745,164.14335
192.278225,164.204225
192.3953,164.3043
192.576825,164.35985
192.754025,164.59825
193.008875,164.69995
193.412775,164.79595
193.577675,164.9051
193.7631,165.014725
193.933375,165.106
194.1051,165.22435
194.303425,165.4152
194.607925,165.53315
194.8175,165.6836
194.947325,165.790075
195.10955,165.88455
195.3429,166.0825
195.68425,166.1786
196.076125,166.245875
196.242125,166.324
196.588,166.504575
196.68585,166.645675
197.0534,166.7494
197.2144,166.953375
197.353625,167.027875
197.45825,167.213975
197.613175,167.3211
197.85985,167.429175
197.951925,167.5136
198.0715,167.582125
198.260625,167.678775
198.45085,167.772575
198.599375,167.867625
198.806525,167.956775
199.03035,168.075925
199.2514,168.299825
199.525625,168.385125
199.7228,168.484675
199.829575,168.641025
200.01515,168.73915
200.145225,168.913175
200.38095,169.01045
200.5259,169.076425
200.668625,169.146125
200.8711,169.26405
201.242875,169.362475
201.39805,169.5688
201.65865,169.67745
201.783575,169.79625
202.0946,169.91035
202.307825,170.02475
202.593175,170.139325
202.7108,170.2222
203.130425,170.352275
203.356775,170.448525
203.582725,170.53965
203.795625,170.70285
203.9037,170.861525
204.091225,170.93655
204.19655,171.10095
204.56875,171.189425
204.629225,171.26575
204.8667,171.36945
205.053025,171.4631
205.2669,171.60525
205.906925,171.721825
206.03765,171.8965
206.16995,171.9915
206.5086,172.0935
206.699825,172.18905
206.847625,172.39
206.94685,172.49265
207.005075,172.594325
207.258125,172.68965
207.515225,172.97035
207.63325,173.046875
207.783825,173.147575
207.934025,173.250625
208.0322,173.358625
208.132725,173.4545
208.287025,173.5313
208.47455,173.6082
208.7119,173.70015
208.8485,173.78765
208.93555,173.867775
209.0203,173.957825
209.124025,174.053125
209.200975,174.177375
209.38115,174.379175
209.45755,174.470175
209.54475,174.565275
209.632725,174.632375
209.727,174.728025
209.8303,174.8443
210.3373,174.904775
210.501675,174.99555
210.842075,175.0681
210.949075,175.25685
211.043775,175.3272
211.11195,175.425675
211.216775,175.491775
211.532475,175.555725
211.599475,175.633775
211.706325,175.69075
211.9307,175.7437
212.0487,175.86525
212.141325,175.9287
212.357725,175.974825
212.463075,176.0417
212.50155,176.1222
212.6406,176.2434
212.75185,176.353425
212.885075,176.48615
212.97095,176.622875
213.05215,176.741825
213.16755,176.822375
213.303325,176.964225
213.3722,177.060825
213.442225,177.172725
213.7321,177.40975
213.825225,177.486975
213.91555,177.614375
214.0276,177.720025
214.0622,177.7387
214.106925,177.78125
214.160375,177.861975
214.238775,177.98175
214.3255,178.0513
214.399225,178.126325
214.578525,178.328375
214.627925,178.512425
214.720425,178.582875
214.971825,178.708075
215.0695,178.8619
215.160525,178.964
215.278975,179.039475
215.398225,179.2952
215.45885,179.398825
215.524,179.532175
215.5761,179.640425
215.7026,179.7917
215.8158,179.96355
215.92065,180.08865
216.012975,180.259175
216.07085,180.349225
216.233525,180.394825
216.35225,180.4633
216.4797,180.60645
216.5882,180.711175
216.720875,180.81425
216.779975,180.988675
216.85805,181.13025
216.937,181.231125
216.991175,181.3032
217.1034,181.3662
217.1572,181.4355
217.237775,181.5716
217.338,181.612875
217.419475,181.659675
217.48065,181.75365
217.582825,181.850475
217.686075,181.9543
217.7697,182.031925
217.92415,182.110025
217.984475,182.2143
218.0698,182.31665
218.126675,182.460025
218.17315,182.629975
218.233475,182.7242
218.302875,182.78975
218.363675,183.031875
218.42685,183.104575
218.516125,183.1782
218.61115,183.22915
218.666725,183.3323
218.7177,183.421575
218.82375,183.4395
218.8935,183.4976
218.9814,183.770675
219.199775,183.86035
219.333625,183.94045
219.4612,184.0264
219.5481,184.180175
219.6177,184.2724
219.709725,184.664425
219.780125,184.75945
219.89425,184.87195
220.040425,184.9719
220.114,185.024375
220.27015,185.0993
220.419,185.15945
220.49805,185.24185
220.5602,185.319
220.6284,185.39555
220.700875,185.472675
220.825125,185.717075
220.898,185.805775
221.04815,185.885925
221.17655,185.955025
221.2525,186.0403
221.344825,186.102425
221.4519,186.16355
221.514975,186.219875
221.626775,186.294425
221.6889,186.37555
221.799175,186.501875
221.94995,186.512225
222.021925,186.596675
222.1071,186.704975
222.27495,186.805775
222.32625,186.885975
222.403675,186.9584
222.48685,187.0557
222.580975,187.188875
222.67565,187.206775
222.763225,187.378675
222.838375,187.471025
222.91605,187.5441
222.971925,187.61825
223.029825,187.7405
223.122475,187.90325
223.2305,187.999275
223.316275,188.108975
223.41035,188.21485
223.667725,188.3247
223.72475,188.44885
223.778975,188.754475
223.9497,188.8467
224.06335,188.9541
224.224775,189.03035
224.340325,189.24445
224.801725,189.3637
224.851775,189.441775
224.9426,189.532925
225.007325,189.6288
225.105075,189.82825
225.231225,189.906675
225.31735,189.9856
225.38235,190.17615
225.494425,190.28335
225.5509,190.47725
225.6825,190.55265
225.747125,190.6466
225.791625,190.769625
225.939775,190.8323
226.03405,190.91105
226.087,190.999925
226.146,191.099725
226.22535,191.207225
226.2899,191.316225
226.362375,191.397925
226.426875,191.518125
226.641825,191.6533
226.69225,191.809725
226.817175,191.91295
226.9107,191.990025
226.99805,192.1267
227.03925,192.2191
227.092975,192.303375
227.170925,192.4186
227.3297,192.5105
227.4363,192.707
227.51785,193.0153
227.675325,193.116925
227.813925,193.228775
227.86535,193.33735
227.93,193.4311
228.00045,193.545775
228.123525,193.655925
228.175925,193.810875
228.3827,193.904675
228.43685,194.025625
228.4721,194.150225
228.66675,194.210525
228.72415,194.286125
228.806775,194.461325
228.8751,194.5367
228.9454,194.630925
229.08715,194.712725
229.1624,194.82795
229.24045,194.929875
229.2941,195.025425
229.3465,195.124225
229.432625,195.23615
229.507925,195.32235
229.561475,195.42015
229.635125,195.503625
229.693675,195.718175
229.7504,195.8202
229.812975,195.925475
229.85665,196.021225
229.8599,196.222075
229.9244,196.357875
230.1055,196.45515
230.216225,196.53085
230.285625,196.59915
230.3413,197.05185
230.405225,197.162675
230.48645,197.261425
230.54515,197.356325
230.599375,197.44515
230.70875,197.5238
230.775425,197.585975
230.828225,197.6677
230.908375,197.752525
230.949075,197.8471
231.009975,197.92715
231.07635,198.00425
231.1415,198.0962
231.195175,198.201875
231.245125,198.369825
231.296275,198.4511
231.3642,198.547275
231.44485,198.63605
231.5699,198.7339
231.6605,198.9478
231.7518,199.061425
231.807875,199.1484
231.97695,199.2167
232.0428,199.407475
232.0952,199.5005
232.14045,199.6005
232.452425,199.70035
232.530275,199.797325
232.837175,199.9046
232.894225,200.029375
232.979225,200.117775
233.084875,200.2361
233.1501,200.3495
233.2825,200.5103
233.381825,200.60935
233.452325,200.724175
233.496875,200.817625
233.561825,200.9538
233.633175,201.050325
233.71545,201.1549
233.7837,201.24145
233.8768,201.317675
234.034,201.393525
234.086025,201.495675
234.16205,201.569225
234.37475,201.653275
234.432925,201.76585
234.585475,201.846875
234.654775,201.925
234.727175,202.013725
234.8196,202.10965
234.91025,202.200575
234.981775,202.30835
235.058675,202.408725
235.128125,202.56775
235.16915,202.6413
235.429725,202.70505
235.5047,202.811125
235.554025,202.8992
235.61655,203.152075
235.720125,203.23955
235.844425,203.337025
235.921275,203.41595
235.979125,203.516625
236.037475,203.643275
236.100775,203.7274
236.178175,203.889175
236.28615,203.99755
236.340475,204.0861
236.411375,204.19215
236.5191,204.371725
236.599625,204.46915
236.755475,204.5539
236.865,204.986825
236.947175,205.053375
237.063625,205.138325
237.139025,205.2104
237.212075,205.276175
237.360675,205.354025
237.43405,205.420325
237.4881,205.50875
237.57575,205.601
237.660225,205.6949
237.728275,205.924175
237.80885,205.9828
237.897025,206.0653
237.961025,206.1489
238.0433,206.3065
238.2145,206.423225
238.321475,206.516625
238.401075,206.62615
238.472825,206.72855
238.581325,206.8833
238.725575,206.95975
238.78155,207.05785
238.96285,207.114725
239.00025,207.203425
239.061625,207.451
239.131675,207.63975
239.24825,207.733675
239.4713,207.8522
239.55835,207.95435
239.664425,208.085625
239.7201,208.185875
239.88255,208.316475
240.0053,208.4844
240.0516,208.631625
240.1411,208.796275
240.1927,208.84875
240.262025,208.956825
240.3341,209.0599
240.464275,209.166175
240.578475,209.276
240.6446,209.3068
240.7546,209.4421
240.842425,209.56335
240.904675,209.66365
241.098375,209.769875
241.143175,209.86065
241.29005,210.095825
241.356025,210.197875
241.52325,210.3209
241.67605,210.414175
241.738625,210.516175
241.83275,210.820925
241.9435,210.9289
242.0293,211.0622
242.0654,211.182175
242.134675,211.308325
242.36375,211.392625
242.47055,211.467975
242.535625,211.5709
242.6071,211.665275
242.87165,211.77835
242.980275,211.856325
243.0497,212.06845
243.13625,212.212075
243.22735,212.394925
243.30825,212.582625
243.3833,212.67925
243.4409,212.767175
243.513825,212.975675
243.612225,213.29545
243.670925,213.407425
243.7426,213.560775
243.8171,213.675875
243.872625,213.8434
244.012925,213.943625
244.062675,214.278475
244.104875,214.398625
244.199775,214.530625
244.286625,214.626975
244.46105,214.729125
244.535975,214.848225
244.7386,215.023125
244.87225,215.17015
244.984525,215.286875
245.079675,215.44105
245.22275,215.5713
245.3505,215.663375
245.532975,215.762825
245.643275,216.070375
245.74475,216.189775
245.86365,216.4345
246.035125,216.565125
246.1303,216.837075
246.319675,216.9039
246.446,217.001325
246.52925,217.09155
246.7714,217.2341
246.85,217.44075
246.974775,217.57265
247.06135,217.728275
247.161125,217.8111
247.259775,217.911925
247.356425,217.998875
247.52445,218.1063
247.582975,218.230025
247.673575,218.38725
247.7448,218.4861
247.849525,218.575875
247.94325,218.6852
248.014675,218.83435
248.1553,218.961875
248.284475,219.075475
248.363,219.20165
248.453425,219.37165
248.637625,219.469375
248.693325,219.57885
248.750925,219.707425
248.7863,219.965575
249.094375,220.074475
249.1802,220.238825
249.2274,220.344475
249.290025,220.439425
249.3404,220.529425
249.466975,220.684175
249.667325,220.847475
249.728075,220.95585
249.8226,221.0885
249.873625,221.167625
249.923475,221.276925
250.073575,221.3906
250.152725,221.514525
250.246375,221.59845
250.3078,221.73935
250.4015,221.877125
250.491975,222.040775
250.56905,222.1503
250.681625,222.28305
250.81905,222.5795
250.866125,222.6804
250.935175,222.812825
251.0227,222.90975
251.073225,222.984925
251.1653,223.1539
251.4441,223.288525
251.50015,223.391875
251.65775,223.49385
251.763275,223.701525
251.88005,223.8331
251.9753,223.9122
252.30195,224.054425
252.410525,224.141125
252.46955,224.2345
252.52235,224.343675
252.634625,224.445525
252.72815,224.567725
252.84475,224.712475
252.915425,224.8052
253.022125,224.9135
253.186625,225.003625
253.25235,225.09675
253.361575,225.28155
253.45645,225.380875
253.5747,225.463975
253.696275,225.592425
253.771725,225.696
253.8417,225.82275
253.953,225.92925
254.021175,226.0369
254.087925,226.1298
254.149075,226.26605
254.2119,226.352225
254.27035,226.4575
254.4363,226.5351
254.605625,226.723
254.668675,226.800525
254.72745,227.126725
255.015275,227.23635
255.08945,227.363725
255.245175,227.429025
255.327025,227.5488
255.402175,227.6529
255.47985,227.756475
255.560225,227.8394
255.745575,227.9593
255.967525,228.2954
256.135525,228.432025
256.212025,228.559825
256.3371,228.6529
256.397225,228.731075
256.48905,228.8815
256.57445,228.97185
256.6287,229.10325
256.687725,229.215375
256.757275,229.4308
256.84285,229.523325
257.02165,229.63215
257.175325,229.856925
257.26575,230.204025
257.499775,230.311025
257.60075,230.432525
257.742975,230.549325
257.857,230.681225
257.9554,230.819075
258.0737,230.925625
258.1484,231.027275
258.3659,231.1604
258.45965,231.2389
258.511425,231.36675
258.593325,231.540025
258.66665,231.659025
258.75055,231.8522
258.804825,231.9222
258.912,232.01815
259.0096,232.11485
259.109375,232.286
259.387575,232.374625
259.68655,232.470825
259.764475,232.582
259.856675,232.696875
259.91005,232.989875
259.96,233.09555
260.0304,233.364875
260.155375,233.55115
260.194675,233.78735
260.377325,233.89845
260.6637,234.1519
260.815125,234.2582
260.8697,234.372925
260.92495,234.47155
260.971575,234.581075
261.086,234.68925
261.163625,234.9532
261.209125,235.078625
261.261925,235.16865
261.31925,235.333375
261.3965,235.4585
261.5073,235.571925
261.640775,235.763575
261.69435,235.86575
261.72175,235.915375
261.812275,236.01975
261.853325,236.239825
261.8915,236.398775
261.944425,236.487
262.072725,236.601975
262.14385,236.708075
262.184925,236.784825
262.224175,236.852625
262.2741,237.003725
262.302475,237.072025
262.40745,237.34255
262.4867,237.42285
262.516175,237.474775
262.650775,237.59715
262.688625,237.673525
262.73195,237.8675
262.766875,237.943925
262.83375,238.034275
262.86125,238.199625
262.89125,238.333925
262.93615,238.420175
262.9793,238.501825
263.0759,238.58915
263.1119,238.734675
263.135425,238.839925
263.155775,238.919725
263.1817,239.116925
263.283875,239.322525
263.32895,239.43055
263.3625,239.613175
263.38885,239.7299
263.41935,239.8266
263.479825,239.919075
263.529,240.022975
263.8385,240.22905
263.876525,240.31325
263.96585,240.399375
264.012,240.5966
264.04795,240.807725
264.2106,240.8807
264.270575,240.926125
264.2993,240.9953
264.319275,241.08815
264.435475,241.4771
264.51525,241.585175
264.537625,241.739725
264.6411,241.837825
264.67955,241.9537
264.74405,242.137275
264.945175,242.47755
265.009325,242.5569
265.052675,242.6491
265.1648,242.752075
265.22715,242.8225
265.32655,242.96355
265.354525,243.0719
265.415575,243.183925
265.540025,243.24435
265.57215,243.350375
265.60655,243.42575
265.647525,243.62755
265.683875,243.81525
265.764,243.920475
265.822425,244.17645
265.8539,244.332275
265.88695,244.418425
266.036,244.550075
266.078375,244.637575
266.125725,244.733325
266.16165,244.92085
266.2604,245.031425
266.294125,245.112175
266.358625,245.238875
266.516375,245.34895
266.568975,245.45175
266.664925,245.5267
266.736425,245.66615
266.7986,245.745525
266.847275,245.91785
266.906825,246.001725
266.968625,246.093025
267.0848,246.208825
267.15395,246.34595
267.219575,246.474575
267.26775,246.559375
267.39045,246.64815
267.443675,246.812
267.498225,247.039375
267.563075,247.175025
267.58525,247.3071
267.853525,247.448725
267.921525,247.592675
267.98265,247.884175
268.1383,247.997575
268.18175,248.10605
268.282375,248.20365
268.328425,248.336725
268.471775,248.5233
268.5322,248.66355
268.6091,248.7231
268.655625,248.80495
268.756875,248.8385
268.770875,249.004775
268.856475,249.16385
268.8903,249.383025
268.928775,249.485525
269.0284,249.757125
269.079025,249.860025
269.13205,250.080075
269.17445,250.316675
269.34515,250.51445
269.4314,250.628775
269.44185,250.73055
269.519,250.82205
269.540275,250.94095
269.722725,251.07415
269.81585,251.172175
269.8831,251.24125
269.912,251.320275
269.9894,251.62155
270.065125,251.740975
270.17245,251.82195
270.251125,251.954975
270.379275,252.0279
270.43385,252.248775
270.49245,252.370425
270.52525,252.54935
270.595375,252.633025
270.637825,252.81415
270.652425,252.957775
270.69235,253.07125
270.72095,253.205175
270.7715,253.316775
270.9045,253.4487
270.965975,253.53625
271.0502,253.62315
271.091925,253.8103
271.145675,253.884925
271.245075,253.987075
271.331125,254.07975
271.395375,254.2083
271.43475,254.307825
271.5556,254.398025
271.5866,254.5028
271.650975,254.680925
271.686625,254.8685
271.7158,254.958975
271.7358,255.046125
271.91575,255.215775
271.978825,255.339225
272.0283,255.442225
272.0576,255.706825
272.111025,255.918875
272.185775,256.044725
272.221275,256.126675
272.3314,256.226775
272.375525,256.32245
272.403825,256.439325
272.50335,256.55125
272.555525,256.878925
272.61365,257.03665
272.7244,257.122
272.7631,257.22755
272.81105,257.4236
272.843925,257.553925
272.884675,257.662775
273.070675,257.7082
273.1076,257.7821
273.15995,257.89695
273.2303,257.994225
273.261875,258.080225
273.414525,258.228075
273.46935,258.336325
273.526325,258.5156
273.655625,258.622925
273.73235,258.7119
273.831775,258.81645
273.879225,258.889775
274.004125,259.02305
274.0499,259.12525
274.09245,259.412025
274.13405,259.62215
274.185225,259.79735
274.23735,259.9238
274.28785,259.979425
274.3452,260.16155
274.3894,260.26845
274.4745,260.387325
274.579525,260.492825
274.6691,260.60975
274.721575,260.69075
274.78135,261.0226
274.819125,261.1307
274.882725,261.20935
274.924875,261.381425
274.965375,261.4736
275.011875,261.55425
275.093425,261.674125
275.213575,261.8181
275.382475,261.9561
275.43865,262.0564
275.544525,262.184525
275.6469,262.3866
275.79585,262.519825
275.922975,262.638975
275.957775,262.714725
276.0138,262.7684
276.172325,262.84315
276.22705,262.949
276.35005,263.01475
276.426275,263.102525
276.46795,263.19695
276.49615,263.38095
276.61695,263.563
276.704925,263.784
276.7408,263.911975
276.765375,264.0378
276.832425,264.144325
276.8995,264.21195
277.0316,264.352025
277.077125,264.482025
277.19465,264.54345
277.262225,264.6379
277.31915,264.97585
277.35445,265.08155
277.414525,265.1502
277.451725,265.240825
277.489625,265.31895
277.6231,265.563975
277.78175,265.667875
277.88585,265.741175
278.01785,265.82085
278.053075,266.428925
278.093975,266.59135
278.20165,266.663975
278.25615,266.7865
278.307775,266.83905
278.355125,266.963
278.419075,267.066475
278.459325,267.21475
278.567825,267.420075
278.607825,267.523325
278.686975,267.5932
278.78285,267.682925
278.97005,267.753875
279.15055,267.912375
279.255575,268.0111
279.306425,268.0968
279.34855,268.2059
279.391425,268.306275
279.604875,268.390075
279.6575,268.491675
279.703575,268.610175
279.7581,268.706875
279.86985,268.938425
279.92775,269.204975
280.0316,269.2896
280.13295,269.4111
280.216275,269.530425
280.3054,269.6301
280.349425,269.8234
280.5438,269.900475
280.589375,269.98985
280.807775,270.16025
281.031625,270.246
281.095275,270.351525
281.135275,270.4168
281.1837,270.62365
281.303025,270.723
281.389025,271.034875
281.59815,271.1142
281.625625,271.179725
281.755075,271.250025
281.973325,271.341975
282.0443,271.423775
282.200875,271.48985
282.325925,271.549525
282.3815,271.751175
282.55185,271.9941
282.60565,272.067525
282.707475,272.30245
282.861625,272.37065
282.9574,272.495675
282.9963,272.635375
283.04915,272.7359
283.080625,272.7938
283.327275,272.87505
283.658925,272.9475
283.794275,273.0093
283.83865,273.1413
283.9061,273.2264
283.993775,273.427675
284.089175,273.502325
284.132425,273.5784
284.213925,273.704325
284.270225,273.767325
284.297075,273.83615
284.3301,273.92925
284.394825,274.00415
284.472325,274.0538
284.56395,274.126325
284.603375,274.19735
284.668775,274.433475
284.71945,274.58725
284.78915,274.6482
284.839525,274.738
284.893125,274.9906
284.926075,275.035625
285.046775,275.214075
285.07625,275.291225
285.1873,275.3727
285.4178,275.452975
285.466875,275.5155
285.5877,275.57475
285.7081,275.8889
285.7524,276.04555
285.78965,276.152425
285.9197,276.240825
286.0618,276.30405
286.12625,276.394075
286.2865,276.45915
286.331375,276.561225
286.46625,276.639125
286.6378,276.702975
286.7011,276.7994
286.76375,276.915025
286.8156,277.070375
286.875675,277.14645
286.995575,277.330025
287.0415,277.444125
287.167425,277.53535
287.299725,277.594475
287.351825,277.662475
287.401325,277.8461
287.450825,278.035275
287.538075,278.1206
287.5943,278.228375
287.678,278.364275
287.835025,278.44295
287.890475,278.553625
288.173775,278.631325
288.2356,278.73985
288.29145,278.80875
288.354375,278.995575
288.4354,279.23585
288.4849,279.415225
288.542825,279.574325
288.74195,279.695425
288.80945,279.76405
288.929525,279.8701
288.97895,279.971675
289.091125,280.109025
289.1413,280.19925
289.41095,280.369675
289.58165,280.444325
289.670275,280.513425
289.768425,280.709675
289.816,280.925425
289.922875,281.022425
289.984225,281.114375
290.03925,281.35075
290.125775,281.5907
290.172775,281.662675
290.2343,282.117675
290.273875,282.20715
290.3792,282.33915
290.442675,282.479425
290.513925,282.637275
290.55185,282.732025
290.590975,282.8551
290.652525,282.9179
290.7239,283.0093
290.76785,283.100075
290.8034,283.27065
290.8505,283.3596
290.95435,283.4515
290.9919,283.532475
291.05675,283.6613
291.1112,283.7092
291.26615,283.82105
291.3893,283.96235
291.4231,284.0133
291.451825,284.12965
291.50635,284.432525
291.5624,284.6737
291.631575,284.919975
291.694725,285.034525
291.76495,285.173275
291.7924,285.318575
291.91175,285.423225
291.968725,285.545725
292.075275,285.666675
292.166725,285.86545
292.213975,285.974875
292.360225,286.078125
292.5317,286.161325
292.58915,286.293075
292.66645,286.407175
292.778975,286.49625
292.827025,286.611175
292.87315,286.67635
293.052025,286.7463
293.0954,286.838075
293.143025,286.9199
293.18955,286.98825
293.2329,287.0516
293.322125,287.132975
293.453,287.30265
293.687475,287.4079
293.736525,287.710725
293.849975,287.8357
293.910625,287.94295
293.97625,288.01445
294.03075,288.101825
294.0968,288.17745
294.159625,288.294375
294.278175,288.38965
294.45535,288.484225
294.519225,288.716275
294.56155,288.7984
294.586275,288.856575
294.72555,288.937225
294.75955,289.02285
294.819275,289.08935
294.90075,289.24385
294.993075,289.315425
295.098575,289.6347
295.1589,289.816
295.20685,289.89195
295.354025,289.9779
295.4438,290.047325
295.595525,290.17695
295.6251,290.39715
295.8219,290.486825
295.909925,290.580525
295.9494,290.697125
296.0037,290.84315
296.0317,290.9641
296.2462,291.171875
296.57635,291.28225
296.6331,291.425
296.6861,291.553125
296.733625,291.6827
296.781475,291.775225
296.87665,291.831775
296.935275,291.92135
297.067775,291.9745
297.10825,292.088975
297.173525,292.228425
297.22585,292.297225
297.39135,292.401875
297.58765,292.6336
297.6417,292.70725
297.685975,292.838725
297.74505,293.021675
297.8021,293.145375
297.990325,293.213925
298.0497,293.632175
298.1383,293.70535
298.211625,294.0477
298.254375,294.129225
298.324475,294.2181
298.365325,294.313825
298.46625,294.523725
298.515675,294.66285
298.575125,294.7902
298.656275,294.9241
298.7561,295.103975
298.8667,295.195825
298.9876,295.2564
299.0881,295.3703
299.15755,295.4202
299.3805,295.5276
299.415475,295.5763
299.450825,295.6584
299.5312,295.80765
299.5675,295.948375
299.611775,296.100025
299.736,296.1667
299.824925,296.222125
299.860425,296.35075
299.898125,296.489325
299.993425,296.53435
300.0937,296.692725
300.14,296.7578
300.190525,296.8186
300.35315,296.87485
300.4446,296.926575
300.51415,297.048975
300.571725,297.12925
300.656125,297.22675
300.78835,297.420225
300.9118,297.511225
300.98395,297.697025
301.158525,297.7724
301.203525,297.887975
301.320625,297.99715
301.4354,298.0985
301.475575,298.2073
301.575825,298.286075
301.757725,298.502275
301.8167,298.634425
301.86075,298.7897
302.063275,298.998075
302.28185,299.15775
302.321125,299.335
302.503225,299.437975
302.71855,299.513725
302.804725,299.5996
302.88215,299.8436
303.052875,299.946725
303.1662,300.061875
303.23835,300.220275
303.295,300.301875
303.376125,300.347275
303.461,300.421125
303.5617,300.529775
303.644025,300.594775
303.701,300.7907
303.750525,300.89895
303.837525,300.9837
303.872525,301.052825
303.930175,301.272275
304.0433,301.35765
304.128,301.43085
304.248275,301.5197
304.394125,301.60005
304.455475,302.0665
304.53345,302.1582
304.614225,302.2499
304.679075,302.396525
304.7551,302.490525
304.984925,302.683075
305.0372,302.96925
305.31025,303.067675
305.424525,303.271375
305.54995,303.37425
305.61385,303.565775
305.7339,303.6586
305.78995,303.75735
305.90855,303.921225
306.134125,304.03815
306.21405,304.13005
306.3059,304.362675
306.4137,304.442525
306.47845,304.5413
306.675725,304.648325
306.718725,304.715825
306.777625,305.060325
306.86095,305.15745
306.946075,305.22595
307.058,305.31515
307.138575,305.512375
307.2708,305.5999
307.440525,305.724725
307.5416,305.840075
307.599075,305.942575
307.6736,306.010625
307.8282,306.208625
307.906875,306.303275
308.08895,306.358925
308.25145,306.470125
308.424325,306.582275
308.469875,306.666
308.537025,306.7722
308.985475,306.968075
309.188075,307.08635
309.28635,307.2834
309.511225,307.38865
309.782125,307.528475
309.87075,307.645875
309.93625,307.83115
310.18745,307.9116
310.335725,307.984025
310.453475,308.125725
310.515675,308.410975
310.680425,308.58125
310.758125,308.6563
310.8468,308.729425
310.9469,308.906775
311.198525,308.989925
311.274125,309.08765
311.4056,309.170625
311.497825,309.393925
311.526475,309.47835
311.645475,309.734975
311.925425,309.9495
312.26195,310.226725
312.304675,310.46885
312.44245,310.569325
312.510325,310.6772
312.60845,310.7576
313.233875,310.974525
313.311775,311.16935
313.38615,311.23705
313.5529,311.32295
313.6911,311.41705
314.043825,311.603725
314.13195,311.7082
314.204375,311.7861
314.275975,311.853725
314.5071,311.961725
314.597275,312.03415
314.647375,312.128475
314.72785,312.2822
314.78915,312.410625
314.879625,312.479075
315.104175,312.6485
315.1823,312.76085
315.470525,312.8474
315.641575,312.95645
315.784875,313.015825
316.0255,313.243625
316.225575,313.3072
316.4699,313.36565
316.559175,313.5653
316.650275,313.66365
316.796325,313.756875
316.92695,314.1484
317.049525,314.289675
317.225625,314.373875
317.3509,314.46
317.577825,314.529975
317.71615,314.6154
317.81945,314.680275
317.894125,314.8714
318.0026,315.055325
318.11815,315.190425
318.316825,315.300375
318.408925,315.464975
318.61185,315.56275
318.677275,315.678675
318.73375,315.938275
318.796275,316.052925
318.96145,316.125425
319.61165,316.2069
319.695225,316.320325
319.8316,316.403375
319.93545,316.54785
320.0206,316.67445
320.337275,316.86675
320.419925,316.9426
320.56095,317.06585
320.698675,317.1376
320.82395,317.239525
321.0478,317.33955
321.132275,317.459075
321.270025,317.6825
321.35995,317.74395
321.53945,317.8605
321.5849,317.94055
321.637025,318.1654
321.737725,318.472
322.06895,318.61715
322.29685,318.69375
322.3417,318.8222
322.521275,318.89065
322.857775,318.9497
322.993525,319.0745
323.1141,319.301775
323.278325,319.3702
323.497225,319.480225
323.70115,319.77045
323.81945,319.932425
323.897125,320.006775
324.075525,320.075825
324.298475,320.118025
324.59645,320.234925
325.069525,320.2853
325.417125,320.439425
325.5708,320.62815
325.957,321.835675
326.22935,322.0155
326.60525,322.246075
326.7746,322.3984
326.8839,322.660275
327.0317,322.719
327.140975,322.8584
327.260275,322.963925
327.410425,323.08545
327.502175,323.2366
327.6432,323.38175
327.760975,323.62065
328.004375,323.693625
328.1081,323.916575
328.248525,324.01375
328.440725,324.123825
328.583675,324.21435
328.695475,324.532375
328.808475,324.594525
329.3994,324.7244
329.507875,324.8122
329.5755,324.920725
329.89335,325.0906
330.107425,325.2602
330.249325,325.364625
330.33925,325.465875
330.416125,325.542775
330.5513,325.6374
330.6249,325.726875
330.69445,325.8297
330.923025,326.206825
331.122625,326.3338
331.197625,326.4464
331.608525,326.568225
331.7464,326.667075
331.8497,326.753675
332.059175,326.867725
332.141625,326.9986
332.4862,327.10065
332.619875,327.18125
332.7161,327.257575
332.80405,327.482175
332.94435,327.660325
333.128425,327.788
333.224525,327.913075
333.2907,328.0284
333.425625,328.146275
333.5334,328.2799
333.631925,328.3508
333.7119,328.469225
333.7832,328.61555
333.91705,328.699725
334.0316,328.82705
334.11655,328.911275
334.342025,329.00105
334.689475,329.09135
334.760975,329.2534
334.91945,329.3662
335.0458,329.43545
335.162125,329.548425
335.3102,329.637575
335.364475,329.757825
335.46865,329.85855
335.619675,329.947225
336.0707,330.05375
336.139475,330.15115
336.2839,330.244225
336.4502,330.340675
336.555225,330.436225
336.7897,330.5434
336.953775,330.617225
337.059775,330.73505
337.1585,330.82745
337.318275,330.917975
337.587125,331.0412
337.701125,331.136975
338.0124,331.2425
338.12965,331.40595
338.224625,331.48515
338.32755,331.5982
338.45095,331.700925
338.53625,332.142725
338.651525,332.3764
338.9566,332.47855
339.120975,332.581
339.190775,332.685175
339.303775,332.85005
339.5227,332.9861
339.60505,333.0926
339.65725,333.19865
339.720025,333.300775
339.85685,333.391625
339.962025,333.491175
340.074125,333.580075
340.21515,333.68225
340.295025,333.7891
340.485075,333.8667
340.562575,333.924925
340.666,334.07595
340.7836,334.2231
340.90055,334.352475
340.990575,334.416175
341.185675,334.5208
341.27065,334.616275
341.395525,334.695225
341.4945,334.861475
341.6018,334.9861
341.6824,335.070225
341.828125,335.165825
341.898825,335.28335
342.00905,335.464875
342.13325,335.7173
342.3959,335.806425
342.597125,335.9959
342.7099,336.070925
342.827725,336.259525
343.04765,336.328175
343.163525,336.469075
343.318825,336.6351
343.49125,336.736925
343.788175,336.797025
343.873,336.97085
344.0105,337.0854
344.144625,337.201225
344.253225,337.462375
344.53945,337.77595
344.7698,337.8394
344.997675,337.874575
345.213225,337.9419
345.3873,338.20365
345.448325,338.428525
345.579,338.676575
345.6961,338.7972
345.834225,338.88465
345.901575,338.971625
345.99195,339.152775
346.0653,339.28495
346.142625,339.3769
346.514625,339.4877
346.610775,339.601725
346.71065,339.842525
346.781975,339.935575
346.829275,340.03995
346.98135,340.24485
347.1348,340.36205
347.23165,340.47595
347.44815,340.587725
347.5247,340.70095
347.6125,340.79555
347.714,340.922175
347.760125,341.02795
347.89655,341.141225
347.947575,341.235475
348.024125,341.387175
348.1814,341.50075
348.230225,341.658725
348.32355,341.8054
348.44365,341.942175
348.547525,342.023325
348.6027,342.148125
348.70885,342.422175
348.785725,342.55575
348.908125,342.6509
348.967475,342.743275
349.120425,343.04435
349.1861,343.294675
349.238075,343.39485
349.352075,343.4974
349.4387,343.644225
349.507525,343.885575
349.554725,343.995025
349.628875,344.099975
349.721525,344.209275
349.824225,344.323375
349.891225,344.4212
349.948125,344.526075
349.98965,344.5926
350.180125,344.71305
350.359075,344.7949
350.52045,344.865175
350.612,344.9616
350.624475,345.024825
350.770375,345.204675
350.8909,345.26855
351.010575,345.365525
351.077875,345.47335
351.1399,345.55835
351.183975,345.62145
351.32975,345.712975
351.46445,345.851625
351.51255,346.141375
351.566275,346.419275
351.61715,346.519625
351.849,346.633875
351.872925,346.8519
352.004675,346.977425
352.078125,347.084775
352.351175,347.1767
352.422075,347.314625
352.48545,347.527825
352.548275,347.8107
352.7065,348.257625
352.812875,348.3556
352.92715,348.458425
352.9929,348.589625
353.049225,348.77385
353.184275,348.87635
353.2527,348.980225
353.4186,349.0656
353.4709,349.1647
353.5238,349.278375
353.6539,349.4602
353.71745,349.862925
353.778675,349.970525
354.088675,350.06415
354.159925,350.1692
354.2707,350.281975
354.3967,350.4221
354.479925,350.521925
354.54655,350.64025
354.6624,350.822625
354.6882,350.97885
354.795775,351.189425
354.92845,351.286575
355.003,351.38925
355.072375,351.62885
355.13635,351.735275
355.2077,351.896075
355.282675,352.008825
355.361025,352.12815
355.41495,352.281575
355.482175,352.388375
355.54255,352.484375
355.743925,352.5763
355.799175,352.68255
355.907075,352.915625
355.968975,353.064175
356.0433,353.30925
356.17275,353.5527
356.221,353.632775
356.25295,353.9512
356.303475,354.05555
356.453575,354.334425
356.530525,354.552175
356.83765,354.728425
356.926825,354.81585
356.9968,354.91715
357.077375,355.1578
357.1425,355.257525
357.2086,355.40325
357.36255,355.64735
357.51595,355.773675
357.575075,355.85235
357.69875,356.059875
357.756375,356.46375
357.922025,357.011775
357.992225,357.176925
358.04655,357.309425
358.094875,357.43165
358.215975,357.5478
358.293375,357.670675
358.330225,357.717575
358.602875,357.822625
358.65715,358.013925
358.751125,358.130225
358.856875,358.472075
358.913075,358.57675
358.98955,358.695425
359.047925,358.911825
359.1674,358.991325
359.314575,359.29975
359.4386,359.537
359.4866,359.709075
359.54635,359.84755
359.634875,
359.70815,
359.752575,
359.821525,
359.884025,
