SPK_SPKC01a,SPK_SPKC04a,SPK_SPKC15a
400.0506,400.017175,400.027475
400.093625,400.058925,400.054875
400.119925,400.11565,400.11165
400.17855,400.139925,400.130475
400.183375,400.145675,400.286475
400.413225,400.20615,400.329225
400.5501,400.2109,400.36255
400.70155,400.30235,400.37285
400.77535,400.303475,400.414325
400.82725,400.32215,400.454825
400.88635,400.374025,400.500375
401.059375,400.465225,400.515525
401.084875,400.513175,400.53045
401.26825,400.547975,400.6301
401.318275,400.604175,400.644525
401.3946,400.645625,400.659125
401.47135,400.7237,400.725775
401.476425,400.84605,400.85425
401.60135,400.964625,400.955575
401.641525,401.036925,400.96175
401.737775,401.104525,400.972875
401.743125,401.177,401.03175
401.786175,401.296525,401.048325
401.8109,401.4049,401.09025
401.848375,401.508375,401.1665
401.8652,401.600325,401.186125
401.96105,401.683225,401.235875
402.033025,401.7898,401.2811
402.1335,401.85635,401.291975
402.172825,401.88305,401.3485
402.2258,401.922775,401.369275
402.25445,402.06495,401.401375
402.28105,402.117225,401.463575
402.769325,402.17945,401.499575
402.817475,402.3127,401.5521
403.121475,402.376475,401.602125
403.157875,402.508475,401.624475
403.28055,402.5653,401.661325
403.395325,402.669525,401.76445
403.4491,402.6815,401.790375
403.515725,402.691875,401.822075
403.534025,402.849725,401.847975
403.63635,403.02825,401.868675
403.904525,403.09985,401.8919
403.992975,403.115225,402.0671
404.106925,403.2501,402.08415
404.17805,403.3182,402.149325
404.313525,403.424625,402.259575
404.55255,403.520575,402.37255
404.605075,403.612925,402.410875
404.6084,403.708825,402.42765
404.725425,403.86445,402.506525
404.763125,404.007225,402.5487
404.93445,404.096175,402.56295
405.19085,404.201,402.58725
405.24605,404.263125,402.604575
405.28485,404.316025,402.64295
405.47765,404.452675,402.741425
405.515125,404.672225,402.78745
405.63595,404.7224,402.804975
405.94345,404.7652,402.861175
406.02095,404.786075,402.929125
406.170225,404.801525,402.988425
406.183025,404.83545,403.035225
406.227975,404.934025,403.06155
406.27185,405.1042,403.111025
406.336225,405.186525,403.167575
406.5644,405.2736,403.211325
406.613875,405.36215,403.22955
406.697625,405.418125,403.27485
406.790325,405.512025,403.2998
406.843175,405.780825,403.334625
406.971125,405.853025,403.37265
407.008975,405.9645,403.414275
407.1024,406.09475,403.438575
407.1358,406.19005,403.473425
407.217575,406.20745,403.49605
407.24585,406.2816,403.523275
407.4281,406.285875,403.56015
407.472875,406.324825,403.6241
407.5549,406.512775,403.639
407.6079,406.513825,403.663825
407.70695,406.683525,403.726575
407.88745,406.823125,403.8206
408.0046,407.081025,403.837075
408.04015,407.152175,403.9407
408.075975,407.189925,403.971525
408.13295,407.19765,403.9895
408.30755,407.21715,404.007175
408.357175,407.348625,404.228325
408.484675,407.548275,404.268525
408.7198,407.680825,404.295775
408.758575,407.82345,404.3161
408.778575,407.898325,404.3379
408.80435,407.996175,404.4015
408.910175,408.051725,404.459375
409.0711,408.16715,404.50005
409.1345,408.3241,404.532075
409.293075,408.397025,404.55725
409.404675,408.469525,404.658475
409.46825,408.582975,404.701375
409.527275,408.671625,404.7167
409.772475,408.751225,404.74765
409.7913,408.7761,404.761575
409.9068,408.78635,404.77285
409.98005,408.82045,404.79185
410.03735,408.925725,404.826175
410.092925,408.9396,404.870675
410.106,408.980825,405.00755
410.180625,409.14835,405.100425
410.387275,409.217675,405.12965
410.450625,409.255,405.158575
410.531,409.33335,405.244475
410.6296,409.37415,405.263125
410.766925,409.385075,405.291675
410.993025,409.405975,405.349125
411.0405,409.483275,405.430375
411.0756,409.5019,405.4455
411.1574,409.552525,405.5147
411.244125,409.635525,405.609175
411.29785,409.7323,405.67285
411.603775,409.773225,405.7262
411.6383,409.8437,405.744475
411.75275,409.914775,405.822475
411.933725,409.95995,405.8712
412.041825,410.0493,405.9818
412.3021,410.142575,406.00075
412.3366,410.171625,406.0871
412.545875,410.26375,406.136575
412.728225,410.494025,406.147225
412.734,410.761375,406.206675
412.76725,410.8409,406.230475
413.03245,410.972375,406.266675
413.137125,411.1049,406.316825
413.371825,411.41815,406.3291
413.4795,411.487325,406.348075
413.624775,411.557675,406.407225
413.710375,411.5878,406.450075
413.891725,411.663725,406.56785
414.708875,411.856525,406.64915
414.864,411.87945,406.6743
414.92935,411.94935,406.700525
415.053875,412.04795,406.759625
415.10105,412.089775,406.81355
415.157425,412.17905,406.874575
415.19135,412.190375,406.959775
415.29135,412.34935,407.011275
415.959775,412.46175,407.02765
416.0296,412.51205,407.08345
416.1461,412.578425,407.12495
416.1844,412.6391,407.155975
416.254925,412.7016,407.27375
416.44075,412.75865,407.45445
416.445525,412.810375,407.579175
416.504375,412.8661,407.696625
416.5551,412.94705,407.7276
416.58445,413.01775,407.75405
416.664925,413.116775,407.86465
416.753175,413.1628,407.9187
416.89595,413.211225,407.929375
417.16235,413.335625,408.004475
417.2586,413.395025,408.051925
417.274475,413.4526,408.0725
417.324275,413.47515,408.17085
417.3771,413.52295,408.22305
417.5466,413.61325,408.27925
417.732475,413.703525,408.336775
418.019775,413.77345,408.36865
418.044775,413.85135,408.39945
418.141725,413.922475,408.461
418.3882,414.009475,408.552575
418.53595,414.1025,408.582125
418.578125,414.2438,408.61835
418.783425,414.33105,408.63865
418.7857,414.41185,408.6722
418.82455,414.4948,408.7658
418.828175,414.612875,408.796525
418.890325,414.61565,408.84405
418.974225,414.692475,408.9797
419.02565,414.844125,409.029825
419.087975,414.95295,409.04625
419.201725,415.0141,409.16505
419.302,415.076925,409.271825
419.42815,415.1424,409.29025
419.808325,415.23525,409.321075
420.527025,415.286025,409.339275
420.56525,415.37645,409.49075
420.600375,415.479325,409.524525
420.698575,415.5786,409.5437
420.746475,415.640725,409.665625
420.853775,415.713075,409.68025
420.916425,415.8069,409.750025
420.9523,415.854,409.7618
421.0228,415.947825,409.80555
421.230825,416.03655,409.8295
421.4656,416.138275,410.019525
421.563175,416.1721,410.051925
421.7339,416.243125,410.07585
421.80995,416.3458,410.089425
421.8432,416.4053,410.1264
421.927075,416.45575,410.1506
422.00615,416.541025,410.21485
422.0831,416.625,410.3998
422.103625,416.744325,410.426425
422.230175,416.836975,410.44785
422.437875,417.054,410.46695
422.476275,417.136225,410.48435
422.547525,417.202825,410.533075
422.5777,417.284325,410.711575
423.38125,417.40265,410.7318
423.448475,417.470125,410.823925
423.6021,417.677025,411.0261
423.8444,417.7697,411.0639
424.1387,417.9328,411.250075
424.225125,418.09505,411.34195
424.335075,418.38665,411.39875
424.376025,418.52685,411.418725
424.620725,418.61035,411.4373
424.747175,418.6864,411.46505
424.89225,418.743825,411.5194
425.221925,419.052825,411.53685
425.2714,419.101225,411.744225
425.494275,419.16375,411.7701
425.5925,419.217275,411.86065
425.7335,419.256925,411.878175
425.874,419.346975,411.941725
425.928375,419.448825,411.954825
426.146175,419.5227,411.9761
426.207125,419.603275,412.045225
426.250375,419.683025,412.06415
426.304225,419.78325,412.077275
426.368875,419.92345,412.112575
426.461975,419.996725,412.12755
426.510475,420.049,412.137175
426.635375,420.371075,412.169475
426.90085,420.4698,412.184525
426.940475,420.546575,412.241325
427.056475,420.610425,412.281475
427.208375,420.6817,412.331
427.30325,420.690975,412.435625
427.3426,420.7129,412.512025
427.45655,420.766975,412.554875
427.607475,420.773375,412.59755
427.630125,420.81665,412.68425
427.782525,420.8188,412.8971
427.825275,420.88955,412.97105
427.8639,421.00365,412.997675
428.104875,421.118625,413.01745
428.327175,421.137275,413.0867
428.43975,421.31445,413.321325
428.5166,421.3166,413.334775
428.606725,421.36315,413.347225
428.880825,421.3933,413.36195
428.941775,421.429525,413.368675
429.01715,421.538425,413.389675
429.02195,421.657625,413.42205
429.0538,421.729275,413.43375
429.211275,421.857225,413.46135
429.39925,421.90585,413.496475
429.6284,421.9222,413.497625
429.65645,421.959925,413.54395
429.762525,422.0165,413.563025
429.859575,422.026725,413.6005
429.8791,422.0573,413.61115
429.9568,422.21715,413.65355
430.2282,422.406675,413.677
430.272425,422.43185,413.69735
430.356025,422.553825,413.799675
430.563375,422.555125,413.843275
430.617625,422.5966,413.857275
430.6795,422.60945,413.872575
430.9556,422.6545,413.881025
431.00405,422.75075,413.932375
431.0051,422.9223,413.9417
431.148,422.93175,413.988225
431.22555,422.98645,414.084075
431.37725,423.111975,414.10815
431.421775,423.178475,414.12375
431.473625,423.30045,414.15145
431.541325,423.3125,414.170825
431.57175,423.460925,414.24135
431.680125,423.5169,414.270425
431.690275,423.552675,414.2921
431.7451,423.62775,414.347775
431.76315,423.70665,414.4194
431.7933,423.798,414.477175
431.859075,423.8963,414.4902
431.93235,424.127925,414.535275
431.968275,424.190075,414.554175
431.988475,424.25585,414.575225
432.071375,424.29675,414.597275
432.10215,424.369225,414.625175
432.1092,424.407225,414.730025
432.13235,424.45625,414.755425
432.159475,424.53545,414.7786
432.2168,424.610775,414.78815
432.286375,424.69915,414.88675
432.343925,424.7868,414.907725
432.4095,424.873575,414.952175
432.558975,424.981925,414.9678
432.62465,425.073725,415.078025
432.7309,425.130675,415.167725
432.8133,425.263225,415.2213
432.8611,425.339475,415.33455
433.11895,425.412125,415.432775
433.122175,425.480575,415.456625
433.1644,425.545875,415.580425
433.22945,425.621475,415.651625
433.4513,425.6886,415.668875
433.4838,425.837825,415.690475
433.769125,425.921775,415.7799
433.85605,425.993125,415.8476
433.915575,426.16715,415.97025
433.99,426.217325,416.029075
434.028975,426.297125,416.120825
434.225075,426.517025,416.1303
434.33045,426.585275,416.1891
434.41595,426.79175,416.222325
434.502625,426.9138,416.336075
434.75835,427.0295,416.371975
434.9384,427.16175,416.397475
435.027475,427.264425,416.4945
435.054475,427.3624,416.67275
435.300275,427.748175,416.705425
435.4801,427.885,416.734725
435.55435,427.935325,416.7791
435.723875,427.99065,416.80175
435.77375,428.2951,416.9778
435.80815,428.370075,417.003875
435.872975,428.43815,417.165675
436.074625,428.4913,417.25825
436.111425,428.51845,417.28495
436.17815,428.545825,417.431275
436.233925,428.6224,417.435325
436.27235,428.6748,417.57685
436.3817,428.87355,417.6086
436.537325,428.96615,417.8032
436.5743,429.002625,417.8503
436.63815,429.04745,417.931425
436.676325,429.07805,418.003925
436.887075,429.15855,418.15595
436.9914,429.240975,418.204075
437.110425,429.387925,418.334225
437.1379,429.483225,418.358475
437.1743,429.556375,418.40075
437.2302,429.6096,418.4553
437.651275,429.684275,418.47765
437.681675,429.76945,418.495925
437.736575,429.7879,418.5287
437.91735,429.7902,418.567525
438.01075,429.948175,418.59135
438.15465,430.07715,418.6481
438.202825,430.14805,418.668675
438.213075,430.152075,418.7027
438.411375,430.257,418.7337
438.418925,430.276,418.8091
438.704475,430.385825,418.8618
438.7571,430.461675,418.924
438.970225,430.5263,418.9437
439.128325,430.600525,418.973525
439.206625,430.673825,419.123925
439.248475,430.831125,419.176775
439.579425,430.929825,419.210725
439.781525,431.0481,419.305275
439.88385,431.0974,419.4187
439.956575,431.196525,419.4555
440.00115,431.278575,419.605175
440.00485,431.35825,419.6376
440.28615,431.44275,419.6685
440.356625,431.491125,419.745125
440.6617,431.5505,419.77435
440.730425,431.572825,419.80365
440.7703,431.660725,419.830025
440.958775,431.725625,419.85025
440.964275,431.81235,419.892425
441.095475,431.861875,419.945975
441.182425,431.90425,419.9609
441.265125,431.95305,419.989125
441.301125,431.9992,420.095225
441.31225,432.052175,420.134875
441.335125,432.082775,420.228575
441.639125,432.1486,420.398925
441.740525,432.163275,420.41795
441.7689,432.3909,420.432875
441.776975,432.4576,420.444425
442.010625,432.575625,420.49345
442.0291,432.64055,420.51285
442.113475,432.701275,420.563225
442.199875,432.779275,420.579675
442.266425,432.886025,420.649975
442.324975,432.938625,420.6639
442.420975,433.053925,420.696975
442.5719,433.124875,420.72295
442.62175,433.19525,420.73735
443.04,433.30105,420.78035
443.206575,433.406275,420.798975
443.55735,433.450325,420.8163
443.642675,433.47505,420.8355
443.844,433.525325,420.8461
443.901675,433.5725,420.86385
443.962075,433.665425,420.912275
443.967025,433.724475,420.92865
443.996425,433.7893,420.947775
444.00265,433.8509,420.9548
444.026425,433.892775,420.968525
444.050925,433.94395,420.991725
444.087175,434.0265,421.036575
444.14245,434.1525,421.04515
444.37005,434.207175,421.084375
444.440075,434.328425,421.098325
444.503075,434.4334,421.132975
444.5285,434.4988,421.145875
444.586425,434.544575,421.211575
444.68715,434.56025,421.23565
444.7232,434.674875,421.35725
444.73785,434.7204,421.3742
444.795025,434.853175,421.3894
444.942,434.95115,421.433825
445.108475,435.022575,421.482925
445.141575,435.12665,421.8365
445.1887,435.338475,421.8668
445.215125,435.439575,421.8887
445.24835,435.534375,421.909225
445.82945,435.7072,421.919175
445.90475,435.79085,421.98385
446.1198,435.920475,422.2892
446.3489,436.105775,422.315875
446.43015,436.188925,422.375725
446.558025,436.23195,422.395125
446.692,436.269675,422.496175
446.70735,436.38535,422.522625
446.728225,436.47185,422.57835
446.76525,436.807375,422.595825
447.310275,436.9174,422.615975
447.4122,436.965225,422.6875
447.574925,437.00965,422.728975
447.681125,437.09475,422.749775
447.756425,437.137475,422.87195
447.82865,437.250825,422.9128
447.832625,437.366825,422.935925
448.3308,437.5454,422.96565
448.372925,437.617675,422.988025
448.50735,437.724475,423.07805
448.7031,437.80575,423.115625
448.787925,437.912175,423.167
449.0955,437.992675,423.259475
449.218875,438.087375,423.391525
449.41555,438.143375,423.41155
449.4545,438.1932,423.452275
449.559125,438.24645,423.51575
449.5978,438.252675,423.55185
449.60395,438.320975,423.644575
449.757675,438.63105,423.6688
450.014375,438.724325,423.735275
450.232175,438.80275,423.8225
450.28135,438.842725,423.844075
450.508025,439.051875,423.905175
450.527725,439.1221,423.9384
450.650575,439.215025,424.15755
450.72045,439.26965,424.177425
450.749725,439.39405,424.1971
450.8003,439.5939,424.30865
450.953525,439.667175,424.328825
451.091925,439.7576,424.341225
451.13775,439.9005,424.36255
451.196225,439.959325,424.4886
451.857175,440.030775,424.5772
451.986975,440.12335,424.6228
452.0484,440.188825,424.7127
452.111525,440.271425,424.7405
452.1858,440.349275,424.78165
452.196325,440.46615,424.86565
452.3428,440.59895,424.92755
452.47095,440.652925,424.943675
452.6129,440.728275,425.040425
452.809625,440.830125,425.08045
452.9842,440.955825,425.17425
453.30925,441.095,425.216375
453.3886,441.184725,425.39195
453.605825,441.275875,425.464775
453.67615,441.32765,425.505425
453.752225,441.3975,425.565425
453.803275,441.43525,425.667825
453.818425,441.45995,425.7883
453.903175,441.617075,425.81365
454.038125,441.701375,425.82935
454.13665,441.76485,425.864025
454.350175,441.843,425.886025
454.40465,441.93825,425.924125
454.4414,442.02355,425.941525
454.455,442.100125,425.957325
454.58695,442.199875,425.975125
454.63905,442.25345,425.9981
454.7018,442.326275,426.0587
454.821575,442.37105,426.073075
454.8669,442.429625,426.077325
454.9328,442.511225,426.1937
455.01575,442.58165,426.21145
455.0857,442.693025,426.227425
455.273825,442.7638,426.25075
455.298475,442.80725,426.36275
455.35635,442.872125,426.55795
455.52545,442.907175,426.589675
455.538475,442.951075,426.622025
455.882325,443.0022,426.650575
455.9114,443.088625,426.675825
455.94565,443.1318,426.69745
456.17995,443.1856,426.71265
456.1888,443.2604,426.7891
456.458825,443.337,426.812125
456.50925,443.390575,426.871025
456.562975,443.4703,426.910625
457.056275,443.530875,427.1321
457.328175,443.590725,427.17615
457.43855,443.749175,427.233425
457.518175,443.808925,427.286825
457.6468,443.8875,427.4125
457.914725,443.97575,427.438825
458.1274,444.044775,427.56135
458.331275,444.0618,427.5906
458.600525,444.07605,427.674225
458.69355,444.094,427.724075
458.857575,444.167725,427.749475
458.960125,444.221,427.82325
458.972775,444.23125,427.851725
459.050475,444.2765,427.949475
459.264675,444.31575,428.0039
459.34545,444.384575,428.0997
459.474875,444.656825,428.15285
459.530625,444.709525,428.209625
459.591975,444.71165,428.278425
459.8342,444.826825,428.304575
459.9404,444.8571,428.3369
460.014325,444.951675,428.351675
460.10295,445.099075,428.47475
460.249575,445.16015,428.5213
460.307075,445.20235,428.607
460.320525,445.209125,428.633925
460.580325,445.243725,428.657725
460.793675,445.30475,428.677425
460.851025,445.32535,428.714075
460.9394,445.5601,428.81555
460.986775,445.65525,428.876175
461.50735,445.7829,428.900675
461.666825,445.88425,428.9313
461.698575,445.8933,428.971
461.7806,446.021125,428.9828
461.845525,446.087525,428.992325
462.1393,446.116425,429.0155
462.26555,446.15705,429.0438
462.3692,446.19585,429.13295
462.401425,446.228,429.25485
462.50425,446.347725,429.2804
462.578875,446.413575,429.343325
462.9419,446.560575,429.38045
463.195325,446.638325,429.50115
463.25535,446.678125,429.56425
463.287275,446.7148,429.6125
463.31395,446.76445,429.65075
463.401975,446.798575,429.709825
463.508625,446.9674,429.7556
463.58585,447.029125,429.770375
463.6213,447.135225,429.867275
463.67945,447.185025,429.92225
463.736175,447.2585,429.9759
463.831575,447.398175,430.014975
463.86855,447.46175,430.048675
464.1858,447.53105,430.08925
464.1999,447.586125,430.12335
464.271325,447.643425,430.1585
464.5106,447.739975,430.2155
464.6063,447.90745,430.27095
464.776975,447.9632,430.328675
464.85325,448.04845,430.3575
464.9186,448.106575,430.417125
465.011525,448.167025,430.435425
465.05325,448.23625,430.5112
465.125375,448.317125,430.560525
465.1709,448.320175,430.580725
465.2372,448.3783,430.5943
465.307375,448.429525,430.637975
465.328825,448.46175,430.658125
465.586725,448.464375,430.68835
465.59,448.4688,430.7341
465.67295,448.51235,430.779975
465.906625,448.5797,430.9198
466.093475,448.60055,430.942825
466.408725,448.685025,431.046975
466.475575,448.71875,431.063275
466.479575,448.815875,431.1609
466.483625,448.861125,431.289425
466.541375,448.893875,431.339225
466.699975,448.9586,431.394475
466.8118,449.0405,431.41155
467.2304,449.176725,431.43395
467.316725,449.1896,431.453225
467.611775,449.19905,431.492025
467.816725,449.324425,431.544825
467.93905,449.33305,431.569
468.237075,449.3994,431.663575
468.257225,449.48245,431.720475
468.317775,449.63155,431.75185
468.390325,449.6679,431.77415
468.68255,449.721925,431.877425
468.7413,449.79885,431.89715
468.82355,449.828375,431.9685
469.106575,449.97555,431.970975
469.109075,450.072175,431.9915
469.293225,450.162525,432.0369
469.357525,450.16965,432.07065
469.50085,450.26455,432.082775
469.55135,450.277175,432.1327
469.685125,450.308075,432.13625
469.8503,450.42495,432.153425
470.008025,450.4718,432.2439
470.186975,450.49285,432.272025
470.456825,450.577475,432.292775
470.543625,450.6449,432.315325
470.56865,450.7186,432.3451
470.574825,450.73165,432.436075
470.621375,450.7577,432.457175
470.690475,450.792325,432.503125
470.931125,450.8019,432.5769
470.97005,450.8849,432.698025
470.981075,450.950775,432.758675
470.997875,451.023575,432.798325
471.37555,451.07585,432.8367
471.6293,451.1136,432.8815
471.683475,451.138,432.925025
471.713825,451.23395,432.981275
472.05115,451.316525,433.009075
472.45765,451.390275,433.04995
472.572325,451.45435,433.065425
472.957925,451.5094,433.12245
473.189575,451.5928,433.1332
473.195675,451.637975,433.191975
473.2204,451.648375,433.2897
473.33225,451.715375,433.31455
473.5013,451.773875,433.32585
473.640425,451.84815,433.32755
473.713,451.94905,433.391675
473.730675,452.01355,433.41315
473.8958,452.0824,433.462875
474.083275,452.148775,433.51065
474.1542,452.260925,433.53445
474.300675,452.321025,433.640075
474.3341,452.415825,433.665275
474.439,452.48265,433.698525
474.675375,452.5424,434.000675
474.7248,452.596225,434.036275
474.924675,452.6608,434.056725
475.062975,452.81195,434.09095
475.505575,452.8783,434.112225
475.85215,452.955975,434.1876
475.915975,453.04425,434.23455
475.972425,453.05035,434.287
476.029775,453.1071,434.329075
476.1266,453.18835,434.3551
476.34685,453.272725,434.3621
476.387675,453.3252,434.375525
476.475475,453.3309,434.399275
476.507325,453.392925,434.4228
476.541075,453.418275,434.4428
476.6231,453.42545,434.519525
476.802,453.46705,434.544575
476.8892,453.49035,434.5554
476.93275,453.5918,434.613475
477.038375,453.670175,434.62835
477.08165,453.7962,434.673575
477.22665,453.8396,434.7494
477.283225,453.915125,434.786025
477.48845,453.9331,434.83355
477.4997,454.029725,434.892075
477.5394,454.0886,434.9949
477.5692,454.1653,434.99675
477.59345,454.23435,435.027175
477.752425,454.284075,435.05515
477.8072,454.35885,435.115825
477.940575,454.414325,435.163575
478.087425,454.45705,435.26045
478.2014,454.5476,435.334625
478.229625,454.55265,435.41085
478.2637,454.6066,435.434475
478.370675,454.668875,435.4703
478.487625,454.738375,435.514525
478.5433,454.819525,435.552275
478.591775,454.95235,435.569475
478.732425,455.055775,435.6136
478.823025,455.111225,435.6243
479.113275,455.1836,435.63135
479.193425,455.2138,435.635625
479.479525,455.273325,435.655125
479.61925,455.339675,435.676375
479.686125,455.43795,435.70075
479.7413,455.5229,435.735975
479.926575,455.655,435.74935
479.984475,455.72645,435.803775
480.190725,455.814025,435.820875
480.2598,455.877275,435.877225
480.28405,455.9772,435.89185
480.40845,456.04175,435.955625
480.473075,456.0516,435.975975
480.4952,456.149225,436.0087
480.5095,456.22485,436.067625
480.523725,456.245625,436.10145
480.707675,456.350275,436.115525
480.71415,456.42265,436.23195
480.880675,456.510975,436.2698
481.10365,456.5511,436.308575
481.255,456.56155,436.362825
481.42475,456.640975,436.45625
481.467425,456.709925,436.494675
481.511175,456.784625,436.5297
481.55525,456.894,436.610725
481.697825,456.9628,436.62915
481.739725,457.051325,436.65235
481.9508,457.095675,436.69075
482.01785,457.11885,436.72355
482.10245,457.1263,436.7429
482.22155,457.13535,436.844
482.283025,457.1417,436.881225
482.39765,457.29725,436.92425
482.454125,457.36515,436.9533
482.489425,457.4334,436.996325
482.53745,457.543625,437.01205
482.6418,457.596725,437.027575
482.704575,457.655125,437.078525
482.9094,457.725725,437.11005
482.916475,457.798475,437.132
483.229325,457.876125,437.1386
483.37045,457.941725,437.153025
483.440475,458.00285,437.31925
483.527275,458.086875,437.365125
483.8615,458.142325,437.39205
483.9681,458.20965,437.71285
484.294425,458.270525,437.742775
484.31715,458.3186,437.86275
484.713925,458.411075,437.9619
484.8708,458.4511,438.00065
484.93575,458.538775,438.027475
485.08865,458.6494,438.042675
485.206,458.76585,438.0635
485.4252,458.810975,438.13645
485.634425,458.891725,438.146325
485.8508,458.965125,438.2394
486.08365,459.128525,438.2523
486.132825,459.172625,438.303875
486.192675,459.2171,438.34495
486.577075,459.364175,438.4044
486.851,459.46555,438.4648
486.85855,459.551525,438.5539
486.93565,459.625775,438.639475
486.99875,459.723175,438.67695
487.07525,459.828725,438.73595
487.1959,459.887825,438.76775
487.201775,459.947025,438.92045
487.2822,460.0145,438.948925
487.32515,460.1525,438.970425
487.346825,460.294175,439.1345
487.4288,460.39305,439.224475
487.48235,460.4545,439.236475
487.5008,460.506625,439.329425
487.62415,460.584475,439.3815
487.98875,460.58955,439.3962
488.0353,460.649775,439.51155
488.2398,460.747425,439.57765
488.287025,460.816725,439.607825
488.35065,460.885175,439.627075
488.49515,460.943125,439.671925
488.851125,461.0217,439.70875
488.868575,461.152,439.745975
489.202425,461.2267,439.76495
489.2673,461.3134,439.7894
489.3509,461.389425,439.85825
489.448275,461.460175,439.94265
489.73275,461.567925,439.965375
489.7673,461.6504,440.078675
490.15635,461.709625,440.190275
490.17375,461.783625,440.364525
490.29425,461.8416,440.4393
490.387975,461.873925,440.479875
490.514925,461.93875,440.540325
490.562725,462.011775,440.603775
490.6623,462.0731,440.621775
490.759975,462.1874,440.646075
490.83915,462.264375,440.667875
490.907475,462.33825,440.739125
490.983625,462.429225,440.79085
491.03665,462.5233,440.82615
491.1463,462.6098,440.930425
491.254,462.72445,440.985975
491.266025,462.827625,441.044375
491.3332,462.896875,441.084125
491.37345,462.9649,441.106175
491.629325,463.024625,441.195975
491.714425,463.11135,441.285975
491.7732,463.22915,441.320525
491.779275,463.305225,441.407375
491.81125,463.336625,441.44255
491.863975,463.38815,441.4702
492.07755,463.4643,441.517475
492.36835,463.50595,441.5439
492.378425,463.550925,441.60335
492.382325,463.595075,441.657075
492.571875,463.6635,441.7139
492.804275,463.750625,441.846875
492.861175,463.84465,441.8746
493.05085,463.9126,441.9286
493.06005,463.916975,441.962225
493.08225,463.940525,441.982575
493.129875,464.003825,442.038125
493.1732,464.0558,442.0591
493.221475,464.0982,442.132475
493.30355,464.145775,442.2796
493.720125,464.21755,442.31215
493.914525,464.264925,442.332425
494.1386,464.299425,442.42985
494.1874,464.3552,442.451
494.2128,464.449875,442.475075
494.6224,464.5225,442.541275
494.66955,464.594725,442.565075
494.703325,464.6478,442.6735
494.734075,464.676525,442.69095
494.76185,464.686575,442.775225
494.977275,464.723275,442.791325
495.1299,464.774625,442.88245
495.1319,464.78755,442.9578
495.2632,464.80975,442.982375
495.530675,464.89335,443.00215
495.7688,464.9373,443.026075
495.861175,464.976775,443.29995
496.271225,465.009675,443.376225
496.376525,465.0362,443.471575
496.52765,465.049575,443.48585
496.695475,465.083175,443.53495
496.773675,465.17685,443.5923
496.866,465.240275,443.61275
497.21425,465.3247,443.6628
497.2995,465.380525,443.68325
497.78815,465.4223,443.72465
497.8671,465.43205,443.75985
498.014,465.477625,443.7946
498.243925,465.507575,443.809825
498.819175,465.561025,443.9926
498.843975,465.595375,444.014225
498.8779,465.597975,444.070825
499.0223,465.6249,444.088925
499.16335,465.64025,444.099175
499.3108,465.8386,444.1076
499.44835,465.9039,444.15975
499.449625,465.986375,444.2005
499.500325,466.0387,444.26025
499.699325,466.089825,444.3674
500.232775,466.179175,444.3948
500.462025,466.289,444.426875
500.60235,466.368375,444.477075
500.692325,466.415175,444.502475
500.7882,466.41915,444.63105
500.80625,466.4598,444.718025
500.856775,466.52715,444.734925
501.552525,466.60315,444.775925
501.616225,466.6888,444.80855
501.897925,466.7705,444.974825
501.9527,466.8735,445.157975
502.03685,466.92655,445.188975
502.173875,466.99745,445.19145
502.4547,467.078425,445.225625
502.651725,467.1869,445.24095
502.7033,467.224025,445.26705
502.75775,467.2823,445.31095
502.950925,467.297825,445.346725
503.004225,467.342725,445.441125
503.072225,467.44015,445.512625
503.509175,467.449075,445.546875
503.575225,467.564625,445.57865
503.59825,467.650525,445.6082
503.80425,467.721475,445.62415
503.862525,467.791625,445.642875
503.939775,467.868525,445.685925
503.98395,467.9362,445.728975
504.084125,467.947125,445.750325
504.1081,468.014075,445.76945
504.1201,468.0178,445.827175
504.155625,468.08545,445.850425
504.3205,468.197225,445.90445
504.424875,468.2607,445.94435
504.63255,468.349075,445.973875
505.405325,468.43365,446.081575
505.7041,468.435975,446.08855
505.7944,468.501975,446.0936
506.0435,468.5328,446.16415
506.38925,468.61385,446.2274
506.45165,468.692925,446.264
506.7141,468.773825,446.392625
506.757475,468.82435,446.4131
506.917475,468.891525,446.4991
506.95925,468.9791,446.5677
507.05685,468.99,446.71765
507.2633,469.1115,446.72135
507.343325,469.199725,446.77405
507.718175,469.272725,446.8336
507.7496,469.333875,446.8762
507.898825,469.4217,446.96405
507.9593,469.606175,446.989025
507.99995,469.6805,447.13475
508.18425,469.74415,447.210875
508.317475,469.789625,447.241825
508.391075,469.851875,447.3111
508.446375,469.917425,447.4004
508.637325,469.970225,447.5665
508.7329,469.9714,447.58475
508.81735,470.034275,447.59665
508.989275,470.1028,447.623825
509.0983,470.209975,447.6628
509.21945,470.333425,447.784
509.26845,470.421975,447.894675
509.352425,470.484775,447.963275
509.40265,470.5297,447.985225
509.452375,470.586775,448.0301
509.616825,470.626275,448.050625
509.67685,470.659875,448.173275
509.900775,470.665025,448.1969
510.02065,470.828425,448.260075
510.06795,470.93495,448.320525
510.2612,470.94545,448.34735
510.267825,470.985325,448.3905
510.364775,471.069975,448.408825
510.452025,471.07835,448.429575
510.511875,471.170125,448.47075
510.903375,471.26785,448.5027
511.040225,471.34945,448.531625
511.054375,471.468225,448.5703
511.3959,471.522175,448.586775
511.489225,471.63005,448.605475
511.498325,471.6466,448.616475
511.71335,471.717075,448.667675
511.75805,471.72445,448.693025
511.91725,471.75985,448.7478
512.145675,471.78995,448.8076
512.284725,471.846725,448.81755
512.4186,471.8485,448.8329
512.5706,472.012625,448.84675
512.94605,472.1864,448.85855
513.108775,472.18975,448.872625
513.47375,472.24195,448.884075
513.56145,472.249025,448.9053
513.67,472.355825,448.975725
513.94825,472.4068,448.99055
513.981825,472.594075,449.039975
514.01965,472.61785,449.063125
514.057075,472.679475,449.173
514.221825,472.7059,449.197075
514.3515,472.7467,449.256875
514.46975,472.875775,449.30125
514.515975,473.0281,449.3209
514.755025,473.06245,449.348275
514.958075,473.115775,449.382725
515.090725,473.191775,449.406075
515.15775,473.213425,449.4357
515.19785,473.302175,449.54265
515.2469,473.39385,449.64015
515.27965,473.4981,449.721625
515.35565,473.598875,449.755775
515.408175,473.660475,449.823425
515.631775,473.669425,449.85095
515.8847,473.71895,449.8988
516.163675,473.77495,449.961675
516.367075,473.830975,449.993575
516.537,473.966,450.023325
516.6857,474.019175,450.049175
516.869075,474.069,450.08
517.244975,474.090725,450.135175
517.283025,474.14525,450.157675
517.336825,474.1561,450.16605
517.5982,474.182,450.182225
518.0308,474.216925,450.215325
518.17845,474.23875,450.263675
518.578025,474.2661,450.342775
518.628925,474.278025,450.373325
518.63035,474.35955,450.389125
518.8258,474.46445,450.439175
519.0537,474.52465,450.498925
519.163375,474.621425,450.51345
519.2562,474.69835,450.5287
519.307025,474.741325,450.57645
519.361425,474.83435,450.62985
519.456775,474.92035,450.64395
519.534875,475.00135,450.6708
519.6737,475.05505,450.683775
519.701725,475.10505,450.709525
519.983825,475.156225,450.85115
520.02255,475.2171,450.9882
520.15295,475.287875,451.01035
520.16065,475.357625,451.03125
520.300175,475.427,451.1444
520.66335,475.502525,451.278925
520.82455,475.56325,451.33585
520.87695,475.641875,451.358875
521.24215,475.7303,451.378625
521.319975,476.0149,451.398075
521.3709,476.07915,451.4115
521.6148,476.1372,451.432425
521.754625,476.235825,451.449475
521.939725,476.30635,451.500975
522.024425,476.38735,451.588575
522.4419,476.459225,451.6328
522.48105,476.526975,451.7153
522.538825,476.600775,451.743725
522.613775,476.72115,451.892175
522.80365,476.7765,451.9325
522.920575,476.792,451.953175
523.06735,476.87845,451.9741
523.245525,476.967,452
523.293725,477.0414,452.046525
523.40775,477.091275,452.061325
523.48515,477.1648,452.117425
523.53655,477.220075,452.2547
523.725675,477.3504,452.29335
523.77835,477.413075,452.3178
523.8426,477.475025,452.331975
523.893725,477.55785,452.34085
523.99695,477.67185,452.367175
524.105925,477.746425,452.39045
524.152925,477.8355,452.4266
524.286175,477.8898,452.5088
524.349525,477.955225,452.544925
524.5156,477.993025,452.561625
524.733225,477.99465,452.57115
524.928725,478.032175,452.62275
525.052025,478.056975,452.640775
525.0534,478.0971,452.66585
525.1152,478.098475,452.70425
525.316225,478.1904,452.7254
525.55745,478.260925,452.777575
525.9959,478.368525,452.8617
526.0505,478.421325,452.957875
526.174275,478.46945,452.9885
526.2854,478.499025,453.003675
526.31555,478.538175,453.020825
526.331125,478.57565,453.0517
526.34765,478.6163,453.0636
526.379225,478.696825,453.066175
526.6436,478.75685,453.087575
526.712,478.818525,453.2238
526.85855,478.866675,453.2634
526.94615,478.942875,453.316525
527.14385,479.022425,453.36945
527.206825,479.095675,453.385125
527.2294,479.161625,453.4031
527.296,479.20825,453.413525
527.428125,479.27315,453.448075
527.568075,479.313625,453.540125
527.623925,479.354675,453.5992
527.66575,479.393425,453.644825
527.71315,479.44275,453.66655
528.0291,479.469575,453.883925
528.0781,479.546675,453.900475
528.1245,479.62105,453.916925
528.2364,479.7101,453.94055
528.28785,479.7703,454.080275
528.3152,479.832125,454.12115
528.416525,479.876325,454.17395
528.54885,479.95805,454.193175
528.5967,480.01725,454.25115
528.6306,480.087425,454.301
528.744775,480.16285,454.319575
528.764225,480.208125,454.3859
528.782825,480.30905,454.4048
528.889925,480.368525,454.445425
528.940675,480.44505,454.5471
529.03285,480.540425,454.659175
529.4455,480.677925,454.678175
529.64935,480.763675,454.7046
529.73395,480.828625,454.813875
529.884525,480.8784,454.8596
529.982075,480.9597,454.9525
530.20335,480.99805,455.005725
530.3784,481.08665,455.1037
530.9099,481.1539,455.12965
530.9921,481.19175,455.2137
531.13065,481.21615,455.220275
531.357275,481.270425,455.334625
531.557875,481.275475,455.5564
531.817225,481.29325,455.580175
532.495775,481.33315,455.610675
532.514725,481.376275,455.64545
532.5923,481.423575,455.6471
532.672825,481.508375,455.697
532.757225,481.562075,455.7473
533.02955,481.590275,455.8082
533.1749,481.6168,455.88575
533.67425,481.660225,455.90155
533.742475,481.674775,455.94745
533.8492,481.717325,455.963775
533.893825,481.722275,456.087975
534.01285,481.7723,456.1079
534.090075,481.7909,456.136375
534.33135,481.959725,456.154075
534.7496,482.02475,456.177125
535.120175,482.121825,456.203375
535.6415,482.160275,456.2809
535.958525,482.2618,456.325925
536.031325,482.2972,456.350225
536.093325,482.364625,456.521975
536.27675,482.420625,456.5544
536.43885,482.42285,456.597725
536.790525,482.4707,456.6335
536.9464,482.6223,456.64665
537.05075,482.711025,456.668275
537.52785,482.7889,456.6968
537.5785,482.856,456.7263
537.67275,482.906925,456.877975
537.77675,482.967075,456.9099
538.1874,483.02655,456.9328
538.22305,483.036975,456.948
538.2852,483.0481,456.991375
538.67115,483.077975,457.101625
538.771,483.232525,457.12855
538.867675,483.383525,457.170825
538.933275,483.464925,457.19185
538.984425,483.519525,457.2375
539.0388,483.593175,457.2597
539.0883,483.639875,457.331875
539.25635,483.68205,457.414175
539.372525,483.800775,457.445
539.5196,483.8785,457.500925
539.567925,483.9999,457.560025
539.732325,484.055275,457.59
539.868425,484.109125,457.630875
539.955875,484.17155,457.6451
540.081375,484.3137,457.791125
540.14335,484.382375,457.7984
540.198425,484.437575,457.985275
540.2269,484.509875,458.010475
540.456625,484.5852,458.073275
540.544525,484.64525,458.16625
540.574,484.709475,458.25905
540.695575,484.757625,458.338375
540.739625,484.811075,458.40495
541.2368,484.87575,458.41765
541.4117,484.945575,458.4773
541.449025,485.034375,458.50235
541.4968,485.121,458.58755
541.498,485.176275,458.70365
541.748525,485.27455,458.725825
541.9725,485.35155,458.744025
542.006875,485.4048,458.790075
542.18925,485.465375,458.8759
542.4976,485.529375,458.895
542.581375,485.57755,458.928675
542.844725,485.642825,458.97505
543.036375,485.680025,458.994925
543.093925,485.716775,459.057
543.328675,485.768725,459.16885
543.338425,485.831375,459.24065
543.465575,485.881675,459.281575
543.591025,485.93545,459.3058
543.88455,486.026025,459.323725
543.9469,486.1218,459.453825
543.983325,486.1815,459.472575
544.02365,486.239425,459.498925
544.083825,486.305,459.569575
544.1646,486.381525,459.6222
544.330275,486.452925,459.69045
544.514275,486.497275,459.73825
544.963175,486.5526,459.748925
544.996125,486.629775,459.793325
545.04395,486.675675,459.93285
545.42165,486.773775,459.9593
545.6058,486.8413,460.000425
545.90475,486.952825,460.030775
546.094475,487.005375,460.1301
546.171325,487.066575,460.15955
546.307525,487.1166,460.2068
546.615075,487.175825,460.3548
546.66995,487.24125,460.43045
546.696225,487.331575,460.458975
546.781625,487.386125,460.587075
547.0401,487.455825,460.61375
547.184775,487.52025,460.64235
547.286925,487.56755,460.69325
547.370325,487.62355,460.747325
547.449775,487.669725,460.7766
547.538225,487.767625,460.83545
547.61335,487.834375,460.894
547.664925,487.92265,460.963875
547.704375,487.9956,461.040225
548.0634,488.0925,461.05495
548.3788,488.1751,461.0802
548.4835,488.255975,461.20505
548.84535,488.316,461.2252
548.983325,488.36535,461.246625
549.175775,488.4402,461.319925
549.245725,488.527275,461.38455
549.350925,488.623575,461.40455
549.449625,488.68865,461.432575
549.468725,488.745225,461.483575
549.51585,488.817125,461.5359
549.637825,488.896975,461.56075
549.8814,489.0059,461.573675
550.331,489.0666,461.597775
550.423625,489.136875,461.6839
550.4827,489.208825,461.8259
550.48425,489.284775,461.86835
550.531525,489.34655,461.8739
550.58135,489.375775,461.91305
550.69495,489.46585,461.9166
550.91105,489.521325,461.99475
550.9305,489.6776,462.101275
551.082325,489.73825,462.1214
551.1537,489.783175,462.2819
551.231025,489.823525,462.3022
551.536825,489.911175,462.43205
551.736075,489.977625,462.523375
551.781625,490.0287,462.57005
551.994575,490.08435,462.61515
552.02735,490.130525,462.7423
552.06975,490.19075,462.80935
552.5864,490.273825,462.833625
552.7904,490.296925,462.87615
552.830375,490.30305,462.932025
553.0509,490.3631,462.959675
553.272675,490.436,462.9836
553.33015,490.52385,463.002125
553.549525,490.598775,463.020825
553.600825,490.67445,463.070325
553.678825,490.74695,463.1068
553.70595,490.811,463.156975
553.81,490.906675,463.18415
553.855525,491.0548,463.19295
554.126325,491.107925,463.215275
554.2053,491.19945,463.235175
554.3052,491.2684,463.252125
554.42565,491.3154,463.34225
555.0949,491.40035,463.368725
555.190525,491.5417,463.424825
555.29645,491.62595,463.435575
555.360075,491.729925,463.47545
555.4206,491.813,463.51825
555.451425,491.994275,463.5577
555.52325,492.139575,463.7719
555.71265,492.238675,463.797225
555.833425,492.345575,463.814475
556.003875,492.35895,463.9004
556.1132,492.377325,463.918625
556.1878,492.40235,464.033025
556.193625,492.459275,464.2412
556.77435,492.46985,464.260425
556.83035,492.530475,464.300325
556.93215,492.582875,464.368375
557.04545,492.631475,464.42745
557.429075,492.6725,464.4507
557.649725,492.68605,464.46475
557.83795,492.744425,464.564975
558.01925,492.859125,464.58885
558.06345,492.93835,464.622825
558.1081,493.011975,464.744925
558.328475,493.109025,464.767225
558.4688,493.176675,464.830275
558.763675,493.2347,464.929975
559.03855,493.3065,464.9662
559.233425,493.520425,464.974525
559.3462,493.60735,464.982975
559.390575,493.67185,465.005475
559.549775,493.7527,465.018325
559.615425,493.764725,465.083525
559.724125,493.79525,465.11355
559.9765,493.816475,465.129075
560.07625,493.8254,465.141025
560.1252,493.96475,465.169625
560.265125,494.070925,465.2598
560.412625,494.144825,465.27505
560.66805,494.196875,465.3149
560.836825,494.21375,465.356025
560.892275,494.22705,465.370175
560.960475,494.2549,465.41345
561.047775,494.3154,465.42705
561.369525,494.317725,465.46115
561.56895,494.505525,465.4882
561.65255,494.611925,465.58845
562.130275,494.675175,465.60895
562.1789,494.698975,465.6602
562.22125,494.727525,465.724625
562.5337,494.764725,465.785625
562.90055,494.8147,465.82845
563.037,494.9488,465.902275
563.280025,495.12665,465.94485
563.283075,495.244925,465.9785
563.300575,495.30675,466.0289
563.329275,495.409525,466.049175
563.457625,495.5346,466.064475
563.7669,495.662225,466.144175
563.8506,495.7449,466.152
563.906575,495.778225,466.3013
564.20825,495.848775,466.334625
564.2637,495.890575,466.354525
564.295525,496.0036,466.400225
564.569475,496.128075,466.43845
564.74615,496.1793,466.45995
565.090475,496.236225,466.49125
565.191275,496.276275,466.542225
565.452625,496.312275,466.569125
565.474775,496.3434,466.604875
565.6722,496.3518,466.656125
565.94305,496.435225,466.71175
566.26615,496.517975,466.74575
566.283575,496.627675,466.7745
566.33845,496.684175,466.86025
566.655725,496.7309,466.93525
566.6993,496.7909,467.032125
566.7211,496.8456,467.059175
566.973475,496.890275,467.07245
567.024775,496.9113,467.147325
567.130975,496.941475,467.184275
567.34705,497.002125,467.224425
567.52045,497.051625,467.24895
567.6236,497.094875,467.30125
567.700375,497.15345,467.320975
568.073375,497.2362,467.38005
568.151725,497.28005,467.482625
568.1946,497.321525,467.5069
568.35195,497.364925,467.555525
568.526075,497.459625,467.585075
568.564025,497.52145,467.647825
568.58675,497.56665,467.6824
568.60795,497.621425,467.7367
568.632525,497.689225,467.79055
568.684625,497.742375,467.833175
568.7924,497.76955,467.852725
568.826675,497.776875,467.869225
568.9084,497.826575,467.896575
568.9227,497.851825,467.99115
568.9668,497.8716,468.0321
569.170825,497.9023,468.0417
569.402525,497.9117,468.11855
569.493325,497.92415,468.22355
569.565175,497.988575,468.2471
569.58185,498.016275,468.258225
569.626325,498.161825,468.2735
569.6452,498.269825,468.3383
569.82585,498.327425,468.500875
570.89665,498.379,468.549525
571.0063,498.4121,468.7105
571.061,498.4544,468.77105
571.105425,498.460975,468.7972
571.198925,498.5178,468.817175
571.2134,498.557175,468.859525
571.40035,498.588775,468.88695
571.468925,498.684975,468.958225
571.60225,498.777675,469.012175
571.6233,498.8166,469.033775
571.6925,498.8692,469.1675
571.695275,498.9395,469.267025
571.7487,498.983925,469.316375
571.782825,498.9885,469.3515
571.837025,499.06305,469.405175
571.88805,499.144275,469.446975
572.0912,499.238175,469.47825
572.13915,499.2491,469.5047
572.310175,499.31845,469.5669
572.3308,499.390775,469.596175
572.41365,499.456775,469.613425
572.452075,499.510125,469.6325
572.54605,499.55515,469.65355
572.608575,499.6041,469.66785
572.81835,499.7131,469.6848
572.9302,499.775,469.70455
573.13615,499.839275,469.723675
573.153425,499.9139,469.823425
573.219925,499.9617,469.897625
573.351375,500.014525,469.915075
573.529925,500.0728,469.9593
573.7392,500.094875,469.9762
573.8798,500.1008,470.00455
573.939375,500.16465,470.0212
574.384175,500.240475,470.099425
574.602525,500.35385,470.172225
574.856175,500.52215,470.311525
574.94565,500.615675,470.336025
574.996125,500.721,470.368875
575.02485,500.797825,470.414975
575.121925,500.869375,470.488025
575.157075,500.9814,470.519375
575.538375,501.0653,470.586175
575.577375,501.177775,470.616575
575.5961,501.2065,470.642275
575.658525,501.29,470.7192
575.674625,501.3705,470.8378
575.71515,501.433675,470.85985
576.08435,501.48465,470.932525
576.1753,501.556025,470.956
576.298,501.6123,470.978
576.442775,501.64875,470.982825
576.45085,501.725825,471.013325
576.656875,501.7762,471.0753
576.875,501.827625,471.10435
577.105475,501.898325,471.1562
577.1696,501.94165,471.1632
577.2228,501.9976,471.2336
577.272075,502.10115,471.265025
577.4679,502.162925,471.36985
577.5848,502.24055,471.39925
577.64645,502.282575,471.44805
577.67335,502.357675,471.503475
577.705775,502.4181,471.525175
577.712,502.455925,471.54265
577.738125,502.51935,471.621625
577.981725,502.58825,471.664
578.026475,502.66095,471.6899
578.029025,502.706775,471.714
578.067025,502.734875,471.724725
578.084425,502.823325,471.739425
578.140975,502.91785,471.7549
578.22495,502.98175,471.847075
578.28885,503.0367,471.8703
578.3926,503.179325,471.9713
578.48985,503.273375,472.037325
578.616675,503.387975,472.051375
578.65045,503.524925,472.116575
578.8032,503.65035,472.152025
578.8489,503.728725,472.183525
578.989525,503.806825,472.1913
579.220875,503.938525,472.2036
579.386375,503.941975,472.232625
579.42075,504.000275,472.36
579.6661,504.0014,472.55645
579.778025,504.0259,472.57445
579.97015,504.061525,472.613925
580.04725,504.0663,472.6302
580.116925,504.10385,472.684575
580.281725,504.152425,472.75105
580.570825,504.28835,472.77835
580.600775,504.35345,472.809025
580.859325,504.406325,472.861575
580.974925,504.40825,473.006875
581.044825,504.462125,473.063575
581.187875,504.47275,473.08145
581.276475,504.515425,473.103575
581.7779,504.522,473.1238
581.87255,504.5668,473.258175
581.8857,504.6148,473.28305
581.9565,504.635825,473.3014
582.14215,504.72455,473.396225
582.21475,504.769775,473.46605
582.60175,504.85355,473.48975
582.651975,504.919175,473.514325
582.851825,504.962175,473.545125
582.90045,505.0052,473.55625
582.975525,505.072175,473.610475
583.010275,505.089325,473.6816
583.0464,505.11075,473.827025
583.087375,505.14435,473.856325
583.17235,505.1519,473.95165
583.23555,505.19705,474.0557
583.337075,505.198875,474.10335
583.467875,505.2404,474.1128
583.513875,505.28665,474.1303
583.64605,505.28955,474.2225
583.67315,505.34615,474.25875
583.703325,505.4513,474.26455
583.76445,505.461525,474.3019
583.917725,505.483,474.332075
584.132225,505.495,474.346525
584.448,505.525375,474.4397
584.64235,505.55615,474.461125
584.69605,505.61535,474.49385
584.888475,505.6608,474.510225
584.972475,505.715125,474.576625
585.054975,505.722125,474.673875
585.472525,505.7588,474.67565
585.5863,505.825525,474.695575
585.955975,505.8786,474.794775
585.9872,505.891725,474.827925
586.338775,505.9647,474.8569
586.728025,506.112825,474.92985
586.7798,506.159625,474.950875
586.782125,506.181775,475.033675
586.823975,506.206125,475.0571
586.967525,506.2277,475.08335
587.03115,506.2593,475.13445
587.060275,506.29395,475.270225
587.073875,506.305825,475.290575
587.148875,506.355575,475.378725
587.2115,506.40495,475.5155
587.398775,506.432225,475.559875
587.433625,506.433575,475.626575
587.505525,506.472125,475.6501
587.635625,506.5328,475.727725
587.953975,506.5343,475.7867
587.98225,506.567225,475.845175
588.040925,506.6333,476.0166
588.076725,506.706475,476.088975
588.300375,506.737375,476.1915
588.406775,506.76565,476.2204
588.46195,506.775825,476.3139
588.608725,506.810575,476.3801
588.916025,506.8383,476.424625
589.178,506.909625,476.568
589.2218,506.9266,476.69685
589.271575,506.964975,476.725825
589.32285,506.968475,476.750275
589.53255,506.985325,476.77655
589.5357,507.038625,476.806125
589.8283,507.088425,476.820925
589.92905,507.150075,476.87085
590.025875,507.299875,476.972025
590.050475,507.388725,477.021
590.330275,507.429025,477.056875
590.41305,507.46435,477.05815
590.530075,507.48005,477.06525
590.779025,507.549425,477.0783
590.816375,507.60315,477.11755
590.85135,507.666325,477.170725
590.92745,507.704775,477.1862
591.036175,507.8093,477.22735
591.114125,507.85795,477.265875
591.3481,507.893075,477.287575
591.500025,507.896125,477.3101
591.772325,507.967675,477.336
591.852475,508.012475,477.3755
592.002275,508.013925,477.37705
592.06095,508.07455,477.43125
592.148075,508.085175,477.4833
592.28955,508.153725,477.510025
592.550325,508.180775,477.553125
592.560825,508.199675,477.65765
592.612075,508.255425,477.748725
592.77295,508.319225,477.8195
592.827025,508.408425,477.8618
592.906675,508.450225,477.900375
592.99145,508.49585,478.001525
593.07285,508.5328,478.057125
593.301725,508.571975,478.1213
593.42695,508.6199,478.239775
593.577425,508.68335,478.308525
593.82055,508.7386,478.40275
593.960475,508.785675,478.42275
594.0593,508.824325,478.471725
594.231,508.8662,478.545
594.320675,508.9185,478.5539
594.6065,508.983125,478.5972
594.7426,509.0318,478.611875
594.9489,509.080775,478.81225
595.13045,509.12515,478.86345
595.33785,509.170975,478.897275
595.4186,509.209325,478.918325
595.605175,509.27715,478.9686
595.65135,509.299,479.021225
595.6543,509.348275,479.0522
595.6754,509.401025,479.073675
595.7078,509.45165,479.131625
595.730225,509.513375,479.178825
595.8524,509.5616,479.220525
595.9324,509.598225,479.27865
596.140375,509.6469,479.3007
596.17115,509.699575,479.41965
596.235,509.7342,479.6154
596.279125,509.7847,479.649375
596.3065,509.824475,479.674525
596.380075,509.836175,479.697625
596.596825,509.905775,479.785225
596.767475,509.9513,479.8093
596.8529,509.963275,479.92675
596.858425,509.990475,479.95405
596.896375,510.007125,480.094025
596.972,510.05425,480.157325
597.127575,510.098875,480.174725
597.276525,510.14615,480.255275
597.429225,510.195175,480.2919
597.461375,510.225725,480.311
597.600475,510.2755,480.3303
597.6191,510.319325,480.41445
597.7848,510.34625,480.4407
597.848625,510.354925,480.462375
597.908,510.40955,480.48275
598.16975,510.411125,480.505525
598.4216,510.4618,480.666175
598.48115,510.47515,480.686825
598.511525,510.586975,480.71135
598.69665,510.6245,480.812925
598.83985,510.6441,480.9901
599.074525,510.69535,481.021175
599.1357,510.7411,481.0455
599.43375,510.77945,481.0885
599.926875,510.819925,481.116925
599.98155,510.85695,481.201425
,510.8686,481.242775
,510.93455,481.321975
,510.99575,481.323175
,511.07015,481.4533
,511.122075,481.492925
,511.149125,481.50775
,511.21195,481.5427
,511.2476,481.578725
,511.300675,481.588525
,511.338475,481.614575
,511.358225,481.653225
,511.366325,481.692475
,511.42715,481.710275
,511.453175,481.7776
,511.5023,481.832425
,511.535825,481.864175
,511.62135,481.88825
,511.738675,481.92445
,511.83745,481.940175
,511.8709,481.991525
,511.914375,482.0171
,511.9634,482.06145
,512.037675,482.1557
,512.0952,482.25925
,512.1554,482.292225
,512.20525,482.3411
,512.2784,482.370475
,512.336875,482.385425
,512.344,482.41655
,512.3816,482.44235
,512.43275,482.45435
,512.48125,482.5097
,512.542875,482.619775
,512.556425,482.6685
,512.635525,482.73195
,512.6773,482.7654
,512.72375,482.79335
,512.7942,483.0084
,512.856575,483.05475
,512.92765,483.1016
,512.97485,483.1599
,513.03495,483.3088
,513.114325,483.54435
,513.1951,483.56795
,513.275875,483.623625
,513.3275,483.647625
,513.347925,483.78135
,513.438175,483.849475
,513.5182,483.874475
,513.65645,483.989225
,513.725475,484.07155
,513.788475,484.0808
,513.85605,484.258225
,513.932675,484.297375
,513.990375,484.31955
,514.026625,484.3599
,514.03725,484.433225
,514.068425,484.474675
,514.073475,484.5327
,514.1205,484.580375
,514.1909,484.6061
,514.26075,484.62895
,514.312725,484.67325
,514.3843,484.69055
,514.4315,484.732975
,514.483475,484.750425
,514.616425,484.77315
,514.681525,484.797475
,514.723925,484.859325
,514.760125,484.88155
,514.799925,484.937925
,514.8155,485.01455
,514.869025,485.0315
,514.8926,485.049175
,514.899625,485.066975
,514.986575,485.171475
,515.0441,485.189175
,515.114825,485.205575
,515.181225,485.238175
,515.226275,485.285975
,515.286075,485.365075
,515.353725,485.404675
,515.401925,485.42535
,515.454675,485.44405
,515.521375,485.4682
,515.5981,485.5032
,515.62545,485.600475
,515.664175,485.622575
,515.739225,485.679475
,515.772275,485.681425
,515.794825,485.82145
,515.812375,485.84635
,515.895475,485.889775
,516.035025,485.94715
,516.181775,485.9852
,516.26845,486.081175
,516.3672,486.12305
,516.37965,486.167075
,516.432,486.188825
,516.457775,486.25225
,516.55125,486.27905
,516.676625,486.355875
,516.7803,486.375825
,516.8315,486.512475
,516.89185,486.5258
,516.9814,486.6295
,517.06905,486.675275
,517.150425,486.80495
,517.202775,486.881775
,517.2396,486.908725
,517.2447,486.977625
,517.2982,487.00135
,517.366475,487.022125
,517.4879,487.076375
,517.54195,487.13505
,517.54795,487.192525
,517.59055,487.20365
,517.653275,487.236875
,517.746975,487.26535
,517.81115,487.334325
,517.896525,487.346625
,517.96275,487.4432
,518.034025,487.482625
,518.098425,487.488875
,518.16615,487.511375
,518.25345,487.525825
,518.2639,487.5339
,518.29385,487.60275
,518.3682,487.702475
,518.4581,487.746875
,518.518125,487.75925
,518.579025,487.808925
,518.6879,487.82855
,518.708975,487.8674
,518.742475,487.873525
,518.76085,487.9112
,518.7713,487.940925
,518.83895,488.081825
,518.894525,488.130875
,518.977,488.2077
,519.031225,488.2544
,519.1184,488.340325
,519.202025,488.38895
,519.287125,488.42035
,519.33815,488.460375
,519.41995,488.484975
,519.4996,488.51165
,519.565525,488.55955
,519.65025,488.61195
,519.73085,488.6589
,519.784575,488.742625
,519.80265,488.765
,519.84655,488.8046
,519.9529,488.884775
,520.02785,488.95385
,520.06475,489.014375
,520.106275,489.038425
,520.2204,489.088275
,520.31015,489.16185
,520.369875,489.188225
,520.415075,489.205375
,520.435625,489.37235
,520.487125,489.436275
,520.55505,489.52185
,520.628125,489.5732
,520.6902,489.655575
,520.758325,489.704475
,520.82315,489.74215
,520.89705,489.8534
,520.957175,489.949725
,520.998975,490.090475
,521.0112,490.1752
,521.05665,490.19765
,521.1433,490.284325
,521.216875,490.364625
,521.297725,490.420225
,521.340125,490.45815
,521.384575,490.5213
,521.435725,490.545225
,521.4856,490.581025
,521.498,490.64815
,521.5502,490.670375
,521.57565,490.758825
,521.672675,491.001125
,521.741975,491.066925
,521.8034,491.08815
,521.9294,491.105075
,521.98555,491.1495
,522.07505,491.199975
,522.20915,491.224625
,522.2765,491.2681
,522.2924,491.27195
,522.343925,491.281325
,522.414875,491.351425
,522.44605,491.387425
,522.496625,491.513325
,522.560525,491.60255
,522.580125,491.675175
,522.62175,491.697375
,522.62395,491.73075
,522.67105,491.766925
,522.764825,491.784125
,522.81415,491.8194
,522.83295,491.83705
,522.87325,491.882175
,522.978925,491.971325
,523.0839,491.995025
,523.159875,492.02295
,523.2281,492.100725
,523.23175,492.120675
,523.309275,492.135475
,523.36685,492.2024
,523.4768,492.318625
,523.636075,492.378225
,523.696975,492.3815
,523.72365,492.39175
,523.754175,492.413775
,523.75675,492.447275
,523.77685,492.484575
,523.803075,492.500325
,523.8055,492.517175
,523.86375,492.633825
,523.8765,492.6548
,523.902625,492.667675
,523.984425,492.73525
,524.035625,492.813625
,524.05415,492.8518
,524.148125,492.87485
,524.209,492.97425
,524.2667,493.0043
,524.324775,493.04475
,524.513975,493.06185
,524.6183,493.1878
,524.726875,493.238425
,524.79085,493.26255
,524.814725,493.3097
,524.83235,493.335525
,524.834075,493.379025
,524.865175,493.464075
,525.146075,493.491375
,525.207425,493.515275
,525.256675,493.58285
,525.316375,493.588375
,525.355875,493.596575
,525.358975,493.623875
,525.414325,493.683325
,525.505275,493.711825
,525.5504,493.785425
,525.645825,493.801425
,525.698375,493.8034
,525.74495,493.86325
,525.79085,493.88995
,525.822075,494.09805
,525.865925,494.1219
,525.912825,494.13885
,525.92665,494.162725
,525.9869,494.25485
,526.09425,494.284425
,526.23275,494.3488
,526.26975,494.4449
,526.324,494.54685
,526.3633,494.625275
,526.387025,494.68305
,526.4199,494.6938
,526.5306,494.71535
,526.595125,494.75375
,526.663225,494.868775
,526.705675,494.8905
,526.7202,495.00065
,526.73255,495.059225
,526.786975,495.096925
,526.85305,495.1323
,526.868975,495.17045
,526.919175,495.32855
,526.994475,495.337675
,527.04805,495.35295
,527.11445,495.365775
,527.12475,495.39225
,527.14735,495.4389
,527.152325,495.49545
,527.171975,495.716525
,527.196025,495.7652
,527.197675,495.836325
,527.24525,495.885875
,527.3202,495.953525
,527.324425,495.974375
,527.4086,495.991675
,527.414625,496.104375
,527.51355,496.126525
,527.554325,496.14475
,527.6395,496.173725
,527.65145,496.189075
,527.70865,496.202325
,527.712075,496.254675
,527.74315,496.26815
,527.776825,496.28575
,527.8184,496.309975
,527.824575,496.324025
,527.89025,496.4167
,527.896625,496.439925
,527.923025,496.470925
,527.971425,496.7132
,527.9743,496.724025
,528.0052,496.7613
,528.05615,496.771425
,528.06705,496.864375
,528.1098,496.88025
,528.1177,496.901425
,528.119675,496.911275
,528.1447,496.919175
,528.147125,496.932425
,528.187925,496.951375
,528.22065,496.975
,528.222475,497.02035
,528.274175,497.07145
,528.284075,497.131225
,528.298575,497.1975
,528.31275,497.2173
,528.316,497.23625
,528.33045,497.41745
,528.3804,497.467625
,528.392775,497.4904
,528.4125,497.506775
,528.4522,497.5266
,528.5208,497.6672
,528.527375,497.69205
,528.553,497.7129
,528.581375,497.76765
,528.610625,497.816375
,528.612525,497.8313
,528.675625,497.851975
,528.68775,497.859025
,528.7324,497.886025
,528.7529,497.973675
,528.77275,498.040375
,528.7953,498.195525
,528.84445,498.327725
,528.92375,498.350125
,528.926625,498.364675
,528.9662,498.4124
,529.018375,498.524475
,529.03795,498.745975
,529.06235,498.77505
,529.07145,498.801875
,529.117875,498.84765
,529.17425,498.8639
,529.180725,498.962175
,529.212,498.988325
,529.228575,499.152875
,529.2899,499.218925
,529.335175,499.2556
,529.37355,499.322875
,529.4043,499.40485
,529.4619,499.431175
,529.4942,499.526075
,529.5055,499.60955
,529.542575,499.626575
,529.555025,499.674325
,529.6207,499.7337
,529.62595,499.79525
,529.681175,499.8205
,529.687625,499.8957
,529.757525,499.916
,529.759075,500.026325
,529.80925,500.04285
,529.81725,500.0721
,529.873725,500.3508
,529.8888,500.37015
,529.9423,500.45225
,529.96195,500.4667
,529.965675,500.481
,529.998625,500.50895
,530.0016,500.551375
,530.04105,500.596975
,530.05715,500.63055
,530.078975,500.864425
,530.1033,500.944025
,530.109325,501.054175
,530.128125,501.1491
,530.1596,501.16635
,530.201025,501.18495
,530.212325,501.239075
,530.297725,501.30585
,530.35735,501.308075
,530.378025,501.461825
,530.391925,501.504725
,530.47935,501.5359
,530.529225,501.5542
,530.548125,501.586675
,530.581125,501.60395
,530.62495,501.6274
,530.6524,501.637
,530.7424,501.681625
,530.799025,501.766225
,530.858825,501.80105
,530.896325,501.82705
,530.934125,501.878475
,530.9653,501.91755
,530.983275,502.014325
,531.0031,502.12605
,531.0329,502.15565
,531.045475,502.315
,531.080125,502.33565
,531.11025,502.3734
,531.19885,502.394375
,531.2225,502.4268
,531.253875,502.473875
,531.287,502.560925
,531.308625,502.627325
,531.3629,502.67855
,531.36955,502.707275
,531.403025,502.735175
,531.42535,502.8757
,531.4672,503.02095
,531.484275,503.04565
,531.505325,503.20425
,531.523025,503.28975
,531.614675,503.3636
,531.62935,503.442575
,531.737525,503.49275
,531.7668,503.524225
,531.834225,503.6221
,531.83945,503.635275
,531.872575,503.68755
,531.90165,503.72625
,531.92215,503.7637
,531.935625,503.797225
,531.972225,503.8945
,531.9995,503.911275
,532.0161,503.9556
,532.031,504.01155
,532.0358,504.03925
,532.0614,504.058625
,532.080675,504.112425
,532.113775,504.235325
,532.131575,504.3006
,532.175,504.33285
,532.209075,504.4263
,532.223175,504.46675
,532.30385,504.491875
,532.379675,504.517625
,532.386875,504.543725
,532.42585,504.579725
,532.435725,504.628975
,532.4579,504.636
,532.496925,504.6434
,532.510575,504.78015
,532.647475,504.796475
,532.6534,504.870325
,532.730875,504.9117
,532.768925,504.97985
,532.797925,504.996375
,532.82055,505.010275
,532.908525,505.0581
,532.9152,505.069225
,533.014625,505.08495
,533.016425,505.11135
,533.056075,505.1228
,533.0714,505.193175
,533.15815,505.233475
,533.182725,505.2494
,533.205275,505.266325
,533.420025,505.28185
,533.488625,505.323375
,533.61005,505.460375
,533.664575,505.492725
,533.6693,505.53505
,533.74505,505.57785
,533.7696,505.65185
,533.82945,505.66635
,533.8536,505.6824
,533.891775,505.820525
,533.964225,505.8431
,533.97855,505.935325
,534.166575,505.955775
,534.2316,506.006475
,534.288825,506.0431
,534.357175,506.1135
,534.37725,506.129175
,534.400925,506.222075
,534.4917,506.24555
,534.5218,506.287075
,534.553625,506.322675
,534.62745,506.4655
,534.6591,506.50865
,534.71325,506.843025
,534.71565,506.93805
,534.77315,506.967
,534.82235,506.983775
,534.8782,507.1303
,534.943925,507.17385
,534.981075,507.290875
,535.017,507.384525
,535.078825,507.4429
,535.12895,507.5446
,535.1656,507.62475
,535.199775,507.69275
,535.235825,507.778225
,535.2632,507.80065
,535.290925,507.8373
,535.33625,507.889225
,535.37885,507.906325
,535.428725,507.958525
,535.48255,507.977825
,535.52695,508.006875
,535.5701,508.01595
,535.6117,508.063025
,535.645575,508.107275
,535.651125,508.271075
,535.6918,508.47295
,535.734725,508.49475
,535.779125,508.523275
,535.8145,508.5648
,535.8468,508.6287
,535.8815,508.67835
,535.922375,508.747
,535.9286,508.86075
,536.0013,508.8806
,536.070675,509.02375
,536.0983,509.0381
,536.14735,509.061175
,536.1859,509.078025
,536.21945,509.10745
,536.22065,509.18505
,536.280575,509.20175
,536.345975,509.284325
,536.4214,509.389025
,536.456225,509.413675
,536.494075,509.4932
,536.535275,509.538875
,536.5426,509.620375
,536.576825,509.662975
,536.61905,509.77575
,536.705975,509.77905
,536.743525,509.8667
,536.802025,509.8742
,536.853225,509.919675
,536.89295,509.9573
,536.9372,509.995475
,536.98525,510.057775
,537.066225,510.164675
,537.1482,510.252625
,537.2193,510.27115
,537.25225,510.3323
,537.2978,510.343325
,537.33225,510.372925
,537.376225,510.39755
,537.42535,510.445075
,537.460075,510.598525
,537.502775,510.7403
,537.5521,510.790125
,537.6568,510.806075
,537.718325,510.822525
,537.75635,510.84255
,537.80125,510.8516
,537.833625,510.87155
,537.879725,510.92785
,537.9272,510.946425
,537.96175,510.9601
,537.96275,510.9816
,538.0125,511.047975
,538.10505,511.208125
,538.16975,511.2482
,538.297425,511.28455
,538.348,511.30965
,538.424975,511.3223
,538.49055,511.3323
,538.52625,511.353825
,538.5786,511.375075
,538.663225,511.3793
,538.710375,511.3932
,538.796675,511.420625
,538.819975,511.723925
,538.84455,511.840775
,538.863825,511.8578
,538.8719,511.900475
,538.88445,511.943275
,538.973,511.9578
,539.021175,511.9737
,539.088075,512.03175
,539.0892,512.044675
,539.09415,512.07455
,539.1777,512.0968
,539.219075,512.180425
,539.306725,512.2231
,539.353375,512.2461
,539.41495,512.321875
,539.487975,512.344
,539.5418,512.366225
,539.587575,512.3847
,539.6337,512.49255
,539.693675,512.5369
,539.771675,512.573125
,539.8248,512.63735
,539.9111,512.704725
,539.92395,512.767425
,539.97135,512.83885
,540.036525,512.915275
,540.1128,512.9421
,540.179925,512.957625
,540.2107,513.026525
,540.250125,513.0413
,540.2806,513.14995
,540.32935,513.216175
,540.395675,513.314375
,540.439325,513.337425
,540.5182,513.36585
,540.54655,513.38465
,540.6225,513.40865
,540.6798,513.42865
,540.741775,513.521775
,540.797125,513.5302
,540.849625,513.556825
,540.853025,513.590925
,540.910325,513.656525
,540.9409,513.780125
,540.970875,513.916875
,541.080625,513.96735
,541.174225,513.992625
,541.229575,514.0311
,541.284825,514.063875
,541.32735,514.0822
,541.384725,514.099975
,541.43455,514.1168
,541.47505,514.13575
,541.48155,514.195125
,541.513225,514.25295
,541.5155,514.2753
,541.5828,514.31055
,541.588325,514.44525
,541.66815,514.48345
,541.7465,514.5205
,541.75595,514.6616
,541.88545,514.68435
,541.941975,514.701
,541.995175,514.714675
,542.071275,514.74555
,542.073375,514.86095
,542.1503,514.877175
,542.217825,514.892775
,542.3136,514.906275
,542.359325,514.98335
,542.4001,515.0515
,542.442325,515.10935
,542.47595,515.1497
,542.5316,515.2214
,542.604025,515.247775
,542.651425,515.306275
,542.710675,515.32075
,542.764725,515.382075
,542.80325,515.39305
,542.83845,515.438975
,542.9161,515.4575
,542.960025,515.533525
,542.9987,515.54515
,543.000825,515.5603
,543.057975,515.66675
,543.13925,515.7142
,543.190475,515.755975
,543.29315,515.853425
,543.3352,515.927125
,543.436025,516.0037
,543.5056,516.033375
,543.566725,516.1147
,543.598775,516.14885
,543.657425,516.2576
,543.729425,516.272425
,543.7729,516.342425
,543.8717,516.35685
,543.926325,516.473875
,543.9696,516.5123
,544.011825,516.5411
,544.0265,516.57005
,544.046175,516.641
,544.058,516.66315
,544.093925,516.7975
,544.1428,516.839225
,544.172775,516.854875
,544.201,516.87985
,544.270975,516.893675
,544.3347,516.915625
,544.365175,516.956575
,544.394925,516.97225
,544.440125,516.99445
,544.5022,517.12705
,544.5677,517.167475
,544.616575,517.224075
,544.6362,517.24115
,544.645375,517.280775
,544.6986,517.2987
,544.7383,517.358
,544.7893,517.372175
,544.838575,517.46345
,544.87795,517.595125
,544.914075,517.629
,544.93945,517.67505
,544.96755,517.701525
,545.004175,517.74105
,545.009,517.754225
,545.05055,517.774975
,545.10975,517.795
,545.1466,517.836175
,545.15565,517.87295
,545.21085,517.967175
,545.25705,517.994775
,545.26885,518.02475
,545.29595,518.0817
,545.339975,518.10155
,545.3738,518.1769
,545.4104,518.192025
,545.456475,518.2681
,545.495125,518.437725
,545.535175,518.465125
,545.568225,518.47965
,545.5896,518.51685
,545.6304,518.545675
,545.679725,518.571375
,545.694375,518.602025
,545.71845,518.624975
,545.7567,518.6434
,545.795525,518.663225
,545.83645,518.76615
,545.891175,518.7978
,545.922975,518.8679
,545.964825,518.88665
,546.001275,519.031475
,546.033875,519.142275
,546.0774,519.156075
,546.10775,519.184325
,546.113375,519.205675
,546.14815,519.2254
,546.1863,519.24385
,546.238975,519.2963
,546.275525,519.355075
,546.349275,519.364325
,546.394375,519.406275
,546.435675,519.431325
,546.480075,519.45605
,546.53085,519.506275
,546.57365,519.534525
,546.62225,519.580525
,546.669475,519.6235
,546.7256,519.749825
,546.762875,519.801075
,546.82195,519.81335
,546.858975,519.8313
,546.895175,519.855
,546.94415,519.885125
,546.98515,519.9105
,547.0529,519.946725
,547.105925,520.0579
,547.146525,520.0787
,547.21825,520.14715
,547.27285,520.196275
,547.3304,520.2191
,547.357225,520.327575
,547.414125,520.380525
,547.4726,520.451925
,547.522825,520.46385
,547.5696,520.487175
,547.624,520.5565
,547.669625,520.588125
,547.678075,520.648975
,547.701375,520.67145
,547.714975,520.70175
,547.7405,520.75015
,547.794175,520.76565
,547.823625,520.8125
,547.868975,520.843075
,547.93885,520.863525
,547.99495,520.9464
,548.040525,521.088625
,548.088,521.141625
,548.137675,521.185475
,548.19895,521.202225
,548.255075,521.22165
,548.3008,521.240875
,548.359075,521.325425
,548.404875,521.4091
,548.45615,521.473325
,548.4948,521.4895
,548.548475,521.509175
,548.573225,521.528375
,548.6183,521.5453
,548.66675,521.56315
,548.694525,521.5912
,548.7386,521.6122
,548.788925,521.636275
,548.855425,521.661325
,548.90285,521.677975
,548.95495,521.70645
,548.999775,521.832875
,549.042625,521.855875
,549.097825,521.920025
,549.138375,521.97895
,549.203175,522.037925
,549.251875,522.056975
,549.298475,522.104525
,549.3365,522.137
,549.38045,522.2973
,549.41825,522.344475
,549.45835,522.395125
,549.499725,522.4114
,549.562625,522.443775
,549.6117,522.497
,549.655525,522.5104
,549.69875,522.532
,549.7474,522.595675
,549.7927,522.604525
,549.831625,522.6654
,549.872575,522.70345
,549.9058,522.7853
,549.95655,523.104725
,550.013425,523.1989
,550.053175,523.22865
,550.093625,523.3616
,550.124575,523.490675
,550.174825,523.607725
,550.225,523.6409
,550.27755,523.70925
,550.3271,523.72875
,550.4229,523.7983
,550.459275,523.82855
,550.485075,523.8393
,550.537975,523.886225
,550.583275,523.892625
,550.63175,523.89715
,550.68675,523.91255
,550.737375,523.928525
,550.836925,523.9586
,550.878,524.00725
,550.964925,524.0646
,551.009125,524.0671
,551.061225,524.0948
,551.105075,524.1551
,551.144725,524.1866
,551.185675,524.21075
,551.225625,524.250975
,551.267925,524.2857
,551.343975,524.323375
,551.3946,524.335725
,551.4354,524.46225
,551.4846,524.743775
,551.534475,524.7774
,551.573325,524.865625
,551.61795,524.88675
,551.66055,524.943875
,551.700425,524.9868
,551.807075,525.009675
,551.86045,525.128825
,551.90655,525.23895
,551.973875,525.27395
,552.027725,525.287575
,552.092375,525.308975
,552.15495,525.37255
,552.196275,525.408425
,552.2465,525.517
,552.321,525.581575
,552.3745,525.67695
,552.42095,525.73155
,552.4754,525.752975
,552.518925,525.772975
,552.551075,525.919175
,552.599625,525.953675
,552.660925,526.1123
,552.69945,526.14265
,552.74085,526.184125
,552.791,526.241225
,552.854125,526.309725
,552.8993,526.318925
,552.9496,526.3279
,553.026725,526.361775
,553.095925,526.555175
,553.1702,526.589425
,553.218275,526.7028
,553.261525,526.7109
,553.3038,526.735975
,553.388175,526.751825
,553.44705,526.7736
,553.507975,526.82315
,553.5517,526.849925
,553.586275,526.879075
,553.636875,526.9471
,553.67455,527.03745
,553.764625,527.12595
,553.84405,527.13305
,553.85345,527.154675
,553.9116,527.22805
,553.947825,527.3319
,554.007475,527.42785
,554.110575,527.480675
,554.202425,527.496275
,554.25365,527.522475
,554.304925,527.543075
,554.384025,527.563425
,554.453625,527.5683
,554.5074,527.58765
,554.579575,527.6241
,554.64155,527.6532
,554.729975,527.675675
,554.805775,527.71415
,554.869275,527.742
,554.9134,527.747675
,554.973525,527.762475
,555.076,527.7964
,555.1481,527.8561
,555.21415,527.88365
,555.26545,527.934325
,555.35775,527.9539
,555.415375,527.999225
,555.462275,528.065375
,555.523825,528.135675
,555.58265,528.153
,555.66595,528.16125
,555.7221,528.163025
,555.7785,528.189225
,555.821125,528.2282
,555.8726,528.236625
,555.9785,528.24465
,556.029875,528.26275
,556.088725,528.28255
,556.12925,528.345425
,556.1829,528.38055
,556.229975,528.404975
,556.264425,528.4457
,556.29915,528.46165
,556.383375,528.50525
,556.45375,528.580625
,556.487725,528.627925
,556.55375,528.701225
,556.6016,528.749
,556.72955,528.752475
,556.76135,528.8632
,556.77135,528.963875
,556.786675,528.97405
,556.815375,529.0638
,556.834525,529.1337
,556.877475,529.15375
,556.8899,529.18725
,556.92915,529.27845
,556.95635,529.281325
,556.975925,529.39105
,556.986575,529.43015
,557.02575,529.51625
,557.09055,529.61975
,557.1128,529.838025
,557.19575,529.888
,557.32125,529.945625
,557.367925,529.97425
,557.4208,529.997325
,557.479975,530.01725
,557.496725,530.083725
,557.545475,530.12625
,557.5528,530.128075
,557.68165,530.144925
,557.72485,530.3782
,557.74565,530.446325
,557.821475,530.560175
,557.874175,530.581475
,557.921575,530.7366
,557.959725,530.79605
,557.998575,530.890875
,558.03535,531.119325
,558.0855,531.18085
,558.11165,531.225625
,558.133725,531.2519
,558.26525,531.27385
,558.38645,531.3354
,558.450825,531.40505
,558.527725,531.427075
,558.569325,531.4838
,558.613775,531.48995
,558.66175,531.6203
,558.669125,531.754425
,558.7808,531.7977
,558.8724,531.84185
,558.91795,531.896225
,558.978475,531.927375
,559.02045,532.0112
,559.071875,532.03705
,559.116675,532.08735
,559.15735,532.157825
,559.20755,532.188
,559.22475,532.238625
,559.286925,532.29545
,559.30045,532.317275
,559.378675,532.36955
,559.408975,532.427725
,559.414475,532.603875
,559.47915,532.76965
,559.514325,532.873825
,559.608175,532.9234
,559.657675,532.9325
,559.707775,533.083825
,559.762425,533.102675
,559.802925,533.340775
,559.861675,533.4577
,559.9168,533.4675
,559.950475,533.597275
,559.971525,533.737925
,560.0001,533.9932
,560.049225,534.01775
,560.099025,534.18255
,560.1426,534.201225
,560.18495,534.22905
,560.246775,534.256725
,560.30585,534.2826
,560.346425,534.45835
,560.394525,534.526525
,560.445975,534.574125
,560.5019,534.656375
,560.5588,534.834575
,560.6208,534.90915
,560.664775,534.963
,560.7075,534.981075
,560.81635,534.993725
,560.8569,535.0206
,560.89845,535.052675
,560.9611,535.08785
,561.031675,535.149125
,561.070625,535.19965
,561.122,535.215225
,561.178775,535.336575
,561.2166,535.427325
,561.266725,535.457
,561.30875,535.500525
,561.34455,535.520525
,561.3789,535.534525
,561.424925,535.551175
,561.493225,535.593975
,561.49785,535.606775
,561.539575,535.626075
,561.578575,535.628575
,561.63375,535.70145
,561.7892,535.72225
,561.8368,535.747025
,561.89455,535.769075
,561.93765,535.79915
,561.983075,535.8913
,562.030575,535.91415
,562.06895,535.9268
,562.1054,536.012725
,562.1438,536.0711
,562.182425,536.085575
,562.2144,536.107825
,562.25,536.1622
,562.35105,536.188
,562.399525,536.305475
,562.437,536.388925
,562.474775,536.414625
,562.51835,536.460525
,562.571375,536.48025
,562.60005,536.495925
,562.65065,536.500325
,562.696025,536.525375
,562.7112,536.591825
,562.72815,536.6385
,562.7957,536.6587
,562.84725,536.68445
,562.94295,536.7349
,563.007875,536.758525
,563.087025,536.771375
,563.1289,536.8288
,563.16815,536.875225
,563.224375,536.877775
,563.247025,536.925825
,563.2623,536.9497
,563.305,536.959575
,563.313425,537.0241
,563.360625,537.09435
,563.4057,537.129375
,563.48655,537.176
,563.539375,537.20555
,563.6306,537.25515
,563.71755,537.27975
,563.75985,537.317075
,563.80475,537.385775
,563.830625,537.40855
,563.884125,537.492725
,563.92465,537.518925
,563.948175,537.536675
,563.988075,537.59055
,564.070875,537.646525
,564.082125,537.701375
,564.120525,537.74055
,564.2163,537.758075
,564.2742,537.780325
,564.303725,537.79785
,564.341675,537.834425
,564.383525,537.90725
,564.386,537.92255
,564.465375,537.935725
,564.4798,538.161925
,564.531575,538.18025
,564.5837,538.260775
,564.629025,538.28545
,564.715825,538.30965
,564.776075,538.351125
,564.846225,538.41705
,564.881575,538.452425
,564.90535,538.465175
,564.996425,538.532875
,565.087075,538.6107
,565.137925,538.674725
,565.18895,538.7035
,565.231525,538.7396
,565.237425,538.7632
,565.269525,538.817975
,565.3307,538.869925
,565.408275,538.91675
,565.4589,538.9303
,565.5231,538.9577
,565.573875,538.973525
,565.639125,538.992
,565.678025,539.04685
,565.7583,539.0806
,565.799525,539.1271
,565.87425,539.355325
,565.915775,539.379475
,566.02265,539.39345
,566.094025,539.412275
,566.13945,539.4315
,566.18155,539.4672
,566.2351,539.48675
,566.26855,539.5135
,566.3311,539.5744
,566.41365,539.633625
,566.471775,539.645
,566.5285,539.783475
,566.5772,539.804125
,566.63135,539.824025
,566.67975,539.836125
,566.7137,539.84785
,566.74765,539.8714
,566.779025,539.9176
,566.788225,540.0641
,566.8389,540.104825
,566.8441,540.124275
,566.9053,540.15145
,566.98425,540.195175
,566.992975,540.21935
,567.01445,540.220675
,567.076925,540.240975
,567.1166,540.380025
,567.17955,540.503825
,567.24985,540.56855
,567.320675,540.62005
,567.380625,540.69415
,567.385,540.724425
,567.463375,540.750725
,567.482375,540.780675
,567.486825,540.8309
,567.556175,540.879975
,567.6019,540.91305
,567.626375,540.93195
,567.675175,541.015275
,567.68245,541.04015
,567.740625,541.04535
,567.746275,541.0693
,567.8071,541.1003
,567.85875,541.1627
,567.9158,541.195675
,567.968925,541.328725
,568.031975,541.3717
,568.070525,541.41185
,568.142375,541.43215
,568.1452,541.49315
,568.198625,541.512475
,568.253825,541.54305
,568.28515,541.5544
,568.33515,541.5822
,568.3829,541.65405
,568.4424,541.683775
,568.5101,541.786175
,568.566325,541.889
,568.5772,542.10745
,568.65135,542.24945
,568.697375,542.281525
,568.69865,542.304
,568.7702,542.3291
,568.8282,542.346325
,568.837075,542.387575
,568.874475,542.449975
,568.8799,542.540425
,568.898975,542.60045
,568.96415,542.6315
,569.011225,542.653375
,569.02265,542.673775
,569.1352,542.687575
,569.209375,542.714475
,569.27705,542.7394
,569.31335,542.873375
,569.356075,542.8848
,569.394375,542.900975
,569.408525,542.92055
,569.447975,542.96365
,569.512525,542.97685
,569.534175,543.048275
,569.596875,543.0842
,569.6075,543.1206
,569.67755,543.154225
,569.7404,543.2084
,569.7874,543.2263
,569.834125,543.2454
,569.9003,543.26715
,569.90355,543.285175
,569.97175,543.3225
,569.986075,543.390325
,570.026025,543.426175
,570.098775,543.4622
,570.1563,543.5027
,570.2253,543.529475
,570.31025,543.5814
,570.35155,543.60325
,570.439025,543.637125
,570.485,543.73245
,570.523275,543.7631
,570.560975,543.79695
,570.637725,543.830525
,570.691725,543.854575
,570.723125,543.8748
,570.748075,543.8922
,570.814675,543.9076
,570.8243,543.95
,570.857725,543.9682
,570.9249,543.979725
,570.978575,544.004175
,571.0408,544.0232
,571.0958,544.05505
,571.146425,544.078525
,571.21095,544.153975
,571.26885,544.173975
,571.2763,544.196725
,571.318825,544.32245
,571.3683,544.35095
,571.433225,544.436125
,571.4773,544.47465
,571.542625,544.521025
,571.604125,544.55015
,571.652575,544.56765
,571.702975,544.63615
,571.75555,544.660925
,571.797625,544.8168
,571.847225,544.882825
,571.922425,544.9021
,571.97045,544.93265
,572.012025,544.934
,572.053725,544.949425
,572.1,544.959225
,572.1451,544.968275
,572.17865,544.9821
,572.223525,545.008375
,572.274375,545.087275
,572.32625,545.145575
,572.39245,545.172325
,572.4442,545.2013
,572.509525,545.22635
,572.591325,545.263925
,572.65725,545.28735
,572.710425,545.43755
,572.75475,545.563325
,572.81055,545.629625
,572.86355,545.647975
,572.8845,545.734175
,572.92335,545.779125
,572.965475,545.83205
,573.044025,545.8761
,573.114425,545.924
,573.167725,546.088925
,573.207925,546.12045
,573.228075,546.1325
,573.253725,546.148425
,573.273975,546.23465
,573.309875,546.29335
,573.35175,546.3103
,573.3604,546.3735
,573.4558,546.40245
,573.501225,546.51225
,573.578225,546.615475
,573.654175,546.654825
,573.68855,546.736075
,573.714925,546.7652
,573.758275,546.815875
,573.81165,546.837375
,573.845175,546.88035
,573.848925,546.92065
,573.913725,546.92275
,573.9376,546.9405
,574.101525,547.0247
,574.239625,547.056
,574.2872,547.080025
,574.337375,547.227875
,574.399975,547.258175
,574.451725,547.282125
,574.528025,547.342875
,574.6377,547.365275
,574.69515,547.383275
,574.735675,547.398725
,574.83285,547.4194
,574.89885,547.4365
,574.976875,547.453375
,575.0109,547.544475
,575.029725,547.672175
,575.0508,547.728975
,575.052475,547.8355
,575.07265,547.862475
,575.10195,547.974575
,575.132225,547.990275
,575.177125,548.03475
,575.1906,548.0534
,575.27315,548.05895
,575.354925,548.261725
,575.4062,548.28475
,575.444075,548.397125
,575.505025,548.419325
,575.568175,548.4526
,575.585775,548.48085
,575.60015,548.48605
,575.654975,548.503875
,575.746775,548.510975
,575.771425,548.517275
,575.803875,548.569225
,575.8599,548.59815
,575.908675,548.66555
,575.967875,548.6954
,576.006425,548.73805
,576.08175,548.7639
,576.127725,548.78675
,576.2007,548.88225
,576.2498,548.910825
,576.28565,548.964925
,576.3309,549.01015
,576.383,549.06145
,576.43605,549.103875
,576.502825,549.129375
,576.572625,549.17595
,576.628525,549.20045
,576.671825,549.312075
,576.729225,549.3602
,576.771425,549.38
,576.82465,549.439225
,576.866125,549.488125
,576.884325,549.50855
,576.959225,549.561025
,576.989875,549.5969
,577.00295,549.6216
,577.032725,549.643525
,577.082025,549.66085
,577.0859,549.703825
,577.117725,549.75285
,577.134475,549.82865
,577.142275,549.874
,577.16295,549.8962
,577.20435,550.030075
,577.208075,550.0799
,577.263675,550.0982
,577.274175,550.112175
,577.2805,550.134675
,577.2911,550.166925
,577.3367,550.18355
,577.412825,550.275125
,577.4191,550.3242
,577.4617,550.340675
,577.517125,550.418625
,577.570925,550.46145
,577.616475,550.482525
,577.674225,550.534475
,577.675475,550.5515
,577.824925,550.5603
,577.9339,550.645075
,577.978325,550.66205
,578.008,550.68165
,578.0892,550.859925
,578.0995,550.87945
,578.2178,550.95665
,578.262625,551.0002
,578.405425,551.149375
,578.44535,551.170675
,578.498625,551.23045
,578.593675,551.25795
,578.647725,551.28415
,578.744725,551.33175
,578.789075,551.35405
,578.8356,551.399125
,578.87345,551.489975
,578.9277,551.5226
,578.987625,551.556975
,579.02925,551.6102
,579.118875,551.6881
,579.171825,551.730825
,579.2239,551.747475
,579.2867,551.7653
,579.332725,551.806425
,579.383775,551.8804
,579.4431,551.900175
,579.512175,552.09355
,579.580225,552.1474
,579.6332,552.4554
,579.6943,552.4675
,579.762825,552.49645
,579.8173,552.530175
,579.85375,552.5511
,579.9156,552.583275
,579.96755,552.608925
,580.013825,552.650625
,580.054825,552.673225
,580.105725,552.7024
,580.1439,552.7518
,580.195325,552.786675
,580.2613,552.827375
,580.32755,552.867175
,580.390325,552.9621
,580.45225,552.990625
,580.523975,553.006975
,580.5666,553.112325
,580.59395,553.142525
,580.601575,553.185175
,580.63005,553.235225
,580.652325,553.259275
,580.7008,553.269275
,580.70205,553.308625
,580.735,553.34855
,580.79465,553.382325
,580.8636,553.385475
,581.018025,553.41295
,581.141475,553.442
,581.195,553.540375
,581.206575,553.56585
,581.2479,553.63795
,581.29185,553.662675
,581.348625,553.69035
,581.371675,553.708775
,581.449425,553.731125
,581.541875,553.7685
,581.585625,553.82195
,581.648925,553.873275
,581.67475,553.97055
,581.682,553.9954
,581.6934,554.022
,581.746825,554.052775
,581.810325,554.0882
,581.881025,554.155925
,581.944025,554.1872
,582.01985,554.205575
,582.096375,554.2244
,582.153175,554.27755
,582.199125,554.3543
,582.24115,554.375025
,582.285475,554.39505
,582.3628,554.431625
,582.405475,554.5024
,582.4824,554.5279
,582.53195,554.568575
,582.582275,554.5843
,582.6395,554.6147
,582.70175,554.636025
,582.7479,554.663375
,582.827725,554.686825
,582.842275,554.71395
,582.858625,554.747775
,582.86715,554.76875
,582.884175,554.84585
,582.90015,554.908075
,582.9255,554.95105
,583.0331,554.96645
,583.1079,555.006675
,583.129575,555.029525
,583.190925,555.044175
,583.35005,555.063375
,583.424525,555.082725
,583.47905,555.118175
,583.54285,555.142725
,583.6318,555.1562
,583.677675,555.1879
,583.738275,555.334975
,583.749575,555.397625
,583.774675,555.523675
,583.80785,555.5431
,583.833375,555.56105
,583.839475,555.59135
,583.978225,555.606125
,584.049125,555.694475
,584.109525,555.780125
,584.151775,555.8203
,584.209275,555.876025
,584.2536,555.904775
,584.2906,555.994225
,584.2958,556.018875
,584.37535,556.0372
,584.43205,556.093875
,584.51795,556.163725
,584.59245,556.21355
,584.648425,556.2321
,584.703825,556.32005
,584.761075,556.3355
,584.82545,556.381475
,584.874175,556.440875
,584.995475,556.48235
,585.000125,556.517675
,585.02045,556.59315
,585.0599,556.630425
,585.145775,556.680525
,585.215,556.700975
,585.274975,556.7129
,585.3334,556.7264
,585.3789,556.7377
,585.4474,556.803475
,585.49025,556.82555
,585.52325,556.848075
,585.544125,556.8657
,585.609925,556.919725
,585.61215,556.93875
,585.634125,556.9582
,585.63815,556.966175
,585.697,556.9978
,585.85145,557.03245
,586.0106,557.05955
,586.1089,557.09415
,586.23605,557.165975
,586.2991,557.214325
,586.3382,557.2594
,586.351775,557.2782
,586.36685,557.3206
,586.402425,557.381625
,586.4212,557.4304
,586.4592,557.46325
,586.540725,557.4931
,586.673425,557.58425
,586.71845,557.61605
,586.774,557.714075
,586.782275,557.830025
,586.8051,557.894425
,586.842025,557.92785
,586.868025,558.0031
,586.9541,558.0656
,587.11615,558.099075
,587.16655,558.1174
,587.21735,558.201
,587.262225,558.319675
,587.389225,558.428975
,587.53265,558.451425
,587.57155,558.5716
,587.632775,558.661125
,587.684325,558.663575
,587.74535,558.6831
,587.819475,558.709075
,587.8439,558.7317
,587.878175,558.8056
,587.91865,558.939775
,587.97445,558.943
,588.0387,558.99915
,588.067325,559.055825
,588.1056,559.125225
,588.1316,559.1973
,588.14815,559.221675
,588.237625,559.27055
,588.28725,559.30165
,588.3307,559.3491
,588.3907,559.374
,588.44915,559.411075
,588.506875,559.474975
,588.55525,559.492025
,588.62065,559.533075
,588.637175,559.552175
,588.657325,559.5771
,588.6726,559.604
,588.781825,559.685375
,588.8297,559.761775
,588.8976,559.798375
,588.9661,559.808075
,589.0328,559.839375
,589.07115,559.85135
,589.1158,559.92355
,589.145075,559.9386
,589.150175,559.98275
,589.1697,559.998875
,589.18245,560.0124
,589.210175,560.04665
,589.22975,560.07215
,589.2661,560.124925
,589.316125,560.1482
,589.3933,560.192675
,589.397275,560.2382
,589.51115,560.2833
,589.6113,560.3077
,589.658275,560.347125
,589.702,560.4138
,589.772775,560.426075
,589.825025,560.444875
,589.866,560.503425
,589.984875,560.52205
,590.06455,560.53335
,590.111,560.584725
,590.12025,560.605925
,590.1777,560.66175
,590.245025,560.67885
,590.25905,560.696925
,590.32985,560.7057
,590.3577,560.72115
,590.41585,560.734325
,590.45045,560.755725
,590.4827,560.7741
,590.5728,560.818275
,590.66245,560.82775
,590.77465,560.886375
,590.827,560.9033
,590.8726,560.921775
,590.947175,561.012475
,590.954125,561.0609
,590.998225,561.078725
,591.037775,561.1117
,591.095375,561.1564
,591.153525,561.1905
,591.21045,561.20915
,591.2712,561.24055
,591.3132,561.32135
,591.36285,561.3358
,591.39125,561.384325
,591.450475,561.448
,591.49045,561.5163
,591.556525,561.5336
,591.623025,561.591725
,591.68095,561.652675
,591.722275,561.669875
,591.776775,561.699125
,591.814075,561.817675
,591.86415,561.8445
,591.913775,561.866375
,591.980125,561.9053
,592.031725,561.94945
,592.1304,561.984
,592.215725,562.05325
,592.259675,562.101225
,592.30845,562.11475
,592.377575,562.126825
,592.40615,562.140225
,592.431125,562.1677
,592.474575,562.1829
,592.507425,562.293775
,592.556425,562.395775
,592.64045,562.42605
,592.715775,562.531025
,592.763725,562.612725
,592.828175,562.6804
,592.934125,562.7301
,593.000675,562.769425
,593.060475,562.908225
,593.1218,562.978925
,593.1666,562.99395
,593.23475,563.00965
,593.304175,563.031575
,593.366775,563.063325
,593.436225,563.0859
,593.45955,563.120875
,593.49615,563.170775
,593.51725,563.2079
,593.569,563.2589
,593.5961,563.3074
,593.66875,563.3464
,593.807675,563.396425
,593.862125,563.41895
,593.956525,563.45775
,594.010675,563.552475
,594.0382,563.5813
,594.096875,563.725625
,594.15695,563.759075
,594.17185,563.77065
,594.26715,563.883175
,594.33025,563.941
,594.384775,563.9582
,594.447675,563.98625
,594.5366,564.0011
,594.580125,564.015825
,594.58625,564.0414
,594.660075,564.095725
,594.678575,564.17805
,594.76085,564.254775
,594.829375,564.28235
,594.9293,564.298
,594.965325,564.33125
,595.015575,564.35565
,595.07825,564.495225
,595.13655,564.5272
,595.214725,564.5877
,595.2879,564.634625
,595.3528,564.7707
,595.402875,564.828275
,595.588775,564.845825
,595.660025,564.8667
,595.668075,565.02675
,595.738525,565.04645
,595.80765,565.099925
,595.8401,565.1204
,595.906125,565.1319
,595.90925,565.145875
,596.0392,565.1864
,596.1073,565.20105
,596.1809,565.241575
,596.21115,565.45485
,596.228075,565.47005
,596.238375,565.5691
,596.2568,565.633775
,596.28495,565.7268
,596.2906,565.76425
,596.333925,565.7828
,596.33625,565.799975
,596.373425,565.8802
,596.3972,565.90455
,596.45675,565.930575
,596.534825,565.937175
,596.60955,566.02035
,596.6675,566.042925
,596.699375,566.087825
,596.7624,566.148325
,596.79265,566.1818
,596.8275,566.20315
,596.8409,566.272025
,596.855925,566.2891
,596.881,566.469325
,596.89365,566.49845
,596.924625,566.5219
,596.941625,566.599875
,596.96555,566.6235
,597.007575,566.63225
,597.04865,566.646925
,597.141325,566.69745
,597.145825,566.714275
,597.16365,566.72765
,597.174575,566.78185
,597.176,566.84515
,597.218025,566.868875
,597.249975,566.8879
,597.288675,566.979025
,597.37235,567.04535
,597.38425,567.2183
,597.43235,567.24245
,597.481525,567.26785
,597.54155,567.333875
,597.588625,567.45265
,597.622,567.48885
,597.634725,567.5503
,597.645175,567.582325
,597.6611,567.600675
,597.67105,567.72735
,597.6796,567.8208
,597.694775,567.9079
,597.7167,567.959225
,597.729825,567.976875
,597.73595,567.999275
,597.75515,568.011825
,597.7898,568.04905
,597.804975,568.07025
,597.8893,568.073575
,597.92105,568.214625
,597.923725,568.2738
,597.97355,568.280925
,598.002875,568.326825
,598.01085,568.354425
,598.1316,568.47805
,598.17075,568.493625
,598.19575,568.52115
,598.39005,568.545125
,598.459975,568.62515
,598.499225,568.6429
,598.5397,568.671675
,598.57785,568.69365
,598.653425,568.710025
,598.672125,568.724475
,598.7666,568.740075
,598.799575,568.77755
,598.852475,568.882225
,598.85605,568.8973
,598.86475,568.9305
,598.920575,568.940275
,598.943025,568.949675
,598.991125,568.961375
,599.0297,568.9781
,599.040225,568.99225
,599.079575,569.032825
,599.09405,569.048325
,599.16005,569.095725
,599.217325,569.11855
,599.292225,569.149825
,599.305525,569.17385
,599.330025,569.291725
,599.354575,569.337525
,599.3568,569.3746
,599.3991,569.55
,599.40305,569.6069
,599.5395,569.624825
,599.594875,569.693975
,599.618375,569.730925
,599.6617,569.799825
,599.68435,569.8777
,599.71115,569.98715
,599.722,570.245475
,599.777175,570.43085
,599.847425,570.4552
,599.902425,570.588525
,599.938075,570.70535
,599.957625,570.728775
,,570.823425
,,570.84795
,,570.88745
,,570.932125
,,570.9378
,,571.0025
,,571.0089
,,571.04955
,,571.103675
,,571.108425
,,571.131425
,,571.149775
,,571.22255
,,571.242075
,,571.2803
,,571.341625
,,571.361175
,,571.3806
,,571.43235
,,571.532425
,,571.547125
,,571.585575
,,571.6562
,,571.680525
,,571.697775
,,571.76825
,,571.78935
,,571.8195
,,572.0281
,,572.052275
,,572.086675
,,572.1087
,,572.137875
,,572.187775
,,572.2703
,,572.33135
,,572.351125
,,572.399025
,,572.418925
,,572.436875
,,572.48085
,,572.5211
,,572.55715
,,572.595975
,,572.617625
,,572.640475
,,572.670975
,,572.709725
,,572.7556
,,572.78155
,,572.86425
,,572.9346
,,572.949075
,,572.978225
,,573.032925
,,573.0862
,,573.12515
,,573.141175
,,573.159975
,,573.190375
,,573.20665
,,573.244875
,,573.26085
,,573.2862
,,573.31645
,,573.404325
,,573.436625
,,573.496375
,,573.53015
,,573.5639
,,573.67065
,,573.778575
,,573.875825
,,574.013325
,,574.0673
,,574.1805
,,574.330875
,,574.384425
,,574.412925
,,574.45275
,,574.514775
,,574.541275
,,574.59145
,,574.61425
,,574.6413
,,574.6927
,,574.737925
,,574.7759
,,574.815525
,,574.843275
,,574.86475
,,574.947
,,574.956025
,,574.980375
,,575.003575
,,575.03745
,,575.044625
,,575.097725
,,575.1158
,,575.1897
,,575.217725
,,575.29655
,,575.4053
,,575.429
,,575.464
,,575.590625
,,575.6161
,,575.65915
,,575.722725
,,575.7489
,,575.809875
,,575.85035
,,575.89
,,575.902425
,,575.926125
,,576.01395
,,576.068725
,,576.093725
,,576.13655
,,576.213
,,576.221725
,,576.238975
,,576.312625
,,576.399125
,,576.429575
,,576.45065
,,576.4722
,,576.497375
,,576.5716
,,576.591675
,,576.615625
,,576.63525
,,576.648675
,,576.689
,,576.7081
,,576.738875
,,576.76085
,,576.7927
,,576.816175
,,576.92565
,,577.011425
,,577.029125
,,577.073175
,,577.083225
,,577.10085
,,577.149
,,577.157075
,,577.201675
,,577.242225
,,577.376875
,,577.391425
,,577.403775
,,577.424925
,,577.446125
,,577.455025
,,577.4716
,,577.4996
,,577.572675
,,577.5878
,,577.6199
,,577.644375
,,577.65995
,,577.6687
,,577.736025
,,577.77025
,,577.81335
,,577.8734
,,577.975525
,,578.040975
,,578.0957
,,578.1162
,,578.233
,,578.3348
,,578.3759
,,578.39855
,,578.501425
,,578.520475
,,578.543
,,578.578525
,,578.62055
,,578.63875
,,578.70345
,,578.7515
,,578.771925
,,578.7914
,,578.81735
,,578.853425
,,578.86855
,,578.9649
,,578.982425
,,579.021975
,,579.0442
,,579.121275
,,579.1446
,,579.167875
,,579.20965
,,579.226175
,,579.250025
,,579.305925
,,579.36325
,,579.382175
,,579.427
,,579.51445
,,579.58635
,,579.607975
,,579.63015
,,579.661125
,,579.723475
,,579.7482
,,579.778875
,,579.8885
,,579.89125
,,579.929
,,579.945425
,,580.02215
,,580.0906
,,580.10955
,,580.16665
,,580.1821
,,580.25075
,,580.2792
,,580.299325
,,580.32125
,,580.3385
,,580.36975
,,580.3921
,,580.476125
,,580.544475
,,580.556525
,,580.6014
,,580.61255
,,580.62905
,,580.6543
,,580.68725
,,580.726
,,580.74785
,,580.794475
,,580.8831
,,580.91655
,,580.938925
,,580.9567
,,580.997
,,581.049675
,,581.11985
,,581.150525
,,581.162725
,,581.167625
,,581.20325
,,581.270475
,,581.3057
,,581.351975
,,581.36925
,,581.418225
,,581.439625
,,581.480875
,,581.5446
,,581.584075
,,581.6014
,,581.723525
,,581.7346
,,581.7771
,,581.8256
,,581.83955
,,581.869925
,,581.880075
,,581.9185
,,581.954325
,,581.969175
,,582.010975
,,582.10535
,,582.132225
,,582.172825
,,582.27835
,,582.357275
,,582.378225
,,582.4037
,,582.453
,,582.5257
,,582.5511
,,582.62685
,,582.639725
,,582.70665
,,582.742125
,,582.7685
,,582.78755
,,582.822
,,582.910125
,,582.937175
,,582.97365
,,582.9997
,,583.052725
,,583.069125
,,583.085375
,,583.26095
,,583.301725
,,583.32075
,,583.37955
,,583.389575
,,583.3956
,,583.45775
,,583.532625
,,583.56245
,,583.64165
,,583.684625
,,583.71675
,,583.7474
,,583.798875
,,583.824075
,,583.84585
,,583.8813
,,583.929725
,,583.965225
,,584.01645
,,584.0311
,,584.0454
,,584.0593
,,584.089825
,,584.116875
,,584.14695
,,584.166775
,,584.3325
,,584.34815
,,584.3526
,,584.367925
,,584.405575
,,584.4306
,,584.4898
,,584.5055
,,584.552975
,,584.578275
,,584.59335
,,584.61235
,,584.641875
,,584.662575
,,584.678325
,,584.692125
,,584.73985
,,584.81495
,,584.8508
,,584.8669
,,584.878675
,,584.92625
,,584.958325
,,585.01505
,,585.0302
,,585.042575
,,585.07835
,,585.097575
,,585.24445
,,585.2572
,,585.275875
,,585.328325
,,585.438975
,,585.481475
,,585.5122
,,585.561025
,,585.574325
,,585.584225
,,585.596825
,,585.609375
,,585.617025
,,585.64145
,,585.65405
,,585.66555
,,585.67935
,,585.697975
,,585.72455
,,585.737825
,,585.76235
,,585.800825
,,585.81255
,,585.866375
,,585.904125
,,585.9244
,,585.94705
,,585.993225
,,586.04255
,,586.069325
,,586.0829
,,586.09645
,,586.111725
,,586.1237
,,586.17815
,,586.223825
,,586.315975
,,586.354675
,,586.3683
,,586.3786
,,586.41085
,,586.42395
,,586.430625
,,586.48685
,,586.537825
,,586.578
,,586.59015
,,586.59215
,,586.66785
,,586.781575
,,586.96185
,,587.0654
,,587.118075
,,587.186275
,,587.344225
,,587.3946
,,587.461525
,,587.5406
,,587.644
,,587.67155
,,587.69
,,587.712425
,,587.733525
,,587.8082
,,587.849775
,,587.8763
,,587.90885
,,587.9449
,,587.95905
,,587.979275
,,587.982875
,,588.025875
,,588.041525
,,588.06035
,,588.076375
,,588.0921
,,588.133975
,,588.141825
,,588.1695
,,588.201175
,,588.2835
,,588.35615
,,588.442725
,,588.468625
,,588.573975
,,588.58645
,,588.613675
,,588.65515
,,588.67565
,,588.71565
,,588.780775
,,588.824575
,,588.84025
,,588.964775
,,589.042425
,,589.0766
,,589.106
,,589.141725
,,589.1555
,,589.1764
,,589.206475
,,589.22155
,,589.289425
,,589.379025
,,589.42505
,,589.4413
,,589.4994
,,589.567525
,,589.6511
,,589.678225
,,589.815425
,,589.83625
,,589.85485
,,589.894825
,,589.92085
,,589.963325
,,589.98
,,590.010325
,,590.025625
,,590.05325
,,590.083875
,,590.1179
,,590.150175
,,590.160375
,,590.1753
,,590.187525
,,590.2423
,,590.33045
,,590.3599
,,590.394875
,,590.421075
,,590.435975
,,590.5566
,,590.579775
,,590.71045
,,590.72205
,,590.74345
,,590.75925
,,590.783125
,,590.82415
,,590.875475
,,590.915025
,,590.97365
,,590.989
,,591.0292
,,591.05265
,,591.099825
,,591.113375
,,591.182925
,,591.2089
,,591.292075
,,591.3086
,,591.3232
,,591.348375
,,591.38575
,,591.40435
,,591.452875
,,591.488025
,,591.51935
,,591.54485
,,591.593125
,,591.621075
,,591.658975
,,591.68185
,,591.698625
,,591.7344
,,591.822175
,,591.845
,,591.872075
,,591.892625
,,591.92825
,,592.01865
,,592.0498
,,592.08915
,,592.294275
,,592.3168
,,592.3397
,,592.37575
,,592.39635
,,592.4672
,,592.488575
,,592.5449
,,592.564475
,,592.621625
,,592.651475
,,592.711825
,,592.771825
,,592.8017
,,592.8232
,,592.922375
,,593.010275
,,593.0291
,,593.05145
,,593.17315
,,593.222275
,,593.24015
,,593.243575
,,593.262775
,,593.305125
,,593.403275
,,593.4288
,,593.44265
,,593.53615
,,593.565775
,,593.6219
,,593.71205
,,593.805725
,,593.821675
,,593.839025
,,593.84625
,,593.991525
,,594.10195
,,594.117975
,,594.131125
,,594.238325
,,594.25315
,,594.3138
,,594.326375
,,594.351575
,,594.40465
,,594.43065
,,594.50575
,,594.5199
,,594.53805
,,594.6998
,,594.7423
,,594.76615
,,594.85115
,,594.871475
,,594.9253
,,594.97775
,,594.9937
,,595.132175
,,595.16475
,,595.20625
,,595.29085
,,595.3273
,,595.360825
,,595.41645
,,595.457675
,,595.479
,,595.50715
,,595.58285
,,595.607275
,,595.68625
,,595.720625
,,595.732125
,,595.746125
,,595.80435
,,595.831325
,,595.883075
,,596.0936
,,596.1367
,,596.1979
,,596.240675
,,596.300075
,,596.323675
,,596.333325
,,596.379325
,,596.39065
,,596.42855
,,596.4479
,,596.506525
,,596.530925
,,596.558
,,596.58535
,,596.63525
,,596.708275
,,596.733675
,,596.8191
,,596.911325
,,596.93275
,,596.936625
,,597.0188
,,597.038825
,,597.083175
,,597.117075
,,597.1598
,,597.163825
,,597.1694
,,597.264775
,,597.27155
,,597.287975
,,597.31295
,,597.363275
,,597.555225
,,597.5666
,,597.632575
,,597.672175
,,597.6829
,,597.73755
,,597.77605
,,597.8142
,,597.82385
,,597.864425
,,597.880675
,,597.88695
,,597.914725
,,597.934025
,,597.958525
,,597.9782
,,598.05485
,,598.067225
,,598.076575
,,598.154925
,,598.19965
,,598.292875
,,598.403075
,,598.4918
,,598.56485
,,598.595425
,,598.6276
,,598.702375
,,598.727775
,,598.77885
,,598.8124
,,598.820925
,,598.8539
,,598.858825
,,598.897175
,,599.03035
,,599.064025
,,599.107525
,,599.2051
,,599.249825
,,599.37485
,,599.6617
,,599.671975
,,599.8607
,,599.9236
,,599.98685
