SPK_SPKC06a,SPK_SPKC07a,SPK_SPKC10a,SPK_SPKC12a
400.154275,400.1264,400.0604,400.0341
400.2101,400.175925,401.25685,404.6687
400.3929,400.29635,402.017775,406.27835
400.458125,400.495625,402.20055,406.458625
400.596925,400.53285,402.30155,406.71325
400.6284,400.921275,402.77235,408.145725
400.867675,401.028425,403.456875,411.7163
401.155425,401.11125,403.543075,412.9945
401.189425,401.2565,403.608475,413.944375
401.317975,401.454875,403.66105,420.30895
401.4741,401.53925,404.02315,421.70295
401.51665,401.696575,404.269425,423.1766
401.548725,401.7492,404.6115,423.83555
401.989825,401.946425,404.699625,424.2294
402.12795,402.00955,405.230975,425.1554
402.330375,402.218425,405.797675,426.728075
402.4482,402.345125,406.252475,431.2981
403.0487,402.423325,406.34795,431.516575
403.116925,402.46165,406.5698,431.640975
403.403425,402.564975,406.6046,437.882975
403.527075,402.7723,406.73195,445.53535
403.698325,402.87515,406.849375,447.419275
403.867875,402.956725,406.99345,449.8832
406.48515,403.16825,407.170125,451.54315
406.57325,403.317225,407.342275,452.373825
406.60765,403.611025,407.551,453.50285
406.636875,403.7402,408.1237,454.88255
406.814275,404.009225,408.54945,455.785325
406.8795,406.59225,408.677575,457.429675
406.93175,406.6369,409.0201,460.07255
407.019575,406.67235,409.30445,462.616275
407.081725,406.70485,409.354675,463.679725
407.474475,406.76735,409.99635,464.8096
407.737675,406.827475,410.115925,464.941775
407.805125,406.8742,410.202325,467.1878
408.04135,407.035125,410.440525,468.663475
408.12255,407.2383,410.647525,469.30285
408.3275,407.3259,410.9768,470.0941
408.44705,407.50075,411.4426,471.088575
408.5211,407.689525,411.58425,471.251475
408.628975,407.94975,411.89625,474.45525
408.69715,408.02415,412.229325,476.92455
408.861225,408.09925,412.5168,480.180575
408.946475,408.1449,412.614525,481.193125
410.35405,408.173125,412.767325,482.638675
410.418175,408.265575,412.99215,482.898175
410.476275,408.329,413.162275,486.02825
410.535575,408.3699,413.34575,488.525475
410.569275,408.659425,413.465175,495.4559
410.621975,410.716425,413.5043,495.489575
410.673225,411.5728,413.534625,496.89475
410.7073,411.667525,414.129875,498.523825
410.747425,411.79495,414.204,502.40415
410.97645,411.8775,414.2619,506.086375
411.6644,411.969125,414.3313,510.143675
411.7393,412.047125,414.675775,512.18595
411.850475,412.133125,414.72655,512.55955
411.921525,412.2637,414.9947,514.7609
412.0224,412.4263,415.05915,515.681575
412.0872,412.6831,415.586,520.86825
412.209625,413.5187,416.28995,522.04175
412.33155,413.59715,416.520525,532.5021
412.410625,413.685075,416.720225,537.84025
413.058175,413.80825,416.843425,544.687975
413.41895,413.914925,416.970825,548.37195
413.454325,413.968,417.30815,548.9256
413.52605,414.1002,417.3966,549.358925
413.571975,414.25195,417.4707,555.6823
413.67805,414.341125,417.494375,555.89015
414.03755,414.400375,417.75645,585.933625
414.12375,414.632825,417.788875,600.31095
414.1473,414.749175,417.830075,604.7357
414.228,414.868325,417.902475,605.879425
414.3551,414.984775,417.989375,610.27535
414.594,415.093325,418.1233,614.087475
414.969525,415.38535,418.3216,614.634
415.17205,417.419825,418.937175,621.292125
415.375925,417.68545,419.19215,623.38785
415.431425,417.743025,419.4365,625.009575
415.606525,417.793875,419.78835,629.26725
416.012125,417.929775,419.981725,633.535125
416.2034,418.0192,420.10385,633.673725
416.274525,418.0983,420.133375,688.40875
416.67265,418.2219,420.178375,748.749425
416.73385,418.31815,420.26045,781.819325
416.8451,418.422675,420.402725,787.358725
416.923325,418.506275,420.6525,797.693125
417.004125,418.703775,421.231125,811.201825
417.077725,418.8823,421.6887,816.83755
417.13255,419.006725,421.765525,820.955825
417.18205,419.0694,421.850425,832.934625
417.2366,419.259925,421.90705,
417.269525,419.357125,421.9503,
417.32415,419.99335,422.0286,
417.723775,420.11035,422.062975,
417.79365,420.1363,422.402925,
417.841,420.440025,422.827075,
418.8284,420.63755,423.0422,
418.917775,420.82775,423.277475,
419.041825,421.9904,423.596625,
419.0839,422.16775,424.0521,
419.42775,422.922275,424.45005,
419.976575,423.016375,424.502275,
420.05125,423.155625,424.603525,
420.130325,423.309425,424.7195,
420.196925,423.3951,424.76105,
420.3355,423.497175,424.78735,
420.791775,423.56375,424.872825,
420.85015,423.678975,425.1142,
421.83995,423.821325,425.49065,
421.869375,423.89415,425.78015,
421.91385,424.166025,425.845175,
421.97375,424.477,425.97205,
422.00645,424.705525,426.217725,
422.078025,424.7871,426.2739,
422.1612,425.91055,426.34105,
422.24695,426.163875,426.97265,
422.6761,427.528025,427.35455,
422.82305,427.912575,427.57125,
422.870825,428.0234,427.76855,
422.954275,428.1152,428.380875,
423.40015,428.230975,428.684075,
423.580075,428.453275,429.073925,
423.801025,429.72545,429.5264,
423.87705,429.7473,429.634925,
424.73845,429.773,429.6937,
424.837025,429.8315,429.7937,
425.04785,429.864525,429.84715,
425.109575,429.962875,430.036975,
425.7034,430.055825,430.22725,
425.782975,430.192375,430.33455,
425.87485,430.275075,430.8451,
426.004325,430.34935,430.99115,
426.55,430.424725,431.01965,
426.7986,430.551525,431.281575,
426.8662,430.72055,431.675825,
427.36865,430.792425,431.884775,
427.520225,430.886525,432.546325,
427.63865,431.07515,432.892175,
427.721825,431.209925,433.280025,
427.888225,431.27565,433.35405,
427.890025,431.538675,433.693875,
428.258925,431.7314,434.599625,
428.527775,431.844425,434.9183,
429.521275,435.112775,435.25725,
429.60725,436.062375,435.307275,
429.779525,436.23335,435.6551,
429.816675,436.4585,436.03355,
429.8593,436.600225,436.2104,
430.645875,436.74145,436.26325,
430.79905,437.989125,436.347225,
430.948175,438.143725,436.5837,
431.02375,438.278575,436.666925,
431.181975,438.3183,437.049825,
431.409225,438.42755,437.18195,
431.67125,438.463125,437.34865,
431.75195,438.7303,437.5957,
431.9133,438.8622,438.060125,
431.994875,438.94585,438.178925,
432.9566,439.003125,438.308175,
433.042775,439.48155,438.4546,
433.1436,439.787725,438.59705,
433.436175,439.920275,438.759775,
433.63365,441.399175,438.92835,
433.70135,441.441,439.41925,
433.74235,442.549525,439.52955,
433.836525,442.582925,440.97475,
434.2434,442.637575,441.289,
434.892025,442.701525,441.3246,
435.1705,442.75585,441.36465,
435.542325,442.8117,441.4051,
435.665125,442.844475,442.103025,
435.811475,442.891425,442.349725,
435.91175,442.983625,442.4718,
436.120575,443.1188,442.563325,
436.34845,443.30365,442.837125,
436.42445,443.364775,442.93435,
436.635625,443.5092,442.991375,
437.478175,443.63225,443.203875,
437.568475,443.79615,443.5716,
437.6139,445.529025,444.0594,
437.663825,445.808375,444.3394,
437.71865,445.8954,444.4731,
437.789225,445.95225,444.741175,
438.03755,446.0298,445.15645,
438.8177,446.110175,445.3143,
438.922825,446.21905,445.4692,
439.028575,446.342925,445.550975,
439.241825,446.4704,445.968775,
439.398,446.570675,446.014075,
439.78735,446.70255,446.219675,
439.934975,446.933125,446.3631,
441.30845,447.23435,446.507225,
441.362875,447.301975,447.136875,
441.412925,447.35125,447.464475,
441.61955,450.357575,447.6045,
442.574425,450.399275,448.40125,
442.621625,450.460875,448.8731,
442.804975,450.51765,448.963675,
442.913475,450.574775,449.075575,
443.051475,450.628025,449.442925,
443.2812,450.757725,449.657875,
443.313375,453.15665,449.907325,
443.52665,453.9798,450.0841,
443.6307,454.096475,450.27685,
443.799325,454.232125,450.313525,
443.950675,454.301875,450.3393,
444.7408,454.40435,450.38755,
444.781,454.48195,450.4374,
444.874875,454.708775,450.829,
445.082725,455.018625,450.88745,
445.54215,455.1392,451.8002,
445.686875,455.357125,452.85685,
445.736975,455.565625,453.066775,
445.8692,455.6592,453.15425,
446.019125,456.49355,453.561925,
446.228525,456.720475,453.822975,
446.319825,456.8074,454.013625,
446.362675,457.006,454.081425,
446.539125,457.089425,454.161125,
446.5962,457.282675,454.209725,
446.791275,459.299675,454.32305,
446.838325,459.38275,454.352825,
447.39265,459.67495,454.535,
447.630425,459.738375,454.64805,
448.3195,459.832525,454.678425,
448.51945,460.212875,454.8576,
450.189425,460.310175,454.901625,
450.29145,460.442575,454.968825,
450.410425,460.5114,455.037925,
450.53715,460.974875,455.18595,
450.659875,461.120375,455.691975,
450.7154,461.910875,455.76495,
450.893825,464.467775,456.027575,
450.9656,466.377225,456.053725,
451.52305,466.5518,456.248775,
451.79835,467.002675,456.364575,
451.932675,467.39955,456.4395,
452.033625,467.5835,457.15515,
452.108775,467.687125,457.210275,
452.21995,467.81095,457.27215,
452.760375,467.865375,457.556025,
452.904425,468.2849,458.09235,
452.958225,468.4159,458.639325,
453.148175,468.4931,458.7317,
453.68,468.976175,458.8722,
453.77205,470.821825,459.034925,
453.963625,470.972325,459.086425,
453.999025,471.05505,459.2837,
454.072175,471.355825,459.319825,
454.267475,471.442775,459.368225,
454.44095,471.67345,459.41375,
454.5136,471.784425,459.622525,
454.65245,472.061,459.68375,
455.0564,472.1088,459.8138,
455.46265,472.203175,460.11775,
455.547575,472.2673,460.2509,
455.596025,474.311475,460.328325,
455.77745,474.42615,460.66835,
456.2125,476.4408,460.943125,
456.307175,476.549425,461.46585,
456.5809,476.870075,461.587475,
456.67535,477.049775,461.760775,
456.764875,477.157,461.978075,
456.80515,477.323675,463.0956,
456.93295,477.583975,463.45475,
457.06565,477.7281,463.693375,
457.11595,477.8808,464.239025,
457.315275,477.906625,464.37075,
457.437275,478.072725,464.430475,
459.049175,478.5899,464.50155,
459.2263,478.615075,464.624725,
459.292675,478.724425,464.939675,
459.326375,478.768275,465.117025,
459.390075,478.863875,465.29655,
459.418525,479.00935,465.47245,
459.51775,479.1655,465.852975,
459.5406,479.305475,466.1522,
459.7005,479.40335,466.265,
459.751925,479.472325,466.501675,
459.788725,479.555,466.5381,
459.9964,481.5945,466.5874,
460.195425,481.9937,466.67235,
460.4735,482.070925,466.7952,
460.526125,482.13685,466.90775,
461.150425,482.38115,467.170525,
461.28615,482.5615,467.379425,
461.32095,482.586,467.5685,
461.419325,482.65625,467.604425,
461.621475,482.907775,467.7493,
461.72065,482.9768,468.0513,
461.8313,483.103475,468.145425,
461.913575,483.80035,468.251025,
462.225375,485.8383,468.312575,
462.268025,485.989725,468.5118,
462.484525,487.94515,468.929375,
462.568175,488.006425,469.155475,
462.623975,488.062975,469.3343,
463.235975,488.138575,470.125675,
463.303425,488.202075,470.425725,
464.272425,488.381875,470.602275,
464.311925,488.5306,470.7111,
464.420175,488.579,470.942325,
464.463275,488.822,471.145775,
464.586325,488.96915,471.2248,
464.770575,489.044275,471.32155,
465.9569,489.156,471.385475,
466.1993,489.20855,471.85875,
466.282725,489.25135,471.963275,
466.450425,489.39635,472.06195,
466.486,489.5851,472.1531,
466.717275,489.64205,472.26845,
466.893575,489.693675,472.3228,
467.22795,489.773925,472.37555,
467.295025,489.89625,472.55255,
467.471375,489.9277,473.107025,
467.629125,490.198925,473.452725,
467.80985,490.433875,473.67085,
467.9711,490.651075,473.920325,
468.12075,490.72335,474.094175,
468.3273,490.7959,474.2202,
468.398375,490.889925,474.2461,
468.445525,491.5321,474.43515,
468.654475,492.87725,474.5079,
468.740325,492.938725,474.719325,
468.906625,493.045075,474.8907,
468.9521,493.10765,475.369975,
469.110225,493.1557,475.5044,
469.83325,493.279925,475.841375,
469.904025,493.30605,475.969625,
470.038875,493.3458,476.127025,
470.55165,493.453775,476.172125,
470.726925,493.51035,476.367225,
470.794725,493.756025,476.6649,
470.82355,493.872,476.75165,
470.874725,493.92475,476.82165,
470.9087,493.9663,476.8692,
471.2983,494.0499,477.08545,
471.607725,494.12145,477.347425,
471.96035,494.17835,477.428875,
471.998025,494.53015,477.953275,
472.3492,494.87855,478.161375,
474.176975,494.930275,478.263675,
474.249975,495.166525,478.3268,
474.309075,495.2394,478.393025,
474.453275,495.34845,478.432525,
474.6068,495.4889,478.9129,
474.719725,495.59085,478.996625,
474.93915,495.646175,479.1293,
475.8804,495.7179,479.262575,
475.9412,495.842225,479.691625,
475.976825,496.0067,479.8279,
476.02,496.2484,480.00415,
476.056025,496.365425,480.168075,
476.18635,496.458575,480.56665,
476.264625,496.518075,480.733575,
476.312975,496.6467,480.788425,
476.418075,499.037625,480.846025,
476.654275,499.11315,481.012375,
476.7087,499.145875,481.185775,
477.01895,499.202325,481.28385,
477.249025,499.3072,481.47985,
477.4149,499.388,481.5269,
477.459375,499.4292,481.6185,
477.614175,499.5192,481.9085,
477.658975,499.688475,481.955775,
477.705625,499.79045,482.000875,
477.985775,499.834625,482.131325,
478.04825,499.87785,482.259925,
478.18255,499.9493,482.34395,
478.245475,500.17045,482.4349,
478.401475,500.216475,482.511325,
478.530375,500.3172,482.621225,
478.627,500.3685,482.71005,
479.08465,500.5054,482.902475,
479.212525,500.585325,483.0371,
479.295275,500.656525,483.1353,
479.42115,500.899525,483.47505,
479.506425,501.023025,483.505125,
479.625925,501.34265,483.65445,
481.4823,501.434625,483.746575,
481.53495,501.568525,484.05265,
481.68125,501.8067,484.398325,
481.86215,502.1466,484.4805,
481.998425,502.3246,484.677725,
482.0331,502.375225,484.8437,
482.08305,502.431675,485.1661,
482.40155,502.487625,485.66245,
482.56895,502.61855,485.73445,
482.6504,502.7073,485.81635,
482.702125,505.7173,485.930575,
482.8711,505.781125,486.0099,
483.115025,505.819075,486.115775,
483.2465,505.878225,486.419625,
483.322225,505.9369,486.491225,
483.5777,506.061125,486.666825,
483.600325,506.1611,486.948925,
483.66,506.25785,487.300225,
483.778475,506.30345,487.47115,
483.8725,506.493175,487.59745,
484.311275,506.61345,487.7029,
485.643125,506.707575,487.942225,
485.69945,506.794325,488.0045,
485.8749,507.0301,488.1357,
485.95905,507.094225,488.225425,
486.130925,507.17185,488.268725,
486.890325,507.261,488.735425,
486.9899,507.417425,488.778375,
487.067025,507.4456,488.875675,
487.192975,507.499025,489.169025,
487.789475,507.546025,489.363575,
487.832675,507.627025,489.460625,
487.871975,507.830325,489.54375,
487.919925,507.963875,489.7464,
487.956675,508.443275,489.89525,
488.222025,509.967325,490.080625,
488.295575,510.0084,490.14595,
488.55805,510.03635,490.4863,
488.7889,510.088825,490.536775,
488.916,510.20485,490.6578,
488.9822,510.227475,491.192675,
489.08075,510.290725,492.117975,
489.200075,510.360925,492.311925,
489.2391,510.4569,492.547725,
489.6949,510.6651,492.689775,
490.139725,510.7286,492.828225,
490.263225,510.8694,492.987175,
490.351,510.972125,493.030275,
490.621,511.059725,493.2321,
490.71765,511.11025,493.2616,
490.82825,511.2003,493.292,
491.034825,511.383375,493.46455,
492.7479,511.554125,493.56165,
492.82565,511.66405,493.62235,
492.8988,511.824225,493.83645,
492.93415,511.84795,494.021525,
493.2632,511.894875,494.13605,
493.3326,512.028275,494.413625,
493.518775,512.135975,494.50195,
493.6724,512.428325,495.31645,
493.827475,512.458125,495.633075,
493.899475,512.746425,495.910975,
495.0416,512.853225,496.00905,
495.151125,512.949575,496.06645,
495.277175,513.099825,496.152275,
495.444425,513.238475,497.1591,
495.7526,513.3205,497.357725,
495.910675,513.40485,497.495175,
496.198025,513.471825,497.87605,
496.27195,513.51865,498.05435,
496.348975,513.57245,498.1487,
496.564775,513.63155,498.616025,
498.532825,515.664875,498.7416,
498.591425,515.68115,498.95675,
498.6292,515.7738,499.14405,
498.71195,515.8023,499.29025,
498.7615,515.887675,499.63455,
498.803525,515.9343,499.950475,
498.83535,516.002475,500.302575,
498.874725,516.07305,500.42655,
498.922,516.113425,500.474725,
498.98605,516.222325,500.543825,
499.04615,516.367625,500.8102,
499.08625,516.41335,500.889,
499.14485,516.447175,501.206375,
499.176875,516.56025,501.60695,
499.231975,516.655225,501.70775,
499.84415,516.8247,501.87335,
500.1685,516.878925,501.9172,
500.272125,516.9675,502.05,
500.411675,517.368625,502.292325,
500.771125,517.497025,503.32765,
500.88425,517.67065,503.568225,
500.963425,517.840775,503.9315,
501.177475,518.060725,504.053175,
501.25435,518.547825,504.272325,
501.31065,518.566525,504.35995,
501.4966,518.614825,504.552,
501.60655,518.760225,504.6779,
501.823425,519.097125,504.77095,
502.029075,519.1869,504.82525,
502.245725,519.40785,505.023475,
502.61855,519.448475,505.117025,
502.68595,519.844575,505.262275,
503.789675,520.136,505.325225,
505.651825,520.3654,505.3951,
505.685625,520.437375,505.549675,
505.7153,520.643775,505.713925,
505.78185,520.782875,505.8101,
505.81525,520.9666,506.012575,
505.847475,521.065225,506.179375,
505.9837,521.222825,506.45365,
506.10755,521.42195,506.7338,
506.223025,521.4943,506.8449,
506.685775,521.595025,507.068875,
506.8028,521.66415,507.1536,
507.394725,521.8241,507.208975,
507.693525,523.00105,507.352875,
507.851425,523.0244,507.442425,
507.9159,523.0868,508.370825,
508.02465,523.444,508.553175,
509.721,523.495625,508.649075,
509.802,523.579375,508.855,
509.870525,523.704775,509.07445,
509.971525,524.065,509.22025,
509.98955,524.137775,509.3892,
510.031875,524.388425,509.7599,
510.192025,524.5425,509.8995,
510.3347,524.690575,509.92065,
510.41705,524.756075,510.11665,
511.25335,524.8344,510.16955,
511.496725,526.7853,510.4582,
511.756325,526.8951,510.643325,
512.0156,526.979525,510.711675,
512.145275,527.007,510.728075,
512.293275,527.073725,510.870125,
512.569925,527.152725,510.985,
512.695175,527.353675,511.07515,
512.787025,527.447225,511.3669,
512.989025,527.542325,511.443975,
513.209525,527.733675,511.559675,
513.496725,528.22905,511.743825,
513.707475,528.41925,511.8252,
515.6398,528.762875,511.88035,
515.68105,528.8928,512.027775,
515.822225,529.2982,512.064225,
515.877425,529.353775,512.220625,
515.906575,529.508725,512.420175,
515.964225,530.63315,512.484775,
516.0501,531.04285,512.658575,
516.197125,531.45875,513.071125,
516.683225,531.529125,513.44025,
517.156525,531.583725,513.53235,
517.327525,531.671225,513.67845,
517.52395,531.7778,513.739575,
517.591675,531.9707,514.10145,
517.653,532.05585,514.385375,
517.756,532.148825,514.4886,
518.014025,532.23925,514.9094,
518.588375,532.3382,515.09185,
518.622475,532.4031,515.21845,
518.68875,532.4668,515.321825,
518.7407,532.57795,515.537275,
518.9319,532.616525,515.6631,
519.007825,532.84025,515.801875,
519.07615,533.128275,516.3974,
519.185075,533.38765,516.42945,
519.229675,533.5444,516.523025,
519.28385,533.686475,516.824325,
519.328275,533.950675,517.095075,
519.472975,534.00845,517.38785,
519.7006,534.158325,517.4685,
519.772925,534.224625,517.51085,
519.93775,534.317125,517.76005,
520.020725,534.411075,517.841075,
520.2117,534.53335,517.949,
520.39105,534.6037,518.11595,
520.449975,535.038425,518.491775,
520.722175,536.22335,518.540525,
520.910975,536.33485,518.618775,
521.0002,536.393325,518.98465,
521.068075,536.532,519.2694,
521.190125,536.606075,519.507975,
521.34425,536.9691,519.606925,
521.472975,537.141075,519.71305,
521.540875,537.27005,520.11415,
521.597625,537.378975,520.13975,
521.683475,537.429675,520.39345,
522.9034,537.5238,520.507,
522.9715,537.77595,520.62115,
522.99755,538.06185,520.663575,
523.046075,538.224625,520.83115,
523.084475,538.2726,520.869825,
523.11585,540.4083,520.975525,
523.15085,540.5629,521.24265,
523.196425,540.6743,521.317975,
523.324525,540.830675,521.462625,
523.55765,540.93245,521.736275,
523.832225,541.05475,521.871775,
523.96285,541.1116,521.9647,
524.0068,541.175025,522.0844,
524.628775,541.296675,522.1798,
524.696675,541.42955,522.35615,
524.769775,541.865825,522.467325,
525.458525,541.94805,522.56865,
525.4945,542.026175,522.7187,
525.531925,543.5408,522.853125,
525.55705,544.467025,522.931025,
525.642675,544.567375,522.977425,
525.69275,544.6252,523.037525,
525.740925,546.527,523.09885,
525.95235,548.27115,523.228175,
526.629625,548.734675,523.616475,
526.7147,549.56895,523.758975,
526.832225,549.737,523.8489,
526.89895,549.811925,523.96315,
526.953675,550.071025,523.999375,
527.140775,550.2952,524.0981,
527.20575,550.4288,524.169525,
527.32965,550.601525,524.36235,
527.394175,550.711675,524.638825,
527.4803,551.036625,524.973575,
527.54125,553.918425,525.095475,
527.702975,553.9565,525.22375,
527.84335,554.0507,525.393275,
527.89005,554.106425,525.532425,
527.974975,554.20585,525.698175,
528.022025,554.301225,525.816525,
528.123375,554.374525,525.883525,
528.3261,554.420575,526.042075,
528.3706,554.511475,526.170275,
528.541425,554.56155,526.359725,
528.6235,554.674375,526.454975,
528.8157,554.86165,526.520025,
528.861725,556.49405,526.59505,
529.0004,556.7203,526.753925,
529.055825,556.9843,526.90275,
529.341725,557.1524,527.295325,
529.3827,557.32445,527.315625,
529.456225,557.83925,527.919175,
530.89175,558.11235,527.988475,
531.37515,558.2697,528.115875,
531.4234,561.79795,528.1833,
531.493025,561.95425,528.2395,
531.5637,562.12305,528.3331,
531.7002,562.1671,528.3701,
531.966475,562.4403,528.58125,
532.02045,563.443675,528.73205,
532.06995,563.552675,529.2232,
532.12265,563.581525,529.282225,
532.1634,564.009325,529.317975,
532.21655,564.3058,529.5902,
532.4585,564.3957,529.68575,
532.6427,564.6054,529.98925,
532.735275,569.964125,530.14995,
532.845525,570.194125,530.341925,
532.873375,570.33655,530.502075,
533.046525,570.5858,530.785,
533.183175,570.7657,530.913775,
533.392525,578.162025,530.979425,
533.5853,578.45505,531.15085,
533.780575,578.51165,531.67695,
533.966625,578.580725,531.836575,
534.344025,578.678,531.92285,
534.4719,578.74595,531.9506,
535.017525,578.8036,532.18505,
535.0716,578.9168,532.2396,
535.226125,578.948975,532.4173,
535.9193,578.99015,532.5299,
535.986425,579.058475,532.5697,
536.024475,579.1718,532.73605,
536.159925,579.326775,532.935825,
536.2335,579.4265,533.117025,
536.274025,579.498175,533.3305,
536.327925,579.63335,533.359,
536.560375,579.753375,533.414025,
536.951175,579.78015,533.54145,
537.123125,579.83375,533.662475,
537.4296,579.884275,533.793725,
537.578825,579.933725,533.8714,
537.7334,580.035925,533.968775,
537.777425,580.37375,534.23825,
538.171525,580.491075,534.4801,
538.2095,580.544425,534.72205,
540.289925,580.593175,534.89585,
540.35515,580.94105,535.161375,
540.4224,581.044575,535.385975,
540.497575,581.095975,535.518,
540.6655,582.979575,535.718625,
540.74145,583.04995,535.906475,
540.82295,583.09485,535.996725,
540.875525,583.213,536.1738,
540.985125,583.342025,536.379425,
541.054675,583.384825,536.5595,
541.14755,583.41555,536.6389,
541.2266,583.46645,536.66975,
541.311825,584.37405,537.35735,
541.45235,584.466175,537.6516,
541.522175,584.512375,538.229,
541.58215,584.573325,538.422875,
541.660375,584.627275,538.7319,
541.790275,585.260625,538.8444,
541.838925,585.344025,539.07075,
541.889375,585.4284,539.4403,
542.015025,585.582775,539.873875,
543.361425,585.6832,539.980775,
543.4216,585.804175,540.094875,
543.466,586.163375,540.253625,
543.500675,586.290075,540.332125,
543.553,586.390025,540.45535,
543.7108,587.064925,540.569125,
544.4395,587.106625,540.919975,
544.518025,587.1999,541.25495,
544.5713,587.251075,541.3362,
544.68055,587.35895,541.9896,
544.7722,587.430075,542.130725,
544.9239,587.61575,542.517025,
545.0602,588.33555,542.58565,
546.1667,589.52215,542.831075,
546.27715,589.5676,542.965975,
546.3396,589.6215,543.011375,
546.388275,589.7219,543.167225,
546.6081,589.77365,543.297775,
546.734925,589.815425,543.3569,
546.786975,589.84875,543.5009,
547.245375,589.9514,543.612075,
547.419,590.122475,543.76185,
547.447175,590.1862,544.202425,
547.48925,590.29985,544.295675,
548.155375,590.55,544.352325,
548.3377,590.58395,544.81635,
548.399725,590.629075,544.86505,
549.027925,590.6644,545.072225,
549.11025,590.99965,545.367125,
549.605825,591.13375,545.6897,
549.8668,591.236675,545.84435,
550.06065,591.2847,545.951825,
550.129375,591.3804,546.1173,
550.20915,591.4244,546.23915,
550.257775,591.86635,546.307525,
550.297325,592.914925,546.40585,
550.43045,594.3412,546.53225,
550.521625,594.4515,547.033825,
550.5873,594.51105,547.47185,
550.62555,594.604075,547.521675,
550.8399,594.763275,547.547875,
550.952025,594.9618,547.61855,
551.023525,595.05035,547.6879,
551.1333,595.245925,547.829225,
551.238,595.427025,548.00505,
551.3302,595.607975,548.41155,
551.639225,595.9294,548.45005,
553.828175,596.019075,548.525475,
553.924175,596.1923,548.6683,
553.95455,596.280425,548.83435,
554.03725,596.484975,548.973575,
554.10205,596.616625,549.15545,
554.17595,596.865275,549.349075,
554.84765,596.94585,549.596225,
555.0945,597.048475,549.6752,
555.422675,597.260375,549.720725,
555.609,597.4664,550.09935,
555.943525,597.546825,550.1234,
556.975025,597.620075,550.4197,
557.0453,597.773125,550.5213,
557.211725,597.821975,550.90435,
557.586575,598.009475,551.1125,
557.821725,598.08345,551.248825,
558.007975,598.19635,551.397475,
558.07305,598.252675,551.73365,
558.1648,598.31125,551.817575,
558.203425,598.811025,552.0181,
558.275725,599.085025,552.469025,
558.329075,599.13505,552.848425,
559.797125,599.7018,552.989025,
559.83635,599.99905,553.106525,
559.9004,600.671825,553.265,
560.25815,601.019475,553.4173,
560.37905,601.314775,553.616375,
560.59155,601.468175,553.8083,
560.666625,601.654475,553.88585,
560.777475,601.7576,553.924425,
560.897775,601.901975,553.9796,
561.203975,601.994075,554.2194,
562.06055,602.105475,554.5004,
562.163125,602.484075,554.981025,
562.2224,602.78255,555.100775,
562.355775,603.0117,555.1433,
562.402275,603.4794,555.2412,
562.476475,603.60135,555.509825,
562.5353,603.703075,555.580825,
562.596325,603.77515,555.679675,
562.819375,603.92195,555.81715,
562.98115,604.015,556.13025,
563.0571,604.11875,556.1515,
563.28995,604.17645,556.4044,
563.72295,604.216375,556.482025,
563.916225,604.2882,556.54355,
564.004175,604.3449,556.564625,
564.064525,604.422975,556.8973,
564.18655,604.48375,556.974375,
564.2916,604.55945,557.16235,
564.388,605.085175,557.234275,
566.81225,605.4858,557.7413,
566.883775,605.55155,557.818,
566.970675,605.648475,557.931825,
568.05435,605.823225,557.993375,
568.2318,606.374125,558.06065,
568.30635,606.407,558.143575,
568.377975,606.443225,558.246025,
568.58525,606.57465,558.7925,
568.708375,606.733225,559.8263,
569.740425,606.8241,560.049125,
569.812475,607.031075,560.1083,
569.93505,607.0986,560.1965,
570.021625,607.157,560.32385,
570.113025,607.273125,561.09675,
570.23195,607.53365,561.366525,
570.35085,607.712275,561.718375,
570.4214,607.84145,561.7741,
570.56765,607.930075,561.8623,
570.656375,608.118075,562.220725,
570.76695,608.194575,562.657225,
570.8537,608.33475,562.774475,
571.398075,608.4264,562.884875,
571.448675,608.51265,562.9478,
571.671075,608.599,562.98445,
572.665025,608.848625,563.127525,
572.858625,608.978275,563.1845,
573.059525,609.0765,563.2681,
573.135625,609.3787,563.338775,
574.78165,609.4252,563.4679,
574.831675,609.665125,563.54335,
574.912825,609.76805,563.591325,
575.025075,609.8519,563.874975,
575.13665,609.954975,564.032625,
575.2066,610.332975,564.107675,
575.291675,610.898875,564.287775,
575.4055,613.437125,566.858075,
575.78915,613.47415,567.042425,
575.88615,613.5325,567.236325,
576.212225,613.593375,567.38295,
576.690825,613.661425,567.69045,
576.777125,613.792575,567.9012,
576.89555,614.194675,569.71665,
576.996575,614.253425,569.933425,
577.076175,614.381575,571.42105,
577.9101,614.56125,571.51495,
577.973025,614.647825,571.585475,
578.032225,614.93075,571.614275,
578.102475,616.678725,571.824,
578.161025,616.742675,571.956725,
578.22575,616.824075,572.057675,
578.303125,617.14565,572.1644,
578.34425,617.21565,572.26045,
578.48995,617.437625,572.3324,
578.582525,617.466275,574.04405,
578.60455,617.5706,574.8175,
578.78295,617.956675,574.8631,
578.89995,618.113675,574.906925,
579.094575,618.19465,575.09185,
579.369025,619.3118,575.234225,
579.396225,619.456225,575.357875,
579.597025,619.5343,575.42275,
579.669,619.64965,575.454925,
579.7234,619.709475,575.505925,
579.981725,619.781275,575.59055,
580.102725,620.057325,575.87655,
580.398025,620.110675,576.013175,
580.4671,620.202275,578.011925,
580.59995,620.271275,578.1052,
580.87465,621.276625,578.1675,
580.94915,621.321425,578.3582,
581.03575,621.36135,578.597475,
581.087175,621.44,578.6437,
582.833925,621.5155,578.804025,
582.882975,621.554575,578.83455,
582.92005,621.6943,578.939275,
582.953725,621.839725,579.200775,
583.02465,621.92715,579.5282,
583.067825,621.97955,579.6107,
583.13995,622.376725,579.63565,
583.19765,622.420475,579.81295,
583.3495,622.58355,580.3589,
583.515275,622.803725,580.536725,
583.58725,624.5178,580.579525,
583.762,624.5682,580.6575,
583.88005,624.6071,580.71625,
583.975575,624.725525,580.8071,
584.017025,624.809475,580.8475,
584.227675,624.954475,580.906075,
584.493675,625.0225,581.115975,
584.71315,625.120375,582.839625,
584.91465,625.238625,582.865725,
585.0105,625.4415,582.942475,
585.096775,625.49245,582.968425,
585.178875,625.628075,583.0539,
585.26345,625.7223,583.07265,
585.38665,625.7781,583.1888,
585.430825,627.10405,583.356025,
585.6559,627.172325,583.965375,
585.760675,627.2589,584.583825,
586.04215,627.35385,584.7862,
586.13265,627.5294,584.96235,
586.27365,627.641775,585.083775,
586.38095,627.899075,585.231625,
586.742425,628.34485,585.298175,
587.03425,628.50115,585.455425,
587.109425,628.7057,585.6465,
587.249325,628.763225,585.77865,
587.356975,628.98405,585.83475,
587.7083,629.26245,586.07055,
589.487775,629.9502,586.221875,
589.5409,629.9909,586.343375,
589.574225,630.088925,589.590525,
589.608625,630.22285,589.7582,
589.67835,630.28695,589.854,
590.132475,630.383275,589.887475,
590.20755,630.48125,589.926425,
590.25225,630.598525,590.1677,
590.334825,630.669425,590.422875,
590.397475,630.743975,590.46915,
590.451,632.62435,590.570325,
590.496675,632.74055,590.619125,
590.631075,632.8086,590.801525,
590.703725,632.9665,591.13735,
590.787075,633.320925,591.311475,
590.90545,633.501325,591.57775,
591.018725,633.6209,591.65815,
591.12315,633.694325,591.7479,
591.37355,633.8041,594.48805,
591.416925,633.8947,594.59045,
591.749425,634.052675,594.6594,
591.90545,634.184875,594.708875,
591.953,634.276175,595.042375,
592.7217,634.412425,595.1216,
592.7724,634.49075,595.287175,
592.81905,634.595475,595.549975,
592.87405,635.63615,595.6082,
592.993375,635.664075,595.650075,
594.323275,635.6777,595.674725,
594.3861,635.705725,595.72075,
594.417275,635.8763,595.8495,
594.455775,635.980175,595.92265,
594.491925,636.0313,597.98765,
594.52045,636.1153,598.26695,
594.551225,636.269875,598.41885,
594.5988,636.404675,598.549975,
594.862375,636.615175,599.0462,
594.953475,636.92655,599.4497,
595.056875,637.417275,599.5653,
595.214525,637.499275,599.686225,
595.38945,637.542475,599.8129,
595.454325,637.6818,600.15335,
595.723825,638.027775,600.5745,
595.910775,639.151925,600.639325,
596.16225,639.529175,600.77095,
596.244125,640.16755,601.433325,
596.356425,640.289375,601.508025,
596.441425,640.3653,601.6972,
596.51,640.844075,601.718575,
596.703625,640.9577,601.8114,
596.832075,641.029075,601.87795,
597.071575,642.013975,602.545675,
597.25355,642.1234,602.7283,
597.33235,642.280475,603.301175,
597.59705,643.433925,603.3912,
597.786425,643.525025,604.08235,
597.836675,643.8388,604.3076,
597.943575,643.974225,604.4003,
598.039425,644.62475,604.5011,
598.38685,644.876875,604.739025,
598.424025,644.955275,604.891725,
598.58265,645.109725,605.1264,
598.6628,645.172,605.41385,
598.91235,645.29205,605.92905,
599.545625,645.949525,606.2318,
599.63375,646.61395,606.373975,
600.729675,646.927025,606.4303,
600.842275,647.013775,606.4901,
601.175425,647.1811,606.95575,
601.33325,647.907975,606.977575,
601.5108,648.032075,607.134575,
601.782375,648.186125,607.173075,
602.085725,648.333775,607.203875,
602.41765,648.87745,607.250375,
602.502575,651.371625,607.60675,
602.677,651.5035,607.7182,
602.7652,651.732925,608.255,
602.836375,651.758575,608.388675,
602.96605,651.917625,608.464575,
603.532,652.002775,608.7725,
603.661125,652.102425,608.86945,
603.764025,652.15825,608.99565,
603.86245,652.31755,609.168075,
603.956175,652.464775,609.38795,
604.225375,652.5629,609.455275,
604.47615,652.666225,609.659875,
604.518275,652.8375,609.7986,
604.634025,652.931,609.85205,
604.674575,653.05925,610.350625,
604.938375,653.408175,610.616175,
605.3157,653.537025,610.7294,
605.462325,653.653275,610.89725,
605.56185,654.862325,610.9266,
605.668275,654.934475,611.0158,
605.76185,654.98855,611.255375,
606.33375,655.11355,611.7822,
606.36965,655.381475,612.076025,
606.41045,655.56885,612.250375,
606.43115,655.731275,612.355525,
606.4621,656.982125,612.727125,
606.516975,657.505925,612.905375,
606.935625,657.566375,613.249275,
606.991025,657.6887,613.28685,
607.009125,657.942775,613.348425,
607.0467,658.141725,613.417225,
607.080825,658.3414,613.45645,
607.650425,658.55625,613.5061,
607.8496,658.834125,613.588825,
607.9796,660.251225,613.620675,
608.5405,660.3786,613.712925,
608.6863,660.506875,613.782175,
609.250725,660.61145,613.8211,
609.4936,660.713625,614.039025,
609.89675,661.119675,614.130625,
609.9417,663.2829,614.747275,
610.1432,663.39255,615.1868,
610.2633,663.520725,615.4209,
610.4277,663.6258,615.543,
610.973225,663.718625,615.735175,
611.03505,663.79525,616.201925,
613.34215,663.8434,616.4409,
613.4035,664.0326,616.625575,
613.409575,664.32665,616.662,
613.4234,664.5155,616.68715,
613.4972,664.57015,616.72815,
613.6353,664.643975,616.84265,
613.8968,667.482975,616.91315,
614.01815,668.019775,617.108175,
614.1275,668.204575,617.1727,
614.235075,668.2673,617.6108,
614.332725,668.39535,617.901475,
614.4114,668.52375,618.011125,
614.523575,668.5927,618.222025,
614.6634,668.699925,618.29555,
614.727675,668.78505,618.437025,
614.805225,669.0168,618.9322,
614.85525,669.1064,619.071925,
614.94165,669.188,619.143225,
616.331175,669.29215,619.33025,
616.4314,669.379725,619.393575,
616.52695,669.448975,619.493,
616.571575,672.660375,619.628575,
616.606325,672.740075,619.8115,
616.64465,672.867775,619.8609,
616.670375,673.051575,619.8994,
616.761325,673.1238,619.99605,
616.939,673.187275,620.08075,
616.9819,673.34975,620.2012,
617.00845,673.400975,620.704675,
617.0823,673.863375,621.070725,
617.198475,673.936575,621.2301,
617.356825,674.1568,621.283425,
617.3955,674.5374,621.3261,
617.459425,674.612925,621.365775,
617.538325,674.694925,621.58615,
617.581425,674.75445,621.6334,
617.63455,674.816925,621.6698,
617.727475,674.900875,621.726475,
617.850425,674.9728,621.757075,
618.196675,675.03035,621.83,
618.2853,675.366025,621.859025,
618.33755,675.619225,622.001975,
618.415875,675.880575,622.0611,
618.544175,675.996275,622.249325,
619.054425,676.122425,622.29675,
619.1784,676.224325,622.4174,
619.293025,676.34115,622.559775,
619.357725,676.474825,622.73415,
619.43255,676.6072,622.814325,
619.560075,676.76515,622.984875,
619.7548,676.915425,623.40685,
619.8372,676.997575,623.475925,
619.972175,677.10165,623.584425,
620.07615,677.485675,623.77805,
620.2075,677.6063,624.0536,
621.250075,678.39955,624.213375,
621.273675,678.537425,624.297425,
621.297575,678.599,624.4585,
621.417,678.768475,624.51505,
621.554575,678.929275,624.5714,
621.619975,679.583375,624.8786,
621.670275,680.2503,624.99895,
621.691925,680.3714,625.019725,
622.005875,681.118625,625.3455,
622.27325,681.576275,625.51495,
622.352875,681.926575,625.616825,
622.521525,682.0642,625.66645,
622.609475,682.978325,625.961725,
622.677725,683.25155,626.078675,
622.831775,683.720475,626.4765,
622.9844,685.157575,626.866625,
623.0601,685.2003,627.002525,
624.462,685.22825,627.0376,
624.503,685.2782,627.09675,
624.540525,685.39325,627.21985,
624.5848,685.429825,627.28825,
624.629625,685.677475,627.400775,
624.66875,685.82525,627.459075,
624.7219,686.764025,627.578775,
624.8597,686.9675,628.052875,
624.904675,687.014925,628.39185,
624.939325,687.104075,628.53575,
625.05095,687.235225,628.797725,
625.1217,687.3748,629.133375,
625.161025,687.511475,629.42635,
625.3697,691.83985,629.654075,
625.49395,691.8785,629.889525,
626.81235,691.915,629.92405,
626.8513,691.969225,629.955225,
626.900075,692.05155,630.214225,
627.074375,692.158675,630.254075,
627.2212,692.259075,630.38425,
627.301325,692.55105,630.44925,
627.352275,692.66125,630.4765,
627.44675,692.7195,630.52555,
627.49875,692.831025,630.672625,
627.5907,692.988225,630.962125,
627.9431,693.106225,631.576325,
628.05715,696.919625,631.824375,
628.2213,696.9503,632.1698,
628.481075,697.1209,632.2582,
628.580475,697.29445,632.47405,
628.929275,697.40055,632.5513,
629.03515,697.43705,632.586775,
629.09355,697.6072,632.614775,
629.14585,697.660725,632.751225,
629.324375,697.7295,632.925325,
629.745875,697.872,633.387625,
629.781675,698.45685,633.531475,
629.844125,698.7771,633.572475,
629.892525,699.01875,633.598525,
629.983575,700.755425,633.64365,
630.0788,700.808025,633.934275,
630.2177,700.854,634.179125,
630.337175,700.87685,634.48185,
630.440525,700.992425,634.750775,
630.55405,701.033825,635.256825,
630.615925,701.113775,635.544975,
630.725325,701.15665,635.6051,
631.989625,701.48475,635.632875,
632.04105,701.704775,635.686825,
632.16725,701.916425,635.732625,
632.43405,702.0651,635.756925,
632.458,702.4541,635.934075,
632.482825,702.7404,636.002075,
632.51035,705.57745,636.1183,
632.5928,705.6235,636.305975,
632.616125,705.645275,636.3551,
632.828225,705.6889,636.40655,
633.7368,705.805825,636.4806,
634.60435,705.9332,636.700525,
634.776625,706.08165,636.755275,
635.63885,706.17455,636.838725,
635.669975,706.28425,636.883625,
635.69015,706.350975,636.91345,
635.70325,706.460525,637.02595,
635.75115,706.56805,637.09375,
635.821775,706.683,637.139475,
636.0186,706.90475,637.1929,
636.091075,707.066825,637.29245,
636.242925,707.1435,637.40765,
636.559,707.30325,637.457325,
636.61215,707.399025,637.79305,
636.694575,709.19625,638.42815,
636.779,709.32145,638.58555,
636.8646,709.363075,638.6808,
636.90885,709.51245,639.705175,
637.003475,709.576825,640.26565,
637.0694,709.7021,640.3845,
637.300175,709.8286,640.56775,
637.423975,710.5605,640.660575,
637.458375,710.63275,640.7612,
637.53155,710.65485,640.812175,
637.766925,710.76285,640.91435,
637.865975,710.879825,641.095025,
638.031775,710.975375,641.194075,
638.7778,711.121625,641.44715,
638.859825,711.267025,641.536775,
639.032325,711.385925,642.176875,
639.258975,711.448175,642.488975,
639.363975,711.611075,642.7242,
640.036125,714.8867,642.806725,
640.445625,714.9379,642.8939,
640.66675,715.028425,642.9974,
640.91715,715.07355,643.057425,
641.025325,715.14415,643.11165,
641.631125,715.201275,643.157675,
641.96015,715.265375,643.201775,
642.1503,715.2873,643.311325,
642.259625,715.398725,643.396175,
642.343275,715.46645,643.5517,
642.42325,715.809225,643.59935,
642.46585,715.899125,643.630825,
642.515575,715.97265,643.69645,
642.577725,716.023075,643.747875,
642.772325,716.07905,643.8214,
642.961225,716.16455,643.912975,
643.63945,716.2575,644.106875,
644.553975,716.302425,644.209675,
644.71415,716.394575,644.3634,
644.847,716.47665,644.4601,
645.0902,716.6019,644.710625,
645.32145,716.68835,644.951,
645.450325,716.84085,645.423675,
645.534725,717.1657,645.569875,
645.686775,717.21545,647.173175,
646.317225,717.35205,647.229425,
646.420975,717.4631,647.2794,
646.4609,717.798725,647.3687,
646.498575,717.96435,647.4117,
646.547075,718.104825,647.46185,
646.588175,718.235325,647.517825,
646.66145,718.33305,647.607725,
646.93325,718.516125,647.70975,
646.9918,718.744075,647.850825,
647.4503,718.84255,647.882925,
647.6585,718.906325,647.959175,
647.8108,721.988375,648.050525,
647.9909,722.0209,648.29845,
648.192125,722.0498,648.5789,
648.3189,722.097825,648.696625,
648.48285,722.23215,649.0626,
648.56865,722.28475,650.896225,
648.68225,722.420525,651.3908,
648.77695,722.511475,651.448725,
648.82475,722.617175,651.569475,
648.92815,723.1257,651.6099,
648.995575,723.260075,651.64825,
651.364675,723.34265,651.712275,
651.391425,723.4404,651.77145,
651.4213,723.61195,651.80345,
651.445925,723.731275,651.9141,
651.4666,723.769225,651.94695,
651.5004,724.31275,652.174375,
651.538275,724.41475,652.40045,
651.674125,724.526675,652.444975,
651.72865,726.486475,652.59915,
651.785125,726.5135,652.732125,
651.8318,726.58295,652.9221,
651.95565,726.80295,652.9779,
652.2286,726.837775,653.14715,
652.45735,727.413475,653.282025,
652.656525,727.4405,653.34345,
652.7488,727.573775,653.52315,
653.9512,727.77575,654.084075,
654.668675,727.895225,654.528125,
654.727875,727.99265,654.77385,
654.8594,728.2412,654.9065,
654.90725,728.3658,654.954625,
654.984425,728.4696,655.041225,
655.020275,728.783675,655.096725,
655.057025,730.7272,655.182325,
655.083175,731.257625,655.207725,
655.216725,731.2851,655.29195,
655.2583,731.31725,655.3817,
655.313925,731.471025,655.4726,
655.4131,731.595775,655.574125,
655.43435,732.222525,655.614075,
655.462575,732.39145,655.71635,
655.858675,732.553225,655.796175,
655.93905,732.611525,655.943875,
656.090825,732.9009,656.4212,
657.08185,733.3264,656.777825,
657.144275,735.699125,656.99375,
657.182975,735.73675,657.14005,
657.214775,735.8147,657.248775,
657.249075,735.84475,657.3319,
657.287775,736.0094,657.4413,
657.506875,736.2399,657.4874,
657.55495,736.327825,657.53925,
657.66175,736.450625,657.5719,
657.705825,736.475425,657.6275,
657.846275,736.56285,657.68275,
657.92575,736.612575,657.7872,
658.006125,736.813,657.931575,
658.06835,736.8717,658.0196,
658.11365,737.030225,658.3009,
658.155425,737.416925,658.466825,
658.24415,739.68245,658.974525,
660.02225,739.770975,659.20315,
660.083925,739.833275,659.6927,
660.1364,739.874975,660.132375,
660.173575,740.004275,660.17385,
660.257125,740.0422,660.197075,
660.3315,740.084325,660.2227,
660.45945,740.65325,660.285975,
660.49505,740.9268,660.44425,
660.60145,741.032725,660.486475,
660.675425,741.16885,660.523675,
661.046925,741.8614,660.551975,
661.1021,742.15095,660.711325,
661.16235,744.260025,660.7756,
661.22765,744.30555,660.9389,
661.254375,744.345475,661.02845,
661.313975,744.412225,661.14345,
661.355875,744.680475,661.45785,
661.39675,744.843525,661.6088,
661.435825,744.963975,662.18155,
661.80635,745.227825,662.47565,
661.977575,745.440325,662.843725,
662.227675,745.534175,662.918875,
662.270925,745.74875,662.9915,
662.317325,745.887175,663.054225,
662.35495,746.20275,663.291475,
662.500875,746.4382,663.44305,
662.63715,748.7403,663.54105,
662.732225,748.798,663.566825,
662.771075,748.859025,663.610725,
662.9755,748.8979,663.7409,
663.248025,749.302925,663.768375,
663.63575,749.345175,663.794875,
663.7124,749.4703,663.854,
663.768925,749.592475,663.90655,
663.83555,749.72295,663.957175,
663.9813,749.802125,664.01355,
664.2494,749.944175,664.220725,
664.2955,750.129575,664.2725,
664.644025,750.50445,664.3342,
664.8236,750.92995,664.391275,
665.115675,754.20515,664.434675,
667.023675,754.45615,664.646525,
667.067175,754.777575,664.762575,
667.111375,755.002875,664.855125,
667.14465,755.13145,665.011575,
667.184775,755.335225,667.06905,
667.218,755.4382,667.1676,
667.26655,755.71675,667.22075,
667.353975,755.82195,667.2637,
667.429675,755.946975,667.328425,
667.47165,756.046275,667.3842,
667.56695,756.18395,667.5364,
667.579475,756.42275,667.616175,
667.672425,756.574,667.751175,
667.707325,756.79195,667.78505,
667.81635,757.4752,667.813025,
667.948175,757.588075,667.843925,
668.01295,757.68005,667.95,
668.048375,757.867575,667.991275,
668.302775,758.675325,668.09675,
668.351625,758.849425,668.20945,
668.39695,758.990075,668.278875,
668.7127,759.158875,668.37095,
668.9253,759.401575,668.563075,
668.970675,759.512775,668.670475,
669.211225,759.67225,668.93065,
669.511625,759.81735,668.9935,
669.64535,760.04145,669.073725,
670.164625,760.261825,669.11965,
670.3462,760.39935,669.34405,
670.4591,760.497425,670.71415,
670.503625,763.17015,672.64335,
670.532225,763.268825,672.70055,
670.59965,763.337975,672.74795,
670.716925,763.3637,672.850275,
670.890525,763.4104,672.905675,
670.93915,763.450475,672.95335,
671.198475,763.51645,673.1281,
671.3519,763.74395,673.283425,
671.423275,763.8271,673.5528,
672.3847,764.239275,673.851075,
672.458975,764.287375,673.919825,
672.526525,764.3187,673.98555,
672.602275,764.3893,674.0386,
672.63815,764.4508,674.32265,
672.675775,764.509525,674.4824,
672.796225,764.60455,674.579725,
672.8475,764.980475,676.372925,
672.86775,765.155975,676.412425,
673.0516,765.343275,676.4555,
673.1758,765.440125,676.5234,
673.2474,765.5163,676.768975,
673.352225,765.6296,676.90565,
673.3855,765.768275,677.00265,
673.437525,765.889425,677.15535,
673.487975,766.000025,677.200275,
673.6156,766.087475,677.24305,
673.752025,767.131925,677.467625,
673.84985,767.32795,677.560925,
673.918075,767.38185,677.69105,
673.9485,767.6263,677.752,
674.1649,767.68105,677.789475,
674.2886,768.03225,677.9179,
674.41715,768.32105,678.014825,
674.55645,768.53455,678.123,
674.789125,768.966975,678.2121,
674.85055,769.0389,678.55445,
675.286925,769.712575,678.7185,
675.366,769.9405,678.7983,
675.51565,771.3136,678.885125,
675.590675,771.364825,678.94465,
675.681725,771.486125,679.19465,
676.0478,771.5958,679.595475,
676.0851,771.735975,679.7738,
676.145025,771.922725,680.0262,
676.247,771.989775,680.2094,
676.31905,772.0711,680.41565,
676.39525,772.156075,680.456,
676.627525,772.314775,680.53165,
676.6984,775.32495,680.596625,
676.736725,775.35635,680.6335,
677.135925,775.4585,680.9977,
677.262925,775.58525,681.16765,
677.81365,775.6665,681.3608,
677.976625,776.094525,681.503125,
678.278825,776.27475,681.7272,
678.361425,776.350175,681.8482,
678.548075,776.391175,681.888825,
678.88035,776.4691,681.976275,
678.942275,776.682325,682.0609,
678.983125,776.990275,682.335925,
679.096725,777.31525,682.485525,
679.156,777.408675,682.562575,
679.2168,777.6151,682.723525,
679.373025,778.315425,682.7614,
679.500925,778.428425,683.06595,
679.6416,778.54185,685.094675,
679.7442,779.199875,685.1301,
679.93635,779.44595,685.169075,
680.043275,779.7856,685.32175,
680.106925,781.01735,685.388875,
680.258675,781.1446,685.423725,
680.367,781.27455,686.4516,
680.5455,781.339025,686.53675,
680.658375,782.093975,686.5944,
680.786375,782.255625,686.730875,
680.984325,782.315625,686.796275,
681.131975,784.436075,686.870925,
681.2324,784.486825,686.9112,
681.32135,784.738475,686.98785,
681.52825,785.41785,687.1002,
681.578225,785.45155,688.372,
681.866025,785.677675,688.5048,
681.913025,786.7467,688.80945,
682.0731,786.835775,689.057,
682.289125,786.929925,689.229825,
682.396475,787.002675,689.337125,
682.59055,787.323725,689.434975,
682.827925,787.699875,689.5617,
682.976175,788.09275,689.958675,
683.077225,788.298725,690.538075,
683.15235,788.492675,691.782275,
685.1602,790.782725,691.8957,
685.2682,792.49105,691.9431,
685.550375,792.8339,692.012125,
685.6802,792.975325,692.05185,
686.040375,793.091575,692.11745,
686.121425,793.120175,692.138975,
686.313475,793.552975,692.308725,
686.37025,793.79675,692.40945,
686.54175,794.09975,692.498625,
686.70695,794.244875,692.603125,
686.81145,794.4304,692.673525,
687.03725,797.410625,692.76475,
687.165775,797.498275,692.819575,
687.26945,797.59505,692.845875,
687.401625,797.722925,692.9796,
687.478775,797.783175,693.078875,
688.360125,797.993775,693.1473,
688.652025,798.167025,693.21825,
688.860725,798.3057,693.28585,
689.055425,798.368625,693.385675,
689.350875,798.46735,693.51645,
689.64105,800.912025,693.5538,
689.781275,801.0264,693.625825,
689.83985,801.16555,693.6953,
691.733825,801.268425,693.8386,
691.820125,801.347575,694.133775,
691.864825,801.565575,694.30085,
691.898825,801.870425,694.420175,
691.970925,802.049275,694.784475,
692.00025,802.2541,694.884125,
692.053275,802.41935,694.993,
692.113975,802.5308,695.11325,
692.1605,802.676,695.681275,
692.2175,802.741525,696.1518,
692.3963,804.3802,696.9384,
692.521875,804.772175,696.964225,
692.7051,804.97435,696.990775,
692.76785,805.087,697.033875,
692.881025,805.155275,697.3547,
692.94845,805.218725,697.40035,
693.037825,805.418275,697.56385,
693.2474,805.730975,697.644675,
693.255,806.0314,697.68475,
693.4177,808.712675,697.7364,
693.702225,808.844525,697.79435,
693.9297,808.972825,697.875475,
694.0516,810.6244,697.94015,
695.2825,810.67425,698.0233,
695.348775,810.700925,698.1309,
696.839075,810.7397,698.208375,
696.908675,810.79485,699.09315,
696.9451,810.9765,700.012575,
696.9781,811.201325,700.678075,
697.0247,811.61605,700.73145,
697.310175,811.80895,700.797525,
697.3907,811.85775,700.880875,
697.41865,812.11195,700.95355,
697.496475,812.4623,700.985725,
697.53915,813.239825,701.057925,
697.575075,813.285875,701.105775,
697.6134,813.317625,701.2004,
697.72035,813.458275,701.27745,
697.800075,813.516,701.407225,
697.8947,814.054725,701.501325,
698.09885,814.3221,701.57755,
698.1626,814.545575,701.64285,
698.214875,814.9175,701.6787,
698.26565,815.687525,701.73295,
698.33475,816.013425,701.790175,
698.395225,816.0706,701.838275,
698.450175,816.2451,701.8693,
698.528375,816.2672,701.952325,
700.65045,816.5764,701.9951,
700.696975,816.847475,702.021925,
700.731675,817.0897,702.228075,
700.7637,817.33065,702.311725,
700.782825,817.55035,702.415625,
700.810175,817.90355,702.498925,
700.871075,818.09775,702.71555,
701.0367,818.463175,703.581575,
701.0744,820.81445,704.273525,
701.106275,820.89465,704.42875,
701.129525,820.998775,704.508825,
701.258175,821.094825,704.623025,
701.372275,821.1883,704.729925,
701.471725,821.30715,705.1028,
701.539625,821.424625,705.267125,
701.79135,821.861075,705.513875,
702.0018,822.55715,705.5739,
702.24425,822.6264,705.682375,
702.2898,823.204275,705.7569,
702.355225,823.327525,705.7855,
702.517725,823.50775,705.836225,
702.708225,823.780075,705.8919,
704.4854,823.826675,705.96615,
704.55235,823.95105,705.985975,
704.643975,824.1637,706.01785,
704.739175,825.46145,706.231225,
704.89245,825.595,706.266025,
705.414875,825.716,706.316325,
705.460525,825.821325,706.37765,
705.508225,827.922125,706.5037,
705.651375,828.133,706.581075,
705.6872,828.3288,706.634875,
705.688925,829.1435,706.724925,
705.7625,829.257175,706.75015,
705.800825,829.32195,706.827025,
705.884775,829.65985,706.857075,
705.9397,832.70615,707.024225,
706.07785,832.854775,707.050575,
706.31295,832.905225,707.2191,
706.41155,832.98645,707.337675,
706.55075,833.0694,707.444825,
706.682925,833.183925,708.926925,
706.7223,833.60255,708.958175,
706.7831,833.82585,708.984475,
706.970325,833.918675,709.006525,
707.091925,833.983175,709.055675,
707.146,834.040975,709.08585,
707.22135,834.186275,709.115525,
707.333525,834.3542,709.186175,
707.46175,834.570825,709.24835,
708.92555,834.809825,709.28875,
709.04665,835.02375,709.33715,
709.3033,835.19975,709.493025,
709.337625,835.3126,709.61185,
709.43015,835.4921,709.68375,
709.4685,835.5455,709.7579,
709.50305,838.052175,709.873575,
709.64905,838.173775,709.95945,
709.736575,838.32145,710.005925,
709.815075,838.40085,710.10895,
709.8716,838.6106,710.2603,
710.073375,838.69455,710.310525,
710.1789,838.759325,710.5538,
710.285925,839.1247,710.603575,
710.33885,839.4578,710.72805,
710.4162,839.548075,710.82685,
710.490475,839.7266,711.07255,
710.65205,839.8655,711.139575,
710.732825,840.316075,711.24005,
710.923775,840.3658,711.287025,
711.0784,842.735875,711.330925,
711.1613,842.79265,711.4789,
711.227725,843.000925,711.5263,
711.2865,844.702775,711.6078,
711.340525,844.85095,711.6666,
711.40915,845.129225,711.883525,
711.453625,845.29755,712.472175,
711.5319,846.46195,713.016425,
712.101575,846.492925,713.35185,
714.83725,846.54195,714.25305,
714.89605,846.854975,714.460025,
714.934325,846.887,714.782175,
714.9881,847.33565,714.859725,
715.04265,848.058375,714.884575,
715.091475,849.90235,714.909325,
715.2485,849.99255,714.947125,
715.299675,850.05345,714.97225,
715.34955,851.754575,715.009475,
715.385075,851.781075,715.066175,
715.4534,851.96705,715.120975,
715.466375,852.1335,715.168575,
715.4771,852.1811,715.279875,
715.686825,852.63565,715.40425,
715.708975,852.717375,715.47265,
715.750625,853.0156,715.514375,
715.8091,853.079575,715.553225,
715.843,853.30385,715.6997,
715.88955,853.9729,715.857725,
715.968775,854.073,715.8897,
716.0346,854.40225,715.9408,
716.2418,854.468875,716.0441,
716.518375,856.1811,716.091,
716.6174,856.25745,716.294975,
716.672325,856.394575,716.374075,
716.743825,856.474875,716.665725,
716.944675,856.50355,716.7126,
717.070625,859.40855,716.83215,
717.1803,859.486425,716.900225,
717.226375,859.6685,716.96275,
717.551475,859.781475,717.080275,
717.6407,859.922475,717.107325,
717.701875,859.986,717.18975,
717.8319,860.062275,717.252375,
717.898675,860.297225,717.3305,
718.186325,860.929875,717.50575,
718.371975,860.992225,717.583825,
718.4311,862.567,717.684775,
718.491225,865.255925,717.78725,
718.592525,865.3884,717.8948,
718.6315,865.563725,717.9909,
718.7007,866.206425,718.02665,
718.7455,866.6996,718.108825,
718.779575,869.0329,718.16165,
718.8324,869.123775,718.27265,
718.870375,869.1849,718.334875,
719.09075,869.323575,718.38165,
719.12405,869.5348,718.4307,
719.332225,869.65155,718.62075,
719.419375,869.812175,718.73995,
721.95675,870.01375,718.816075,
722.032475,870.2078,718.982075,
722.064075,870.3016,719.1218,
722.094125,870.321225,719.267175,
722.148075,870.3791,719.709625,
722.23435,870.6067,720.354725,
722.283525,870.872675,721.093775,
722.388425,871.594875,721.183575,
722.4705,871.66855,721.329525,
722.503175,871.9093,721.544725,
722.56285,872.286075,721.817175,
722.6034,872.79905,721.906125,
722.638225,873.036475,721.976875,
722.800225,873.20665,722.008125,
722.931725,875.864425,722.0419,
723.05915,876.08645,722.0641,
723.155125,876.124925,722.112875,
723.2043,876.29075,722.151925,
723.295075,876.5498,722.235975,
723.34265,876.72745,722.29255,
723.352575,877.3261,722.337825,
723.5672,878.028125,722.370625,
723.6999,878.398375,722.447175,
723.985225,879.123175,722.8182,
724.1075,879.1693,722.9784,
724.160675,880.103275,723.099,
724.22195,880.514075,723.18535,
724.301925,882.989025,723.26805,
724.357,883.063175,723.303825,
724.427675,883.09045,723.392075,
724.482475,883.163725,723.6062,
724.5554,883.3136,723.727875,
724.615375,883.4746,723.818075,
724.6778,883.602775,723.889875,
724.818725,883.656075,723.968425,
724.9868,883.996775,724.0786,
725.15655,884.0293,724.105375,
725.228325,884.20065,724.139375,
726.355975,884.229475,724.489975,
726.47905,884.8107,724.649925,
726.48635,885.4291,724.910875,
726.520475,885.50625,725.3697,
726.7811,888.1968,725.52905,
726.80775,888.2535,725.7893,
727.003075,888.33425,726.089325,
727.107,888.661925,726.2159,
727.1923,888.74845,726.3442,
727.273575,890.90945,726.388025,
727.31895,890.949675,726.419175,
727.3936,891.07305,726.446525,
727.49535,891.1481,726.487075,
727.757,891.6448,726.57665,
727.99265,893.673425,726.7927,
728.119125,896.37055,726.822375,
728.189375,896.39845,726.971375,
728.506,896.41825,727.1149,
728.63075,896.4503,727.18895,
728.775625,896.597125,727.2557,
728.90105,896.942075,727.3745,
730.63755,896.97905,727.409625,
730.807575,,727.492425,
731.25625,,727.523375,
731.2576,,727.7944,
731.311775,,727.882475,
731.33705,,728.0798,
731.377175,,728.1494,
731.409475,,728.2261,
731.5823,,728.264725,
731.631675,,728.318775,
731.6887,,728.42725,
732.0106,,728.551475,
732.3224,,728.926375,
732.498,,729.921,
732.621075,,730.201325,
732.68835,,730.466975,
732.759025,,730.729475,
732.8517,,731.161325,
732.898875,,731.19365,
732.9549,,731.2276,
733.0546,,731.2898,
733.2183,,731.392475,
733.37415,,731.484375,
735.6792,,731.56725,
735.74655,,731.625525,
735.7877,,731.670275,
735.8671,,731.78845,
735.900725,,732.144975,
736.00775,,732.228675,
736.06195,,732.458475,
736.230525,,732.54545,
736.2858,,732.68415,
736.51595,,732.732125,
736.562875,,732.7835,
736.895025,,732.83635,
736.956775,,732.916425,
737.100375,,732.9597,
737.1324,,733.03115,
737.237025,,733.18145,
737.3247,,733.58385,
737.351075,,733.79945,
737.420975,,734.06805,
737.546375,,734.4265,
737.68125,,734.843925,
737.743325,,734.94835,
737.7852,,735.060875,
737.84125,,735.325425,
738.05095,,735.4209,
738.1664,,735.6812,
739.498375,,735.8194,
739.630875,,735.8664,
739.8172,,735.8954,
739.853125,,736.036525,
739.918925,,736.238475,
739.9796,,736.34565,
740.040775,,736.4033,
740.16025,,736.5385,
740.409375,,736.78955,
740.646675,,736.831425,
740.70255,,736.9177,
740.8003,,736.98125,
740.893875,,737.028975,
740.996725,,737.0961,
741.059925,,737.202375,
741.208725,,737.250175,
741.312225,,737.316125,
741.4372,,737.42355,
741.5199,,738.214175,
742.0457,,738.4969,
742.08025,,738.6895,
742.18295,,738.86455,
744.266225,,739.478075,
744.29265,,739.666625,
744.358975,,739.723825,
744.390325,,739.7628,
744.450875,,739.793525,
744.52805,,739.83275,
744.58915,,739.856625,
744.6524,,739.89755,
744.748525,,739.948475,
744.865425,,740.007875,
744.887825,,740.0683,
745.02355,,740.09085,
745.076275,,740.249025,
745.240475,,740.3609,
745.3591,,740.6224,
745.6323,,740.691475,
745.72945,,740.737025,
745.775725,,740.875875,
745.863675,,740.9927,
746.03335,,741.11675,
746.09545,,741.227225,
746.149825,,741.329775,
746.279025,,741.396175,
746.4124,,741.454325,
748.740275,,741.548975,
748.77165,,741.725075,
748.7873,,741.801725,
748.841975,,742.101,
748.86395,,742.469625,
748.891825,,742.60605,
748.908275,,743.21555,
749.002725,,743.486225,
749.1736,,743.83195,
749.2153,,744.01685,
749.28835,,744.1836,
749.43975,,744.39835,
749.49915,,744.4574,
749.5956,,744.504025,
749.67705,,744.538575,
749.946725,,744.56005,
750.045325,,744.581975,
750.32845,,744.6645,
750.40755,,744.7089,
750.588825,,744.81565,
750.89105,,744.84155,
751.039875,,745.0208,
751.099175,,745.133175,
753.87315,,745.159575,
754.1171,,745.295525,
754.17175,,745.40665,
754.228925,,745.459925,
754.29515,,745.510125,
754.3821,,745.655125,
754.495025,,745.6877,
754.5567,,745.769825,
754.7143,,745.820475,
754.751,,745.891375,
754.7961,,745.976525,
754.82845,,746.0362,
754.934325,,746.0802,
755.015275,,746.2396,
755.055,,746.273125,
755.149975,,747.263375,
755.3006,,747.393175,
755.406875,,747.580075,
755.46655,,747.918925,
755.51185,,748.08765,
755.584075,,748.37135,
755.705525,,748.457275,
755.89775,,748.53925,
755.968825,,748.7183,
756.115225,,748.746875,
756.2194,,748.842625,
756.38015,,748.924225,
756.467975,,748.956375,
756.520725,,748.98105,
756.57395,,749.0381,
756.968025,,749.0723,
757.422925,,749.158125,
757.63465,,749.246125,
757.7876,,749.475375,
757.843375,,749.539425,
757.939575,,749.959375,
758.013425,,750.1221,
758.14185,,750.22775,
758.341025,,750.38175,
758.43275,,750.457475,
758.4853,,750.589675,
758.599075,,750.625975,
758.7042,,750.73985,
758.83015,,750.8485,
758.93125,,752.193275,
758.97055,,752.868,
759.021675,,753.19815,
759.120525,,753.67385,
759.27575,,754.08745,
759.3944,,754.136225,
759.4461,,754.202925,
759.583925,,754.234725,
759.640075,,754.279775,
759.710725,,754.3222,
759.898825,,754.368575,
760.084025,,754.567625,
760.161575,,754.648,
760.320675,,754.7324,
760.399325,,754.907825,
760.450575,,755.048775,
760.508025,,755.145425,
760.576825,,755.176075,
760.64415,,755.208825,
762.1264,,755.30435,
762.221,,755.368625,
762.270625,,755.407875,
762.44665,,755.474125,
762.505475,,755.5575,
763.082575,,755.612325,
763.083875,,755.734225,
763.119575,,755.872925,
763.15525,,755.920075,
763.231075,,755.98885,
763.2746,,756.16295,
763.350575,,756.2729,
763.38315,,756.502625,
763.423225,,756.5959,
763.4924,,756.63485,
763.547975,,758.853175,
763.576475,,759.31755,
763.67465,,759.56485,
763.729175,,759.70745,
763.798675,,759.76795,
763.871525,,759.8425,
763.952275,,759.8715,
764.000975,,759.9748,
764.112925,,760.181425,
764.152125,,761.52465,
764.275275,,761.763525,
764.584125,,762.091125,
764.638575,,762.2011,
764.692325,,762.2516,
764.98865,,762.450675,
765.0625,,762.593825,
765.101875,,763.101975,
765.20565,,763.1462,
765.254075,,763.2509,
765.387,,763.28095,
765.523825,,763.375625,
765.64675,,763.439025,
765.830525,,763.580075,
765.90875,,763.62975,
765.9788,,763.651225,
766.0619,,763.700275,
766.22295,,763.766625,
766.286175,,763.819025,
767.0596,,763.9471,
767.1018,,763.99345,
767.147475,,764.0225,
767.254825,,764.078075,
767.291575,,764.134025,
767.462075,,764.306725,
767.53355,,764.51715,
767.61185,,764.605875,
767.626125,,764.950575,
767.742025,,766.936875,
767.82115,,767.43305,
768.012325,,767.525125,
768.076575,,767.5935,
768.131725,,767.645975,
768.1747,,767.6787,
768.222025,,767.7152,
768.2914,,767.768175,
768.488875,,767.79535,
768.572,,767.834325,
768.83045,,767.92205,
768.89665,,767.9584,
768.94535,,768.0284,
769.1032,,768.07235,
769.165,,768.146825,
769.26205,,768.1858,
769.29975,,768.24745,
769.6115,,768.333925,
771.304825,,768.411775,
771.3642,,768.551825,
771.4179,,768.692025,
771.4634,,768.8781,
771.59375,,769.564175,
771.6471,,770.39035,
771.6691,,771.308875,
771.760925,,771.330525,
771.848075,,771.39335,
771.932725,,771.443675,
772.0139,,771.58165,
772.13,,771.87505,
772.27855,,772.035375,
772.331925,,772.1533,
772.43305,,772.2014,
772.485475,,772.269125,
772.5485,,772.451325,
772.623725,,772.585,
772.771075,,772.669075,
772.819425,,772.761475,
772.92745,,773.3058,
773.059125,,774.0743,
775.297975,,774.938425,
775.3306,,775.315475,
775.392125,,775.348425,
775.434875,,775.46385,
775.52525,,775.57485,
775.603125,,775.6353,
775.65915,,775.7833,
775.741625,,775.947825,
775.8375,,776.011875,
775.8799,,776.301925,
776.044025,,776.376025,
776.271425,,776.504,
776.33995,,776.633725,
776.47875,,776.6549,
776.5552,,776.729525,
776.59575,,776.819475,
776.65705,,777.04085,
776.701275,,777.131675,
776.7496,,777.241725,
776.8448,,777.365,
776.920625,,777.64985,
777.155375,,777.988475,
777.2454,,778.2884,
777.307175,,778.365,
777.368975,,778.4152,
777.5191,,778.44645,
777.664525,,778.53175,
777.79215,,778.6013,
777.836925,,778.6914,
778.323575,,778.855775,
778.374675,,778.91485,
778.413275,,778.963425,
778.493925,,779.01485,
778.597575,,779.077275,
778.728025,,779.1089,
778.97655,,779.2103,
779.02755,,779.3367,
779.203575,,779.426175,
779.59425,,779.490275,
780.952475,,779.60325,
781.0521,,780.3772,
781.094525,,780.45485,
781.128275,,780.6323,
781.1736,,780.725025,
781.262975,,780.97055,
781.349575,,781.021075,
781.477575,,781.063225,
781.5766,,781.088125,
781.578775,,781.11495,
781.676825,,781.15345,
781.71205,,781.219125,
781.794375,,781.376875,
781.872975,,781.378875,
781.921725,,781.46105,
782.108275,,781.56215,
782.318075,,781.626825,
784.369975,,781.68185,
784.4254,,781.776475,
784.522125,,781.79825,
784.547425,,781.9866,
784.60765,,782.04215,
784.670825,,782.1648,
784.79325,,782.769975,
784.92675,,782.9688,
784.954875,,783.118375,
785.012225,,783.247,
785.0559,,783.70815,
785.1774,,784.08455,
785.540325,,784.18145,
785.64,,784.301075,
785.680225,,784.4089,
786.63115,,784.457625,
786.719425,,784.49345,
786.784075,,784.519075,
786.819975,,784.596025,
786.8872,,784.60925,
787.00455,,784.635175,
787.03015,,784.6575,
787.185975,,784.725675,
787.3074,,784.77275,
787.389475,,784.834825,
787.560025,,784.886025,
787.6271,,784.980825,
787.784,,785.0377,
787.87505,,785.340875,
787.992875,,785.46145,
788.04675,,785.508825,
788.162125,,785.850225,
788.2082,,786.402125,
788.25105,,786.574875,
788.362175,,786.70595,
788.4698,,786.734225,
788.600475,,786.775075,
790.28395,,786.82425,
790.577975,,786.907325,
790.620975,,786.967425,
790.6679,,787.0199,
790.692175,,787.070225,
790.734675,,787.182825,
790.7827,,787.3052,
790.900775,,787.33875,
790.951975,,787.383175,
791.010725,,787.427825,
791.21045,,787.45575,
792.3706,,787.50195,
792.477975,,787.597575,
792.51045,,787.63535,
792.540425,,787.686375,
792.67135,,787.7462,
792.78185,,787.836025,
793.03425,,787.861,
793.09155,,787.918375,
793.11885,,788.06715,
793.297925,,788.134375,
793.7255,,788.601425,
793.838575,,788.820275,
793.892175,,789.4316,
794.013825,,789.72545,
794.128575,,789.915925,
794.327275,,790.17935,
794.377825,,790.294325,
794.45595,,790.53605,
794.6121,,790.730525,
795.305,,790.78335,
795.487325,,790.936975,
795.765725,,791.150025,
797.19185,,791.213,
797.251775,,791.292875,
797.30275,,791.50545,
797.339425,,791.918125,
797.3711,,792.068275,
797.40115,,792.4416,
797.427375,,792.480575,
797.620275,,792.5303,
797.8982,,792.554775,
797.960025,,792.608875,
798.043475,,792.748475,
798.21145,,792.8071,
798.315975,,792.9173,
798.354825,,793.191025,
798.43865,,793.363975,
798.488825,,793.486675,
798.5831,,793.545625,
798.63935,,793.645625,
798.70785,,793.81835,
798.84015,,793.918925,
798.942925,,793.984575,
800.805525,,794.165375,
800.852975,,795.4284,
800.993175,,795.595025,
801.1959,,795.715575,
801.2336,,795.99575,
801.28545,,796.4033,
801.3333,,796.62775,
801.397725,,796.7995,
801.56545,,796.959575,
801.61285,,797.171075,
801.748225,,797.2864,
801.8796,,797.3653,
802.101275,,797.414975,
802.160575,,797.46395,
802.215325,,797.5265,
802.27005,,797.63325,
802.3401,,797.714075,
802.402275,,797.731675,
802.47225,,797.794825,
802.58395,,797.938,
802.7398,,797.98795,
802.865175,,798.222225,
803.192675,,798.371,
803.259675,,798.4501,
804.20245,,798.494925,
804.2515,,798.582375,
804.309575,,799.396125,
804.35105,,799.64235,
804.393575,,799.887425,
804.436375,,800.147,
804.58315,,800.49805,
804.6316,,800.7962,
804.673275,,800.923575,
804.7284,,800.99645,
805.12915,,801.02485,
805.265,,801.094575,
805.3893,,801.11505,
805.510075,,801.148925,
805.648175,,801.221575,
805.739425,,801.329425,
805.78825,,801.42865,
805.927225,,801.520475,
806.004175,,801.5648,
806.1286,,801.667475,
806.249875,,801.74895,
806.357525,,801.786575,
806.52575,,801.852725,
807.8538,,802.32495,
808.03975,,802.47065,
808.575925,,802.669775,
808.6165,,802.87605,
808.655475,,803.16,
808.712475,,803.713175,
808.8603,,804.026225,
808.930625,,804.2651,
809.00285,,804.3536,
809.1531,,804.420925,
809.2669,,804.52255,
810.49495,,804.59355,
810.591525,,804.624575,
810.622175,,804.7538,
810.673225,,804.874075,
810.76115,,804.9251,
810.927325,,804.989175,
810.9899,,805.022375,
811.0912,,805.081575,
811.248875,,805.117275,
811.300575,,805.159825,
811.33995,,805.20595,
811.5749,,805.2589,
811.633625,,805.292475,
811.7118,,805.444275,
811.7138,,805.4701,
811.742525,,805.51985,
811.810675,,805.698625,
811.85545,,805.84345,
811.900925,,805.906025,
811.928925,,805.941,
812.028325,,806.028025,
813.2218,,806.11045,
813.236925,,806.23695,
813.28105,,806.309725,
813.30535,,806.8967,
813.3632,,806.9968,
813.386125,,807.412075,
813.47005,,807.57375,
813.5128,,807.7765,
813.5766,,807.8819,
813.674925,,808.13395,
813.7088,,808.577,
813.791975,,808.634675,
813.821025,,808.668275,
813.9686,,808.704925,
814.110475,,808.78135,
814.24345,,808.8332,
814.368025,,808.944925,
814.43745,,809.0402,
814.547975,,809.340525,
814.71255,,809.693775,
814.75085,,809.9232,
815.01965,,810.110975,
815.097725,,810.303875,
815.1549,,810.4761,
815.219525,,810.57185,
815.380175,,810.623225,
815.481275,,810.646975,
815.545475,,810.671375,
815.6305,,810.7175,
815.716375,,810.7371,
815.795875,,810.837525,
815.89125,,810.86495,
816.258525,,810.991925,
816.39755,,811.06455,
816.423075,,811.202525,
816.561275,,811.300925,
816.8611,,811.402725,
816.921225,,811.4698,
817.132,,811.56395,
817.205325,,811.6951,
817.2323,,811.853975,
817.3326,,811.932925,
817.444025,,812.00745,
817.591825,,812.15485,
817.725475,,812.29935,
817.94195,,812.65115,
817.9963,,813.147725,
818.06195,,813.24815,
818.117125,,813.27175,
818.2148,,813.300175,
820.692925,,813.336125,
820.7671,,813.400575,
820.8077,,813.502775,
820.848075,,813.694025,
820.88795,,813.83735,
820.91955,,813.88565,
820.955225,,813.916675,
821.0481,,813.97895,
821.093225,,814.1311,
821.38995,,814.23705,
821.4077,,814.2753,
821.599475,,814.318625,
821.6751,,814.389575,
821.70635,,814.425025,
821.82715,,814.65875,
822.099325,,814.767625,
822.19235,,814.814025,
822.344375,,814.849675,
822.823425,,815.2496,
823.174525,,815.289,
823.4398,,815.36355,
823.578525,,815.586,
823.6542,,815.62735,
823.7079,,815.9212,
823.797575,,816.05855,
823.842375,,816.26475,
823.889775,,816.331925,
823.93745,,816.36215,
824.051725,,816.852575,
824.0946,,816.9255,
824.178525,,817.03035,
824.224,,817.2701,
824.39275,,817.387675,
825.3814,,817.4819,
825.483225,,817.62815,
825.5572,,817.7227,
825.669975,,817.8632,
825.683975,,817.916125,
825.7159,,817.965225,
825.7733,,818.01175,
825.8173,,818.10825,
825.868225,,818.224575,
826.118225,,818.28905,
827.7568,,818.88395,
827.840375,,819.347025,
827.901875,,819.54235,
828.019075,,819.8233,
828.144775,,820.0199,
828.179125,,820.446625,
828.2383,,820.742475,
828.29135,,820.81285,
828.3801,,820.85595,
828.4538,,820.892575,
828.4933,,820.925475,
828.670775,,820.974775,
828.74245,,821.0255,
828.812,,821.180225,
828.8719,,821.2536,
828.926975,,821.319425,
828.992,,821.354375,
829.184375,,821.960575,
829.306925,,822.176875,
829.418425,,822.69675,
829.546,,823.261925,
829.595475,,823.381675,
829.64965,,823.4497,
829.6962,,823.539775,
829.75815,,823.668875,
829.86435,,823.7638,
829.925325,,823.81195,
829.967175,,823.847025,
830.04365,,823.8716,
830.4823,,823.922875,
831.447875,,824.099625,
831.49465,,824.28665,
831.536025,,824.413975,
831.57515,,824.461575,
831.669325,,825.38455,
831.730375,,825.454075,
831.8213,,825.52475,
831.8813,,825.618725,
831.946475,,825.756875,
832.375325,,825.7939,
832.57595,,825.880425,
832.6142,,826.03225,
832.640275,,826.148725,
832.697825,,826.369375,
832.731925,,826.5293,
832.83255,,826.6215,
832.916225,,826.9266,
833.003125,,827.09965,
833.11915,,827.396525,
833.17665,,827.66455,
833.247375,,827.879325,
833.334775,,828.0684,
833.398,,828.18155,
833.429375,,828.261075,
833.495775,,828.375575,
833.497775,,828.5301,
833.764175,,828.82155,
833.844075,,828.901925,
834.017025,,829.047625,
834.161275,,829.248275,
834.19465,,829.311225,
834.252975,,829.525625,
834.3004,,829.586375,
834.4948,,829.6638,
834.77385,,829.729025,
834.939475,,829.75095,
835.039025,,829.79235,
835.11165,,829.822425,
835.287925,,829.883125,
835.3598,,829.930425,
835.4786,,830.116375,
835.518275,,830.237875,
835.594825,,830.288675,
835.7649,,830.349875,
836.47605,,830.671625,
836.6032,,831.22945,
836.7522,,831.460975,
836.8068,,831.52465,
836.9612,,831.600625,
837.290125,,831.6805,
837.460225,,831.8216,
837.520125,,832.226,
837.555925,,832.490525,
837.6064,,832.5968,
837.6988,,832.63575,
837.989125,,832.65885,
838.028,,832.72285,
838.213425,,832.7635,
838.245325,,832.79395,
838.278675,,832.8092,
838.327175,,832.87135,
838.3605,,832.897975,
838.6887,,833.087775,
838.7341,,833.182475,
838.7926,,833.24235,
838.874825,,833.3225,
839.167625,,833.37635,
839.230475,,833.409875,
839.31455,,833.540125,
839.37855,,833.68425,
839.5917,,833.752375,
839.840325,,834.057525,
839.94345,,834.093125,
840.015625,,834.216975,
840.07955,,834.53995,
840.17715,,834.62235,
840.40335,,834.708575,
840.4661,,834.829825,
840.54495,,834.9235,
840.687075,,835.384325,
840.74315,,835.434925,
840.818625,,836.0961,
840.864275,,836.5263,
842.157775,,836.671425,
842.2185,,836.79565,
842.248625,,837.069275,
842.2977,,837.660225,
842.34915,,837.77245,
842.43165,,837.958725,
842.581625,,837.97165,
842.6659,,838.029725,
842.7171,,838.2612,
842.73585,,838.4013,
842.817225,,838.736125,
842.961875,,838.825525,
843.0118,,838.960425,
843.0374,,839.0002,
843.05725,,839.103725,
843.09375,,839.2628,
843.187375,,839.42085,
843.239725,,839.54085,
843.3512,,839.6856,
843.40975,,839.77315,
843.529125,,839.851625,
843.58865,,840.1019,
843.74865,,840.213575,
843.816975,,840.2646,
843.881575,,840.3525,
844.0146,,840.442725,
844.07175,,840.56525,
844.1356,,842.618775,
844.223475,,842.670525,
844.342975,,842.6999,
844.41825,,842.80735,
844.45485,,842.854425,
844.49275,,842.9575,
844.558875,,842.9923,
844.62675,,843.084,
844.7188,,843.181875,
844.819175,,843.207225,
844.88085,,843.244775,
845.00515,,843.26525,
845.1623,,843.4746,
845.265875,,843.501125,
845.31725,,843.7607,
846.439575,,843.79075,
846.487425,,843.8338,
846.492775,,844.4805,
846.594975,,844.5146,
846.647375,,844.812475,
846.7858,,844.9687,
846.889375,,846.41095,
846.968575,,846.429975,
847.0379,,846.562275,
847.1816,,846.75825,
847.2681,,846.822025,
847.424325,,846.88195,
847.516775,,846.94195,
847.62275,,847.05455,
847.7,,847.13145,
847.85505,,847.45,
847.94895,,847.65415,
848.016975,,847.714425,
848.208475,,847.8433,
848.770775,,848.04425,
848.95755,,848.654375,
849.0937,,848.792025,
849.823775,,851.713175,
849.8794,,851.76305,
849.99905,,851.792725,
850.13945,,851.8128,
851.60895,,851.953425,
851.684025,,852.055675,
851.720375,,852.1103,
851.755725,,852.12575,
851.7911,,852.150725,
851.8539,,852.1833,
851.90075,,852.858225,
851.9418,,852.9995,
851.99485,,853.07235,
852.046575,,853.17045,
852.118775,,853.2277,
852.348225,,853.3385,
852.44495,,853.5373,
852.50115,,853.810325,
852.666925,,853.841975,
852.712175,,854.0233,
854.51405,,854.0597,
855.969675,,856.107925,
856.028025,,856.1623,
856.095525,,856.188675,
856.15355,,856.215025,
856.230725,,856.258075,
856.25735,,856.74875,
856.2948,,857.2138,
856.34835,,857.4667,
856.41375,,859.0132,
856.462075,,859.3876,
856.615475,,859.42795,
859.29305,,859.541575,
859.396275,,859.572525,
859.4403,,859.661,
859.482075,,859.705725,
859.651925,,859.786975,
859.760575,,859.8765,
859.945125,,859.99255,
860.044625,,860.0408,
860.13815,,860.08045,
860.208825,,860.219675,
860.266525,,860.277875,
860.44815,,860.488475,
860.65235,,860.6752,
860.716,,860.8437,
860.788875,,861.02315,
860.868525,,861.13445,
860.94045,,861.174725,
860.99805,,865.058125,
861.1249,,865.242125,
861.210475,,865.3355,
861.278875,,865.4101,
861.40055,,865.564225,
861.517825,,865.9559,
861.57755,,866.13425,
862.04535,,866.21145,
862.512025,,866.26995,
862.788125,,867.97625,
862.87285,,868.8773,
865.1973,,868.9417,
865.282,,868.977625,
865.34075,,869.03335,
865.3912,,869.06235,
865.447025,,869.102725,
865.521075,,869.155275,
865.587225,,869.217675,
865.7163,,869.341075,
866.2124,,869.47105,
866.341,,869.507775,
866.611275,,869.571,
866.67525,,869.600275,
866.74175,,869.645775,
866.833575,,869.6895,
866.902275,,869.761275,
866.9518,,869.90075,
867.1914,,869.95205,
867.474825,,870.13725,
867.9649,,870.3825,
868.84035,,870.542725,
868.893925,,870.58355,
868.944775,,870.679575,
868.989075,,870.7765,
869.011675,,870.83565,
869.016925,,870.8972,
869.074775,,871.533025,
869.119075,,872.74665,
869.318675,,872.922075,
869.39015,,873.115875,
869.444025,,874.312975,
869.478725,,875.7245,
869.54195,,875.85735,
869.618325,,875.8927,
870.595825,,875.945675,
870.6404,,876.117125,
870.7196,,876.180175,
871.22875,,876.237325,
871.410275,,876.425,
871.473075,,876.524,
871.516425,,876.777725,
871.589,,876.898675,
871.612825,,877.004475,
871.650075,,877.1587,
872.314475,,877.297725,
872.433075,,877.467175,
872.55795,,878.929975,
872.586875,,879.1569,
872.648825,,879.23565,
872.714225,,879.28525,
872.7771,,879.3467,
872.9087,,879.3865,
872.973825,,879.428125,
873.032675,,879.544825,
873.189625,,879.6458,
873.2542,,879.6692,
873.33175,,879.787225,
873.39505,,879.9223,
874.887375,,879.94935,
875.095825,,880.06555,
875.176425,,880.21375,
875.301625,,880.27405,
875.5289,,880.33325,
875.6574,,880.404125,
875.723875,,880.51845,
875.76895,,881.957575,
875.830075,,882.96695,
875.84265,,883.028775,
875.863575,,883.092875,
875.93035,,883.133475,
876.05025,,883.17515,
876.07565,,883.2298,
876.2337,,883.279375,
876.3365,,883.31195,
876.61405,,883.455425,
876.694175,,883.59695,
876.906575,,883.884825,
877.2105,,883.9773,
877.41545,,884.037,
877.52455,,884.11495,
877.64935,,884.220725,
877.717075,,884.2903,
877.78255,,884.433625,
877.821825,,884.57985,
877.959425,,884.85045,
878.0572,,884.9377,
878.130275,,885.13845,
878.2142,,886.695625,
878.2722,,886.79755,
878.333575,,887.02575,
878.4468,,887.39015,
878.54775,,888.138775,
879.073475,,888.2339,
879.11985,,888.306875,
879.2438,,888.366375,
879.400425,,888.4389,
879.432825,,888.507225,
879.487775,,888.6032,
879.755325,,889.025925,
879.865625,,889.226475,
880.4514,,890.86175,
880.519425,,891.004375,
880.57235,,891.2085,
880.7236,,891.2752,
880.78975,,891.361575,
881.483875,,891.437175,
881.6036,,891.495825,
882.841475,,891.53755,
882.90335,,891.590675,
882.94085,,891.656425,
882.98695,,891.784475,
882.988975,,891.8374,
883.114525,,892.0076,
883.162475,,892.056475,
883.200675,,892.165425,
883.28365,,892.216725,
883.374175,,892.288225,
883.4613,,892.395,
883.539425,,892.8477,
883.6548,,892.89205,
883.776,,892.940725,
883.837875,,892.964325,
883.91695,,893.011475,
884.072375,,893.057075,
884.3112,,893.26505,
884.355975,,894.31865,
884.400475,,895.13485,
884.471425,,895.395625,
884.5216,,896.319975,
884.559575,,896.3607,
884.674525,,896.398875,
884.832075,,896.5354,
884.90885,,896.628675,
885.289875,,896.9275,
885.35135,,896.9919,
885.3954,,897.074875,
885.458325,,897.1601,
885.562825,,897.24295,
886.713,,897.3253,
886.787625,,897.362925,
886.8537,,897.39475,
886.935925,,897.560375,
887.000575,,897.586325,
887.406325,,897.817325,
888.09175,,897.8673,
888.154,,897.97815,
888.198,,898.168475,
888.2224,,898.359125,
888.449675,,899.8607,
888.4558,,,
888.53135,,,
888.623875,,,
888.761875,,,
888.828425,,,
888.97165,,,
889.01015,,,
889.059175,,,
889.110075,,,
889.346275,,,
889.402425,,,
889.46455,,,
889.612375,,,
889.82255,,,
889.941125,,,
890.02735,,,
890.0799,,,
890.22305,,,
890.83225,,,
890.85785,,,
890.87875,,,
890.944025,,,
891.00515,,,
891.034875,,,
891.215325,,,
891.2678,,,
891.363125,,,
891.408025,,,
891.503875,,,
891.82445,,,
891.909175,,,
891.98015,,,
892.1914,,,
892.222975,,,
892.449175,,,
892.53075,,,
892.610725,,,
892.68215,,,
892.819725,,,
892.884775,,,
892.9206,,,
893.1786,,,
893.2226,,,
894.995425,,,
895.1187,,,
895.2084,,,
895.212625,,,
896.2973,,,
896.350425,,,
896.391175,,,
896.443575,,,
896.592425,,,
896.74265,,,
896.771225,,,
896.947525,,,
897.230375,,,
897.30955,,,
897.46675,,,
897.955875,,,
898.04135,,,
898.12045,,,
898.179875,,,
900.1493,,,
