SPK_SPKC08a,SPK_SPKC11a,SPK_SPKC15a
90.206375,90.379325,90.049125
90.4311,90.58095,90.1268
90.6754,91.027075,90.1759
91.78265,91.2842,90.2218
91.960275,91.593475,90.279
92.6715,91.64055,90.32075
92.69195,92.08485,90.3634
93.3967,92.37735,90.381475
93.430975,92.468575,90.399575
93.432725,93.61755,90.4171
93.45745,93.632625,90.4345
94.560775,93.7704,90.451825
94.586525,94.066325,90.4998
94.599275,95.303625,90.526225
94.68275,96.514675,90.5541
94.94,96.58605,90.578325
95.452875,96.69135,90.622275
96.199325,97.262,90.668725
96.3004,97.52935,90.726275
96.482125,98.278025,90.775175
96.7038,98.296425,90.79125
97.42875,98.7854,90.813575
97.517275,98.796525,90.8396
97.550975,98.829225,90.8634
97.75815,99.176975,90.88435
98.17735,99.514375,90.902375
98.307675,99.5946,90.9221
98.443325,99.6679,90.937275
98.9177,99.7823,90.985425
99.2253,99.811125,91.003325
99.261975,100.18885,91.017775
99.29165,100.2104,91.0308
99.5161,100.46105,91.051525
99.539675,100.86205,91.075
99.7332,100.97515,91.0969
100.155175,101.004975,91.113975
100.2336,101.045925,91.145775
100.276325,101.165325,91.16525
100.417275,101.184475,91.18545
100.678225,101.2032,91.2003
101.129475,101.24175,91.2104
101.173425,101.4218,91.25145
101.871275,101.4776,91.26085
101.93405,101.56375,91.271975
101.935125,101.720325,91.285125
102.091625,101.728575,91.299775
102.230975,101.95935,91.325875
102.4108,101.98575,91.3481
102.490225,102.002,91.375625
102.835425,102.42565,91.401475
102.879225,102.48995,91.447625
102.904575,102.58195,91.4706
103.334175,102.660625,91.4947
103.59475,102.7876,91.52185
103.7202,102.910025,91.548775
103.741825,103.040775,91.618
103.7931,103.08785,91.636125
103.96245,103.1424,91.649125
104.0303,103.152725,91.668475
104.16165,103.247075,91.686175
104.274525,103.298725,91.707375
105.255,103.46255,91.716925
106.208675,103.679475,91.7618
106.3735,103.736325,91.773325
106.66125,103.77125,91.79805
107.0124,104.188775,91.8156
107.04855,104.3068,91.83345
107.11725,104.30795,91.844775
107.1864,104.515625,91.867625
107.4426,104.73775,91.881575
107.6544,104.76035,91.9022
107.803625,105.30095,91.934875
108.293825,105.364775,91.953825
108.442975,105.40215,91.97815
108.4673,105.463525,92.0134
108.901475,105.51155,92.033175
108.962025,105.526525,92.047825
109.285075,105.757375,92.070675
109.460025,105.835225,92.095125
109.713825,105.883425,92.1117
109.9211,106.030075,92.1216
110.0256,106.1282,92.135775
110.243175,106.59035,92.16145
110.3549,106.77985,92.1815
110.52775,107.0042,92.211725
110.5648,107.201625,92.237625
110.583725,107.207375,92.276475
110.60965,107.27075,92.29615
110.701575,107.408375,92.316025
110.9581,107.500825,92.340575
111.597225,107.841275,92.36705
111.8512,107.8431,92.39935
112.244475,107.93205,92.4142
112.81025,107.952875,92.427925
113.12405,107.98705,92.445675
113.3249,108.1546,92.464475
113.443175,108.173625,92.5405
113.4968,108.245775,92.623725
113.55025,108.448125,92.67235
114.0502,108.45705,92.70675
114.516575,108.49095,92.725575
114.659625,108.70605,92.754025
114.87485,108.740325,92.77145
115.281325,108.81005,92.784475
115.521025,108.874525,92.80905
116.317575,108.994025,92.8381
116.532975,109.015,92.86915
116.693525,109.146275,92.903075
116.7969,109.198425,92.934175
117.22815,109.235,92.97695
117.2883,109.9644,93.008125
118.1839,110.154875,93.044225
118.4627,110.1818,93.078875
118.656425,110.356825,93.115175
119.56545,110.378275,93.145
119.6371,110.4162,93.169875
119.7384,110.43005,93.253
119.77645,110.446175,93.336375
120.063925,110.623825,93.402425
120.135025,110.646325,93.42055
120.569575,110.712375,93.4387
120.937625,110.76545,93.451275
120.95725,110.836975,93.4644
121.305225,110.89665,93.4829
121.503575,111.0863,93.5017
121.538075,111.22435,93.52885
121.735725,111.4212,93.54565
122.263475,111.61245,93.558375
123.241575,111.696425,93.589775
124.436475,111.76005,93.613475
124.603275,111.8617,93.6361
125.1537,111.97225,93.65265
125.891925,112.070225,93.675275
126.789275,112.2644,93.701975
126.990575,112.399075,93.724225
127.0991,112.785875,93.76965
127.1274,113.274825,93.801825
127.7729,113.315125,93.8451
127.8454,113.333425,93.885275
128.981225,113.683325,93.916825
129.066025,113.702425,93.944575
129.509825,113.861075,93.9682
129.52875,113.9044,93.98525
130.277075,114.36425,93.992025
130.63285,114.392875,93.996575
130.915125,114.609325,94.013275
130.955525,114.700325,94.02015
131.207375,114.8221,94.04045
131.249475,114.93905,94.054
131.30715,115.15015,94.087
131.4613,115.23195,94.129925
131.520575,115.26765,94.1546
131.632325,115.3268,94.183775
132.0192,115.421275,94.2056
132.220375,115.5789,94.222475
132.867875,115.64855,94.244125
132.9018,115.698375,94.262425
133.184875,115.750625,94.281875
133.368625,115.846275,94.2944
134.3353,115.8809,94.3054
134.3747,115.8989,94.333075
134.595775,115.9386,94.3744
134.9392,116.336,94.403425
135.343025,116.387675,94.449125
135.367025,116.453625,94.522025
135.569525,116.695975,94.553525
135.714575,116.76155,94.57445
136.128725,116.82565,94.5875
136.562,116.900625,94.608975
136.70855,116.9188,94.619675
136.769925,116.947375,94.636
136.97105,116.98435,94.672
137.254275,117.0136,94.694225
138.00345,117.069275,94.729925
138.2471,117.16485,94.757125
139.01375,117.272975,94.79015
139.128975,117.33255,94.84215
139.660825,117.460225,94.8844
140.021975,117.579225,94.898325
140.12205,117.69975,94.916525
140.312625,117.783075,94.950875
140.375525,117.81995,95.008225
140.579625,117.931875,95.062575
140.7142,117.96195,95.104775
140.84625,118.034725,95.147425
141.583275,118.1272,95.19425
141.8948,118.151525,95.22525
142.523,118.176575,95.23295
142.5675,118.223225,95.2525
142.997075,118.265625,95.2812
143.111225,118.450025,95.294025
143.676425,118.5284,95.321075
143.802825,118.5771,95.3474
144.1498,118.755025,95.36975
144.76865,118.782125,95.3903
144.785275,118.846675,95.398975
144.97715,118.881475,95.4109
145.0183,118.9591,95.4682
145.092875,119.026525,95.53635
145.490475,119.0337,95.582525
145.62865,119.061675,95.602675
145.72355,119.103575,95.638475
146.0666,119.121675,95.6881
146.12655,119.1733,95.714225
146.513675,119.29115,95.743875
146.715875,119.327,95.785075
146.99775,119.36235,95.828425
147.2692,119.383925,95.940425
147.291125,119.41045,95.981575
147.327075,119.59,96.034
147.63985,119.6591,96.098525
147.70545,119.772525,96.17035
147.801325,119.785,96.199075
148.207425,119.82175,96.216025
148.39255,119.844325,96.246275
148.577475,119.913025,96.297525
148.698425,120.10585,96.379125
149.0247,120.13485,96.475375
149.300275,120.164625,96.538775
149.47865,120.212,96.55665
149.643025,120.268075,96.5876
150.100375,120.4281,96.616425
150.163175,120.4599,96.65945
150.187975,120.5481,96.71495
150.246175,120.578725,96.787125
150.432075,120.624525,96.9328
150.9056,120.66945,96.9561
151.170075,120.685775,96.978875
151.20655,120.742975,96.99845
151.482825,120.850175,97.0293
151.625875,120.8779,97.07305
151.681075,120.949375,97.14795
151.7755,121.020775,97.22605
151.8905,121.11255,97.260925
151.95595,121.405975,97.270925
152.3854,121.456675,97.276025
152.742225,121.52525,97.283525
152.773375,121.572175,97.2896
152.94895,121.62165,97.29305
153.0439,121.6252,97.29795
153.233325,121.829925,97.316175
153.26055,121.8969,97.33195
153.394025,121.96065,97.362175
153.854075,121.9913,97.39165
153.92485,122.018225,97.410825
154.29635,122.11235,97.425075
154.3017,122.151675,97.4372
154.401925,122.20375,97.45395
154.830425,122.228475,97.487
154.84255,122.251925,97.5203
155.301825,122.2611,97.560575
155.321575,122.28665,97.5834
155.401025,122.3737,97.6043
155.4141,122.4027,97.62215
155.45435,122.431725,97.6456
155.824975,122.554925,97.695925
155.890125,122.5748,97.723825
156.042725,122.603025,97.74405
156.046975,122.64745,97.761275
156.0906,122.650375,97.778325
156.19645,122.742875,97.790425
156.37955,122.759675,97.806375
156.40595,122.8034,97.82595
156.48165,122.836975,97.84175
156.62035,122.896425,97.856725
156.978425,122.911625,97.87405
157.3597,122.920225,97.8937
157.78565,122.96255,97.927925
157.83825,123.279425,97.980225
158.107225,123.372075,98.00325
158.400775,123.40775,98.034825
158.985425,123.445225,98.05735
159.698475,123.47045,98.07425
159.805375,123.5614,98.103875
159.8447,123.56345,98.137625
160.027125,123.61675,98.16045
160.047475,123.674875,98.1869
160.228125,123.7348,98.203625
160.728925,123.73825,98.2238
160.753025,123.9454,98.239775
160.82575,123.998625,98.261525
160.9796,124.0231,98.287225
161.025475,124.177225,98.306425
161.07215,124.19555,98.337275
161.11895,124.2314,98.36215
161.5192,124.2628,98.38135
161.596875,124.269275,98.40355
161.6194,124.316075,98.431475
161.994725,124.326875,98.4626
162.045,124.35605,98.49855
162.24755,124.378625,98.52835
162.316,124.50725,98.574275
162.335925,124.55355,98.602725
162.5502,124.65655,98.619625
163.00355,124.685975,98.636675
163.018275,124.746425,98.656175
163.037475,124.7491,98.685075
163.0842,124.838675,98.716075
163.123825,124.912275,98.742475
163.544825,124.9992,98.77205
163.56365,125.066675,98.79265
163.958025,125.124375,98.800275
164.199,125.198775,98.81605
164.37335,125.244725,98.855625
164.397025,125.402775,98.880425
164.615525,125.4517,98.93415
164.633575,125.52875,98.965525
164.692925,125.560775,98.9938
164.752,125.677425,99.037125
164.80785,125.8714,99.0835
164.86735,125.8897,99.109075
164.953175,125.996775,99.15915
165.14645,126.0213,99.1979
165.324425,126.2093,99.22935
165.638475,126.23365,99.2586
166.2721,126.309475,99.285525
166.524925,126.482525,99.318925
166.581875,126.5557,99.352875
166.9703,126.570075,99.41025
167.009125,126.578725,99.459675
167.05235,126.7137,99.483975
167.495875,126.811725,99.503475
167.925075,126.8514,99.51595
167.979475,127.010175,99.5346
168.092975,127.0498,99.5746
168.308475,127.052175,99.6227
168.354475,127.067075,99.66155
168.51515,127.1059,99.69165
168.5911,127.1231,99.727075
168.74485,127.167475,99.753325
168.7731,127.17315,99.7807
168.813925,127.191425,99.812425
168.933175,127.2242,99.840175
169.166625,127.236625,99.918625
169.195825,127.299225,99.99745
169.407975,127.407125,100.12035
169.429625,127.463875,100.13835
169.6642,127.544,100.1532
170.243725,127.5791,100.1833
170.5597,127.765575,100.222575
170.64585,127.88815,100.250125
170.68625,128.00755,100.277375
170.7724,128.107,100.301175
170.803525,128.266825,100.330875
170.9545,128.288125,100.368775
171.007725,128.319775,100.428075
171.34495,128.336425,100.473375
171.3848,128.3912,100.532575
171.496825,128.4171,100.584525
171.5266,128.541175,100.630475
172.042275,128.9219,100.664475
172.4779,129.00385,100.696525
172.481125,129.004825,100.727175
172.5258,129.1016,100.7728
172.581775,129.275475,100.81855
172.681275,129.5353,100.8518
172.796525,129.6046,100.887025
172.878775,129.671625,100.921075
173.0232,129.80235,100.9493
173.08345,129.85455,100.965825
173.1503,129.93745,100.9818
173.2357,129.958275,100.99165
173.3131,130.0394,101.02125
173.331525,130.0438,101.045225
173.6301,130.054875,101.058425
173.766025,130.16295,101.066375
174.155725,130.188725,101.07395
174.16415,130.2348,101.09885
174.190075,130.341375,101.11835
174.39145,130.35705,101.132875
174.6677,130.365825,101.162325
174.835425,130.594225,101.1775
175.159425,130.6303,101.202225
175.17365,130.6789,101.2216
175.351,130.7251,101.249975
175.625025,130.7582,101.28075
175.934075,130.780525,101.30185
176.249175,130.955425,101.337875
176.56485,131.025,101.361275
176.596325,131.067975,101.3866
176.883275,131.113825,101.410225
177.3912,131.222125,101.438425
177.5983,131.296525,101.463075
177.7398,131.355225,101.49235
177.81165,131.438925,101.507675
178.586775,131.524725,101.5266
178.609,131.5834,101.566125
178.68435,131.65075,101.58895
178.960575,131.674725,101.621025
179.02175,131.7032,101.64825
179.1838,131.794325,101.66095
179.208725,131.83735,101.68115
179.222525,131.858325,101.689375
179.431225,131.946775,101.704625
179.4386,131.981225,101.7175
179.7948,132.01355,101.725475
179.80055,132.07925,101.735075
179.84415,132.122975,101.75265
179.859225,132.277725,101.763975
179.877625,132.36295,101.777325
,132.403525,101.79285
,132.43295,101.80105
,132.493375,101.8159
,132.756,101.8332
,132.828375,101.8529
,132.873625,101.8821
,132.909025,101.892475
,132.9485,101.9049
,133.007625,101.909125
,133.04655,101.913775
,133.1202,101.91855
,133.239225,101.9211
,133.280975,101.926325
,133.324575,101.933125
,133.382775,101.93655
,133.410775,101.943025
,133.610825,101.950725
,133.641775,101.956325
,133.655075,101.968
,133.713775,101.976725
,133.749625,101.99425
,134.1863,102.015925
,134.320075,102.03185
,134.38415,102.03945
,134.409075,102.05015
,134.5053,102.062725
,134.55445,102.074175
,134.59015,102.08255
,134.773275,102.095525
,134.8342,102.10305
,134.88355,102.113575
,134.905225,102.128225
,134.944025,102.1491
,134.99055,102.1634
,135.02725,102.183975
,135.195525,102.20805
,135.2285,102.230575
,135.343475,102.260025
,135.42035,102.276775
,135.499525,102.293825
,135.5248,102.307125
,135.54945,102.314925
,135.5902,102.32895
,135.616075,102.341925
,135.68455,102.358175
,135.70285,102.369975
,135.714775,102.40345
,135.776475,102.433425
,135.871425,102.4464
,135.905225,102.460125
,135.9838,102.46865
,136.015525,102.47995
,136.043625,102.48985
,136.155775,102.5006
,136.1746,102.5068
,136.199525,102.5119
,136.338975,102.5199
,136.365925,102.5278
,136.377375,102.53525
,136.464775,102.54535
,136.80195,102.562575
,136.9188,102.576575
,136.98095,102.598275
,137.010725,102.61885
,137.0817,102.631025
,137.1108,102.643675
,137.171675,102.658325
,137.1871,102.6729
,137.24125,102.705275
,137.4369,102.718675
,137.4653,102.742125
,137.5222,102.756275
,137.583325,102.773575
,137.73335,102.789525
,137.9129,102.80455
,137.94035,102.8211
,137.9609,102.864475
,138.017175,102.876725
,138.0225,102.8944
,138.615,102.90775
,138.8232,102.9172
,138.846125,102.9287
,138.86055,102.945075
,138.895175,102.95795
,138.9138,102.976275
,138.9348,102.994525
,138.950825,103.02645
,138.979475,103.049875
,139.004,103.06705
,139.01535,103.0857
,139.04215,103.123725
,139.117825,103.143
,139.174375,103.160375
,139.1981,103.178
,139.212175,103.1902
,139.23265,103.2056
,139.260575,103.223975
,139.3119,103.240125
,139.3873,103.258875
,139.4124,103.272825
,139.45395,103.2891
,139.499075,103.31005
,139.528575,103.3253
,139.564975,103.339575
,139.59255,103.3544
,139.5967,103.365975
,139.61135,103.383425
,139.901225,103.4045
,139.9398,103.423275
,139.975075,103.4426
,140.010175,103.4595
,140.049175,103.47455
,140.07575,103.488275
,140.1222,103.5067
,140.156275,103.526425
,140.18205,103.5532
,140.291275,103.585025
,140.341975,103.60165
,140.374375,103.62485
,140.485025,103.641125
,140.54325,103.655025
,140.574725,103.671425
,140.584075,103.679325
,140.620125,103.69105
,140.6375,103.702325
,140.695575,103.7127
,140.728025,103.72575
,140.7587,103.741575
,140.947675,103.75285
,141.01115,103.767475
,141.01625,103.781625
,141.039175,103.80085
,141.0583,103.8348
,141.101625,103.860675
,141.1449,103.8829
,141.164575,103.91865
,141.195525,103.9384
,141.239575,103.95825
,141.375025,103.97085
,141.40295,103.994375
,141.45585,104.0165
,141.490325,104.03615
,141.5411,104.05305
,141.558675,104.06675
,141.615675,104.087175
,141.619725,104.10435
,141.64675,104.1263
,141.6531,104.142875
,141.671325,104.152475
,141.709125,104.164175
,141.925275,104.1755
,141.9942,104.1893
,142.0837,104.213425
,142.10615,104.226825
,142.11765,104.25405
,142.1431,104.2762
,142.159075,104.291025
,142.1846,104.31335
,142.202175,104.345475
,142.2632,104.4028
,142.290575,104.443775
,142.344625,104.473875
,142.4592,104.485925
,142.7359,104.50085
,142.75915,104.5219
,142.77475,104.554175
,143.085775,104.593125
,143.10235,104.629375
,143.114475,104.66425
,143.35025,104.694725
,143.520625,104.715775
,143.58615,104.7366
,143.610275,104.77215
,143.652375,104.805375
,143.6735,104.839825
,143.740225,104.874
,143.7841,104.9045
,143.7867,104.935475
,143.82635,104.9623
,143.851675,104.98815
,143.9094,105.018875
,143.9139,105.08075
,143.933625,105.158825
,143.956,105.232175
,143.994375,105.270525
,144.03535,105.29675
,144.058525,105.3188
,144.08135,105.339175
,144.113,105.363225
,144.1295,105.3954
,144.17575,105.4115
,144.21575,105.428175
,144.219825,105.453575
,144.253425,105.4679
,144.27605,105.49215
,144.316475,105.519025
,144.359075,105.53895
,144.378525,105.55595
,144.3804,105.582725
,144.404775,105.614475
,144.40905,105.644325
,144.43775,105.669275
,144.45645,105.6891
,144.487375,105.7046
,144.4921,105.717325
,144.558725,105.734125
,144.607125,105.754775
,144.82005,105.775275
,144.87495,105.789
,145.02005,105.796775
,145.035175,105.810525
,145.130925,105.8262
,145.24795,105.859275
,145.260625,105.897475
,145.5446,105.92
,145.6092,105.9284
,145.629925,105.93845
,145.6409,105.947825
,145.65515,105.96965
,145.69805,105.98445
,145.7196,106.0048
,145.7429,106.0329
,145.76575,106.0658
,145.971925,106.092125
,145.983375,106.12015
,145.99275,106.1501
,146.0058,106.17005
,146.0222,106.207
,146.040525,106.24465
,146.0714,106.290125
,146.097825,106.3246
,146.115775,106.360975
,146.13675,106.396025
,146.16575,106.4333
,146.390025,106.465825
,146.409325,106.509
,146.4253,106.531675
,146.4384,106.581075
,146.45435,106.61615
,146.504375,106.66285
,146.585175,106.710625
,146.60315,106.733275
,146.744225,106.757675
,146.76295,106.78315
,146.82655,106.8084
,146.8356,106.83575
,146.885375,106.87675
,146.916,106.911375
,146.9456,106.9688
,147.008725,107.012125
,147.035175,107.06305
,147.083,107.10005
,147.10005,107.1171
,147.13225,107.138175
,147.160125,107.161125
,147.204975,107.194525
,147.2439,107.220425
,147.344325,107.2487
,147.347225,107.2765
,147.394575,107.30625
,147.5797,107.331225
,147.61655,107.37825
,147.628425,107.397125
,147.65765,107.4191
,147.676625,107.445825
,147.760525,107.460325
,147.781925,107.477075
,147.812675,107.4953
,147.835275,107.510975
,147.894775,107.541175
,147.9203,107.568275
,147.9964,107.5895
,148.0294,107.631225
,148.0598,107.66585
,148.09945,107.737425
,148.151325,107.76725
,148.195975,107.8097
,148.2681,107.842075
,148.3177,107.872175
,148.336625,107.8886
,148.398025,107.93625
,148.570225,107.988625
,148.61835,108.0152
,148.645825,108.0359
,148.692425,108.06075
,148.7501,108.0782
,148.829175,108.110025
,148.99945,108.15155
,149.058575,108.171775
,149.071125,108.196125
,149.0839,108.21405
,149.09,108.248825
,149.10395,108.26695
,149.12535,108.287775
,149.160525,108.30845
,149.20375,108.336875
,149.225825,108.3686
,149.394025,108.39685
,149.423325,108.417675
,149.4881,108.436125
,149.5195,108.457275
,149.532625,108.4837
,149.538575,108.504425
,149.5608,108.51855
,149.612775,108.5455
,149.733175,108.569475
,149.7725,108.596275
,149.7902,108.617975
,149.815825,108.635675
,149.8585,108.65685
,149.906,108.68935
,149.940525,108.7169
,149.9932,108.738575
,150.13645,108.7625
,150.164925,108.790625
,150.246725,108.82045
,150.37115,108.864375
,150.394025,108.909525
,150.42765,108.926725
,150.459825,108.950875
,150.55025,108.975175
,150.62055,108.99905
,150.63795,109.0258
,150.687425,109.05
,150.688525,109.097175
,150.739425,109.1154
,150.822525,109.14405
,150.87595,109.1586
,150.905075,109.18375
,150.92515,109.205725
,150.953375,109.23425
,151.013325,109.2637
,151.19755,109.29555
,151.245575,109.323525
,151.283675,109.348875
,151.3246,109.374225
,151.422825,109.396375
,151.7586,109.419275
,151.9491,109.459925
,151.95865,109.48885
,152.0177,109.51535
,152.04525,109.54215
,152.06265,109.57425
,152.077475,109.620975
,152.274125,109.65145
,152.347175,109.683325
,152.3595,109.709775
,152.40105,109.7108
,152.444725,109.7266
,152.51935,109.73825
,152.5481,109.758125
,152.59795,109.7761
,152.61405,109.819325
,152.6481,109.84935
,152.676925,109.88
,152.70105,109.895425
,152.704575,109.911675
,152.72685,109.943125
,152.765875,110.009225
,152.83055,110.03205
,152.936175,110.069475
,152.953175,110.11015
,152.984175,110.15145
,153.07095,110.188725
,153.160125,110.20645
,153.26155,110.229675
,153.342675,110.247225
,153.642075,110.270825
,153.8674,110.3036
,153.8775,110.326875
,153.924925,110.343675
,153.95045,110.35805
,154.010325,110.382725
,154.024225,110.40405
,154.049175,110.429125
,154.226475,110.455775
,154.246325,110.486725
,154.253475,110.50425
,154.259125,110.50795
,154.2839,110.53035
,154.288325,110.555925
,154.30135,110.57335
,154.3069,110.59695
,154.3176,110.6267
,154.3275,110.651
,154.3499,110.676225
,154.365,110.71215
,154.373825,110.747575
,154.383425,110.77745
,154.395075,110.8013
,154.4016,110.815675
,154.41315,110.834425
,154.655775,110.86055
,154.752575,110.897575
,154.800925,110.918625
,154.854925,110.95035
,154.879225,110.97935
,154.893975,111.0078
,154.8993,111.0295
,154.906225,111.0528
,154.935525,111.06915
,154.95635,111.08845
,154.9636,111.13005
,154.97695,111.14385
,154.99645,111.16605
,155.003725,111.193175
,155.029125,111.208
,155.056225,111.2408
,155.2966,111.269325
,155.30915,111.323975
,155.32735,111.400625
,155.372175,111.44855
,155.408,111.489025
,155.4094,111.51255
,155.42945,111.530475
,155.43535,111.564225
,155.4372,111.6035
,155.4451,111.640175
,155.449325,111.6555
,155.482225,111.67405
,155.495675,111.6976
,155.53515,111.716075
,155.558475,111.74185
,155.81015,111.77515
,155.84025,111.8058
,155.863425,111.841325
,155.871525,111.877425
,155.88515,111.899725
,155.91355,111.927225
,155.924225,111.95605
,155.939725,111.979425
,155.954425,112.003525
,155.9622,112.0473
,156.0723,112.095075
,156.096575,112.121725
,156.1136,112.137925
,156.122725,112.17565
,156.12865,112.201875
,156.174425,112.246075
,156.20965,112.2769
,156.2295,112.313825
,156.3261,112.3406
,156.447675,112.3677
,156.4799,112.404075
,156.5594,112.446375
,156.572425,112.47015
,156.592875,112.506175
,156.5988,112.53235
,156.60885,112.574525
,156.631425,112.615225
,156.6528,112.653225
,156.697175,112.688675
,156.707875,112.723425
,156.94145,112.7456
,156.960025,112.77945
,156.9622,112.80455
,156.965075,112.849775
,156.973125,112.91175
,156.974325,112.955325
,156.983175,112.986525
,157.001575,113.022475
,157.00495,113.0494
,157.00875,113.075725
,157.013025,113.110275
,157.04245,113.14895
,157.2421,113.17345
,157.251675,113.203575
,157.26025,113.2238
,157.274075,113.2763
,157.279975,113.310325
,157.3262,113.334725
,157.355025,113.380375
,157.37815,113.404325
,157.384625,113.4277
,157.388875,113.449025
,157.42145,113.469625
,157.45375,113.48775
,157.47305,113.514
,157.517725,113.53575
,157.523975,113.55385
,157.557225,113.5718
,157.7882,113.581075
,157.823275,113.593325
,158.079225,113.60565
,158.12065,113.61535
,158.1248,113.64555
,158.136475,113.685475
,158.158275,113.714425
,158.370625,113.73505
,158.376225,113.770575
,158.391525,113.811725
,158.41725,113.841775
,158.43935,113.8692
,158.4494,113.898375
,158.45885,113.920075
,158.62985,113.955525
,158.650825,113.99155
,158.691975,114.0109
,158.703625,114.0373
,158.7626,114.05345
,158.893625,114.081375
,158.92075,114.1085
,158.951275,114.1393
,158.96725,114.169325
,158.99115,114.192925
,158.996725,114.21565
,159.0464,114.23625
,159.1508,114.263825
,159.173275,114.2969
,159.191825,114.3171
,159.44265,114.337725
,159.786525,114.348725
,159.81485,114.374775
,159.8639,114.402825
,159.891625,114.430075
,159.9858,114.46065
,160.103375,114.48565
,160.1637,114.51635
,160.383175,114.546875
,160.3989,114.573925
,160.4036,114.600375
,160.42185,114.617475
,160.82335,114.629875
,161.0179,114.646625
,161.045675,114.6723
,161.079575,114.691675
,161.10505,114.7227
,161.1143,114.7509
,161.140575,114.7847
,161.25435,114.8174
,161.2631,114.85
,161.3321,114.8776
,161.34735,114.9003
,161.390525,114.925625
,161.56875,114.942225
,161.6032,114.9581
,161.6235,114.983325
,161.624775,115.0074
,161.667325,115.028925
,161.684525,115.054375
,161.790475,115.101175
,161.8753,115.116975
,161.8846,115.157325
,162.237375,115.180475
,162.246025,115.20115
,162.247225,115.2257
,162.299375,115.251825
,162.306475,115.2721
,162.325775,115.29575
,162.330125,115.31835
,162.382175,115.33905
,162.387925,115.364775
,162.39995,115.389
,162.417175,115.403475
,162.431575,115.42435
,162.43725,115.434
,162.445375,115.448575
,162.48645,115.4615
,162.494025,115.473575
,162.552725,115.484175
,162.573875,115.500475
,162.64495,115.5139
,162.861375,115.536
,162.872075,115.550975
,162.88715,115.57375
,162.914925,115.598675
,162.9934,115.616325
,163.00845,115.633775
,163.02285,115.657125
,163.07985,115.68235
,163.106725,115.699675
,163.118675,115.72165
,163.129025,115.737225
,163.224075,115.75665
,163.228575,115.7713
,163.5011,115.783175
,163.5323,115.80645
,163.584575,115.82835
,163.604725,115.86335
,163.8287,115.8806
,163.838925,115.905375
,163.86245,115.9295
,163.86865,115.958425
,163.917675,115.980325
,163.947525,116.007375
,163.993575,116.0338
,164.0643,116.066425
,164.076975,116.085875
,164.087,116.097425
,164.108775,116.117875
,164.1287,116.138075
,164.144475,116.162775
,164.14665,116.190825
,164.1533,116.2158
,164.187375,116.2361
,164.21665,116.254
,164.232,116.27445
,164.287025,116.293925
,164.40355,116.3031
,164.601475,116.323875
,164.6843,116.33535
,164.69905,116.35715
,164.75345,116.375675
,164.826625,116.403
,164.83225,116.4274
,164.854775,116.45555
,164.857875,116.4784
,164.879525,116.5005
,165.034475,116.523325
,165.056525,116.551125
,165.05975,116.58305
,165.0916,116.630075
,165.323975,116.655075
,165.3425,116.6786
,165.34925,116.70215
,165.365425,116.723425
,165.374625,116.746525
,165.6046,116.7718
,165.616625,116.797425
,165.63105,116.824575
,165.635675,116.843575
,165.641725,116.859975
,165.668375,116.87745
,165.6825,116.8976
,165.709525,116.9193
,165.9462,116.94245
,165.9753,116.95995
,165.98105,116.98285
,166.24605,116.99915
,166.26675,117.012175
,166.274275,117.0246
,166.47225,117.038875
,166.503775,117.057175
,166.564875,117.0739
,166.623675,117.09435
,166.648675,117.109375
,166.697875,117.12805
,166.96025,117.1525
,167.076325,117.174225
,167.100875,117.1912
,167.118675,117.205425
,167.148275,117.22285
,167.15805,117.2429
,167.492725,117.265075
,167.530325,117.288175
,167.5708,117.305425
,167.596275,117.323525
,167.59785,117.343325
,167.623625,117.366
,167.634875,117.387675
,167.643075,117.41
,167.706175,117.432175
,167.904475,117.454225
,167.914675,117.464475
,167.943525,117.491425
,167.9469,117.5248
,167.949425,117.54765
,167.971375,117.56155
,167.9973,117.59005
,168.117125,117.6363
,168.184325,117.66775
,168.208475,117.70155
,168.310775,117.736125
,168.3567,117.762625
,168.498025,117.786125
,168.54015,117.809875
,168.548175,117.829875
,168.573175,117.855875
,168.62055,117.889975
,168.747425,117.93425
,169.1244,117.9606
,169.170225,117.986725
,169.211075,118.0111
,169.22885,118.036375
,169.41575,118.067125
,169.458175,118.09065
,169.5051,118.1099
,169.525325,118.138925
,169.57055,118.16995
,169.660725,118.18995
,169.73025,118.230875
,169.97175,118.259325
,169.985575,118.29585
,170.021775,118.332275
,170.08325,118.376675
,170.102375,118.398175
,170.12535,118.436575
,170.278975,118.478825
,170.5588,118.505075
,170.57375,118.522975
,170.59975,118.5572
,170.628225,118.59705
,170.6721,118.623425
,170.6895,118.65475
,170.717525,118.701
,170.736075,118.74775
,170.9487,118.80935
,171.010375,118.8343
,171.09975,118.854925
,171.163,118.879975
,171.49135,118.903125
,171.509825,118.92175
,171.74795,118.9684
,171.753775,119.004425
,171.758975,119.034475
,171.7703,119.060375
,171.78315,119.078525
,171.839,119.10585
,171.943325,119.12955
,172.048925,119.149175
,172.0613,119.1749
,172.209175,119.19105
,172.25675,119.222125
,172.2885,119.245825
,172.3808,119.28775
,172.485375,119.3118
,172.68555,119.334625
,172.698475,119.3766
,172.713925,119.39635
,172.760575,119.41385
,172.79635,119.44215
,172.937625,119.479725
,172.965975,119.50725
,172.987025,119.5325
,173.023975,119.55575
,173.03195,119.583425
,173.1058,119.60975
,173.17475,119.632175
,173.185825,119.659175
,173.211775,119.686175
,173.25525,119.709025
,173.273825,119.739925
,173.289,119.76375
,173.31375,119.79675
,173.318,119.82695
,173.3437,119.861725
,173.356975,119.890675
,173.37125,119.917575
,173.502525,119.94085
,173.573275,119.969725
,173.635675,120.007375
,173.652825,120.028725
,173.672125,120.056875
,173.736725,120.0814
,173.7804,120.100375
,173.837025,120.1303
,174.155275,120.164275
,174.1579,120.1983
,174.1661,120.2235
,174.27855,120.23735
,174.36625,120.263875
,174.422825,120.290675
,174.46165,120.318375
,174.498725,120.34495
,174.548775,120.374975
,174.55235,120.39295
,174.688825,120.424775
,174.7216,120.440325
,174.751625,120.45075
,174.7572,120.466675
,174.8037,120.482075
,174.8423,120.51665
,174.85995,120.5462
,174.9004,120.56965
,175.154425,120.593325
,175.175175,120.6042
,175.1884,120.619075
,175.19065,120.6302
,175.200225,120.64845
,175.349,120.66215
,175.388175,120.67465
,175.483275,120.68955
,175.706575,120.703725
,175.92635,120.718
,175.937475,120.734675
,175.94715,120.75675
,176.206475,120.775525
,176.21765,120.7926
,176.2246,120.816675
,176.23705,120.827925
,176.27235,120.838575
,176.291325,120.8493
,176.360325,120.85985
,176.361775,120.87135
,176.3748,120.87715
,176.41225,120.8896
,176.450575,120.905175
,176.599375,120.92635
,176.602725,120.950525
,176.679725,120.96435
,176.706075,120.9841
,176.783025,121.010325
,176.8096,121.02715
,176.8346,121.044025
,176.845025,121.06105
,176.866525,121.095525
,176.872725,121.122225
,176.9183,121.143
,177.1491,121.18855
,177.204325,121.2216
,177.358625,121.24915
,177.4153,121.2844
,177.45005,121.319675
,177.54135,121.34105
,177.591375,121.358475
,177.634525,121.385175
,177.6389,121.408175
,177.865875,121.426275
,177.9172,121.448525
,177.91835,121.4597
,177.999825,121.47245
,178.1675,121.486225
,178.2192,121.5012
,178.228775,121.52425
,178.26335,121.5513
,178.271575,121.572075
,178.597275,121.588475
,178.59915,121.6079
,178.672675,121.6301
,178.99035,121.645225
,179.0004,121.658675
,179.029075,121.684275
,179.050325,121.705075
,179.0861,121.732575
,179.1008,121.752125
,179.1277,121.773325
,179.1552,121.8191
,179.181575,121.8454
,179.21555,121.900575
,179.237025,121.923475
,179.287825,121.952375
,179.45345,121.9645
,179.487325,121.986575
,179.79595,122.0134
,179.80175,122.04185
,179.82585,122.064325
,179.836575,122.093775
,179.851625,122.119725
,,122.1487
,,122.174075
,,122.19305
,,122.2098
,,122.225625
,,122.243125
,,122.2794
,,122.30665
,,122.336
,,122.356275
,,122.382375
,,122.405
,,122.43035
,,122.457425
,,122.4841
,,122.502325
,,122.526125
,,122.558225
,,122.5818
,,122.6021
,,122.61455
,,122.6324
,,122.650175
,,122.6696
,,122.6872
,,122.701
,,122.721425
,,122.73705
,,122.757375
,,122.769125
,,122.79035
,,122.8086
,,122.82285
,,122.834
,,122.8478
,,122.86575
,,122.878625
,,122.89325
,,122.902325
,,122.915325
,,122.93175
,,122.94845
,,122.967525
,,122.988
,,123.004375
,,123.025575
,,123.0356
,,123.0527
,,123.07585
,,123.09015
,,123.109975
,,123.12595
,,123.138775
,,123.156975
,,123.1786
,,123.200325
,,123.227275
,,123.251225
,,123.27785
,,123.31055
,,123.35035
,,123.393075
,,123.41465
,,123.44685
,,123.47725
,,123.5098
,,123.532575
,,123.5612
,,123.595425
,,123.627125
,,123.649025
,,123.67695
,,123.703
,,123.7251
,,123.74655
,,123.77165
,,123.80145
,,123.84925
,,123.87245
,,123.89735
,,123.921425
,,123.9434
,,123.9685
,,123.986875
,,124.004975
,,124.02745
,,124.0525
,,124.079025
,,124.118875
,,124.14195
,,124.171025
,,124.191925
,,124.21935
,,124.237225
,,124.25455
,,124.270475
,,124.289575
,,124.31025
,,124.340125
,,124.361225
,,124.3866
,,124.403675
,,124.424575
,,124.44655
,,124.470775
,,124.486825
,,124.50435
,,124.522125
,,124.540575
,,124.573975
,,124.599875
,,124.6271
,,124.656025
,,124.693225
,,124.711875
,,124.7306
,,124.75105
,,124.778525
,,124.80205
,,124.8286
,,124.8672
,,124.89885
,,124.923625
,,124.9467
,,124.96865
,,124.990575
,,125.015725
,,125.059225
,,125.08455
,,125.1027
,,125.134625
,,125.1601
,,125.182075
,,125.211975
,,125.235675
,,125.26215
,,125.29995
,,125.33885
,,125.368775
,,125.393625
,,125.4225
,,125.451975
,,125.48665
,,125.5076
,,125.52295
,,125.547975
,,125.565725
,,125.589525
,,125.60645
,,125.629725
,,125.6576
,,125.683625
,,125.705025
,,125.735525
,,125.7604
,,125.78555
,,125.803075
,,125.8272
,,125.851425
,,125.85305
,,125.87435
,,125.8931
,,125.914625
,,125.9488
,,125.974475
,,125.99845
,,126.032825
,,126.06175
,,126.085
,,126.102275
,,126.125975
,,126.157675
,,126.18885
,,126.21555
,,126.264575
,,126.306325
,,126.332625
,,126.3777
,,126.40205
,,126.428375
,,126.454175
,,126.4852
,,126.517575
,,126.548975
,,126.561425
,,126.57425
,,126.584425
,,126.5917
,,126.604675
,,126.6212
,,126.6425
,,126.656575
,,126.683075
,,126.708175
,,126.736075
,,126.7543
,,126.776775
,,126.810575
,,126.83255
,,126.85775
,,126.895025
,,126.9329
,,126.96735
,,126.990475
,,127.018375
,,127.04255
,,127.07145
,,127.1017
,,127.128475
,,127.145275
,,127.1691
,,127.20315
,,127.225975
,,127.2518
,,127.288
,,127.307875
,,127.35305
,,127.398375
,,127.4203
,,127.44725
,,127.465925
,,127.498125
,,127.54265
,,127.5696
,,127.60875
,,127.631425
,,127.66435
,,127.690175
,,127.725575
,,127.75825
,,127.78915
,,127.8188
,,127.8409
,,127.885
,,127.925475
,,127.9577
,,128.001825
,,128.0403
,,128.078275
,,128.106025
,,128.148425
,,128.186925
,,128.20505
,,128.22235
,,128.24665
,,128.2632
,,128.310275
,,128.339
,,128.358325
,,128.3836
,,128.42
,,128.4497
,,128.479425
,,128.508425
,,128.522775
,,128.5537
,,128.5835
,,128.61825
,,128.650475
,,128.680725
,,128.716325
,,128.75585
,,128.8121
,,128.843125
,,128.886125
,,128.9242
,,128.95505
,,128.9878
,,129.0164
,,129.0584
,,129.0822
,,129.117675
,,129.150025
,,129.176775
,,129.233325
,,129.261725
,,129.295025
,,129.320425
,,129.363875
,,129.39775
,,129.449175
,,129.490675
,,129.519
,,129.5411
,,129.57575
,,129.616825
,,129.649025
,,129.6808
,,129.7182
,,129.756675
,,129.77935
,,129.812075
,,129.840225
,,129.87185
,,129.907575
,,129.9597
,,129.9934
,,130.02325
,,130.04615
,,130.075225
,,130.1049
,,130.15565
,,130.182925
,,130.214025
,,130.234625
,,130.26485
,,130.28605
,,130.30895
,,130.3243
,,130.353725
,,130.390575
,,130.435025
,,130.4614
,,130.4958
,,130.534475
,,130.571275
,,130.59865
,,130.626
,,130.6332
,,130.655775
,,130.68305
,,130.726825
,,130.77605
,,130.8097
,,130.8311
,,130.866475
,,130.889175
,,130.9085
,,130.9527
,,130.97655
,,130.999875
,,131.02585
,,131.06245
,,131.08525
,,131.11165
,,131.131475
,,131.15515
,,131.1805
,,131.2046
,,131.224475
,,131.242875
,,131.266375
,,131.3015
,,131.327375
,,131.345725
,,131.363575
,,131.39315
,,131.4159
,,131.439525
,,131.4606
,,131.484125
,,131.50665
,,131.527175
,,131.55645
,,131.581625
,,131.61365
,,131.6336
,,131.655775
,,131.669875
,,131.681075
,,131.699625
,,131.71625
,,131.739925
,,131.7693
,,131.8012
,,131.811825
,,131.8417
,,131.876125
,,131.9009
,,131.93475
,,131.959625
,,131.987275
,,132.008925
,,132.027525
,,132.046875
,,132.0698
,,132.0968
,,132.1339
,,132.15175
,,132.177175
,,132.1938
,,132.21885
,,132.24505
,,132.27125
,,132.283675
,,132.306025
,,132.329
,,132.3522
,,132.374025
,,132.38925
,,132.412
,,132.425225
,,132.44755
,,132.458475
,,132.4806
,,132.504175
,,132.539075
,,132.562925
,,132.58705
,,132.60035
,,132.636925
,,132.65745
,,132.69545
,,132.727275
,,132.75715
,,132.783625
,,132.813275
,,132.84085
,,132.87395
,,132.9016
,,132.9228
,,132.954975
,,132.987525
,,133.022175
,,133.048925
,,133.07295
,,133.09205
,,133.13175
,,133.150075
,,133.18095
,,133.2178
,,133.232375
,,133.2502
,,133.267975
,,133.295275
,,133.31265
,,133.339625
,,133.353925
,,133.384875
,,133.4197
,,133.436525
,,133.461725
,,133.47995
,,133.498
,,133.520075
,,133.53515
,,133.56655
,,133.583
,,133.6121
,,133.638625
,,133.6679
,,133.709925
,,133.7307
,,133.76225
,,133.798825
,,133.837925
,,133.8744
,,133.901325
,,133.9354
,,133.978725
,,133.997575
,,134.016225
,,134.030575
,,134.05555
,,134.07925
,,134.101725
,,134.12715
,,134.154475
,,134.181325
,,134.21325
,,134.236325
,,134.261625
,,134.2817
,,134.314875
,,134.344475
,,134.372125
,,134.3921
,,134.420875
,,134.4494
,,134.463775
,,134.484825
,,134.50795
,,134.546525
,,134.584225
,,134.617775
,,134.638025
,,134.665
,,134.690325
,,134.7085
,,134.729975
,,134.75245
,,134.770225
,,134.796025
,,134.816825
,,134.8445
,,134.880675
,,134.90585
,,134.943525
,,134.96625
,,134.98245
,,135.00225
,,135.023675
,,135.042
,,135.0621
,,135.09185
,,135.1226
,,135.1465
,,135.1726
,,135.19
,,135.20985
,,135.231175
,,135.248025
,,135.268475
,,135.300775
,,135.33045
,,135.361
,,135.398275
,,135.43355
,,135.46445
,,135.493125
,,135.521925
,,135.54845
,,135.576525
,,135.59275
,,135.618175
,,135.637425
,,135.65745
,,135.676775
,,135.6963
,,135.71045
,,135.72735
,,135.7461
,,135.771125
,,135.797975
,,135.8226
,,135.85285
,,135.86735
,,135.88615
,,135.904
,,135.922575
,,135.943975
,,135.958275
,,135.979475
,,136.004825
,,136.018925
,,136.031525
,,136.04705
,,136.063775
,,136.0849
,,136.107725
,,136.124525
,,136.152225
,,136.1778
,,136.199425
,,136.21395
,,136.224975
,,136.243975
,,136.27055
,,136.29015
,,136.313825
,,136.356925
,,136.3898
,,136.4137
,,136.43435
,,136.46895
,,136.497275
,,136.52295
,,136.547475
,,136.5526
,,136.580125
,,136.606875
,,136.624875
,,136.656425
,,136.689075
,,136.7228
,,136.740175
,,136.755125
,,136.780475
,,136.81745
,,136.839275
,,136.859375
,,136.88085
,,136.90495
,,136.92815
,,136.953825
,,136.977025
,,137.0073
,,137.02865
,,137.05145
,,137.0827
,,137.100725
,,137.12515
,,137.149775
,,137.181875
,,137.205425
,,137.242
,,137.263775
,,137.2892
,,137.31025
,,137.3402
,,137.387075
,,137.42375
,,137.462525
,,137.486
,,137.51
,,137.530125
,,137.547075
,,137.55895
,,137.58585
,,137.609525
,,137.6298
,,137.652525
,,137.688025
,,137.70805
,,137.72565
,,137.747575
,,137.775875
,,137.81565
,,137.84575
,,137.87865
,,137.90875
,,137.93055
,,137.953475
,,137.9883
,,138.011575
,,138.03515
,,138.063325
,,138.097175
,,138.157375
,,138.187325
,,138.2222
,,138.246725
,,138.284175
,,138.302925
,,138.33295
,,138.370225
,,138.3855
,,138.407475
,,138.45545
,,138.497925
,,138.52795
,,138.55865
,,138.5753
,,138.60295
,,138.637575
,,138.66285
,,138.706075
,,138.7581
,,138.79725
,,138.813525
,,138.8272
,,138.8365
,,138.8393
,,138.8529
,,138.875975
,,138.8965
,,138.93585
,,138.95305
,,138.965275
,,138.98555
,,139.019275
,,139.043275
,,139.06395
,,139.0922
,,139.109825
,,139.128775
,,139.149475
,,139.18075
,,139.207675
,,139.2367
,,139.2604
,,139.282575
,,139.3088
,,139.33385
,,139.346825
,,139.371025
,,139.387625
,,139.407325
,,139.4245
,,139.448075
,,139.465325
,,139.48345
,,139.50415
,,139.524375
,,139.548075
,,139.57935
,,139.598475
,,139.62065
,,139.6379
,,139.651275
,,139.67715
,,139.7068
,,139.73895
,,139.7634
,,139.7988
,,139.82485
,,139.85445
,,139.882475
,,139.9004
,,139.917
,,139.93195
,,139.95115
,,139.975425
,,140.010775
,,140.02675
,,140.05065
,,140.0817
,,140.1041
,,140.124
,,140.147075
,,140.164975
,,140.17745
,,140.196675
,,140.213275
,,140.23545
,,140.2523
,,140.287175
,,140.308975
,,140.331775
,,140.343275
,,140.373525
,,140.390975
,,140.420475
,,140.4373
,,140.4715
,,140.496025
,,140.52005
,,140.539075
,,140.5531
,,140.5767
,,140.59465
,,140.605025
,,140.61995
,,140.62295
,,140.627125
,,140.635025
,,140.6541
,,140.673375
,,140.69655
,,140.719825
,,140.730675
,,140.74345
,,140.7561
,,140.774025
,,140.7889
,,140.813225
,,140.831925
,,140.84815
,,140.86525
,,140.8824
,,140.89705
,,140.908775
,,140.9196
,,140.933975
,,140.94755
,,140.96125
,,140.983975
,,141.00805
,,141.02695
,,141.040725
,,141.053775
,,141.0734
,,141.086875
,,141.105275
,,141.1201
,,141.134375
,,141.1485
,,141.162025
,,141.1795
,,141.19815
,,141.2242
,,141.238875
,,141.258425
,,141.27395
,,141.282875
,,141.301725
,,141.314025
,,141.329525
,,141.340425
,,141.352575
,,141.365875
,,141.3759
,,141.383875
,,141.397275
,,141.411225
,,141.423625
,,141.4335
,,141.446525
,,141.4629
,,141.482975
,,141.4962
,,141.50795
,,141.525225
,,141.536575
,,141.548925
,,141.56815
,,141.58305
,,141.603825
,,141.622975
,,141.633225
,,141.651425
,,141.66665
,,141.6787
,,141.695025
,,141.70435
,,141.71315
,,141.73355
,,141.74755
,,141.77045
,,141.791625
,,141.807925
,,141.83605
,,141.85565
,,141.8745
,,141.8946
,,141.91235
,,141.936575
,,141.953775
,,141.980575
,,141.9976
,,142.018625
,,142.043125
,,142.069625
,,142.092425
,,142.122275
,,142.14055
,,142.16165
,,142.18305
,,142.2061
,,142.2276
,,142.2482
,,142.264
,,142.283025
,,142.302725
,,142.327575
,,142.348875
,,142.375425
,,142.392975
,,142.419975
,,142.4467
,,142.477675
,,142.5033
,,142.522175
,,142.545775
,,142.582
,,142.609075
,,142.62505
,,142.64615
,,142.6583
,,142.668775
,,142.68535
,,142.7033
,,142.718525
,,142.728075
,,142.742225
,,142.75365
,,142.78385
,,142.80475
,,142.835
,,142.868725
,,142.906325
,,142.9389
,,142.968475
,,142.9963
,,143.007475
,,143.019925
,,143.031125
,,143.0428
,,143.0506
,,143.0655
,,143.074675
,,143.085925
,,143.104475
,,143.154325
,,143.1808
,,143.201925
,,143.219325
,,143.23445
,,143.246875
,,143.27385
,,143.30505
,,143.3247
,,143.382875
,,143.418075
,,143.441275
,,143.4641
,,143.490475
,,143.5076
,,143.521975
,,143.547175
,,143.56445
,,143.59565
,,143.6202
,,143.63245
,,143.641275
,,143.661025
,,143.677475
,,143.698125
,,143.719525
,,143.745625
,,143.763725
,,143.78135
,,143.805175
,,143.8217
,,143.845125
,,143.860875
,,143.87855
,,143.892075
,,143.9145
,,143.946775
,,143.9732
,,143.9858
,,143.995375
,,144.004675
,,144.0168
,,144.0258
,,144.03925
,,144.0467
,,144.063125
,,144.085625
,,144.0991
,,144.113575
,,144.13465
,,144.14475
,,144.15675
,,144.171475
,,144.1883
,,144.20195
,,144.21795
,,144.227125
,,144.24105
,,144.260375
,,144.27705
,,144.298175
,,144.311825
,,144.321125
,,144.33345
,,144.34345
,,144.3532
,,144.367175
,,144.382775
,,144.396075
,,144.4137
,,144.43515
,,144.447775
,,144.4622
,,144.47285
,,144.490125
,,144.507425
,,144.5318
,,144.5454
,,144.56965
,,144.596025
,,144.61805
,,144.650025
,,144.693925
,,144.7326
,,144.758025
,,144.773675
,,144.790875
,,144.8028
,,144.8238
,,144.86425
,,144.888375
,,144.92225
,,144.9485
,,144.976625
,,144.998575
,,145.015675
,,145.03275
,,145.05795
,,145.078975
,,145.105025
,,145.138875
,,145.1539
,,145.166975
,,145.20465
,,145.23005
,,145.278075
,,145.2974
,,145.3165
,,145.33695
,,145.355775
,,145.3833
,,145.412075
,,145.44815
,,145.477525
,,145.49835
,,145.523275
,,145.553525
,,145.570925
,,145.58645
,,145.598825
,,145.6162
,,145.627225
,,145.642175
,,145.6603
,,145.693775
,,145.723225
,,145.7385
,,145.749025
,,145.765325
,,145.779225
,,145.823175
,,145.868225
,,145.929225
,,145.960175
,,145.97895
,,145.9933
,,146.006925
,,146.02325
,,146.03845
,,146.057225
,,146.072
,,146.0889
,,146.112525
,,146.131975
,,146.142975
,,146.15325
,,146.1645
,,146.18695
,,146.219975
,,146.28905
,,146.343475
,,146.366075
,,146.378825
,,146.392475
,,146.40445
,,146.41535
,,146.4269
,,146.43375
,,146.438575
,,146.444725
,,146.458575
,,146.4696
,,146.4861
,,146.49535
,,146.50785
,,146.513425
,,146.528575
,,146.548575
,,146.565825
,,146.58705
,,146.6046
,,146.626475
,,146.647925
,,146.664925
,,146.684075
,,146.706125
,,146.71755
,,146.7303
,,146.750125
,,146.763075
,,146.775975
,,146.791475
,,146.80945
,,146.8319
,,146.861325
,,146.898375
,,146.931425
,,146.9615
,,146.991375
,,147.026975
,,147.058
,,147.078675
,,147.108475
,,147.13815
,,147.154975
,,147.184475
,,147.217625
,,147.243325
,,147.2958
,,147.318175
,,147.3383
,,147.364275
,,147.39285
,,147.416375
,,147.45675
,,147.4887
,,147.51955
,,147.532325
,,147.538325
,,147.5465
,,147.55455
,,147.570675
,,147.5867
,,147.606075
,,147.6266
,,147.64095
,,147.65755
,,147.6708
,,147.685025
,,147.71415
,,147.7294
,,147.754
,,147.774725
,,147.78905
,,147.803775
,,147.819025
,,147.832675
,,147.851725
,,147.867225
,,147.88685
,,147.91275
,,147.928875
,,147.943475
,,147.96245
,,147.9818
,,147.9973
,,148.01615
,,148.032875
,,148.0509
,,148.067625
,,148.078525
,,148.1011
,,148.1216
,,148.1373
,,148.149425
,,148.15945
,,148.176175
,,148.188275
,,148.2051
,,148.224925
,,148.2403
,,148.267475
,,148.2895
,,148.305575
,,148.32145
,,148.3429
,,148.362975
,,148.378475
,,148.392375
,,148.40875
,,148.42505
,,148.43985
,,148.456725
,,148.48385
,,148.50075
,,148.52125
,,148.53235
,,148.556175
,,148.58035
,,148.593
,,148.60495
,,148.6148
,,148.6326
,,148.649075
,,148.667925
,,148.6844
,,148.704775
,,148.731775
,,148.761225
,,148.77935
,,148.80655
,,148.82395
,,148.8475
,,148.8718
,,148.901975
,,148.9266
,,148.9477
,,148.968575
,,148.981425
,,148.997475
,,149.016275
,,149.046925
,,149.079225
,,149.125625
,,149.163875
,,149.193675
,,149.217875
,,149.2417
,,149.271075
,,149.29855
,,149.318375
,,149.334425
,,149.3565
,,149.379275
,,149.4013
,,149.4234
,,149.438625
,,149.453525
,,149.471775
,,149.489325
,,149.5052
,,149.521425
,,149.5443
,,149.5588
,,149.568575
,,149.579425
,,149.58715
,,149.592675
,,149.602675
,,149.612225
,,149.627925
,,149.64245
,,149.66375
,,149.703175
,,149.719475
,,149.732825
,,149.7453
,,149.7522
,,149.763975
,,149.77495
,,149.7856
,,149.80245
,,149.8122
,,149.8247
,,149.836625
,,149.858975
,,149.873625
,,149.89715
,,149.908775
,,149.9211
,,149.929025
,,149.9384
,,149.9497
,,149.96165
,,149.97655
,,149.99145
,,150.002725
,,150.02
,,150.028925
,,150.040775
,,150.0578
,,150.07445
,,150.08915
,,150.105825
,,150.116775
,,150.1288
,,150.137125
,,150.148375
,,150.158425
,,150.178675
,,150.194275
,,150.20905
,,150.224725
,,150.2393
,,150.25235
,,150.2684
,,150.281475
,,150.297975
,,150.3123
,,150.32275
,,150.328675
,,150.343175
,,150.35225
,,150.356925
,,150.364275
,,150.3754
,,150.3844
,,150.3945
,,150.411675
,,150.431925
,,150.44405
,,150.462925
,,150.478225
,,150.492425
,,150.5106
,,150.53655
,,150.5582
,,150.58505
,,150.614375
,,150.6384
,,150.662025
,,150.68225
,,150.712175
,,150.7331
,,150.76075
,,150.7924
,,150.811925
,,150.833925
,,150.867725
,,150.9129
,,150.941775
,,150.97275
,,151.0022
,,151.0317
,,151.0739
,,151.110575
,,151.1467
,,151.16425
,,151.1904
,,151.219825
,,151.246775
,,151.28575
,,151.316475
,,151.334675
,,151.377
,,151.408275
,,151.44015
,,151.4766
,,151.510475
,,151.5402
,,151.579975
,,151.618
,,151.667675
,,151.70815
,,151.747875
,,151.76485
,,151.80115
,,151.83945
,,151.878175
,,151.9015
,,151.915125
,,151.939075
,,151.98305
,,152.002675
,,152.013225
,,152.024625
,,152.040225
,,152.0529
,,152.084875
,,152.1015
,,152.1499
,,152.206525
,,152.253025
,,152.28205
,,152.3029
,,152.32605
,,152.359525
,,152.39555
,,152.4367
,,152.479175
,,152.5045
,,152.5299
,,152.550775
,,152.5726
,,152.607325
,,152.637625
,,152.66315
,,152.6902
,,152.7078
,,152.7279
,,152.7399
,,152.758325
,,152.7803
,,152.808725
,,152.8404
,,152.8827
,,152.9181
,,152.931325
,,152.953075
,,152.969425
,,152.987575
,,153.0093
,,153.0357
,,153.06665
,,153.09625
,,153.11265
,,153.13025
,,153.14605
,,153.173325
,,153.20425
,,153.230725
,,153.2525
,,153.26595
,,153.28235
,,153.29985
,,153.318325
,,153.361825
,,153.395575
,,153.43805
,,153.48155
,,153.5122
,,153.553875
,,153.582
,,153.609525
,,153.6945
,,153.7507
,,153.812175
,,153.8345
,,153.86725
,,153.913125
,,153.948425
,,153.988325
,,154.036225
,,154.0586
,,154.14795
,,154.208975
,,154.23785
,,154.250125
,,154.2651
,,154.280275
,,154.29315
,,154.301475
,,154.3093
,,154.317
,,154.323675
,,154.3354
,,154.3507
,,154.363575
,,154.37655
,,154.384275
,,154.392775
,,154.399025
,,154.406825
,,154.41655
,,154.4661
,,154.602825
,,154.62765
,,154.6398
,,154.6511
,,154.6672
,,154.6852
,,154.7026
,,154.726075
,,154.747475
,,154.7812
,,154.818325
,,154.83345
,,154.844775
,,154.8546
,,154.8633
,,154.871125
,,154.883475
,,154.896625
,,154.906075
,,154.917925
,,154.932375
,,154.943075
,,154.957725
,,154.982575
,,155.00515
,,155.0224
,,155.037825
,,155.059325
,,155.1023
,,155.15815
,,155.271475
,,155.300175
,,155.3343
,,155.3566
,,155.40255
,,155.425575
,,155.447575
,,155.4625
,,155.48945
,,155.518325
,,155.536275
,,155.556675
,,155.59515
,,155.656325
,,155.7098
,,155.752675
,,155.787475
,,155.806675
,,155.81885
,,155.829625
,,155.835225
,,155.847325
,,155.862975
,,155.872975
,,155.88995
,,155.903175
,,155.9154
,,155.9288
,,155.9436
,,155.963925
,,155.9907
,,156.011525
,,156.036925
,,156.058825
,,156.078025
,,156.1142
,,156.1319
,,156.153725
,,156.16865
,,156.187175
,,156.2113
,,156.228925
,,156.2455
,,156.272825
,,156.309075
,,156.3377
,,156.36685
,,156.39945
,,156.440725
,,156.477625
,,156.524075
,,156.56395
,,156.6036
,,156.631125
,,156.659525
,,156.6813
,,156.705425
,,156.729125
,,156.8055
,,156.870925
,,156.920775
,,156.9572
,,156.982975
,,156.9997
,,157.00515
,,157.019475
,,157.0446
,,157.09635
,,157.1632
,,157.22385
,,157.2527
,,157.26965
,,157.28145
,,157.294725
,,157.314525
,,157.3339
,,157.355175
,,157.37145
,,157.394775
,,157.4288
,,157.441225
,,157.462125
,,157.480325
,,157.49995
,,157.522475
,,157.544175
,,157.5799
,,157.607225
,,157.653275
,,157.721925
,,157.773775
,,157.7942
,,157.81905
,,157.850825
,,157.899175
,,157.9835
,,158.020675
,,158.07445
,,158.106625
,,158.11855
,,158.137725
,,158.154725
,,158.181825
,,158.20495
,,158.2876
,,158.323925
,,158.3743
,,158.38985
,,158.4089
,,158.4311
,,158.460475
,,158.504525
,,158.571175
,,158.6614
,,158.705
,,158.739025
,,158.7755
,,158.815275
,,158.853875
,,158.88345
,,158.905775
,,158.927
,,158.95075
,,158.971625
,,158.986925
,,159.0094
,,159.028725
,,159.0391
,,159.0554
,,159.070125
,,159.08225
,,159.0934
,,159.106325
,,159.120075
,,159.146075
,,159.160475
,,159.17465
,,159.18805
,,159.252725
,,159.313875
,,159.387375
,,159.4053
,,159.424
,,159.449425
,,159.474
,,159.500275
,,159.552775
,,159.598925
,,159.61715
,,159.654425
,,159.68915
,,159.751375
,,159.801075
,,159.855775
,,159.903125
,,159.974875
,,160.009675
,,160.055075
,,160.085275
,,160.108075
,,160.169125
,,160.2534
,,160.31745
,,160.36625
,,160.400875
,,160.413275
,,160.443225
,,160.476725
,,160.52215
,,160.62165
,,160.692775
,,160.726175
,,160.744175
,,160.756925
,,160.783025
,,160.8067
,,160.836175
,,160.92675
,,160.99095
,,161.0027
,,161.020925
,,161.046175
,,161.05895
,,161.09515
,,161.11945
,,161.162175
,,161.184575
,,161.2015
,,161.222175
,,161.273675
,,161.282925
,,161.2943
,,161.307525
,,161.37835
,,161.3952
,,161.422325
,,161.4768
,,161.51945
,,161.5598
,,161.603875
,,161.6185
,,161.64215
,,161.701275
,,161.73145
,,161.746825
,,161.76425
,,161.7778
,,161.827375
,,161.85395
,,161.905025
,,161.951875
,,161.98615
,,162.01565
,,162.030775
,,162.045375
,,162.061575
,,162.089575
,,162.16195
,,162.203175
,,162.234325
,,162.2511
,,162.26475
,,162.284925
,,162.296025
,,162.305975
,,162.3134
,,162.332975
,,162.34595
,,162.361625
,,162.376025
,,162.397025
,,162.4147
,,162.445625
,,162.468925
,,162.4948
,,162.52765
,,162.552925
,,162.575975
,,162.59335
,,162.61685
,,162.63365
,,162.671325
,,162.72265
,,162.79735
,,162.867525
,,162.9003
,,162.925875
,,162.962925
,,162.989275
,,163.001525
,,163.005475
,,163.02955
,,163.03725
,,163.05445
,,163.06925
,,163.090925
,,163.1118
,,163.13105
,,163.14895
,,163.1694
,,163.1848
,,163.1907
,,163.2022
,,163.2137
,,163.222075
,,163.2498
,,163.298025
,,163.392525
,,163.495925
,,163.52485
,,163.560425
,,163.591425
,,163.61895
,,163.6393
,,163.6616
,,163.70345
,,163.759725
,,163.79335
,,163.8355
,,163.85615
,,163.870875
,,163.8835
,,163.8906
,,163.902025
,,163.90645
,,163.9125
,,163.9307
,,163.945575
,,163.964175
,,163.98465
,,163.998475
,,164.007625
,,164.0171
,,164.0253
,,164.03485
,,164.0483
,,164.0595
,,164.07115
,,164.082675
,,164.0897
,,164.099975
,,164.113375
,,164.135525
,,164.149025
,,164.164725
,,164.19875
,,164.21875
,,164.235325
,,164.256925
,,164.281725
,,164.30925
,,164.3521
,,164.378625
,,164.41235
,,164.458375
,,164.494475
,,164.578925
,,164.598125
,,164.6079
,,164.6181
,,164.62875
,,164.636975
,,164.647325
,,164.6566
,,164.66805
,,164.67825
,,164.687575
,,164.696325
,,164.703775
,,164.7179
,,164.728425
,,164.744275
,,164.75595
,,164.766075
,,164.782375
,,164.79515
,,164.8087
,,164.83065
,,164.841775
,,164.8546
,,164.866325
,,164.884975
,,164.90635
,,164.924675
,,164.934425
,,164.9501
,,164.96825
,,164.981075
,,165.01795
,,165.047775
,,165.06635
,,165.089225
,,165.105125
,,165.126675
,,165.1498
,,165.201075
,,165.2316
,,165.257625
,,165.2844
,,165.302575
,,165.333825
,,165.381925
,,165.396475
,,165.40565
,,165.411675
,,165.415075
,,165.41935
,,165.4319
,,165.442775
,,165.46205
,,165.494175
,,165.52725
,,165.5669
,,165.591275
,,165.60405
,,165.625075
,,165.6405
,,165.674875
,,165.7013
,,165.7236
,,165.776
,,165.836475
,,165.877
,,165.91605
,,165.934125
,,165.94655
,,165.953675
,,165.9637
,,165.977025
,,166.007175
,,166.03585
,,166.0558
,,166.123325
,,166.1918
,,166.2295
,,166.242775
,,166.24385
,,166.249125
,,166.2559
,,166.2629
,,166.26955
,,166.283025
,,166.290225
,,166.2999
,,166.3386
,,166.375525
,,166.448775
,,166.47765
,,166.486525
,,166.489725
,,166.4917
,,166.49495
,,166.49755
,,166.50505
,,166.513175
,,166.523475
,,166.5345
,,166.5548
,,166.567
,,166.58555
,,166.59845
,,166.61995
,,166.639075
,,166.656625
,,166.683925
,,166.70605
,,166.730325
,,166.762925
,,166.8316
,,166.8886
,,166.927475
,,166.9426
,,166.953625
,,166.961625
,,166.96965
,,166.978375
,,166.99085
,,166.9996
,,167.02035
,,167.03885
,,167.054525
,,167.06805
,,167.08745
,,167.11105
,,167.12945
,,167.1793
,,167.200275
,,167.2159
,,167.242225
,,167.30825
,,167.374875
,,167.4357
,,167.461875
,,167.47745
,,167.490775
,,167.500675
,,167.5078
,,167.519025
,,167.529925
,,167.551125
,,167.57415
,,167.59565
,,167.607775
,,167.644625
,,167.67545
,,167.69945
,,167.734425
,,167.781175
,,167.82405
,,167.892175
,,167.91315
,,167.93355
,,167.939825
,,167.947
,,167.95275
,,167.96065
,,167.967375
,,167.979675
,,167.995325
,,168.0053
,,168.016
,,168.042525
,,168.06345
,,168.083175
,,168.09865
,,168.12685
,,168.15255
,,168.179825
,,168.21
,,168.228075
,,168.2583
,,168.2903
,,168.311325
,,168.3329
,,168.345825
,,168.356475
,,168.3673
,,168.376575
,,168.383225
,,168.39645
,,168.414525
,,168.430925
,,168.4551
,,168.4907
,,168.519725
,,168.535375
,,168.561625
,,168.587975
,,168.6103
,,168.640225
,,168.658125
,,168.68385
,,168.722425
,,168.750625
,,168.792575
,,168.818275
,,168.8529
,,168.886075
,,168.938
,,168.989175
,,169.0098
,,169.058425
,,169.109675
,,169.150175
,,169.17255
,,169.183825
,,169.194575
,,169.2086
,,169.22255
,,169.242025
,,169.277675
,,169.348175
,,169.4085
,,169.429425
,,169.442175
,,169.454625
,,169.46825
,,169.482075
,,169.500925
,,169.521175
,,169.53655
,,169.55555
,,169.57615
,,169.60735
,,169.63535
,,169.65485
,,169.6874
,,169.7083
,,169.7387
,,169.7927
,,169.847425
,,169.893875
,,169.92935
,,169.956175
,,169.970575
,,169.979725
,,169.994
,,170.022275
,,170.0476
,,170.07
,,170.088
,,170.1165
,,170.148325
,,170.178975
,,170.223425
,,170.246025
,,170.2627
,,170.282475
,,170.30445
,,170.335375
,,170.3626
,,170.39
,,170.4456
,,170.48405
,,170.525125
,,170.54015
,,170.5551
,,170.565475
,,170.587925
,,170.612375
,,170.629375
,,170.6525
,,170.674175
,,170.6943
,,170.703025
,,170.71435
,,170.728725
,,170.7442
,,170.76815
,,170.783
,,170.8127
,,170.8703
,,170.9192
,,170.9521
,,170.9763
,,170.995525
,,171.03865
,,171.0657
,,171.0805
,,171.0976
,,171.11565
,,171.13555
,,171.161575
,,171.19765
,,171.240575
,,171.3235
,,171.3422
,,171.350525
,,171.36035
,,171.37215
,,171.392325
,,171.408
,,171.429425
,,171.45015
,,171.4778
,,171.511375
,,171.606975
,,171.6598
,,171.69685
,,171.7452
,,171.755125
,,171.75945
,,171.7653
,,171.7712
,,171.77935
,,171.78545
,,171.790475
,,171.795375
,,171.8036
,,171.8178
,,171.836475
,,171.85935
,,171.943175
,,172.011375
,,172.044375
,,172.054175
,,172.061825
,,172.0683
,,172.0765
,,172.082375
,,172.09125
,,172.096275
,,172.102675
,,172.108625
,,172.1175
,,172.135475
,,172.153775
,,172.1747
,,172.1988
,,172.216875
,,172.245025
,,172.2735
,,172.3026
,,172.31735
,,172.330775
,,172.346575
,,172.36245
,,172.3753
,,172.395275
,,172.422375
,,172.451575
,,172.521275
,,172.5737
,,172.616175
,,172.681175
,,172.691875
,,172.69945
,,172.705475
,,172.714975
,,172.72425
,,172.729725
,,172.73655
,,172.7435
,,172.755325
,,172.76835
,,172.7751
,,172.78065
,,172.78815
,,172.7935
,,172.8035
,,172.81545
,,172.8313
,,172.847975
,,172.87135
,,172.8858
,,172.899025
,,172.90865
,,172.91885
,,172.93225
,,172.951175
,,172.963675
,,172.97285
,,172.974
,,172.98455
,,172.995475
,,173.005075
,,173.011575
,,173.01985
,,173.02765
,,173.036675
,,173.054575
,,173.0856
,,173.1216
,,173.151725
,,173.170075
,,173.18075
,,173.1923
,,173.205225
,,173.2122
,,173.21825
,,173.223725
,,173.226525
,,173.22915
,,173.234
,,173.236825
,,173.2395
,,173.24245
,,173.2492
,,173.25355
,,173.257825
,,173.2629
,,173.26715
,,173.271775
,,173.27665
,,173.28075
,,173.288575
,,173.294825
,,173.300025
,,173.306625
,,173.309825
,,173.321875
,,173.331225
,,173.338925
,,173.345975
,,173.3534
,,173.36265
,,173.3726
,,173.385575
,,173.397275
,,173.41195
,,173.432625
,,173.451275
,,173.47485
,,173.505
,,173.541425
,,173.5889
,,173.6036
,,173.62005
,,173.6314
,,173.6429
,,173.651325
,,173.657125
,,173.664675
,,173.672575
,,173.682775
,,173.6911
,,173.697225
,,173.7089
,,173.720675
,,173.730475
,,173.7558
,,173.772825
,,173.7932
,,173.806925
,,173.83005
,,173.85755
,,173.883575
,,173.922175
,,173.970075
,,174.000875
,,174.05955
,,174.098075
,,174.14065
,,174.159625
,,174.16785
,,174.17665
,,174.185725
,,174.19235
,,174.20155
,,174.211025
,,174.22165
,,174.231425
,,174.2379
,,174.2462
,,174.25305
,,174.2611
,,174.270025
,,174.278975
,,174.2842
,,174.2979
,,174.30665
,,174.316525
,,174.3273
,,174.334625
,,174.347975
,,174.3545
,,174.369275
,,174.37925
,,174.386825
,,174.395175
,,174.4065
,,174.41955
,,174.42565
,,174.4385
,,174.444525
,,174.4528
,,174.464075
,,174.4732
,,174.4853
,,174.49915
,,174.51055
,,174.520825
,,174.5326
,,174.541825
,,174.5546
,,174.596125
,,174.62025
,,174.63605
,,174.65095
,,174.666575
,,174.688075
,,174.710775
,,174.72405
,,174.7367
,,174.7527
,,174.77035
,,174.785275
,,174.79835
,,174.81045
,,174.833
,,174.854625
,,174.874625
,,174.896575
,,174.92155
,,174.951775
,,174.994025
,,175.07975
,,175.131925
,,175.144225
,,175.153875
,,175.1598
,,175.165525
,,175.172425
,,175.176225
,,175.17895
,,175.188125
,,175.19245
,,175.2018
,,175.21665
,,175.252825
,,175.298825
,,175.340275
,,175.3539
,,175.36585
,,175.37925
,,175.39435
,,175.4023
,,175.41625
,,175.4404
,,175.473475
,,175.5531
,,175.60045
,,175.611875
,,175.62405
,,175.6348
,,175.6468
,,175.6914
,,175.7263
,,175.7708
,,175.829725
,,175.887475
,,175.922275
,,175.929775
,,175.9336
,,175.9399
,,175.944775
,,175.95395
,,175.96305
,,175.967825
,,175.981125
,,176.00435
,,176.034025
,,176.083275
,,176.17205
,,176.191825
,,176.2122
,,176.224725
,,176.238725
,,176.246475
,,176.254225
,,176.283475
,,176.32125
,,176.35125
,,176.3668
,,176.39105
,,176.405525
,,176.4189
,,176.45045
,,176.47785
,,176.501225
,,176.5142
,,176.539925
,,176.554525
,,176.572975
,,176.588625
,,176.607825
,,176.62835
,,176.651375
,,176.674825
,,176.69955
,,176.7255
,,176.7549
,,176.785375
,,176.8027
,,176.804275
,,176.81395
,,176.8309
,,176.84895
,,176.8831
,,176.89885
,,176.9229
,,176.9611
,,177.013825
,,177.05465
,,177.0747
,,177.095
,,177.118575
,,177.1326
,,177.17075
,,177.1929
,,177.23745
,,177.283375
,,177.31055
,,177.336525
,,177.353625
,,177.375625
,,177.3953
,,177.411025
,,177.422875
,,177.444725
,,177.47595
,,177.49685
,,177.510275
,,177.5203
,,177.537675
,,177.56205
,,177.581175
,,177.591525
,,177.59755
,,177.6257
,,177.6465
,,177.667325
,,177.693725
,,177.730875
,,177.7586
,,177.780325
,,177.80535
,,177.820675
,,177.844925
,,177.8613
,,177.87985
,,177.895075
,,177.91615
,,177.9446
,,177.968575
,,177.993225
,,178.00905
,,178.0281
,,178.0446
,,178.064275
,,178.08095
,,178.11035
,,178.13485
,,178.15725
,,178.192
,,178.2219
,,178.24855
,,178.273525
,,178.295625
,,178.3242
,,178.36135
,,178.410425
,,178.4624
,,178.5027
,,178.530625
,,178.5511
,,178.568
,,178.587775
,,178.61245
,,178.632925
,,178.650225
,,178.66765
,,178.68895
,,178.7218
,,178.757725
,,178.7867
,,178.8318
,,178.89145
,,178.96585
,,178.99325
,,179.0121
,,179.0353
,,179.056825
,,179.0835
,,179.14235
,,179.197375
,,179.217075
,,179.229725
,,179.244375
,,179.276925
,,179.318725
,,179.380025
,,179.41455
,,179.43835
,,179.4505
,,179.4569
,,179.462225
,,179.46735
,,179.472575
,,179.480125
,,179.4871
,,179.517525
,,179.534375
,,179.549475
,,179.56765
,,179.608275
,,179.6708
,,179.737075
,,179.780275
,,179.796925
,,179.805125
,,179.8111
,,179.820275
,,179.834675
,,179.843975
,,179.8564
,,179.867475
,,179.877475
,,179.885775
,,179.90345
