SPK_SPKC08a (no response),SPK_SPKC09a (no response)
200.01815,200.135
200.031725,200.2928
200.0757,200.34605
200.090825,200.5386
200.1217,200.578975
200.148225,200.652075
200.199375,200.688675
200.239575,200.747325
200.2441,200.812325
200.255625,200.8448
200.266425,200.914925
200.3248,200.93865
200.40145,200.9556
200.427825,201.00765
200.58025,201.0485
200.612975,201.168575
200.719775,201.181125
200.738475,201.418025
200.766575,201.5668
200.83115,201.59315
200.9457,201.6113
201.004575,201.7122
201.070575,201.72395
201.15675,201.7295
201.215925,201.857525
201.26305,201.86105
201.30695,202.004575
201.3522,202.0505
201.353575,202.15635
201.382125,202.19435
201.4458,202.22035
201.447425,202.38935
201.50725,202.406575
201.536375,202.4201
201.5644,202.45865
201.58735,202.61385
201.65515,202.662275
201.697175,202.70705
201.716,202.884725
201.78385,202.949975
201.857025,202.976525
201.933725,202.9965
201.989825,203.019
202.0593,203.087725
202.075475,203.17075
202.18225,203.21995
202.239775,203.276725
202.3838,203.4349
202.522075,203.508
202.56695,203.5371
202.66485,203.57425
202.754575,203.593175
202.82655,203.635525
202.8864,203.655525
202.98445,203.6671
203.052575,203.8459
203.1066,203.990625
203.22585,204.035975
203.246,204.09145
203.276275,204.099575
203.322775,204.14545
203.353125,204.151075
203.53645,204.164725
203.6022,204.253025
203.666275,204.2766
203.847575,204.30305
203.85125,204.39365
203.867225,204.588525
203.88765,204.617925
203.896725,204.686225
203.9169,204.70425
203.947825,204.7358
203.94985,205.396425
203.971375,205.4107
204.035375,205.423625
204.10705,205.5773
204.146375,205.655375
204.16585,205.78685
204.2317,205.923725
204.294275,205.95245
204.35635,206.02465
204.3975,206.048525
204.4344,206.061875
204.52765,206.13375
204.57795,206.148925
204.671575,206.16385
204.716125,206.259275
204.88365,206.27375
204.95745,206.295475
205.002825,206.376425
205.0041,206.490975
205.0237,206.502475
205.0549,206.6372
205.05685,206.736825
205.0902,206.748175
205.12735,206.8326
205.129025,206.995875
205.1529,207.06045
205.1979,207.173225
205.276375,207.3896
205.31555,207.398325
205.3284,207.444525
205.38405,207.529675
205.425225,207.568125
205.460425,207.60275
205.49325,207.6241
205.494575,207.64855
205.547625,207.82685
205.590175,207.9843
205.61305,208.043425
205.644175,208.060375
205.735425,208.063075
205.7981,208.0839
205.823725,208.103925
205.83645,208.1645
205.8751,208.19895
205.88275,208.234375
205.9311,208.3692
205.96095,208.582525
205.99665,208.7289
206.048175,208.763625
206.096075,208.780675
206.16895,208.7991
206.199575,208.819975
206.282575,209.11155
206.316725,209.38615
206.393275,209.407675
206.4626,209.534325
206.607975,209.91625
206.6562,209.942975
206.69675,209.99185
206.821425,210.023075
206.88715,210.048875
206.906675,210.068225
206.99555,210.08025
207.07825,210.12595
207.0901,210.360675
207.1093,210.44335
207.140125,210.524525
207.3183,210.608325
207.387775,210.69935
207.3924,210.851875
207.410175,210.938225
207.426325,210.9595
207.49735,210.9747
207.593475,211.02505
207.626625,211.04055
207.79455,211.174775
207.834275,211.31035
207.914025,211.36765
207.98455,211.41845
208.038,211.459725
208.06895,211.569825
208.1126,211.637975
208.1747,211.840875
208.2319,211.90025
208.334675,212.1897
208.378125,212.2589
208.410525,212.297875
208.5299,212.33225
208.62485,212.359275
208.669975,212.455175
208.7026,212.47675
208.732025,212.499725
208.780775,212.6309
208.829825,212.641875
208.853725,212.662275
208.8955,212.6982
208.94595,212.791575
209.004075,212.8029
209.08385,212.8205
209.1514,212.887425
209.27215,212.943525
209.343625,212.980475
209.41735,213.162175
209.46775,213.246625
209.49055,213.2926
209.544125,213.308475
209.5924,213.33075
209.760075,213.361525
209.893275,213.405225
210.127225,213.433975
210.29015,213.514
210.419,213.7072
210.444825,213.72885
210.500925,213.746025
210.577625,213.79265
210.628075,213.853275
210.7719,213.8795
210.827775,213.9115
210.9776,213.92105
211.040825,214.02015
211.122175,214.263275
211.147525,214.267375
211.227775,214.351375
211.29885,214.36675
211.3387,214.459675
211.385,214.519825
211.40555,214.582575
211.508625,214.673025
211.518725,214.71555
211.553125,214.8449
211.5851,214.868575
211.5986,214.92485
211.658925,215.001675
211.69015,215.01655
211.74665,215.03855
211.822525,215.0765
211.923875,215.112125
211.933925,215.2033
212.019525,215.2296
212.08295,215.24785
212.11305,215.298625
212.168475,215.320175
212.191675,215.3819
212.22905,215.395275
212.25495,215.409375
212.3002,215.480625
212.30355,215.764775
212.326825,215.772825
212.331225,215.793275
212.442075,215.80855
212.45455,215.84405
212.456925,215.9045
212.573375,215.9465
212.60975,215.960925
212.6585,215.984475
212.704575,216.0658
212.78705,216.178275
212.82085,216.2187
212.87695,216.22645
212.931525,216.2283
212.942725,216.298225
212.957275,216.335
212.961375,216.478925
213.026525,216.6898
213.0545,216.721025
213.128875,216.74995
213.163475,216.7808
213.192,216.863
213.211025,216.87245
213.215075,216.970425
213.23875,217.02625
213.250175,217.045975
213.29865,217.0949
213.393,217.491075
213.39495,217.5038
213.45025,217.52025
213.4941,217.668825
213.54825,217.678225
213.5824,217.70665
213.58825,217.72125
213.616475,217.739475
213.659725,217.76015
213.701825,217.762575
213.7277,217.80255
213.770225,217.873275
213.82145,217.8949
213.8441,217.97915
213.847875,218.05895
213.86065,218.081775
213.9331,218.094725
214.007,218.1629
214.066125,218.230025
214.13165,218.27895
214.171375,218.3031
214.213025,218.55255
214.237275,218.6386
214.257325,218.8287
214.2894,218.844825
214.30885,218.907225
214.345575,218.9464
214.369275,219.0033
214.422775,219.0415
214.485025,219.09195
214.5102,219.13315
214.55635,219.22495
214.593775,219.3131
214.672,219.3602
214.69765,219.408925
214.7443,219.42875
214.77665,219.4329
214.804075,219.438125
214.80545,219.5985
214.835975,219.71035
214.847425,219.77415
214.8835,219.829925
214.928225,219.92
214.97815,220.0317
215.035125,220.054525
215.15285,220.079475
215.206975,220.20655
215.21555,220.22575
215.2516,220.2554
215.352925,220.429475
215.380075,220.4395
215.5154,220.49595
215.54545,220.532575
215.58465,220.558825
215.586025,220.96655
215.609,220.99535
215.654675,221.008225
215.70885,221.0272
215.740225,221.0697
215.7502,221.071075
215.7588,221.10375
215.801975,221.25635
215.8148,221.411625
215.8564,221.421925
215.9819,221.436425
216.067225,221.46525
216.109675,221.630675
216.148875,221.70715
216.161675,221.7897
216.18075,222.138575
216.21675,222.1506
216.22565,222.236625
216.299475,222.31415
216.327475,222.3168
216.42505,222.39005
216.474475,222.537675
216.47855,222.6157
216.5665,222.67235
216.56805,222.725275
216.6006,222.8153
216.735025,222.859475
216.765375,222.97395
216.841725,223.088475
216.971275,223.11265
217.0071,223.14865
217.037025,223.40655
217.06045,223.42985
217.185775,223.46
217.211925,223.502175
217.319625,223.629225
217.376,223.6422
217.431125,224.0669
217.458975,224.1067
217.474975,224.122225
217.5474,224.18215
217.6082,224.217725
217.6387,224.225975
217.68055,224.2598
217.693625,224.29265
217.7391,224.30615
217.75625,224.4815
217.824175,224.50875
217.88215,224.5512
217.9024,224.59055
217.945675,224.598375
217.9753,224.645
218.039125,224.7845
218.067375,224.812425
218.155225,224.861825
218.190475,225.0503
218.248825,225.070925
218.27715,225.187625
218.314075,225.19675
218.372575,225.2084
218.4304,225.319525
218.445925,225.335275
218.55375,225.41375
218.555125,225.430325
218.62465,225.523325
218.636525,225.537125
218.729175,225.56765
218.753375,225.68195
218.842325,225.721675
218.88005,225.88895
218.889775,225.908125
218.894875,225.984675
218.906275,225.9877
218.92885,226.0868
218.979775,226.100475
219.026875,226.19395
219.049425,226.27305
219.069,226.468575
219.13715,226.49625
219.200725,226.6703
219.261125,226.756325
219.270625,226.89865
219.274675,227.1322
219.3548,227.268125
219.356375,227.30005
219.419975,227.315175
219.424075,227.401425
219.43635,227.451225
219.458425,227.47955
219.4791,227.5088
219.528875,227.76275
219.57115,227.79825
219.6201,227.8217
219.69985,227.864125
219.76425,227.870375
219.8102,227.88715
219.8302,227.9031
219.859175,227.9489
219.89635,228.401875
219.9038,228.511625
219.931675,228.659625
219.9645,228.70295
220.023175,228.964875
220.07265,229.017225
220.15405,229.1539
220.17285,229.1709
220.19515,229.18875
220.297525,229.240725
220.3915,229.48725
220.419725,229.545475
220.483475,229.663875
220.5338,229.740075
220.636325,229.7554
220.683675,229.777125
220.72875,229.8338
220.743175,230.000925
220.8005,230.1081
220.831575,230.318975
220.87115,230.4064
220.9121,230.45975
220.972225,230.47545
221.007575,230.49645
221.098375,230.6362
221.135125,230.656725
221.1785,230.701325
221.3362,231.106875
221.378575,231.158725
221.48635,231.242325
221.51635,231.316975
221.555175,231.579375
221.59125,231.606225
221.661075,231.61555
221.755475,231.657375
221.813275,231.686775
221.89755,231.847325
221.95645,231.92365
221.976575,231.960275
222.038475,232.00345
222.05785,232.014725
222.09985,232.05105
222.169925,232.06005
222.2419,232.2168
222.284175,232.26385
222.366625,232.31605
222.3845,232.354425
222.38625,232.437075
222.39565,232.49825
222.3972,232.5039
222.460325,232.52065
222.498175,232.62
222.524525,232.709925
222.546525,232.819175
222.589875,232.851375
222.607275,232.9485
222.623775,233.07565
222.67435,233.0809
222.751325,233.125975
222.79355,233.454775
222.854225,233.521475
222.926675,233.53415
222.988025,233.587125
223.014775,233.5976
223.0745,233.6141
223.0946,233.667725
223.15475,233.6966
223.24115,233.754925
223.28855,233.892425
223.31985,233.93815
223.3498,234.092875
223.416875,234.1009
223.557,234.1169
223.604175,234.334575
223.664125,234.5693
223.6787,234.65595
223.7421,234.69955
223.791825,234.9749
223.8146,235.05355
223.85055,235.233175
223.869975,235.273925
223.96015,235.4334
224.06595,235.64055
224.096025,235.665475
224.1075,235.72375
224.16295,235.7807
224.1826,235.980125
224.208625,236.00925
224.267525,236.249525
224.29345,236.795775
224.3201,236.949875
224.411825,236.968075
224.494325,236.993075
224.5516,237.1214
224.618725,237.1823
224.7076,237.239875
224.750575,237.5794
224.79735,237.617425
224.8386,237.723825
224.885975,237.89525
224.930975,237.9094
224.963175,237.960725
225.006125,237.9853
225.017975,238.181375
225.0636,238.23195
225.0829,238.2689
225.152425,238.324825
225.189125,238.37525
225.2129,238.394625
225.270225,238.4655
225.33555,238.75315
225.3556,238.759475
225.4005,238.775925
225.406525,238.789025
225.4595,238.824125
225.4921,238.910775
225.5393,238.933575
225.577075,239.125225
225.602275,239.20845
225.679925,239.257575
225.709425,239.290625
225.765675,239.335325
225.781225,239.623175
225.83625,239.62585
225.861275,239.810425
225.884,239.8878
225.9658,239.97235
225.97955,240.1241
226.0831,240.23165
226.11595,240.4825
226.182125,240.5789
226.2102,240.622225
226.25445,240.7078
226.26605,240.734025
226.291575,240.752475
226.3446,240.843125
226.391275,241.117
226.417,241.165875
226.4748,241.314125
226.500875,241.4111
226.513075,241.4238
226.559075,241.4491
226.58395,241.551925
226.628625,241.5548
226.66935,241.742475
226.687275,241.802925
226.904425,241.86395
226.97055,242.08545
226.9944,242.164075
227.016675,242.279925
227.0185,242.29445
227.027,242.4368
227.100925,242.45275
227.16055,242.6952
227.168425,242.7216
227.205725,242.81865
227.236825,242.83535
227.268475,242.902275
227.32125,242.909225
227.33335,243.016825
227.34895,243.041375
227.37735,243.206675
227.414225,243.451575
227.479925,243.4758
227.4986,243.49645
227.5884,243.517075
227.6292,243.528075
227.692275,243.565575
227.73205,243.651175
227.823525,243.672325
227.839175,243.68105
227.856325,243.77945
227.86995,243.913325
227.941225,243.91985
228.0349,244.25645
228.128225,244.315575
228.168575,244.442275
228.2038,244.46945
228.3782,244.5233
228.38215,244.558775
228.4153,244.5947
228.465525,244.9496
228.5017,244.9823
228.518175,245.0659
228.61655,245.079875
228.6643,245.15305
228.697925,245.18565
228.705075,245.26985
228.711325,245.366625
228.7255,245.833
228.75525,245.85935
228.79745,245.869125
228.800425,245.895475
228.9166,245.9368
228.957775,245.995375
228.984825,246.03545
228.99575,246.074125
229.02785,246.09115
229.092225,246.125875
229.136025,246.313725
229.1542,246.3663
229.17255,246.40475
229.180375,246.45565
229.237625,246.55335
229.337275,246.5647
229.4223,246.58625
229.505575,246.66715
229.55075,246.6887
229.585725,246.76285
229.6553,246.829675
229.688475,246.830775
229.747125,246.87095
229.758425,246.884575
229.805375,246.895975
229.883275,246.899
229.942025,246.93
230.0287,247.0279
230.07065,247.1028
230.131025,247.5186
230.1715,247.520725
230.24745,247.605425
230.271375,247.66505
230.303875,247.6733
230.319275,247.717825
230.35655,247.865
230.39135,247.908425
230.412275,247.964275
230.483475,248.121825
230.5232,248.2885
230.551125,248.5121
230.575775,248.61145
230.615575,248.6257
230.66165,248.73475
230.69425,248.894025
230.74525,248.92055
230.75165,248.926025
230.7567,248.9515
230.75875,248.9775
230.7703,248.986125
230.78735,249.022325
230.840475,249.105475
230.8542,249.153375
230.875925,249.636225
230.957275,249.68835
230.992625,249.713925
231.046925,249.73815
231.111575,249.877275
231.126775,249.992425
231.161925,249.996425
231.18665,250.010325
231.20725,250.063475
231.22755,250.077725
231.27145,250.105875
231.3024,250.117125
231.3133,250.1436
231.322625,250.15695
231.337,250.2622
231.35315,250.4462
231.373825,250.48675
231.424675,250.542725
231.4322,250.556325
231.485275,250.677875
231.540025,250.798475
231.580825,250.8179
231.596775,250.82935
231.602525,250.89915
231.609925,250.970375
231.6223,250.9848
231.740925,251.090525
231.774,251.122075
231.82225,251.13265
231.896975,251.399925
231.9628,251.459675
231.970975,251.474175
232.000325,251.70545
232.01605,251.793925
232.037975,251.842825
232.092375,251.9464
232.132475,251.961425
232.154125,251.97925
232.2023,252.01445
232.24565,252.083125
232.27765,252.2005
232.3636,252.595225
232.43895,252.615825
232.4427,252.68895
232.48565,252.742725
232.53855,252.7858
232.6182,252.794625
232.7115,252.8191
232.727125,252.842775
232.7698,252.8531
232.7766,252.893175
232.7833,252.909875
232.7859,252.945325
232.7912,252.9524
232.8008,252.965775
232.806875,253.2217
232.850525,253.388475
232.940325,253.407275
232.98425,253.4283
233.0612,253.512025
233.0741,253.52945
233.079525,253.5531
233.108825,253.87135
233.194075,254.0271
233.207225,254.073775
233.2956,254.195775
233.308525,254.294875
233.3108,254.30845
233.437575,254.3538
233.5056,254.373
233.5609,254.392475
233.5939,254.406775
233.59985,254.455975
233.60665,254.518825
233.627075,254.5782
233.632925,254.629925
233.69835,254.670225
233.7133,254.762475
233.791075,254.905725
233.883825,254.9585
233.989175,254.991025
234.03245,255.0077
234.08465,255.020475
234.1273,255.0536
234.16705,255.20155
234.219475,255.249625
234.2422,255.2725
234.281475,255.2978
234.31715,255.3228
234.325675,255.3641
234.349975,255.367825
234.433975,255.4616
234.489025,255.49085
234.600925,255.558025
234.630075,255.622175
234.72635,255.716175
234.81805,255.9915
234.8526,256.080325
234.85615,256.112
234.89835,256.26045
234.8996,256.292675
234.955025,256.3613
234.981025,256.392025
235.0098,256.427375
235.065725,256.556975
235.105275,256.657725
235.13435,256.8309
235.252775,256.881075
235.28295,256.908775
235.35,256.9247
235.420675,256.973275
235.488275,257.077275
235.54055,257.296875
235.574075,257.348275
235.620525,257.51435
235.7771,257.53255
235.79045,257.652175
235.8254,257.6737
235.9243,257.72955
235.993375,257.7905
236.04345,257.821
236.161475,257.945525
236.2909,257.966475
236.341125,258.125625
236.373,258.146875
236.378125,258.171075
236.4126,258.221775
236.464575,258.435925
236.49855,258.494425
236.519675,258.76185
236.54845,258.8807
236.61235,258.918875
236.668225,259.00415
236.684,259.00705
236.7759,259.206575
236.810075,259.321475
236.906575,259.32585
236.914425,259.3615
236.91885,259.392725
236.9719,259.42205
236.986525,259.567925
237.0209,259.612825
237.0601,259.7601
237.070925,260.13685
237.072325,260.19325
237.088025,260.22925
237.12155,260.2337
237.128325,260.33125
237.22355,260.35815
237.275875,260.457175
237.3485,260.70485
237.405975,260.879675
237.426675,260.903425
237.46705,260.905
237.5145,260.95455
237.654225,260.9968
237.75245,261.0226
237.8483,261.03795
237.881325,261.052375
237.93335,261.06355
237.962075,261.33465
238.0391,261.5344
238.163775,261.58645
238.218475,261.674725
238.277875,261.6967
238.353975,261.90045
238.431125,261.904925
238.508775,261.956525
238.546675,262.0138
238.549075,262.109825
238.5719,262.4148
238.57985,262.48475
238.62965,262.523625
238.67965,262.568825
238.7524,262.60125
238.83455,262.7517
238.931125,262.800275
238.995325,262.831225
239.061275,262.920175
239.071925,263.111625
239.164075,263.149825
239.1908,263.165275
239.229675,263.402775
239.283275,263.41495
239.379225,263.480425
239.462875,263.8463
239.4974,263.8984
239.56855,263.952575
239.7118,263.98775
239.782125,264.025025
239.829125,264.078
239.872775,264.31375
239.916975,264.34285
240.02145,264.36045
240.0629,264.364125
240.17185,264.37215
240.191775,264.39355
240.213475,264.438425
240.234025,264.501075
240.2541,264.5437
240.311025,264.602175
240.3123,264.653925
240.350075,264.75075
240.356975,264.92155
240.40815,264.9408
240.442175,264.95475
240.466075,264.992875
240.5017,265.009975
240.5281,265.156625
240.5472,265.343775
240.5782,265.43535
240.66605,265.4494
240.679925,265.579875
240.694175,265.718625
240.7025,265.744875
240.768475,265.76155
240.837925,265.77895
240.95865,265.805475
241.000725,265.82325
241.042725,265.85655
241.07605,266.049225
241.11855,266.21915
241.21855,266.226225
241.25155,266.455075
241.306475,266.665275
241.31715,266.695275
241.32755,266.732
241.361925,266.764425
241.377,266.975975
241.451225,267.094475
241.4736,267.116
241.4995,267.143525
241.522075,267.2515
241.62865,267.25655
241.704625,267.271675
241.75625,267.299075
241.791925,267.567325
241.83525,267.760225
241.86465,267.8003
241.8986,267.813075
241.91145,267.8232
241.91575,267.8523
241.938725,268.119975
241.958825,268.261025
241.993,268.27185
242.001375,268.364475
242.04515,268.383725
242.099775,268.40195
242.1292,268.40865
242.2194,268.45265
242.282575,268.52515
242.330975,268.546575
242.377725,268.558925
242.408425,268.56725
242.443525,268.598
242.5599,268.7303
242.623625,268.75095
242.736875,268.758975
242.797275,268.7734
242.83445,268.930775
242.88595,268.93305
242.961275,269.1522
242.992425,269.167875
243.0328,269.222
243.096975,269.4334
243.157075,269.463825
243.185525,269.4767
243.394,269.4794
243.4362,269.5114
243.4702,269.63
243.48915,269.672825
243.496175,269.80945
243.5284,269.894125
243.563925,269.906425
243.657925,269.9769
243.733275,269.9945
243.746275,270.037175
243.777525,270.03985
243.826525,270.0778
243.885575,270.10095
243.926675,270.15475
243.9517,270.2163
243.9626,270.253425
243.985325,270.392925
244.037075,270.416825
244.07205,270.452825
244.132425,270.503075
244.19175,270.591125
244.197575,270.621875
244.2996,270.727675
244.330275,270.907175
244.385375,270.932575
244.42825,270.964775
244.621225,271.06925
244.643525,271.097
244.668625,271.11665
244.690925,271.146225
244.701325,271.15315
244.767525,271.259025
244.795525,271.372425
244.79715,271.437175
244.845275,271.4737
244.85025,271.53805
244.851925,271.6653
244.908275,271.694625
244.9937,271.78815
245.014225,271.812125
245.0631,271.860825
245.090275,271.94175
245.132025,272.18815
245.16885,272.200175
245.184975,272.5285
245.235425,272.5321
245.25255,272.581375
245.33275,272.588
245.336925,272.684225
245.343375,272.840075
245.357525,272.878225
245.45545,272.90125
245.457,272.95465
245.474175,272.987575
245.49205,272.997025
245.5513,273.06345
245.569625,273.08325
245.581775,273.10115
245.6297,273.10395
245.65245,273.137875
245.73055,273.26205
245.73305,273.341225
245.746625,273.376425
245.77415,273.560875
245.778775,273.582375
245.782975,273.62685
245.813475,273.640975
245.8823,273.78995
245.898175,273.794925
245.951375,273.840075
245.98285,273.9013
245.986275,273.9752
246.0561,274.038
246.09415,274.083575
246.119725,274.116525
246.14,274.170175
246.19785,274.22125
246.3045,274.27735
246.386125,274.3106
246.413175,274.44325
246.479475,274.456375
246.5012,274.47155
246.5486,274.50655
246.664825,274.714975
246.7279,274.734925
246.75875,274.776875
246.825725,274.8126
246.832475,274.955625
246.878025,274.963525
246.90935,274.972025
246.9342,275.110825
246.966425,275.353025
246.974175,275.419675
247.015375,275.429725
247.042475,275.457175
247.074775,275.486375
247.161575,275.5083
247.223825,275.561875
247.256325,275.870025
247.336525,275.9504
247.358475,275.974925
247.400175,276.0347
247.450225,276.0512
247.45775,276.179425
247.4814,276.406375
247.512825,276.4191
247.55365,276.461925
247.5799,276.578925
247.584725,276.593625
247.6228,276.750825
247.6556,276.761275
247.766575,276.812725
247.791225,276.8321
247.851875,276.8396
247.907525,276.859825
247.91535,276.892275
247.978475,276.895075
247.995275,277.04085
248.028225,277.14465
248.046425,277.2129
248.07195,277.22325
248.076,277.27435
248.151275,277.308575
248.174175,277.4348
248.19435,277.476975
248.24825,277.49005
248.294775,277.687225
248.36195,277.7551
248.44255,277.97005
248.5971,278.000675
248.622575,278.057325
248.635225,278.246775
248.685325,278.32135
248.762025,278.470675
248.77915,278.483275
248.780675,278.490525
248.914875,278.63155
248.93255,278.641325
248.9744,278.652825
248.98455,278.694325
248.99405,278.705725
249.05395,279.12125
249.067325,279.358825
249.113725,279.3735
249.152625,279.4103
249.160225,279.511075
249.213075,279.518975
249.2705,279.602325
249.3173,279.611825
249.3322,279.648375
249.33385,279.693725
249.3455,280.0833
249.4748,280.10915
249.519525,280.1851
249.548175,280.190075
249.594,280.1989
249.61195,280.276175
249.6428,280.2974
249.74705,280.30385
249.77985,280.342675
249.8197,280.367125
249.8556,280.37835
249.942125,280.455175
249.995925,280.478325
250.03835,280.664125
250.067925,280.728175
250.10495,280.742975
250.131825,280.828325
250.20845,280.92815
250.234225,281.1357
250.29465,281.1868
250.354425,281.2597
250.384325,281.292
250.429575,281.446975
250.462475,281.4866
250.49225,281.5322
250.555825,281.57185
250.5886,281.585025
250.6001,281.830575
250.654825,281.88645
250.6782,281.982175
250.73105,282.02425
250.765375,282.039525
250.7944,282.18025
250.806425,282.3186
250.83705,282.5222
250.878525,282.55515
250.89195,282.61505
250.949,282.725125
250.95995,282.89245
251.00075,283.044325
251.0305,283.351175
251.061775,283.45635
251.08575,283.8896
251.11965,283.930425
251.132075,283.944775
251.139325,283.9501
251.16625,283.9823
251.19775,284.0063
251.236925,284.023775
251.26095,284.160825
251.27675,284.403325
251.368475,284.42515
251.395825,284.446475
251.449575,284.4533
251.53345,284.479075
251.566375,284.57515
251.577375,284.62005
251.586,284.681275
251.659575,284.773025
251.666525,284.9007
251.70175,284.9429
251.725375,285.023625
251.794625,285.09925
251.8298,285.22055
251.8594,285.2724
251.881125,285.2991
251.9395,285.334425
251.9731,285.372275
252.00445,285.42605
252.055125,285.571975
252.11855,285.762325
252.206075,285.7994
252.2348,285.969375
252.41305,286.129225
252.425125,286.1514
252.455775,286.18575
252.543825,286.22595
252.61615,286.28275
252.67,286.442375
252.686175,286.46305
252.7186,286.47205
252.759125,286.47345
252.847,286.538925
252.887625,286.622425
252.912825,286.71135
252.979525,286.73555
253.025,287.143675
253.1957,287.2681
253.2247,287.389525
253.284175,287.4134
253.383475,287.4217
253.403175,287.74195
253.42135,287.867825
253.4768,287.908975
253.5745,287.936125
253.620025,287.98505
253.623575,288.079125
253.661425,288.155725
253.690075,288.169825
253.808925,288.19635
253.874,288.383
253.915725,288.54095
253.950825,288.552675
253.952775,288.748225
253.9899,288.881825
253.99405,288.943775
254.05745,288.9922
254.0915,289.006325
254.117825,289.0087
254.154875,289.140225
254.26165,289.1788
254.2966,289.20725
254.376925,289.3253
254.413275,289.3544
254.441275,289.3777
254.515875,289.3956
254.52995,289.40915
254.643775,289.47915
254.7084,289.491725
254.76935,289.51735
254.8925,289.549125
254.920175,289.652775
254.9513,290.04585
254.988275,290.081125
255.0212,290.22135
255.08085,290.29015
255.19905,290.32295
255.22925,290.3696
255.27845,290.398725
255.324275,290.45805
255.369925,290.4847
255.38575,290.584325
255.458875,290.608625
255.5016,290.790075
255.5596,290.87965
255.620575,290.904225
255.6623,291.212475
255.730025,291.278675
255.76605,291.289275
255.875075,291.4318
255.92875,291.486625
255.9301,291.6193
255.959675,291.7502
255.9988,291.7834
256.0234,291.845775
256.107425,291.948925
256.21495,292.0526
256.239,292.319875
256.291375,292.35005
256.3958,292.41175
256.448275,292.528675
256.47735,292.6255
256.536925,292.79615
256.578725,292.817525
256.623525,292.858675
256.64745,293.0069
256.7123,293.01765
256.729825,293.076625
256.818775,293.088275
256.87005,293.125075
256.888725,293.288025
256.9395,293.42575
256.976,293.475
257.015725,293.481575
257.04035,293.762075
257.0751,293.813675
257.2072,293.865025
257.255375,293.879175
257.32115,293.880225
257.419775,294.230225
257.47855,294.27205
257.49305,294.35105
257.518075,294.4686
257.552725,294.787925
257.77155,294.8263
257.789825,295.051425
257.888475,295.103
257.9132,295.22025
257.936675,295.28515
257.984975,295.554775
258.03765,295.5776
258.09645,295.747075
258.135575,296.1061
258.181175,296.301475
258.22115,296.38075
258.237075,296.401425
258.3301,296.444075
258.390175,296.473125
258.4248,296.48455
258.461,296.5183
258.49255,296.5889
258.55905,296.6405
258.664025,296.686225
258.72375,296.7037
258.773675,296.728625
258.813725,296.768375
258.851725,296.8381
258.93415,296.846075
258.992725,296.8852
259.00905,296.905075
259.06785,297.182225
259.098725,297.211375
259.147925,297.383725
259.2611,297.4898
259.319475,297.57675
259.3413,297.752175
259.358375,297.807225
259.412525,298.0246
259.434775,298.12285
259.47555,298.1665
259.51585,298.28045
259.596675,298.51645
259.6579,298.562625
259.726525,298.586975
259.79695,298.59655
259.849725,298.628725
259.8731,298.70295
259.9961,298.786625
260.056175,299.012075
260.090525,299.07385
260.091925,299.253225
260.119125,299.274375
260.192625,299.609125
260.22305,299.643225
260.261575,299.671825
260.29045,299.7181
260.3433,299.824975
260.44125,300.09145
260.458575,300.15055
260.471725,300.216675
260.492325,300.3813
260.568375,300.430625
260.62395,300.45135
260.68895,300.52435
260.74915,300.551025
260.773825,300.56095
260.829825,300.58125
260.86285,300.705825
260.968825,300.71115
260.9857,300.715325
261.0147,300.809825
261.052625,300.812425
261.098475,300.855525
261.125425,300.87955
261.1989,300.9285
261.25,300.9533
261.28725,301.0798
261.336,301.157225
261.469075,301.405575
261.503275,301.489025
261.5311,301.57645
261.61045,301.58065
261.686575,301.692775
261.76805,301.811325
261.8305,301.856825
261.872825,301.947425
261.8741,301.9614
261.8879,302.064175
261.919,302.198625
261.955375,302.224575
261.976075,302.52975
262.001425,302.55975
262.0193,302.56525
262.10345,302.64265
262.187825,302.651525
262.24045,302.757575
262.26395,302.773225
262.32795,302.781
262.38755,302.801625
262.484225,302.820675
262.48555,302.93335
262.558925,302.964675
262.595825,302.98325
262.643525,302.9992
262.68615,303.03225
262.724025,303.066425
262.761625,303.0921
262.82295,303.1059
262.854875,303.3027
262.900875,303.35565
262.98325,303.384675
263.054675,303.4222
263.060075,303.452225
263.0712,303.487225
263.113275,303.571875
263.151125,303.60085
263.1528,303.63535
263.166925,303.7735
263.219225,303.804975
263.2251,303.854725
263.253275,303.87155
263.3469,303.993875
263.37925,304.0553
263.438975,304.057575
263.470075,304.0791
263.4996,304.13755
263.566325,304.32775
263.616425,304.388675
263.618,304.423925
263.671225,304.473775
263.672625,304.557025
263.73505,304.568075
263.755425,304.8625
263.78055,304.8673
263.8217,304.90455
263.866675,304.9407
263.995175,304.960175
264.070575,304.980375
264.15815,304.9915
264.2315,305.1038
264.33255,305.1284
264.37335,305.13785
264.4236,305.146075
264.4888,305.197075
264.572675,305.40685
264.599275,305.69195
264.656375,305.71495
264.710975,305.71915
264.74545,305.788975
264.776975,305.856275
264.79855,305.96435
264.874975,306.1031
264.8945,306.162675
264.895975,306.255025
264.949975,306.39685
265.0252,306.45335
265.058275,306.521775
265.111275,306.588825
265.1371,306.6018
265.17575,306.61565
265.224775,306.624625
265.29185,306.642225
265.34195,306.65895
265.38185,306.6786
265.43585,306.683175
265.503625,306.709325
265.67175,307.000125
265.71975,307.042475
265.769325,307.213125
265.782825,307.2229
265.88445,307.264475
265.96215,307.3057
266.01375,307.309975
266.0503,307.3893
266.0866,307.465875
266.13705,307.487925
266.190275,307.5805
266.22295,307.590575
266.237425,307.818475
266.29935,307.833325
266.30075,307.874325
266.436,307.88735
266.479875,308.015925
266.481125,308.095925
266.533175,308.139525
266.5842,308.148725
266.61215,308.18585
266.655225,308.2976
266.670975,308.54595
266.7029,308.574625
266.73675,308.63085
266.749575,308.7289
266.75115,308.7496
266.754725,308.768175
266.826525,308.772025
266.86845,309.018725
266.919125,309.06205
266.95945,309.0631
266.977625,309.128575
267.02975,309.145125
267.220625,309.211725
267.3112,309.618375
267.419325,309.6797
267.454525,309.6936
267.514925,309.71235
267.538725,309.7148
267.591075,309.821925
267.62765,309.957925
267.664825,309.96805
267.7321,309.9849
267.784675,310.00515
267.81325,310.0068
267.86225,310.04115
267.891525,310.056625
267.927775,310.113125
267.9587,310.245775
268.1176,310.247575
268.14585,310.461475
268.168725,310.50325
268.20275,310.6339
268.26535,310.845525
268.334125,310.86075
268.582275,310.9187
268.637025,310.93215
268.7097,311.01595
268.744375,311.020375
268.777975,311.04635
268.82455,311.064475
268.867825,311.168025
268.910375,311.2617
268.935075,311.365
268.986775,311.415125
269.025425,311.4197
269.076075,311.459375
269.1099,311.596725
269.259775,311.61555
269.282,311.6278
269.324025,311.6561
269.380375,311.7243
269.439225,311.9521
269.5117,311.980025
269.591275,312.1304
269.6138,312.150375
269.69665,312.2329
269.712025,312.238225
269.72265,312.2525
269.77615,312.258525
269.80365,312.28105
269.861925,312.299775
269.891475,312.423025
269.915675,312.4787
269.977575,312.572775
270.040975,312.596425
270.0616,312.698325
270.084475,312.7317
270.099575,312.856125
270.1235,312.91545
270.137325,312.949125
270.20005,313.050225
270.27355,313.097075
270.385625,313.37085
270.411375,313.378
270.48815,313.393575
270.499825,313.45235
270.51835,313.5101
270.5312,313.5368
270.58725,313.687875
270.590425,313.8291
270.6238,313.86365
270.65045,314.042175
270.73555,314.063775
270.75375,314.35335
270.77745,314.364375
270.890925,314.3762
270.925275,314.579625
270.96435,314.738225
270.996975,314.74845
271.072375,314.7913
271.145675,314.914825
271.169275,314.992075
271.243775,315.024025
271.2726,315.041125
271.30445,315.163375
271.34705,315.2406
271.35135,315.46395
271.37695,315.478725
271.37835,315.481325
271.430975,315.51185
271.4678,315.53825
271.47515,315.558475
271.5307,315.580025
271.572375,316.122275
271.611325,316.1342
271.636125,316.14755
271.667975,316.3827
271.6995,316.4017
271.751325,316.422975
271.80545,316.4691
271.850725,316.652725
271.900475,316.6849
271.9397,316.758175
271.98675,316.769875
272.05185,316.78245
272.053225,316.811025
272.077575,316.831875
272.132875,316.8752
272.150575,316.962
272.192525,316.969125
272.197225,317.0486
272.201875,317.226575
272.2288,317.268525
272.27235,317.282925
272.313775,317.3305
272.3544,317.368
272.387475,317.439725
272.42875,317.45595
272.4664,317.4779
272.561875,317.500875
272.5783,317.699325
272.5833,317.7848
272.59885,317.86835
272.60855,317.9815
272.619025,318.0282
272.625825,318.0855
272.6809,318.138425
272.6955,318.25105
272.745125,318.25255
272.80065,318.295375
272.813425,318.29825
272.8531,318.32835
272.921975,318.518025
272.9507,318.5617
272.994425,318.599725
273.022375,318.776475
273.026525,318.779325
273.100525,318.831725
273.12975,318.85555
273.19115,319.15335
273.236425,319.175125
273.27475,319.22245
273.326175,319.490775
273.3492,319.510475
273.479025,319.56525
273.527,319.596025
273.57795,319.625075
273.63085,319.663625
273.7053,319.690975
273.774375,319.725075
273.8143,319.75315
273.945675,319.9359
273.960725,319.946525
274.05995,319.976325
274.075275,320.0399
274.0903,320.168325
274.11695,320.447075
274.134475,320.53065
274.261425,320.5471
274.2946,320.59235
274.33215,320.60705
274.398825,320.615575
274.47985,320.626175
274.651725,320.84015
274.784125,320.8636
274.823175,320.8926
274.86525,321.053625
274.901425,321.073725
274.93865,321.124725
274.9924,321.126625
275.042,321.149275
275.071525,321.2709
275.111025,321.301425
275.188425,321.49205
275.2289,321.625625
275.3533,321.668
275.36365,321.745475
275.413675,321.8973
275.44115,322.2116
275.45065,322.2803
275.463375,322.416725
275.472525,322.499825
275.490775,322.595125
275.527825,322.7113
275.571675,322.728925
275.6157,322.737275
275.655525,322.7551
275.744075,322.877675
275.7779,323.011825
275.849625,323.02475
275.867775,323.0269
275.8818,323.05275
275.94605,323.081125
276.04275,323.1051
276.10545,323.15805
276.189975,323.304525
276.26715,323.318425
276.323225,323.368025
276.3758,323.42805
276.435725,323.50115
276.458775,323.5288
276.464575,323.547575
276.5196,323.666225
276.558175,323.73065
276.5635,323.7975
276.64295,323.8645
276.773325,323.8779
276.8263,323.897125
276.856875,324.075875
276.866975,324.3949
276.889475,324.421475
276.91245,324.477325
276.93785,324.546425
276.96035,324.65265
277.001075,324.745525
277.044175,324.965725
277.085625,325.049525
277.09265,325.09295
277.102075,325.202425
277.138775,325.220325
277.18265,325.236075
277.2554,325.467525
277.306875,325.481075
277.3256,325.585425
277.333575,325.652525
277.3762,325.711575
277.472175,325.922825
277.496825,325.93635
277.52165,326.0025
277.5816,326.16365
277.615275,326.17275
277.63695,326.328075
277.68425,326.370725
277.722075,326.42475
277.7392,326.493975
277.78255,326.693375
277.80935,326.956875
277.827625,326.97385
277.8983,326.989225
277.9645,327.032725
278.057175,327.161075
278.071725,327.184525
278.135275,327.250375
278.17775,327.41715
278.253075,327.419725
278.3546,327.49665
278.367425,327.694275
278.467875,327.7211
278.5609,327.774325
278.61775,327.782075
278.649475,327.804475
278.66505,327.850525
278.7486,327.927425
278.763525,328.0148
278.810825,328.082575
278.853,328.126075
278.860025,328.1768
278.943875,328.24605
278.94515,328.29695
278.973475,328.3723
279.039,328.39315
279.068775,328.421
279.104475,328.4379
279.136175,328.69565
279.140575,328.7255
279.176225,328.8383
279.196,328.88335
279.215075,328.9091
279.259225,328.96655
279.2682,329.063775
279.2881,329.209275
279.36105,329.2371
279.363325,329.3776
279.374525,329.422775
279.375925,329.45965
279.42285,329.503975
279.427025,329.597975
279.4643,329.64565
279.490075,330.070325
279.494625,330.086575
279.50555,330.131825
279.582825,330.1388
279.585875,330.18765
279.6145,330.214875
279.662375,330.338025
279.68295,330.781725
279.799975,330.8477
279.83135,330.8621
279.905475,330.891925
279.920225,330.90815
279.96225,331.009225
279.991725,331.048725
279.999575,331.080375
280.008825,331.332975
280.052825,331.358975
280.08795,331.3813
280.128075,331.403875
280.148675,331.442825
280.150125,331.645325
280.18595,331.750625
280.28415,331.976475
280.3293,332.1416
280.3588,332.280325
280.381975,332.359225
280.445475,332.476275
280.457075,332.793075
280.5324,332.99325
280.628425,332.9948
280.6496,333.0011
280.65105,333.071025
280.7035,333.414725
280.7718,333.58755
280.8102,333.665625
280.85545,333.999525
280.8817,334.044875
280.907975,334.094775
280.936,334.099375
280.9963,334.11315
281.0017,334.157575
281.085625,334.159975
281.190225,334.185075
281.262,334.2422
281.320925,334.366075
281.349575,334.367125
281.422125,334.689675
281.462925,334.69555
281.4944,334.744725
281.557925,334.83525
281.598375,334.906825
281.647025,334.9298
281.711425,334.98885
281.758025,335.10535
281.829775,335.132
281.890875,335.133675
281.952325,335.20735
282.016225,335.243225
282.052375,335.349575
282.15305,335.493925
282.195675,335.560575
282.216975,335.619275
282.2597,335.644825
282.324975,335.6708
282.376925,335.68485
282.41925,335.7635
282.435975,335.765775
282.438925,335.816675
282.4867,336.12975
282.49275,336.130825
282.5102,336.164475
282.61785,336.285525
282.745075,336.354675
282.80935,336.357325
282.8468,336.37675
282.92985,336.46375
283.0311,336.46995
283.100075,336.558825
283.139325,336.600975
283.142375,336.64455
283.18185,337.0007
283.235375,337.0109
283.268575,337.081875
283.305575,337.176525
283.317175,337.17835
283.348725,337.219125
283.383325,337.236925
283.43315,337.34245
283.500775,337.36215
283.5026,337.3695
283.5491,337.413575
283.635475,337.461875
283.7664,337.52565
283.815025,337.57745
283.8774,337.58195
283.899575,337.5876
283.93805,337.6272
283.98565,337.682875
283.993125,337.6962
284.101525,337.700725
284.127975,337.72495
284.2349,337.744275
284.4092,337.774325
284.43555,337.836825
284.449075,337.8469
284.456875,337.857125
284.508775,337.94575
284.5551,337.98945
284.5934,338.056325
284.67575,338.19365
284.73485,338.244475
284.752275,338.30855
284.76775,338.332875
284.7832,338.348725
284.871725,338.40505
284.873425,338.540175
284.92785,338.581
284.950725,338.7112
284.960475,338.739125
285.031275,338.76575
285.063825,338.772175
285.106075,338.81495
285.21645,338.83315
285.2562,338.847975
285.2933,338.917475
285.32395,338.923675
285.442525,338.9408
285.47035,338.95635
285.5307,338.96925
285.541675,338.98735
285.550975,339.07805
285.6673,339.3181
285.682225,339.385875
285.6836,339.482125
285.701525,339.571625
285.7633,339.585475
285.80945,339.607675
285.844175,339.84485
285.8833,339.850375
285.9038,340.05595
285.940725,340.09945
285.95175,340.187375
285.967175,340.220575
285.971,340.22285
285.99235,340.3721
285.99495,340.44305
286.04215,340.4551
286.107225,340.7335
286.126625,340.782475
286.129525,340.8004
286.133925,340.8189
286.144325,340.826725
286.187275,340.941125
286.219575,340.9568
286.241975,341.023925
286.2504,341.1726
286.33155,341.231975
286.463425,341.24365
286.477075,341.378775
286.51375,341.386425
286.612075,341.3993
286.735975,341.44045
286.784825,341.546625
286.8638,341.64795
286.95205,341.70785
287.01895,341.8398
287.03515,341.85795
287.09225,341.99485
287.147375,342.052525
287.2099,342.28065
287.22415,342.4035
287.266775,342.4531
287.3021,342.545125
287.339475,342.604975
287.37125,342.64745
287.4162,342.96645
287.480775,343.327875
287.52755,343.356275
287.614875,343.369025
287.709825,343.388775
287.787475,343.409325
287.836775,343.483475
287.872475,343.6382
287.9156,343.863575
287.97725,343.872775
288.081175,343.982175
288.086325,344.106525
288.18085,344.126875
288.237775,344.2471
288.279025,344.253225
288.319125,344.293175
288.3356,344.2963
288.46355,344.3426
288.468225,344.384225
288.54945,344.44595
288.693225,344.50495
288.805225,344.590625
288.856725,344.62115
288.932375,344.622875
288.98665,344.631675
289.1343,344.7632
289.184125,344.822675
289.22,344.857725
289.266275,344.86445
289.40245,344.867775
289.42445,344.910825
289.462825,344.913075
289.5045,344.922325
289.547925,345.112975
289.579,345.1257
289.726475,345.130575
289.748225,345.31475
289.7984,345.41695
289.799825,345.451175
289.8082,345.477425
289.834675,345.5459
289.858,345.6067
289.85955,345.75955
289.96905,345.818975
289.9875,345.94155
290.0297,346.0064
290.04805,346.108575
290.0714,346.149375
290.108325,346.18465
290.1713,346.20395
290.23565,346.232275
290.293225,346.31265
290.339575,346.385025
290.35685,346.4277
290.417725,346.4379
290.4573,346.448975
290.4849,346.5067
290.569125,346.56235
290.669,346.755225
290.750575,346.89775
290.761025,346.9526
290.766325,347.0328
290.857875,347.232725
290.89355,347.249425
290.90235,347.307975
290.97205,347.471725
291.02655,347.6146
291.089375,347.7076
291.113275,347.8754
291.12435,347.95335
291.2022,347.977925
291.2472,347.984775
291.253325,348.017525
291.2699,348.022625
291.273575,348.230425
291.403675,348.279625
291.413025,348.532575
291.443775,348.5427
291.46025,348.558875
291.523275,348.662
291.556425,348.885525
291.70825,348.9982
291.7319,349.04125
291.751575,349.068425
291.821125,349.131225
291.8248,349.27765
291.873,349.314675
291.940725,349.32395
292.024775,349.393125
292.109125,349.454
292.183225,349.47825
292.337825,349.55865
292.3681,349.5815
292.42705,349.77335
292.464725,349.9115
292.655275,349.971975
292.7772,349.9815
292.809075,350.070675
292.859025,350.262
292.9082,350.28965
292.957425,350.3353
292.994,350.350925
293.031275,350.3862
293.078925,350.3877
293.145775,350.39375
293.226475,350.416875
293.303375,350.470725
293.30895,350.48565
293.3634,350.854775
293.384575,350.96985
293.3953,351.45115
293.439,351.459525
293.46655,351.70495
293.554725,351.79995
293.59335,351.8433
293.613025,352.014475
293.62785,352.03365
293.66535,352.073525
293.69945,352.187275
293.73565,352.266625
293.82845,352.29225
293.87025,352.2937
293.878075,352.297375
293.887825,352.4315
293.901475,352.476375
293.934525,352.4968
294.140725,352.605675
294.18565,352.6418
294.209325,352.693375
294.24535,352.708725
294.436825,352.7427
294.48485,352.767625
294.542125,352.83995
294.585675,352.9049
294.605625,353.079675
294.6533,353.081025
294.74165,353.0869
294.817,353.116875
295.045925,353.1382
295.164875,353.297275
295.220675,353.40525
295.243575,353.419525
295.280575,353.447375
295.442075,353.5128
295.4897,353.522875
295.540775,353.5355
295.572425,353.5605
295.63065,353.586375
295.69295,353.5966
295.74755,353.6272
295.79595,353.8238
295.797475,353.860025
295.81325,353.8755
295.865275,353.90445
295.9817,354.081725
296.072525,354.124175
296.154075,354.208525
296.20025,354.249925
296.272325,354.330725
296.347425,354.371375
296.3769,354.415875
296.431825,354.504725
296.4947,354.59975
296.54265,354.64105
296.661075,354.951325
296.78615,354.963675
296.893325,354.98815
296.9191,354.995925
296.98515,355.0311
297.019375,355.0326
297.055375,355.103125
297.0984,355.11265
297.11665,355.139025
297.14295,355.156525
297.20455,355.165325
297.3259,355.4988
297.331975,355.547475
297.3353,355.5909
297.530275,355.62095
297.5851,355.623175
297.638675,355.6657
297.652625,355.748225
297.65475,355.799325
297.689275,355.8076
297.756025,355.81715
297.808975,355.90325
297.830975,355.91115
297.859625,356.105675
297.878175,356.120525
297.8883,356.131175
297.902475,356.24255
297.93065,356.2543
297.95585,356.273475
297.97555,356.298175
298.012775,356.307275
298.060475,356.3494
298.069325,356.351125
298.139525,356.376225
298.2283,356.445975
298.25535,356.5064
298.28275,356.51445
298.303325,356.8918
298.3377,356.928425
298.420275,356.97105
298.45965,357.0393
298.552075,357.06665
298.611825,357.086875
298.696825,357.120675
298.774625,357.123625
298.789375,357.142575
298.893325,357.313575
298.91655,357.3708
298.957725,357.492925
298.968975,357.53545
298.989675,357.65495
299.0176,357.670175
299.019,357.8227
299.03205,357.83965
299.0366,357.86535
299.07085,358.26345
299.164575,358.362775
299.280675,358.380325
299.305225,358.41975
299.395,358.43925
299.4712,358.4741
299.472875,358.5814
299.52155,358.65375
299.56485,358.90705
299.582575,359.138425
299.604125,359.332
299.606475,359.36285
299.6096,359.370725
299.6279,359.375025
299.642875,359.45235
299.685925,359.4538
299.72295,359.529525
299.751275,359.616375
299.78475,359.619225
299.875375,359.6221
299.919675,359.76355
299.9211,359.79855
299.923125,359.8842
299.9809,359.93475
300.029475,359.963825
300.0397,359.9884
300.044325,360.13075
300.068225,360.1422
300.12975,360.1757
300.14855,360.18155
300.26515,360.2638
300.370125,360.364575
300.399075,360.38835
300.418325,360.536175
300.50285,360.592675
300.539725,360.662225
300.61795,360.7061
300.619525,360.715275
300.663975,360.718225
300.73835,360.767125
300.8204,361.23925
300.85995,361.2478
300.955575,361.276225
300.997825,361.289975
301.026,361.32195
301.0634,361.328525
301.23695,361.365175
301.277925,361.717975
301.284475,361.733
301.330475,361.8136
301.3935,361.82545
301.4271,362.04205
301.49165,362.16245
301.54155,362.2493
301.569725,362.261725
301.606325,362.393025
301.68645,362.41665
301.6942,362.53255
301.710975,362.56945
301.749825,362.664425
301.779525,362.7537
301.815025,362.755075
301.91835,362.769025
301.936425,362.82805
301.951425,362.8361
301.965,362.8491
302.008175,362.881325
302.065225,362.991125
302.111575,363.168
302.145225,363.18075
302.210325,363.49545
302.22535,363.61265
302.23075,363.644125
302.24375,363.652475
302.2841,363.715825
302.30345,363.867
302.384875,363.8687
302.466025,364.005625
302.511825,364.048775
302.520925,364.061825
302.54885,364.135475
302.612625,364.15685
302.701675,364.1658
302.7707,364.177325
302.835975,364.32515
302.8788,364.4434
302.9033,364.504275
302.93355,364.524125
302.9835,364.5561
303.04745,364.603725
303.07335,364.63735
303.0933,364.639575
303.1345,365.234225
303.21425,365.322775
303.282475,365.330175
303.34685,365.56785
303.393425,365.569825
303.484175,365.58975
303.5137,365.622875
303.57125,365.801775
303.64735,365.92365
303.753425,366.0526
303.79525,366.12665
303.839775,366.268825
303.89395,366.2963
303.941025,366.30815
303.987,366.86445
304.076875,366.9604
304.0972,367.2169
304.213025,367.306025
304.37855,367.35735
304.414625,367.497275
304.529675,367.512
304.55635,367.567775
304.585075,367.582625
304.60875,367.6711
304.6576,367.783575
304.72215,367.8521
304.752225,367.857925
304.825075,367.889625
304.86645,367.951025
304.932325,367.9558
305.001975,368.998975
305.068975,369.2329
305.094125,369.270725
305.1464,369.276525
305.1819,369.2857
305.2668,369.381325
305.39815,369.486075
305.52165,369.5717
305.5745,369.806025
305.61395,369.95065
305.6787,370.018575
305.742825,370.0344
305.8601,370.123775
305.892775,370.17245
305.966025,370.349325
306.086625,370.445275
306.1429,370.4692
306.186525,370.553625
306.22275,370.578
306.2637,370.768525
306.2753,370.799875
306.2881,370.89515
306.3148,371.011525
306.3604,371.04505
306.44605,371.0563
306.486375,371.070525
306.67825,371.1282
306.715325,371.1466
306.761825,371.203975
306.784925,371.30195
306.87705,371.3421
306.9089,371.371375
306.9684,371.57725
306.9724,371.7844
307.016575,371.84025
307.074025,371.9055
307.1806,372.243325
307.22935,372.269175
307.275,372.334125
307.344725,372.3568
307.45355,372.368875
307.47355,372.46435
307.527325,372.486175
307.56265,372.54155
307.679725,372.55035
307.7422,372.572125
307.79095,372.58895
307.797425,372.5921
307.860425,372.62355
307.9021,372.652325
307.921825,372.685025
307.9441,372.739875
307.972275,373.033775
308.0383,373.10445
308.13715,373.2458
308.149675,373.49005
308.157325,373.6343
308.158975,373.64375
308.1708,373.7515
308.185025,373.862725
308.196575,373.99265
308.23535,374.31
308.2988,374.345175
308.31,374.39895
308.3402,374.579925
308.35145,374.59405
308.368375,374.7623
308.36985,374.7653
308.40245,374.89515
308.46795,375.071625
308.514375,375.11955
308.563725,375.134525
308.58665,375.16855
308.67875,375.27925
308.73735,375.442525
308.743325,375.5605
308.744675,375.7332
308.753225,375.823225
308.769875,375.873425
308.795525,375.9425
308.81575,376.109075
308.829475,376.12135
308.850525,376.370275
308.948575,376.4731
309.015775,376.55885
309.082625,376.579275
309.110575,376.59805
309.2417,376.6381
309.270175,376.642125
309.28095,376.7235
309.3035,376.7445
309.343275,376.867325
309.43075,376.909675
309.470625,376.989325
309.4721,376.99905
309.526175,377.0805
309.631425,377.121275
309.647075,377.32515
309.690625,377.328025
309.7366,377.3366
309.758075,377.35665
309.807525,377.40365
309.8206,377.46325
309.8656,377.480275
309.889325,377.664675
309.913125,377.802975
309.952925,377.8067
309.974975,377.834375
309.99945,377.872675
310.020525,377.910275
310.04765,377.969075
310.086625,378.00805
310.098825,378.267475
310.21765,378.31825
310.230075,378.33495
310.231725,378.345625
310.241825,378.34955
310.260775,378.4209
310.375325,378.444075
310.48945,378.493725
310.53355,378.534525
310.571825,378.59975
310.594625,378.6059
310.643725,378.626925
310.734975,378.7896
310.7472,378.933825
310.75385,378.949575
310.766425,378.99435
310.841225,379.019325
310.843,379.1055
310.848175,379.187975
310.914675,379.210625
310.9792,379.230875
310.99645,379.266775
311.017775,379.3252
311.050175,379.349575
311.108425,379.36665
311.15715,379.409225
311.16855,379.43355
311.202775,379.6309
311.26105,379.7459
311.2828,379.934375
311.29815,380.009575
311.34215,380.090525
311.35845,380.27205
311.426375,380.33995
311.4761,380.365725
311.4916,380.5286
311.57715,380.550575
311.61605,380.617925
311.645925,380.634625
311.6712,380.654325
311.68615,380.841925
311.6898,380.8583
311.69605,380.895525
311.702675,380.965575
311.7571,381.1081
311.758725,381.234025
311.772575,381.264325
311.784775,381.267925
311.7945,381.291575
311.812,381.347
311.85215,381.37345
311.85875,381.45605
311.87105,381.507575
311.93375,381.553325
312.0042,381.5801
312.056075,381.746975
312.1305,381.96635
312.1545,382.039275
312.21975,382.066
312.23145,382.10945
312.265325,382.132275
312.299275,382.145625
312.334625,382.187875
312.4235,382.5575
312.4527,382.574525
312.49975,382.58505
312.5201,382.69985
312.531725,382.721175
312.6239,382.86845
312.636125,382.90225
312.64945,382.931625
312.679575,382.96215
312.7117,382.989475
312.815825,382.99785
312.870525,383.006925
312.898925,383.10785
312.9265,383.178125
312.95255,383.292375
312.9805,383.515675
313.004525,383.6131
313.094125,383.663675
313.1371,383.6832
313.1922,383.764625
313.243125,383.774125
313.278525,383.80935
313.3069,383.835825
313.3443,383.8374
313.377625,384.351525
313.393275,384.3573
313.43175,384.400775
313.477675,384.498975
313.506525,384.611525
313.521875,384.698775
313.534425,384.73655
313.558625,384.756725
313.6258,384.95295
313.6668,385.08175
313.711325,385.1628
313.740825,385.297575
313.805625,385.34005
313.9386,385.395125
313.99795,385.467775
314.03425,385.5
314.09645,385.614775
314.133875,385.745125
314.16405,385.755425
314.171325,385.775225
314.180975,385.7844
314.18905,385.798575
314.20655,385.81695
314.23955,385.83035
314.256775,385.861
314.285075,385.959425
314.3006,386.0225
314.324525,386.027375
314.34195,386.15005
314.354225,386.18245
314.36795,386.193975
314.4007,386.204
314.41935,386.214875
314.5246,386.27255
314.572625,386.28165
314.600525,386.2982
314.636975,386.3549
314.6548,386.400925
314.6874,386.4595
314.71375,386.4883
314.733625,386.725775
314.743475,386.73795
314.8713,386.957425
314.8894,386.989675
314.981225,387.113875
315.10935,387.1282
315.1305,387.15985
315.231725,387.208
315.23615,387.227225
315.263675,387.2371
315.37455,387.549125
315.4024,387.667575
315.46605,387.686075
315.514,387.757075
315.52735,387.817575
315.5686,387.926125
315.5988,388.12625
315.650425,388.2729
315.6734,388.2884
315.704975,388.408575
315.7458,388.45725
315.76375,388.465425
315.8374,388.4867
315.9434,388.49585
315.9537,388.548525
315.955125,388.602375
316.004025,388.6072
316.05135,389.066525
316.0893,389.176325
316.121525,389.226975
316.179375,389.249225
316.203075,389.3299
316.220675,389.373025
316.22405,389.3773
316.2526,389.473675
316.281975,389.477825
316.338675,389.524075
316.39315,389.6381
316.42905,389.731525
316.45185,389.7606
316.45705,389.845825
316.45865,389.905075
316.4793,389.9804
316.567525,390.037575
316.5782,390.05305
316.64305,390.0625
316.652025,390.2773
316.654175,390.2977
316.65555,390.3041
316.68655,390.342525
316.71915,390.37945
316.733275,390.439225
316.76645,390.5076
316.813525,390.63025
316.82955,390.64605
316.86815,390.656475
316.902125,390.780975
316.9104,390.83565
316.9494,390.917
316.96825,390.976275
316.992,391.10245
317.00315,391.121725
317.119825,391.1506
317.1217,391.196075
317.23865,391.210675
317.339875,391.23225
317.365675,391.24485
317.4014,391.25835
317.446525,391.41655
317.473,391.54035
317.573425,391.59275
317.61995,391.62835
317.65205,391.80015
317.71815,391.8333
317.7374,392.11675
317.744525,392.184025
317.767825,392.316375
317.820825,392.353825
317.850875,392.470975
317.902625,392.58905
317.92615,392.61945
318.001475,392.77785
318.01535,392.7846
318.036475,392.8249
318.1253,392.92315
318.239575,392.944775
318.26675,392.985375
318.2879,393.226225
318.329125,393.278725
318.390925,393.51575
318.476525,393.5595
318.578025,393.593
318.601975,393.6627
318.63015,393.7
318.678325,393.766975
318.739725,393.8371
318.85475,393.883025
318.891375,393.927725
318.980925,393.95715
319.016625,394.0439
319.050425,394.0506
319.11275,394.09245
319.178425,394.11105
319.2886,394.2567
319.369175,394.4844
319.42965,394.63345
319.489325,394.6578
319.51655,394.89305
319.56195,394.913675
319.695625,394.9257
319.7604,394.933675
319.818675,395.1175
319.873,395.12655
319.914975,395.130825
319.941025,395.216925
319.9838,395.394125
320.02845,395.48855
320.08315,395.578025
320.092425,395.6193
320.107325,395.640075
320.13955,395.645675
320.169075,395.656725
320.20945,395.729625
320.219925,395.833225
320.23465,395.907525
320.2488,395.928425
320.3779,395.960625
320.381375,395.9695
320.409525,396.01125
320.412375,396.4184
320.436575,396.48
320.43815,396.485175
320.465925,396.4892
320.5438,396.99965
320.57895,397.1
320.630225,397.221725
320.69805,397.24615
320.76365,397.251725
320.84815,397.26785
320.8749,397.2816
320.932225,397.41955
321.0209,397.61895
321.079175,397.811875
321.119775,397.8247
321.151675,397.92925
321.21115,397.935375
321.21715,398.189275
321.297675,398.207675
321.321725,398.32555
321.3511,398.34065
321.3818,398.376575
321.4172,398.45645
321.41865,398.53585
321.443875,398.632525
321.4806,398.6367
321.5866,398.7183
321.622425,398.729
321.650275,398.815975
321.701275,398.88395
321.723975,399.018075
321.76355,399.0676
321.811425,399.11465
321.896525,399.23325
321.932925,399.248975
321.982075,399.315425
322.00955,399.45575
322.028125,399.687475
322.115525,399.77875
322.14925,399.83005
322.177975,399.973975
322.201,399.993175
322.271475,
322.345325,
322.4135,
322.427,
322.52655,
322.6007,
322.63015,
322.66155,
322.721575,
322.740975,
322.85695,
322.8583,
322.86025,
322.8678,
322.879425,
322.898775,
322.914175,
322.970475,
322.97215,
322.984875,
322.9947,
323.068925,
323.142325,
323.215275,
323.2571,
323.30495,
323.32795,
323.335025,
323.3515,
323.364975,
323.410375,
323.437,
323.494875,
323.517875,
323.530825,
323.583225,
323.6246,
323.699275,
323.788425,
323.880875,
323.934375,
324.0015,
324.308625,
324.345075,
324.3796,
324.4507,
324.479175,
324.534725,
324.557125,
324.7051,
324.834425,
324.8643,
324.88745,
324.93065,
324.948125,
325.00355,
325.081125,
325.13175,
325.151775,
325.2087,
325.304875,
325.316925,
325.3885,
325.419025,
325.47055,
325.5012,
325.522775,
325.52515,
325.5472,
325.581525,
325.6528,
325.65975,
325.67135,
325.7033,
325.805725,
325.867625,
325.911425,
326.05795,
326.09715,
326.13095,
326.164,
326.2186,
326.251425,
326.3153,
326.3899,
326.4751,
326.555375,
326.6097,
326.842125,
326.8933,
326.96135,
326.986575,
327.022325,
327.060775,
327.08565,
327.11055,
327.16165,
327.18475,
327.2481,
327.2904,
327.3452,
327.478275,
327.521075,
327.5945,
327.61945,
327.673075,
327.732675,
327.834475,
327.903075,
327.924875,
328.01185,
328.039375,
328.1141,
328.145825,
328.1933,
328.236075,
328.260325,
328.42315,
328.447325,
328.490175,
328.63145,
328.693825,
328.740175,
328.829425,
328.891675,
328.925675,
328.968775,
329.008875,
329.035125,
329.088675,
329.232725,
329.2683,
329.30905,
329.405,
329.433925,
329.464125,
329.531625,
329.601375,
329.648075,
329.68305,
329.710275,
329.76115,
329.813125,
329.9009,
329.958175,
329.9995,
330.0646,
330.119175,
330.17905,
330.225275,
330.261625,
330.31715,
330.3681,
330.3986,
330.4165,
330.52885,
330.555525,
330.6037,
330.61705,
330.6365,
330.715425,
330.752125,
330.7723,
330.8583,
330.887725,
330.910675,
330.9441,
331.00075,
331.066725,
331.07465,
331.094175,
331.14345,
331.183475,
331.30105,
331.3264,
331.402675,
331.441125,
331.52875,
331.6466,
331.6852,
331.715375,
331.73305,
331.744275,
331.7657,
331.88565,
331.995225,
332.05515,
332.0727,
332.144375,
332.1812,
332.24195,
332.2779,
332.436475,
332.456175,
332.468925,
332.474725,
332.528,
332.585225,
332.5917,
332.65315,
332.6811,
332.726425,
332.782225,
332.796625,
332.831675,
332.892275,
332.94855,
333.0042,
333.042,
333.066675,
333.070575,
333.2532,
333.25595,
333.3405,
333.3967,
333.401125,
333.4507,
333.48025,
333.50245,
333.52905,
333.551675,
333.559725,
333.600575,
333.656825,
333.668825,
333.6825,
333.826725,
333.909175,
333.911825,
333.950775,
333.96745,
334.005,
334.05845,
334.13255,
334.1882,
334.243475,
334.2507,
334.256125,
334.2639,
334.401775,
334.40355,
334.44965,
334.47155,
334.4807,
334.504225,
334.5163,
334.538075,
334.565875,
334.593275,
334.6075,
334.632125,
334.65215,
334.6655,
334.692925,
334.75635,
334.761575,
334.76495,
334.824825,
334.842975,
334.8602,
334.88905,
334.9146,
334.9494,
334.98625,
335.011275,
335.0457,
335.062125,
335.0709,
335.077325,
335.089375,
335.12505,
335.166575,
335.176725,
335.22535,
335.347725,
335.3514,
335.391025,
335.40425,
335.477975,
335.504175,
335.5809,
335.687375,
335.690275,
335.6986,
335.718825,
335.76755,
335.7689,
335.805025,
335.81315,
335.8659,
335.89135,
335.899825,
335.9174,
335.93795,
335.946375,
335.960725,
335.982575,
336.010225,
336.029925,
336.04065,
336.150375,
336.19755,
336.25495,
336.265675,
336.28105,
336.300925,
336.32365,
336.3716,
336.4,
336.443575,
336.456125,
336.593775,
336.6347,
336.648525,
336.6797,
336.702925,
336.7082,
336.7124,
336.763175,
336.821625,
336.8335,
336.8724,
336.9109,
336.944075,
336.965075,
336.993375,
337.080425,
337.11055,
337.221675,
337.290825,
337.292975,
337.349475,
337.41575,
337.464975,
337.494425,
337.52125,
337.5582,
337.602825,
337.62375,
337.650425,
337.706225,
337.7398,
337.745925,
337.7771,
337.807025,
337.817475,
337.858875,
337.9218,
337.923,
337.9702,
337.9841,
337.9935,
338.05175,
338.1282,
338.1348,
338.2292,
338.3057,
338.337675,
338.3469,
338.387125,
338.388825,
338.406775,
338.4934,
338.512725,
338.54175,
338.553,
338.57495,
338.583325,
338.619575,
338.64575,
338.64725,
338.69585,
338.72325,
338.743375,
338.7933,
338.8093,
338.8733,
338.8981,
338.91395,
338.918325,
338.939975,
338.972025,
338.98145,
339.00745,
339.019375,
339.050075,
339.0843,
339.15225,
339.1899,
339.207725,
339.2422,
339.301175,
339.344875,
339.39035,
339.42285,
339.4511,
339.54315,
339.602025,
339.66065,
339.728675,
339.776175,
339.80405,
339.821475,
339.8947,
339.944775,
340.0532,
340.074,
340.09295,
340.10195,
340.110425,
340.1335,
340.151275,
340.1961,
340.2039,
340.224875,
340.2676,
340.271975,
340.3481,
340.411725,
340.475775,
340.48395,
340.550175,
340.587075,
340.63585,
340.64355,
340.66795,
340.7205,
340.724325,
340.734875,
340.75835,
340.8652,
340.93125,
340.94235,
340.957,
340.98795,
341.0247,
341.06765,
341.1355,
341.144875,
341.153225,
341.17135,
341.2095,
341.246075,
341.278975,
341.2817,
341.290625,
341.316325,
341.338825,
341.473375,
341.48545,
341.5213,
341.5486,
341.572825,
341.583825,
341.6523,
341.710775,
341.752575,
341.7648,
341.873725,
341.88025,
341.909675,
341.995475,
341.99705,
342.0494,
342.08405,
342.1385,
342.185175,
342.19915,
342.22795,
342.28975,
342.29375,
342.342875,
342.3743,
342.4174,
342.498925,
342.501725,
342.5393,
342.599775,
342.619825,
342.74265,
342.7631,
342.7854,
342.802075,
342.806175,
342.843225,
342.894725,
342.907925,
342.9502,
342.985075,
343.0156,
343.02485,
343.03005,
343.054275,
343.119625,
343.265675,
343.283325,
343.297525,
343.36185,
343.412725,
343.419225,
343.431425,
343.460975,
343.5021,
343.549475,
343.573275,
343.657575,
343.729675,
343.7606,
343.789275,
343.83615,
343.95615,
344.119075,
344.19675,
344.20995,
344.25455,
344.279,
344.32175,
344.359725,
344.396875,
344.4584,
344.48505,
344.492025,
344.5085,
344.59485,
344.676375,
344.729225,
344.73685,
344.827325,
344.855875,
344.8682,
344.9103,
344.931875,
345.1309,
345.133425,
345.189825,
345.2094,
345.24915,
345.277175,
345.302025,
345.333725,
345.342575,
345.36005,
345.3715,
345.402075,
345.428125,
345.475725,
345.6063,
345.624675,
345.689825,
345.7053,
345.73845,
345.7628,
345.7941,
345.820725,
345.84345,
345.852,
345.8549,
345.939675,
345.987175,
345.996675,
346.003675,
346.02975,
346.2092,
346.287625,
346.29955,
346.311975,
346.327025,
346.356,
346.392125,
346.409525,
346.4202,
346.50715,
346.552925,
346.615175,
346.6475,
346.65565,
346.67035,
346.715,
346.72415,
346.818775,
346.83,
346.853,
346.866725,
346.8997,
347.01685,
347.075875,
347.14445,
347.15675,
347.16855,
347.2957,
347.43155,
347.464225,
347.514,
347.565125,
347.61505,
347.627625,
347.65365,
347.677675,
347.683525,
347.706875,
347.7375,
347.759725,
347.82605,
347.833175,
347.859425,
347.862375,
347.872075,
347.889725,
347.918875,
347.965775,
348.03895,
348.078825,
348.116575,
348.241175,
348.2826,
348.354625,
348.3986,
348.4548,
348.4916,
348.510125,
348.541025,
348.578125,
348.612525,
348.659025,
348.717,
348.74565,
348.830025,
348.860525,
348.893925,
348.9134,
348.946025,
348.978,
348.986825,
349.0936,
349.13525,
349.1497,
349.1718,
349.21005,
349.235325,
349.30305,
349.33,
349.3557,
349.3956,
349.4746,
349.5016,
349.53875,
349.575175,
349.611475,
349.696775,
349.733,
349.771925,
349.8156,
349.826525,
349.87725,
349.913625,
350.01245,
350.130725,
350.164075,
350.197325,
350.28005,
350.328975,
350.3471,
350.37535,
350.38815,
350.43305,
350.48735,
350.51905,
350.54775,
350.583925,
350.6069,
350.636375,
350.69215,
350.72895,
350.755175,
350.839425,
350.868725,
350.903175,
350.90605,
350.91415,
350.9875,
351.001225,
351.039325,
351.066075,
351.076525,
351.115475,
351.21375,
351.2185,
351.24055,
351.26235,
351.3283,
351.333475,
351.420825,
351.456125,
351.5005,
351.598375,
351.639975,
351.6484,
351.66095,
351.859275,
351.89905,
351.918975,
351.968225,
352.087,
352.128,
352.179825,
352.18895,
352.244775,
352.254675,
352.28025,
352.377925,
352.46455,
352.476775,
352.50235,
352.546625,
352.589775,
352.594575,
352.650775,
352.668625,
352.6719,
352.7132,
352.7647,
352.872875,
352.8744,
352.905925,
353.0727,
353.0831,
353.0966,
353.189975,
353.229825,
353.2592,
353.291075,
353.300325,
353.338325,
353.406825,
353.4957,
353.50465,
353.541175,
353.65845,
353.7032,
353.784675,
353.8217,
353.8313,
353.876475,
353.908975,
353.95275,
353.991375,
354.13015,
354.201575,
354.2953,
354.32965,
354.332175,
354.342425,
354.359125,
354.372475,
354.406675,
354.425,
354.43335,
354.476525,
354.4925,
354.522,
354.5312,
354.565825,
354.5688,
354.579025,
354.638275,
354.6475,
354.692725,
354.71895,
354.736075,
354.77595,
354.93145,
355.025975,
355.087025,
355.108125,
355.1365,
355.155775,
355.234025,
355.26895,
355.298675,
355.395,
355.401775,
355.507025,
355.5818,
355.60635,
355.6116,
355.624475,
355.677425,
355.74055,
355.75115,
355.796,
355.810025,
355.817475,
355.87435,
355.982675,
355.98895,
356.000025,
356.014125,
356.09595,
356.216775,
356.233075,
356.2486,
356.260575,
356.3226,
356.3301,
356.36435,
356.377175,
356.41665,
356.466725,
356.469025,
356.567525,
356.6358,
356.65585,
356.738625,
356.7463,
356.813625,
356.867575,
356.968,
357.0111,
357.0289,
357.0633,
357.12495,
357.126325,
357.17055,
357.247975,
357.260525,
357.2798,
357.3608,
357.39415,
357.495575,
357.5306,
357.53295,
357.5773,
357.629025,
357.65655,
357.680625,
357.732025,
357.794625,
357.81605,
357.8176,
357.825825,
357.86665,
357.90645,
357.9176,
357.947325,
357.982875,
357.987,
358.020125,
358.0611,
358.199375,
358.448325,
358.489775,
358.5463,
358.561975,
358.607925,
358.67155,
358.6937,
358.75195,
358.7629,
358.767875,
358.787025,
358.844525,
358.892125,
358.95395,
358.990475,
358.994775,
359.0054,
359.092625,
359.158525,
359.19845,
359.27455,
359.3,
359.3642,
359.43255,
359.4441,
359.476275,
359.532375,
359.57015,
359.6084,
359.620875,
359.6246,
359.6398,
359.65675,
359.74805,
359.762875,
359.802625,
359.829375,
359.8342,
359.844225,
359.875325,
359.904725,
359.92135,
359.9388,
359.99755,
360.001075,
360.06,
360.065875,
360.123125,
360.165725,
360.177425,
360.180275,
360.2132,
360.2365,
360.28,
360.2961,
360.305125,
360.381375,
360.385625,
360.428275,
360.5124,
360.574175,
360.5953,
360.666275,
360.69685,
360.76405,
360.8906,
360.902,
361.127625,
361.1802,
361.2707,
361.274925,
361.30095,
361.354075,
361.515375,
361.608725,
361.622425,
361.677125,
361.728125,
361.751625,
361.7922,
361.82005,
361.84965,
361.867925,
361.8745,
361.877075,
361.926425,
362.03035,
362.050125,
362.084075,
362.144175,
362.283225,
362.3272,
362.37345,
362.39235,
362.414325,
362.5206,
362.5633,
362.572925,
362.588625,
362.619175,
362.690125,
362.73125,
362.759275,
362.771825,
362.888025,
362.960825,
363.062575,
363.138975,
363.158275,
363.181075,
363.207225,
363.2512,
363.32285,
363.3868,
363.502375,
363.52065,
363.5477,
363.612925,
363.624025,
363.692775,
363.71705,
363.734975,
363.86595,
363.9388,
363.994025,
364.01255,
364.088025,
364.12665,
364.179225,
364.2691,
364.319375,
364.37385,
364.42535,
364.470525,
364.5036,
364.64925,
364.702975,
364.796125,
364.87255,
364.985825,
365.022475,
365.03315,
365.061,
365.10365,
365.16315,
365.184075,
365.32015,
365.32595,
365.35425,
365.392975,
365.406825,
365.485225,
365.627725,
365.6374,
365.759075,
365.8101,
365.816375,
365.863025,
365.867325,
365.92645,
365.9532,
366.140675,
366.170675,
366.1904,
366.230075,
366.239125,
366.258325,
366.270575,
366.2813,
366.311275,
366.3156,
366.32475,
366.37275,
366.409675,
366.44985,
366.4761,
366.578825,
366.583575,
366.6524,
366.782925,
366.866375,
366.886925,
366.90455,
366.960825,
367.206475,
367.243175,
367.322075,
367.470825,
367.501125,
367.585125,
367.60715,
367.62405,
367.646325,
367.72905,
367.793775,
367.8279,
367.842075,
367.895475,
367.9079,
367.9345,
367.93815,
367.943075,
367.9738,
368.18775,
368.283025,
368.337075,
368.39335,
368.512675,
368.51655,
368.5395,
368.54375,
368.573825,
368.646275,
368.6874,
368.715175,
368.72255,
368.76,
368.775475,
368.866625,
368.8808,
368.976475,
368.992825,
369.0095,
369.081375,
369.083175,
369.127425,
369.14735,
369.1831,
369.36285,
369.416525,
369.508825,
369.552375,
369.764325,
369.792675,
369.880025,
369.9472,
369.99125,
370.0581,
370.1223,
370.17275,
370.234075,
370.245575,
370.281575,
370.34505,
370.386,
370.39795,
370.411125,
370.57955,
370.604275,
370.628,
370.66215,
370.7048,
370.765725,
370.815875,
370.86365,
370.898,
370.933375,
370.966425,
371.047325,
371.091825,
371.111925,
371.149825,
371.18055,
371.2159,
371.271575,
371.299,
371.33025,
371.390525,
371.430175,
371.451125,
371.473,
371.557725,
371.63885,
371.682875,
371.7431,
371.775125,
371.83945,
371.855625,
371.90485,
372.140975,
372.1645,
372.2061,
372.222825,
372.271875,
372.29195,
372.323525,
372.42355,
372.48795,
372.5523,
372.579275,
372.63165,
372.642425,
372.72745,
372.737,
372.833625,
372.8613,
372.873625,
373.02875,
373.06425,
373.1076,
373.20155,
373.270075,
373.271375,
373.350775,
373.42245,
373.472,
373.51235,
373.5172,
373.5235,
373.5753,
373.581925,
373.620025,
373.62315,
373.635025,
373.6469,
373.710525,
373.72795,
373.734775,
373.766725,
373.79915,
373.8676,
373.893025,
373.94105,
374.001825,
374.013875,
374.0166,
374.02675,
374.047725,
374.098525,
374.100475,
374.225875,
374.28515,
374.3104,
374.4062,
374.4818,
374.493025,
374.50195,
374.529125,
374.5728,
374.661975,
374.668025,
374.69445,
374.7037,
374.7448,
374.761575,
374.781725,
374.81355,
374.8297,
374.924475,
374.98045,
374.9979,
375.064025,
375.09525,
375.1067,
375.17635,
375.253875,
375.26275,
375.352625,
375.42855,
375.4322,
375.48675,
375.491775,
375.640675,
375.6855,
375.73255,
375.77355,
375.95985,
376.148175,
376.187625,
376.362225,
376.37085,
376.4044,
376.42665,
376.4431,
376.462,
376.51035,
376.546225,
376.642425,
376.74585,
376.836475,
376.842225,
376.8609,
376.9016,
376.96305,
376.964875,
377.12995,
377.14035,
377.199875,
377.2075,
377.267,
377.26885,
377.32015,
377.324475,
377.389075,
377.406375,
377.42495,
377.44225,
377.482975,
377.557975,
377.575325,
377.614875,
377.646575,
377.654275,
377.675975,
377.6996,
377.726675,
377.761875,
377.78995,
377.8005,
377.82865,
377.8481,
377.866525,
377.912675,
377.96575,
377.969375,
378.0206,
378.06325,
378.090475,
378.1426,
378.163725,
378.252775,
378.34755,
378.377325,
378.423025,
378.4552,
378.49585,
378.564175,
378.5663,
378.603375,
378.629475,
378.724725,
378.90795,
378.9398,
378.951125,
378.959025,
378.9694,
379.060425,
379.07705,
379.092375,
379.258875,
379.280625,
379.34035,
379.411975,
379.426375,
379.48845,
379.624225,
379.653375,
379.75155,
379.81985,
379.861875,
379.93495,
380.020275,
380.086025,
380.153675,
380.21055,
380.258275,
380.34585,
380.413925,
380.53245,
380.61975,
380.69775,
380.724375,
380.764,
380.81055,
380.84145,
380.916375,
380.98405,
381.063925,
381.1078,
381.154725,
381.178025,
381.222125,
381.2627,
381.381625,
381.497975,
381.5136,
381.537425,
381.630175,
381.66295,
381.666825,
381.711425,
381.783025,
381.80655,
381.8205,
381.871175,
381.8879,
381.945175,
381.991825,
382.02645,
382.1016,
382.1253,
382.146725,
382.238425,
382.3315,
382.349175,
382.425425,
382.485475,
382.563,
382.612675,
382.6829,
382.715875,
382.778,
382.8337,
382.929475,
382.995125,
383.0217,
383.080475,
383.1219,
383.174725,
383.205675,
383.259825,
383.31735,
383.365475,
383.4295,
383.472325,
383.517325,
383.534075,
383.644175,
383.645875,
383.6504,
383.667325,
383.6958,
383.708575,
383.71865,
383.72695,
383.754075,
383.830475,
383.834975,
383.838475,
383.930775,
383.942225,
383.961125,
384.02745,
384.077875,
384.14335,
384.15785,
384.1997,
384.2758,
384.334975,
384.3459,
384.37565,
384.403075,
384.47395,
384.49675,
384.501225,
384.562475,
384.57115,
384.6021,
384.6146,
384.67215,
384.7243,
384.78825,
384.861725,
384.902225,
384.95565,
384.9635,
384.9706,
384.97695,
385.010575,
385.095875,
385.25515,
385.2961,
385.33005,
385.39365,
385.44365,
385.55935,
385.583725,
385.658125,
385.749275,
385.80165,
385.87355,
385.924075,
385.99185,
386.02465,
386.12085,
386.164425,
386.23785,
386.273075,
386.29695,
386.331975,
386.53075,
386.542725,
386.6047,
386.615325,
386.644525,
386.65295,
386.656525,
386.66265,
386.73555,
386.742675,
386.774175,
386.8153,
386.8654,
386.8978,
386.9676,
386.991375,
387.007625,
387.04135,
387.14715,
387.229,
387.30725,
387.33415,
387.373825,
387.383425,
387.40005,
387.4119,
387.4557,
387.512375,
387.542275,
387.580375,
387.62105,
387.670875,
387.700575,
387.8785,
387.92325,
387.929125,
388.00855,
388.078125,
388.096075,
388.099325,
388.131925,
388.169975,
388.172375,
388.19725,
388.207925,
388.23955,
388.256625,
388.303875,
388.322975,
388.346725,
388.387875,
388.399875,
388.50545,
388.56445,
388.5661,
388.651125,
388.6544,
388.72515,
388.7487,
388.7786,
388.799425,
388.872175,
388.888475,
388.95135,
389.0019,
389.012825,
389.061925,
389.209,
389.228275,
389.28795,
389.318925,
389.33305,
389.3475,
389.356475,
389.39835,
389.478725,
389.521925,
389.634275,
389.751925,
389.793075,
389.890775,
389.963875,
389.997425,
390.03325,
390.035175,
390.06035,
390.13145,
390.191625,
390.256775,
390.2785,
390.3102,
390.35755,
390.36115,
390.395875,
390.508025,
390.569375,
390.58295,
390.647825,
390.657725,
390.721075,
390.775575,
390.8251,
390.853275,
390.882425,
390.915375,
390.973,
390.9893,
391.01655,
391.094875,
391.14365,
391.170675,
391.17455,
391.179425,
391.210875,
391.220875,
391.24665,
391.418525,
391.501325,
391.546375,
391.575575,
391.589975,
391.6936,
391.7085,
391.7803,
391.839725,
391.893475,
391.915725,
391.95825,
392.063675,
392.083875,
392.087375,
392.0944,
392.1069,
392.153475,
392.19395,
392.280075,
392.3082,
392.315725,
392.319275,
392.3264,
392.337675,
392.386075,
392.433,
392.57525,
392.5862,
392.633475,
392.66405,
392.70525,
392.739825,
392.775425,
392.78155,
392.9034,
392.9836,
393.023175,
393.164725,
393.203225,
393.256125,
393.296625,
393.332075,
393.36555,
393.441175,
393.475825,
393.4917,
393.53345,
393.553925,
393.599775,
393.652775,
393.71365,
393.724775,
393.7507,
393.786375,
393.8185,
393.918425,
393.978075,
394.04635,
394.135175,
394.225325,
394.2748,
394.354725,
394.435,
394.51745,
394.541775,
394.58935,
394.634175,
394.72085,
394.740775,
394.760875,
394.84745,
394.901375,
394.9729,
395.0343,
395.112725,
395.1313,
395.199425,
395.2235,
395.24095,
395.280025,
395.344425,
395.393425,
395.397475,
395.404975,
395.472875,
395.51855,
395.535425,
395.569375,
395.6897,
395.819375,
395.856425,
395.891975,
395.912625,
395.917925,
395.92355,
395.9363,
395.997725,
396.034425,
396.077075,
396.1643,
396.33205,
396.34935,
396.385425,
396.43545,
396.57895,
396.593625,
396.611725,
396.6497,
396.68425,
396.707125,
396.73985,
396.8132,
396.846975,
396.95675,
396.993425,
397.0413,
397.094725,
397.1035,
397.1157,
397.1336,
397.235775,
397.25275,
397.3645,
397.4256,
397.50795,
397.614475,
397.7528,
397.755125,
397.809725,
397.9084,
397.9425,
397.963975,
398.0637,
398.1639,
398.2167,
398.2938,
398.365,
398.4163,
398.4178,
398.471625,
398.530925,
398.574425,
398.638525,
398.705575,
398.7306,
398.74435,
398.772675,
398.86525,
398.88965,
398.976425,
399.0222,
399.150825,
399.200425,
399.250775,
399.2819,
399.3186,
399.373525,
399.387475,
399.3977,
399.45215,
399.515225,
399.5623,
399.585625,
399.62285,
399.68955,
399.69545,
399.71235,
399.743525,
399.75005,
399.780825,
399.78435,
399.831425,
399.865425,
399.91295,
399.955975,
