SPK_SPKC10a (inhibited),SPK_SPKC14a (weak inhibition)
0.8489,0.090525
1.162925,0.46885
1.978225,0.544675
3.217975,0.581
3.291175,1.0295
3.504175,1.0401
3.853275,1.2133
3.8688,1.333875
4.19505,1.3611
4.572575,1.444025
4.909475,1.94635
5.449825,1.95335
5.7951,1.96315
6.2195,1.97265
6.676325,2.003925
6.68795,2.259175
7.069675,2.29815
7.1116,2.3959
7.780175,2.8267
8.6231,2.82965
8.729575,2.90675
8.960575,3.006725
9.1894,3.0662
9.688375,3.153325
10.066525,3.454475
10.075325,3.471225
10.453425,4.1334
10.49945,4.291325
10.743225,4.52965
11.09815,4.740775
11.167675,4.898625
11.53135,4.969125
11.735625,5.24635
12.4585,5.265975
12.824675,5.271975
12.830275,5.35225
12.925225,5.4625
13.63695,5.496475
13.9603,6.007925
13.9936,6.016975
14.5334,6.0239
14.73805,6.03905
15.263875,6.239475
15.4021,6.565275
15.760675,6.62975
16.752625,6.7072
17.447025,7.015275
18.2344,7.061025
18.88115,8.1738
19.276975,8.205625
19.8423,8.20805
19.9599,8.5423
20.99475,8.59635
21.023525,8.80435
21.2825,8.826125
21.2881,8.85575
21.605075,9.1793
21.714525,9.193425
21.85345,9.682525
21.881725,9.840275
22.181075,10.1029
22.702075,10.4426
22.95665,10.5001
23.25305,11.38775
23.888225,11.409
24.2026,11.446
24.28665,11.487875
24.298125,11.506525
24.656775,11.584625
24.69215,11.614825
25.2199,11.640225
25.2545,11.6714
25.2905,12.02055
25.78625,12.28205
26.407875,12.727425
26.55785,13.18395
26.896625,13.574475
27.287025,13.641775
27.30625,13.927025
28.1708,13.935925
28.7801,14.11165
29.335375,14.1799
29.363025,14.22275
29.8711,14.516625
29.902725,14.65815
29.92945,16.2272
30.266225,16.3931
30.276325,16.84155
30.35825,17.03315
31.292075,17.0993
31.381575,18.141275
31.77145,18.174125
32.37745,18.638125
32.5361,18.695275
32.544225,19.5887
33.0682,19.791675
34.08295,19.797475
34.089875,21.202525
34.442125,21.26135
34.504175,21.70735
34.867075,21.776775
34.8804,22.2973
34.923475,22.505875
34.950225,22.529225
35.103825,22.583075
35.36555,22.6499
35.8589,22.88545
37.019025,22.932975
37.033425,23.098725
37.704325,23.278725
38.00075,24.71105
38.1342,24.999275
38.84275,25.304
38.8568,25.773975
39.4285,26.862975
39.435125,27.27605
39.502225,27.754025
39.544475,27.82145
40.0162,28.2439
40.43125,28.279725
40.8126,28.372725
41.3788,28.5958
41.77145,28.67075
42.31395,28.9147
42.345,28.920175
42.8828,29.262975
42.978275,29.427225
43.343825,29.878
43.726875,29.944875
44.14885,30.24695
44.9384,30.2638
45.0561,30.320675
45.549775,30.60115
46.008275,30.650825
46.04965,30.8415
46.129125,31.313075
46.206775,31.395775
46.34705,31.7166
46.75405,31.761775
46.777875,31.9417
47.3082,32.009725
47.359025,32.0337
47.9189,32.216
47.931275,32.528725
48.110625,32.54545
48.408025,32.64795
48.473125,32.738175
48.92795,32.782275
48.95065,33.243475
49.4385,33.677275
49.456775,33.73365
49.766975,34.049975
49.8219,34.79335
50.018775,34.88515
50.3062,35.3482
50.3581,35.35625
50.682625,35.398
50.7088,35.9249
50.7543,36.313625
50.8346,37.0332
51.154225,37.106425
51.162175,37.581125
51.1676,37.631625
51.182425,37.712025
51.1869,38.12195
51.328625,38.812425
51.364575,39.417575
51.82165,39.431725
52.28715,39.436225
52.59185,39.51935
52.611625,39.896925
52.8714,40.08725
53.146825,40.3395
53.46505,40.378075
53.4863,40.714025
53.50875,40.82335
53.58135,41.155125
53.81215,41.383125
53.815975,41.517925
53.831925,41.55605
54.5052,41.6115
54.577075,42.588775
55.19155,42.904025
55.456175,43.127275
55.470975,43.304975
55.6298,43.911275
55.973275,43.937425
55.97685,44.426575
55.99265,44.905225
56.521575,44.9568
56.540925,45.09095
56.59285,45.489125
56.877025,45.555225
57.10995,46.170925
57.481175,46.55225
57.494375,46.634675
57.970275,46.6868
57.974075,47.009925
58.359325,47.3624
59.235825,47.376675
59.27385,47.3874
59.2807,47.902575
59.48775,47.9124
59.529275,47.919225
59.72095,48.070175
59.74015,48.1812
59.74385,49.45705
59.78135,50.06995
60.114,50.20835
60.204325,50.2949
60.245325,51.124125
60.56025,51.321875
60.599525,51.3515
60.99925,51.368825
61.0496,51.534325
61.47915,51.72835
61.858025,51.8004
62.456625,51.811225
62.5273,51.8559
62.5446,51.877425
62.708475,52.06235
63.157025,52.18615
63.1894,52.278575
63.22425,52.603325
63.5415,52.753675
63.549575,52.813725
63.554425,52.855175
63.933375,53.1601
63.9763,53.2001
64.0452,53.312125
64.328975,53.80465
64.3877,53.88945
64.6038,53.939375
64.931275,54.310825
64.94145,54.37155
65.014775,54.963175
65.337475,55.296775
65.353075,55.368125
65.368025,55.959325
65.8194,56.151425
65.8373,56.51985
66.276975,56.5737
66.29385,56.667525
66.355075,57.31055
67.0025,57.5117
67.12345,57.59655
67.47385,57.993575
67.486575,58.097425
67.884425,58.46545
68.065125,58.517975
68.2747,58.7669
68.46685,58.87655
68.664475,58.9557
68.7297,59.079275
69.1267,59.1226
69.600475,59.683875
69.69245,60.08455
69.7603,60.21985
69.804375,60.535
70.2691,60.65055
70.3786,60.716275
70.518825,61.0374
70.767275,61.07585
70.815025,61.347625
71.12285,61.7113
71.592575,61.7915
71.720225,61.834825
71.987675,62.050775
72.04295,62.110675
72.25565,62.233175
72.279,62.290625
72.67045,62.681425
72.702525,62.701125
73.102025,62.83085
73.5173,63.1098
73.8369,63.1982
73.9115,63.5449
73.918175,63.585125
73.940775,63.977775
73.95485,64.576425
74.3003,64.610325
74.337,64.63475
74.652,64.849
74.655475,65.01565
74.70855,65.073625
74.868075,65.165225
74.9246,65.33495
74.933425,65.3659
74.96445,65.427575
75.2755,65.554175
75.2884,65.780775
75.30415,65.7917
75.6815,65.824875
75.726225,65.88385
75.913375,65.962125
76.157925,66.24365
76.210125,66.260575
76.644775,66.28095
77.11895,66.335675
77.18985,66.380725
77.329425,66.436775
77.363375,66.5411
77.76755,66.575075
77.812475,66.760975
77.860025,66.8324
78.186375,66.983975
78.218775,67.016675
78.2554,67.093975
78.295775,67.114125
78.434675,67.3191
78.4492,67.34395
78.55175,67.38635
78.566225,67.483375
78.732675,67.757225
79.028475,67.79845
79.04185,67.849025
79.09595,67.9125
79.10485,67.95815
79.63075,67.977625
79.832975,68.2601
79.992925,68.327425
80.207475,68.3742
80.270225,68.48695
80.288275,68.68665
80.405325,68.693775
80.693225,68.854725
81.158525,69.159025
81.257875,69.4185
81.598375,69.687225
81.6505,69.72925
81.699625,69.763675
81.97605,69.776975
82.35785,69.835875
82.38835,69.8813
82.971175,69.9333
82.9923,70.01085
83.0075,70.06455
83.2634,70.14385
83.43125,70.2143
83.974375,70.22395
83.981525,70.2268
84.003075,70.2584
84.0342,70.288625
84.3626,70.519275
84.374,70.5611
84.415175,70.7856
84.45575,70.821675
84.72165,70.832625
84.727675,70.871875
85.497975,70.901525
85.5309,71.361925
85.98565,71.59645
85.9931,71.623775
86.00585,71.7086
86.554125,71.743725
86.567925,71.964025
86.700575,72.248875
86.87125,72.32095
87.219425,72.365425
87.446325,72.528475
87.5016,72.616825
87.523275,72.6613
87.564775,72.70925
87.610975,73.006825
87.62295,73.04225
87.973375,73.33465
87.99095,73.467825
88.274425,73.496675
88.651175,73.69445
88.78695,73.754125
88.866775,73.769825
89.191025,74.04315
89.679025,74.284725
89.707575,74.352425
89.79695,74.63865
90.08735,74.6876
90.122775,74.73735
90.343425,74.778825
90.3931,74.885425
90.418925,74.92425
90.52735,74.948525
90.836375,74.991625
91.132525,75.01285
91.141675,75.090925
91.183,75.14965
91.21515,75.346825
91.363725,75.41425
91.385325,75.632675
91.44755,75.64275
91.685875,75.681775
91.86395,75.6932
91.938825,75.768925
92.106975,75.886325
92.310175,76.1331
92.360175,76.143575
92.377825,76.1574
92.465125,76.1783
93.3973,76.23165
93.422325,76.28905
93.45815,76.34785
93.46545,76.484225
93.482525,76.514925
95.1558,76.5392
95.175525,76.61545
95.189825,76.742675
95.756525,76.78925
95.760275,77.007175
96.182075,77.0968
96.277825,77.10915
96.5915,77.12295
96.642225,77.182875
96.67005,77.22345
96.81385,77.289975
97.19385,77.331625
97.212575,77.3609
97.562975,77.464975
97.568175,77.4757
97.96565,77.5187
97.9759,77.5764
97.990275,77.69665
98.160875,77.74875
98.4475,77.820925
98.4538,78.077925
98.921425,78.1146
98.93315,78.1757
98.952125,78.20165
99.065825,78.296175
99.095175,78.4466
99.1478,78.6673
99.41885,78.7049
99.4331,78.728575
99.51185,78.75355
99.812825,78.799
99.924075,78.854325
100.225825,79.02205
100.2325,79.067825
100.5127,79.141225
100.587125,79.2878
101.130325,79.31855
101.53005,79.341225
101.629975,79.4763
101.793475,79.667875
102.109725,79.69755
102.1259,79.724725
102.16105,79.744075
102.176175,79.774525
102.267525,79.789775
102.5303,79.822775
102.5544,80.105325
102.859325,80.125775
103.19025,80.15625
103.201625,80.16545
103.220675,80.242675
103.39805,80.36355
103.401025,80.411675
103.456275,80.580025
103.59925,80.634825
103.829425,80.669025
104.08465,80.7637
104.20995,80.793975
104.381975,80.841725
104.6686,80.90005
104.99095,81.06265
105.007525,81.181025
105.0353,81.19415
105.179275,81.23045
105.27215,81.309275
105.31075,81.38615
105.579125,81.45845
105.59715,81.498475
105.91045,81.56995
106.22695,81.57985
106.270725,81.6101
106.33355,81.675125
106.456375,81.8245
106.75605,81.89045
106.7796,82.025025
106.82915,82.30535
106.8461,82.351725
107.1193,82.4346
107.190525,82.470425
107.44285,82.51395
107.474725,82.831325
107.48725,82.8693
107.526,82.955175
107.71385,82.984225
107.757075,83.0384
108.162975,83.2603
108.166525,83.29835
108.519575,83.317375
108.535475,83.333225
108.83035,83.374325
109.048475,83.50365
109.0578,83.65655
109.0872,83.692375
109.175575,83.7102
109.508875,83.936075
109.55985,83.970525
109.975975,83.98245
109.998075,84.0486
110.0603,84.283925
110.381925,84.362375
110.4802,84.386725
110.7964,84.442875
110.805075,84.546375
110.819625,84.639575
110.834475,84.67945
110.934325,84.72195
111.1541,84.77545
111.168725,84.8814
111.267575,84.929875
111.4501,84.990075
111.5034,85.043225
111.5335,85.120775
111.6163,85.180925
111.674525,85.24435
111.841175,85.3431
111.870825,85.395925
111.893425,85.524775
111.937575,85.5509
112.544925,85.590575
112.890175,85.614475
112.907275,85.631625
112.9549,85.6837
113.260625,85.948125
113.29785,86.018025
113.3145,86.05315
113.600625,86.125325
113.6142,86.1773
113.628675,86.256675
114.265925,86.288125
114.282625,86.306075
114.5643,86.3973
114.576575,86.5029
114.603675,86.54465
114.90715,86.7921
115.1828,87.5248
115.406925,87.6991
115.415475,87.890425
115.423575,87.942275
115.47635,87.990675
115.922975,88.03165
115.933425,88.6114
115.9706,88.64935
116.490275,88.691575
116.75285,88.730975
116.7812,88.83515
116.7998,88.862375
117.288875,88.993925
117.300175,89.038925
117.406575,89.160575
117.7064,89.198925
117.736575,89.26365
117.8109,89.315675
117.814175,89.391425
117.86245,89.5324
118.369675,89.613275
118.406175,89.641425
118.42765,89.687375
118.4749,89.76105
118.724875,89.79455
118.743025,89.80535
119.44425,89.840075
119.597625,89.901925
119.87855,90.010175
119.897525,90.04075
119.92005,90.14325
119.92375,90.18715
120.14825,90.24925
120.396425,90.3059
120.441625,90.56305
120.4743,90.6866
120.571675,90.737975
120.82395,90.7865
121.251125,90.82375
121.273225,90.86685
121.4172,90.8823
122.15885,90.89575
122.270125,90.913125
122.2972,90.95365
122.759325,91.039075
123.1041,91.107175
123.112225,91.137525
123.133625,91.20825
123.559775,91.239675
123.564875,91.281525
123.672725,91.304275
124.031775,91.346
124.101075,91.4133
124.17865,91.514075
124.36765,91.554925
124.76485,91.7094
125.018575,91.78245
125.28055,91.872975
125.2954,92.015225
125.3169,92.06595
125.626225,92.1297
125.656225,92.2588
126.3289,92.2905
126.43785,92.339325
126.45565,92.3664
126.99745,92.451075
127.098425,92.536475
127.11955,92.57355
127.3857,92.6282
127.3931,92.66855
127.649875,92.916025
128.0411,92.98855
128.16555,93.099125
128.21755,93.14395
128.52585,93.246275
128.599225,93.32015
129.092125,93.379
129.185625,93.535225
129.7413,93.7925
129.754775,93.7999
129.80835,93.8496
129.816075,93.9035
129.936125,94.0818
130.3082,94.143575
130.312425,94.195675
130.324575,94.232675
130.779825,94.2668
130.809,94.308275
131.132525,94.5152
131.200125,94.7206
131.20585,94.7567
131.750425,94.80845
131.774525,95.070125
131.8514,95.118375
132.2774,95.18685
132.366125,95.26325
132.37005,95.339825
132.385025,95.635875
132.500175,95.6944
132.55805,95.707625
132.8442,95.826325
132.8919,95.8887
133.0587,96.1196
133.490275,96.179175
134.0796,96.572375
134.155325,96.706075
134.18915,96.78755
134.198825,97.0862
134.254025,97.14465
134.592575,97.17335
134.628725,97.199525
134.676425,97.3089
135.163925,97.5201
135.18825,97.602475
135.22305,97.67545
135.243025,97.86225
135.248275,97.932575
136.0392,97.97025
136.076825,98.014325
136.15115,98.0603
136.17655,98.3467
136.314325,98.384075
136.389825,98.446
136.395975,98.484
136.43905,98.692975
136.8455,98.743425
136.85795,98.784325
137.200525,98.8698
137.322925,98.903425
137.646025,98.931075
137.672125,99.025625
137.74335,99.130075
138.1503,99.2917
138.157425,99.301
138.166475,99.4565
138.207225,99.513075
138.53075,99.588925
139.1076,99.8669
139.131025,99.9394
139.554975,100.087475
139.909125,100.1755
139.9228,100.2255
140.01785,100.2803
140.030875,100.3876
140.6397,100.46735
140.667725,100.5349
141.26065,100.543175
141.88955,100.583825
142.30065,100.63475
142.3577,100.65185
142.360625,100.686875
142.666375,100.7418
143.327575,100.798925
143.411125,101.013425
143.4912,101.48815
143.645975,101.523
143.659075,101.5554
143.8251,101.59225
144.107175,101.659025
144.1251,101.739325
144.1739,101.85925
144.415225,101.96305
145.2176,102.134525
145.234275,102.194225
145.3049,102.221725
145.3888,102.2889
145.681975,102.4276
145.70045,102.546575
145.75115,102.794775
146.17855,102.89075
146.8314,102.93635
146.85745,103.12425
147.00345,103.164775
147.371925,103.20705
147.395525,103.403925
147.404225,103.507575
147.428325,103.586925
147.534775,103.7055
147.7375,103.739675
148.0542,103.9635
148.062875,103.997675
148.07095,104.11235
148.0778,104.13955
148.4531,104.3699
148.459525,104.533475
148.849075,104.5712
149.261625,104.64295
149.394125,104.655
149.85485,104.68055
150.057725,104.72785
150.320725,104.8339
150.347625,104.8475
150.38195,104.956525
150.7566,105.006975
150.76225,105.036
150.8066,105.15455
151.116425,105.23765
151.2019,105.69905
151.22185,105.732375
151.80465,105.75055
151.857825,105.8037
151.86995,105.846275
152.2094,105.875725
152.60005,105.906925
152.635175,106.02395
152.643425,106.190125
152.936275,106.219625
152.9738,106.377575
153.35295,106.46625
153.677225,106.5681
153.717675,106.610625
153.80375,106.65395
153.929675,106.688225
154.30715,106.733075
154.317375,106.7627
154.418175,106.841025
154.424175,106.878025
154.8751,107.080975
154.8887,107.11345
154.906625,107.193425
154.9163,107.25315
155.384225,107.338375
155.43175,107.37605
155.640875,107.38125
155.682725,107.4265
155.990875,107.498725
156.299775,107.762425
156.301825,107.820875
156.318,107.8793
156.3786,107.892375
156.60265,108.031725
156.86255,108.045725
156.870675,108.17475
156.880375,108.2121
157.012425,108.247325
157.02535,108.3755
157.149225,108.41235
157.206225,108.4638
157.3028,108.5033
157.720075,108.533875
157.7367,108.5627
158.656475,108.575625
158.661875,108.617725
158.876,108.7765
159.168,108.8354
159.23375,108.8578
159.240425,108.920875
159.628025,109.005375
159.643225,109.0454
159.64745,109.073625
160.04425,109.184425
160.06815,109.407525
160.1042,109.4383
160.4109,109.499425
160.4257,109.527525
160.63435,109.552325
160.6404,109.618375
160.75635,109.65595
160.783775,109.891275
160.803225,109.9649
161.47495,110.001075
161.82545,110.024425
161.8452,110.06615
161.931175,110.140175
162.23015,110.20305
162.24035,110.4516
162.272075,110.477825
162.323575,110.596875
162.5119,110.6613
162.646775,110.70165
162.8861,110.800525
162.899625,110.96685
162.989875,111.016175
163.2093,111.060375
163.30835,111.079825
163.6215,111.201775
163.639975,111.363125
163.65805,111.3851
163.782175,111.4067
164.0537,111.4381
164.107075,111.544475
164.187825,111.614775
164.2594,111.7088
164.4001,111.80585
164.450575,111.85825
164.828675,112.2998
164.843675,112.34375
164.87595,112.40005
165.299775,112.4671
165.301725,112.61025
165.3109,112.8861
165.3169,112.960925
165.3246,113.01385
165.390675,113.0638
165.7607,113.224075
165.766,113.312175
165.799025,113.423775
165.9131,113.49695
166.362575,113.579075
166.406,113.667075
166.469975,113.98065
166.89645,113.9875
166.918325,114.001325
166.9257,114.028275
167.4805,114.13865
167.78065,114.172725
167.790325,114.204425
168.36645,114.234025
168.382125,114.3001
168.414075,114.3591
168.71645,114.506825
168.7223,114.530075
168.728175,114.534225
168.734625,114.585575
169.0804,114.687475
169.093425,114.73165
169.174675,114.77075
169.3521,114.830825
169.36485,114.891
169.495525,115.17935
169.5577,115.39565
169.64145,115.436625
169.8907,115.569325
169.9668,115.85885
169.983225,115.879425
170.137625,115.898825
170.214,115.95555
170.523925,116.01685
170.6137,116.165875
170.825175,116.198375
170.891075,116.234875
170.898775,116.29475
171.2592,116.364325
171.35185,116.541525
171.364775,116.656475
171.7625,116.6932
171.845625,116.723425
172.08335,116.729475
172.169625,116.754175
172.546275,116.7916
172.761825,117.189575
173.013325,117.198575
173.720275,117.26475
174.013225,117.272425
174.02585,117.3091
174.0317,117.312425
174.07895,117.353825
174.390875,117.381925
174.619675,117.447475
174.6539,117.56305
174.689975,117.664075
175.125325,117.7022
175.135675,117.70545
175.245,117.735075
175.280075,117.77955
175.6946,117.816875
175.703975,117.859725
175.77555,118.0574
176.14715,118.314925
176.1657,118.336225
176.41665,118.492475
176.422,118.523925
176.567275,118.613375
176.653725,118.6439
176.8443,118.737825
176.860825,118.7722
177.3324,118.83185
177.35435,118.85775
177.381175,118.97465
177.685,119.070475
177.9575,119.38265
178.323075,119.4222
178.41075,119.44175
178.832675,119.540625
178.85285,119.603675
178.862225,119.701825
178.966425,119.767925
178.98885,119.840075
179.4384,119.87325
179.454225,119.894775
179.460575,119.9153
179.51735,119.96385
180.1788,120.087525
180.1845,120.148475
180.200175,120.21695
180.2262,120.279675
180.365175,120.31505
180.839725,120.439025
180.936225,120.55655
181.27085,120.61385
181.278725,120.757
181.2943,120.792275
181.388375,120.81905
181.41225,120.935025
181.566525,120.9794
182.14705,121.043175
182.396925,121.167875
182.4447,121.2119
182.72705,121.2575
182.763975,121.3008
182.793325,121.3862
183.31865,121.3986
183.336725,121.52085
183.46975,121.58085
184.1615,121.7451
184.189725,121.882475
184.3655,121.98395
184.442325,122.1381
184.74135,122.31665
184.770625,122.35985
184.80725,122.3906
184.8343,122.46775
184.853,122.5076
185.65565,122.57395
185.67585,122.618575
185.687275,122.800375
185.76275,123.075625
186.03585,123.1537
187.2053,123.23805
187.218025,123.5926
187.600725,123.65175
187.6808,123.688675
187.9711,123.789975
187.977,124.0439
188.00445,124.128725
188.040575,124.18145
188.663825,124.262725
188.757725,124.331025
188.76825,124.395275
189.144075,124.72595
189.2052,124.802325
189.280025,124.8487
189.3128,124.91535
189.387225,125.108575
189.61315,125.1859
189.636125,125.28845
189.715425,125.33175
189.94495,125.375975
189.989825,125.601175
190.259075,125.642525
190.29505,125.682775
190.3068,125.852375
190.3425,125.904175
190.483775,125.941175
190.535725,125.98395
191.1407,126.02185
191.5854,126.0824
192.15515,126.218525
192.2439,126.284525
192.669925,126.476125
193.036875,126.548875
193.197175,126.85545
193.413575,126.86195
193.44495,126.904225
193.50175,127.03935
193.959475,127.0784
194.19555,127.332475
194.19855,127.346175
194.229775,127.404025
194.25375,127.66015
194.325575,127.937625
194.537925,128.009525
194.562875,128.053525
194.8894,128.099475
194.908875,128.198
195.1912,128.4571
195.8286,128.504975
195.849525,128.559125
196.093375,128.607775
196.4459,128.693625
196.4691,128.968775
196.48005,129.009
196.63995,129.041225
196.9939,129.60475
197.1462,129.7432
197.2171,129.965875
197.5944,130.05125
197.676075,130.1237
197.736525,130.469475
197.9392,130.708975
198.72485,130.7548
198.8165,130.80565
198.84895,130.83815
198.93225,130.963875
199.33655,131.159925
199.347175,131.1921
199.35205,131.229875
200.26305,131.2679
200.3343,131.472375
200.356525,131.600675
200.380625,131.86095
200.54585,131.890325
200.6855,131.920625
200.9623,131.9837
200.97135,132.099575
201.0035,132.324225
201.01595,132.373925
201.17505,132.41575
201.3953,132.540325
201.70245,132.61455
201.7772,132.849075
201.88475,132.896375
202.631375,132.96285
202.7389,133.029175
203.214625,133.089025
203.78375,133.201325
203.9824,133.254175
204.159925,133.36595
204.778325,133.381275
204.8111,133.434875
204.8488,133.724025
204.865375,133.83
205.169475,134.003675
205.18025,134.26095
205.234175,134.31045
205.2738,134.653975
205.535925,134.7962
205.57885,134.8485
205.691875,134.89225
206.211325,135.2873
206.22805,135.314125
206.246875,135.431075
206.687775,135.525125
206.785775,135.60165
207.21615,135.666625
207.2625,135.829175
207.333225,135.90305
207.383675,135.94435
207.81715,136.10735
207.85025,136.1774
207.952025,136.21385
208.640925,136.269425
208.64675,136.41175
208.752425,136.4353
209.135075,136.843525
209.158425,136.883875
209.1938,136.955875
209.524875,137.301225
209.8832,137.3163
210.004775,137.4362
210.060775,138.0885
210.453875,138.13075
210.562075,138.167675
210.729175,138.43535
210.775375,138.549275
210.800925,138.7029
211.044625,138.742375
211.441875,139.001675
211.982475,139.0231
212.1375,139.299175
212.209425,139.480625
212.264425,139.5254
212.467325,139.5454
212.803425,139.93455
212.819125,139.991225
212.828925,140.0301
213.431725,140.1388
213.760425,140.1653
214.05755,140.22445
214.793875,140.45955
214.845625,140.52605
215.144025,140.56775
215.48755,140.607625
215.886875,140.6999
216.498025,140.768475
216.5035,141.13035
216.510425,141.156375
217.0233,141.20415
217.18935,141.309475
217.5317,141.59205
217.685175,141.72055
217.897325,141.8403
217.918225,142.271325
217.935875,142.3205
218.02765,142.35505
218.070375,142.418375
218.138575,142.536625
218.4661,142.587375
218.4692,142.668975
218.558325,142.760125
218.9215,142.9416
219.1454,142.975975
219.44055,143.032275
219.82335,143.21295
219.851625,143.26465
219.9146,143.32255
219.94365,143.414825
220.42575,143.469875
220.435225,143.530025
220.45035,143.563275
220.476525,143.60355
220.5008,143.629125
220.768125,143.7073
221.182825,143.776725
221.550675,143.811275
221.584125,143.83455
221.851825,143.91195
222.278025,144.040125
222.616125,144.127325
222.92925,144.193525
222.9447,144.235375
223.519875,144.309575
223.605975,144.3982
223.71225,144.454775
223.75685,144.509475
223.80035,144.732775
223.92155,145.1068
224.21255,145.66495
224.281375,145.723425
224.64965,145.975475
224.739125,146.187475
225.0506,146.4084
225.347675,146.869975
225.792875,147.116525
225.821425,147.23435
226.01715,147.330225
226.056625,148.048125
226.3718,148.128375
226.67755,148.177175
227.042675,148.468975
227.054625,148.860825
227.153375,148.905
227.3539,148.96885
227.4049,149.214925
227.783,149.5642
228.02855,149.856475
228.156325,149.871875
228.268025,149.888425
228.432925,149.982125
228.4815,150.062775
228.553475,150.2967
228.580575,150.367425
228.63985,150.691
228.822375,150.732125
228.9066,150.757775
228.9488,150.7884
228.97225,151.0989
229.289825,151.121125
229.2967,151.161675
229.6246,151.217975
229.62705,151.3792
229.668025,151.770625
230.0197,151.8273
230.02815,152.020325
230.04625,152.112375
230.050675,152.296225
230.111,152.31995
230.246875,152.66715
230.252175,152.7678
230.428625,152.85285
230.460775,152.918975
230.510025,152.96545
230.6087,153.0273
230.88265,153.085
231.45285,153.17605
231.49895,153.23685
232.024575,153.300375
232.346775,153.3545
232.6716,153.418525
232.710575,153.492575
232.888675,153.60245
233.234075,153.654025
233.253675,153.7773
233.259225,153.86215
233.6822,154.16155
233.6854,154.323975
233.70315,154.503025
234.118725,154.676
234.765675,154.867225
234.802575,155.012375
235.127525,155.3236
235.52445,155.4049
235.58115,156.08605
235.686775,156.28405
235.930975,156.411
235.9683,156.5146
236.02135,156.56575
236.249975,156.589875
236.611725,156.608275
236.6913,156.888575
236.9827,156.9534
236.997725,157.002575
237.0502,157.04795
237.45875,157.167725
237.60695,157.256525
237.65975,157.3684
237.67805,157.450325
238.0659,157.4957
238.27455,157.5705
238.36455,157.72925
238.385575,157.922275
238.77195,157.947225
238.885125,158.10625
239.189375,158.1872
239.558425,158.20995
239.605525,158.23975
239.95955,158.28495
239.967225,158.330325
240.4973,158.66415
240.6072,158.7134
240.7319,158.8027
241.021925,158.843075
241.030475,158.898175
241.575025,159.342725
241.909575,159.42485
241.937275,159.454675
242.047575,159.4834
242.0792,159.50475
242.35445,159.594625
242.768625,159.638075
242.804975,159.67895
242.820975,159.918075
242.849675,159.98765
242.8691,160.271625
243.1165,161.084725
243.1282,161.20745
243.245525,161.7257
243.6917,161.788275
243.721225,161.82545
243.739075,161.883025
244.0849,161.938875
244.498925,162.193375
244.6632,162.2651
244.691925,162.3125
245.177,162.55855
245.443475,162.87395
245.83725,162.88525
245.916125,162.953875
246.08125,163.034575
246.476425,163.129625
246.491,163.464875
246.493125,163.584625
246.778425,163.73235
247.13335,163.821075
247.680625,163.9257
248.104125,164.0716
248.15325,164.10185
248.696875,164.11765
248.722375,164.27545
248.759375,164.324275
248.805825,164.421025
248.8524,164.468575
249.240825,164.58575
249.8074,164.69415
249.9765,164.723575
250.018175,164.782675
250.11445,164.8232
250.147075,164.973025
250.15295,165.274875
250.57615,165.327175
250.656725,165.43265
250.69225,165.484975
250.969,165.56425
251.016025,165.6645
251.0906,165.715725
251.103575,165.887475
251.3726,166.156525
251.419475,166.185
251.45035,166.2047
251.473,166.262425
251.822525,166.47925
251.8347,166.5602
251.869825,166.8096
252.3502,166.856
252.363375,166.8873
252.396675,166.9813
252.439375,167.01335
252.604225,167.058775
252.698375,167.142925
252.986425,167.21485
253.760025,167.452775
254.176,167.47385
254.73525,167.490825
254.7552,167.543025
254.7723,167.563775
254.991625,167.793775
255.270675,167.914925
255.29345,168.07315
255.431075,168.196075
255.572075,168.271
255.9421,168.413225
256.098475,168.7139
256.454725,168.725925
256.478175,168.751775
256.60495,168.77235
256.630275,168.79625
256.655375,168.875975
257.209825,168.907225
257.223675,169.008775
257.78505,169.094125
258.4284,169.171425
258.461175,169.2774
258.5378,169.333925
259.4506,169.37465
259.464775,169.491475
259.5456,169.5948
259.602575,169.640575
259.970925,169.65895
260.070675,169.680175
260.916125,169.858325
261.101675,169.941
261.5526,169.965525
261.5557,169.98585
261.591725,170.067025
261.6588,170.188425
261.8824,170.338225
261.96305,170.4198
262.19095,170.529625
262.259875,170.772475
262.285575,170.82095
262.753225,170.899075
263.058375,171.079375
263.310375,171.2226
263.6985,171.236675
263.710575,171.51365
264.318625,171.59
264.515725,171.784925
264.7113,171.9016
264.97815,172.017575
265.032875,172.08785
265.652,172.11725
265.724125,172.465425
265.815825,172.52245
265.956,172.58405
265.97615,172.64675
266.35705,172.694725
266.714225,172.76915
266.842125,173.108725
266.847875,173.14275
267.301325,173.23595
267.310925,173.54375
267.98925,173.56185
268.3432,173.604075
268.363425,173.629375
268.3817,173.78855
268.70945,173.870025
269.052725,174.052125
269.467025,174.080725
269.472525,174.1228
270.021125,174.1545
270.0906,174.185375
270.37245,174.29315
270.4092,174.4827
270.467875,174.5187
271.0369,174.5593
271.14535,174.60545
271.188775,174.6521
271.200625,174.76545
271.447625,174.804825
272.27445,175.068375
272.3139,175.102775
272.8363,175.1182
272.847,175.145625
273.0853,175.2507
273.58075,175.3733
274.1997,175.6976
274.259575,175.8386
274.4363,175.9031
275.426775,175.970625
276.038625,176.057775
276.389425,176.13015
276.456625,176.155675
276.66835,176.4662
276.81205,176.5296
278.035975,176.5978
278.11965,176.7747
278.563275,176.8337
279.008,176.8567
279.026125,176.89475
279.044725,177.3999
279.128675,177.4481
279.1853,177.688275
280.2503,177.71505
280.50525,177.951425
280.511375,178.154475
280.5153,178.4199
280.6587,178.514675
281.037,178.605
281.05685,178.7314
281.0641,178.861975
281.105725,178.962925
281.345025,179.13075
281.4031,179.268525
281.74675,179.336775
281.751375,179.424225
282.11045,179.47085
282.278875,179.5115
282.5087,179.57585
282.5406,179.663025
282.804175,179.7606
283.13115,180.089275
283.225625,180.171025
283.619075,180.20365
283.636775,180.2705
283.682275,180.341975
284.107775,180.4604
284.120625,180.748975
284.655575,180.754425
285.0861,181.25195
285.415825,181.37935
285.923175,181.417875
286.138375,181.67495
286.23265,181.930175
286.5705,182.031725
286.91115,182.07145
286.926475,182.10815
286.963825,182.13095
287.0166,182.286075
287.350125,182.37595
287.694875,182.506825
287.769425,182.57305
287.829,182.645475
287.94845,182.69175
288.245775,182.734175
288.262,182.8291
288.2805,182.86605
288.58035,182.888025
288.7262,182.926875
289.32075,183.004925
289.630975,183.176325
289.711575,183.24235
289.71905,183.33715
289.869775,183.4132
289.87755,183.4581
290.281375,183.484825
290.336125,183.500275
290.565825,183.75405
290.88925,183.839025
292.0089,183.99445
292.040075,184.095575
292.7941,184.1675
293.144625,184.3663
293.792675,184.441625
293.812675,184.474975
294.231375,184.530825
294.6018,184.6462
294.691725,184.701775
295.20415,184.717275
295.219675,184.741075
295.22685,184.9185
295.8322,184.947125
295.8874,185.073075
295.9282,185.2219
296.3621,185.3164
296.4376,185.35115
296.923725,185.484475
297.337625,185.685875
297.7433,185.88045
298.0473,185.930225
298.088725,185.954825
298.13155,185.9791
298.524125,186.126325
298.903875,186.181525
298.9437,186.41665
298.952875,186.5013
299.10675,186.55775
299.399125,186.682675
299.772125,186.7094
299.95965,186.773525
299.986375,186.927675
300.46665,187.073275
300.511425,187.187475
300.543925,187.246175
300.59315,187.287575
300.720775,187.394875
300.744,187.431225
301.119975,187.47265
301.4999,187.620275
302.37815,187.716875
303.02635,187.752725
303.392425,187.8266
303.4426,187.9024
303.5033,188.139725
304.2144,188.265975
304.405375,188.4526
304.644625,188.5912
304.702,188.7934
304.7876,189.0179
304.830225,189.19105
305.0808,189.230975
305.78525,189.36335
306.990375,189.393775
307.15965,189.555975
307.727,189.675525
307.75075,189.72765
307.773175,189.88345
307.80115,190.01405
308.088075,190.25155
308.104675,190.29535
308.301225,190.3403
308.72355,190.405925
308.743625,190.8441
309.360775,191.11055
309.386975,191.366125
309.72675,191.451875
309.791025,191.5639
310.718075,192.223975
310.725475,192.281375
310.772675,192.3783
310.789175,192.612525
311.144775,192.69415
311.150125,193.030025
311.18555,193.0516
311.510025,193.10045
311.58875,193.19145
311.914825,193.3652
312.236125,193.5517
312.3268,193.748
314.018725,193.86255
314.044675,193.90995
314.3555,194.14445
314.36,194.2129
314.670875,194.318725
315.66855,194.5567
316.345,194.6339
316.77325,194.674225
316.777375,194.815475
316.796025,194.894
317.14325,194.954775
317.48385,195.00355
317.5083,195.112575
317.5288,195.177375
317.545625,195.36955
317.85855,195.465025
318.2482,195.50985
318.665325,195.544075
319.02805,195.69275
319.949425,195.7665
320.37015,195.7788
320.501225,195.849175
321.06575,196.0671
321.098125,196.1445
321.137125,196.381675
322.14695,196.4492
322.205025,196.505175
322.80545,196.730675
323.48175,196.8108
323.496025,196.85475
324.172975,196.917575
324.1847,196.99685
324.565075,197.041825
324.588775,197.161325
325.070975,197.2156
325.0905,197.35185
325.095175,197.445675
325.4594,197.74425
325.775025,197.777525
326.19275,197.82095
326.6893,197.93685
326.9641,197.964975
327.12565,197.9838
327.552,198.015975
328.00975,198.135875
328.07245,198.184625
328.84625,198.21195
328.8716,198.2989
329.175825,198.3877
329.8065,198.432075
330.16245,198.516575
330.17775,198.619275
330.2567,198.68085
331.3763,198.709425
331.781725,198.73435
332.0096,198.7654
332.051925,198.8518
332.4021,198.8816
333.553325,198.925025
336.042425,198.945075
336.0666,198.984475
336.070675,199.2613
336.563375,199.31655
336.801525,199.4776
337.06705,199.583975
337.424775,199.734175
338.2616,199.7883
340.003075,199.810925
340.698675,199.9217
341.168575,200.0808
341.210175,200.23335
341.654425,200.270375
341.72075,200.362375
342.22615,200.505075
342.2713,200.58
342.616725,200.8446
342.92145,200.881975
343.378175,201.065375
343.779375,201.3466
344.024525,201.386275
344.780875,201.474875
345.3245,201.63715
345.8076,201.909
346.54815,201.957475
346.961925,201.997125
347.28825,202.486325
347.298175,202.50885
347.339225,202.5906
347.61475,202.6263
348.118925,202.65295
349.111025,202.756025
349.893375,202.79555
351.17725,202.839975
352.1378,202.895925
352.721075,203.135025
352.8343,203.239125
353.092075,203.650725
353.612275,203.709275
354.098675,203.776775
354.2766,203.813525
354.452775,203.859875
354.82855,203.9503
358.2149,204.032975
359.5542,204.1477
360.627725,204.42055
361.3298,204.57815
361.652425,204.631025
362.2949,204.684275
363.72355,204.726925
364.217475,204.76445
364.8503,204.8455
365.25255,204.89605
365.71725,204.9367
366.06345,204.959
367.339575,205.021675
368.10985,205.144575
368.43,205.1765
368.503425,205.221625
369.0354,205.256
369.4796,205.3521
370.614325,205.443575
370.65795,205.4758
370.695275,205.498675
371.66555,205.7298
373.185575,205.852175
373.823675,205.981225
375.488325,206.12145
378.907225,206.1456
379.50325,206.423775
380.7982,206.63255
381.42845,206.687525
,207.099525
,207.12315
,207.208275
,207.269725
,207.298475
,207.334025
,207.38225
,207.43065
,207.69245
,207.7903
,207.8247
,207.90655
,208.06605
,208.101725
,208.1385
,208.170475
,208.328275
,208.421475
,208.440425
,208.587125
,208.61075
,208.737675
,208.794525
,208.881325
,208.90665
,209.034025
,209.13475
,209.21875
,209.476625
,209.57035
,209.91025
,210.0111
,210.0292
,210.056075
,210.083025
,210.552625
,210.650625
,210.840575
,210.8839
,211.062775
,211.269225
,211.309625
,211.420375
,211.524825
,211.7861
,211.867675
,211.994125
,212.370375
,212.39935
,212.4462
,212.4883
,212.7687
,212.82225
,213.00825
,213.054375
,213.158325
,213.245175
,213.439675
,213.477925
,213.5316
,213.553775
,213.6121
,213.62995
,213.65905
,213.694425
,213.818775
,213.97295
,214.0821
,214.142975
,214.3378
,214.380975
,214.6054
,214.67965
,214.951775
,215.08555
,215.210175
,215.23735
,215.329625
,215.493175
,215.6482
,215.820125
,215.862775
,216.20315
,216.2773
,216.313925
,216.553075
,216.7828
,216.8853
,216.988025
,217.087075
,217.32755
,217.3703
,217.397425
,217.849425
,217.91245
,218.49735
,218.6524
,218.774575
,218.8199
,218.889275
,219.456125
,219.607
,219.7336
,220.168725
,220.398875
,220.554425
,220.812125
,221.02545
,221.68315
,222.196375
,222.24195
,222.573925
,222.921275
,222.9291
,222.93995
,222.9841
,223.087675
,223.133925
,223.170425
,223.405725
,223.566875
,223.601375
,223.722675
,223.76345
,223.8044
,223.9399
,224.0465
,224.459775
,224.56925
,224.627
,224.8455
,224.972075
,225.098125
,225.158775
,225.46105
,225.7463
,225.7802
,225.942675
,226.026325
,226.0804
,226.23065
,226.3167
,226.55195
,226.747875
,226.798725
,226.8979
,227.2218
,227.54745
,227.62345
,227.6614
,227.692125
,227.771475
,227.93805
,228.225025
,228.31785
,228.554825
,228.810625
,229.109925
,229.12405
,229.189725
,229.23555
,229.281125
,229.442475
,229.503375
,229.994975
,230.043925
,230.0924
,230.456625
,230.4975
,230.750525
,230.81055
,230.870275
,231.380425
,231.424225
,231.837375
,232.4026
,232.439625
,232.5449
,232.892575
,232.91695
,232.9589
,233.092375
,233.66445
,234.076725
,234.116825
,234.162825
,234.795975
,235.06235
,235.55595
,235.563325
,235.604275
,235.632775
,235.683625
,235.8619
,235.92535
,236.026775
,236.276925
,236.324925
,236.72705
,236.825375
,237.16225
,237.206575
,238.063025
,238.106025
,238.17515
,238.448175
,238.57215
,238.81905
,238.89885
,239.01045
,239.2632
,239.511275
,239.59535
,239.652625
,239.6756
,239.707825
,239.742325
,239.9574
,240.00775
,240.29765
,240.3526
,240.446075
,240.612475
,240.689275
,240.7378
,241.022925
,241.44395
,241.586475
,241.84535
,241.926925
,242.4086
,242.4496
,242.539675
,242.655025
,242.7311
,242.9015
,243.069025
,243.101025
,243.1299
,243.67455
,243.8131
,244.029875
,244.29445
,244.45395
,244.491525
,244.709225
,244.806225
,245.018025
,245.152575
,245.186375
,245.238975
,245.26665
,246.019975
,246.435275
,246.564725
,246.681
,246.91625
,247.00155
,247.1776
,247.244575
,247.330975
,247.4435
,247.696725
,247.7324
,247.769225
,247.96325
,248.08995
,248.257625
,248.365
,248.61085
,248.652525
,248.753875
,248.852125
,248.956775
,249.21945
,249.62765
,250.189725
,250.230525
,250.29115
,250.872775
,251.047475
,251.11855
,251.303275
,251.713425
,251.7565
,251.78545
,252.138475
,252.23945
,252.306325
,252.484025
,252.639725
,252.98685
,253.146425
,253.6607
,253.845925
,253.8835
,254.044225
,254.101025
,254.142125
,254.175
,254.25715
,254.303525
,254.7433
,254.7809
,254.798975
,254.852375
,255.188325
,255.22295
,255.298275
,255.454525
,255.52125
,256.01645
,256.04355
,256.077475
,256.121025
,256.450975
,256.6514
,256.897125
,256.97225
,257.143075
,257.200325
,257.49285
,257.662475
,257.791675
,258.044175
,258.30375
,258.41855
,258.977475
,259.06235
,259.38875
,259.47545
,259.8547
,260.007625
,260.0359
,260.2017
,260.4086
,260.450625
,260.8083
,260.92785
,260.959375
,261.159625
,261.30545
,261.472425
,261.650875
,261.687875
,261.737175
,261.7485
,261.815425
,261.8418
,261.989375
,262.06515
,262.09795
,262.1212
,262.2622
,262.782425
,262.861325
,263.2365
,263.263075
,263.429525
,263.979375
,264.111475
,264.198525
,264.258625
,264.4055
,264.457575
,264.569
,264.876875
,265.214375
,265.470175
,265.82675
,265.95385
,266.005575
,266.114475
,266.172075
,266.425575
,267.02685
,267.408775
,267.837775
,268.119625
,268.30635
,268.350675
,268.641025
,268.762325
,269.022325
,269.072325
,269.224325
,269.428825
,269.5015
,269.890425
,270.031
,270.150325
,270.197
,270.31435
,270.484125
,270.68525
,270.8552
,271.0409
,271.14645
,271.47395
,271.61295
,271.654
,271.709125
,271.93055
,272.1443
,272.493275
,272.809825
,272.83905
,273.548175
,273.568875
,273.59105
,273.66475
,273.804575
,273.942875
,274.14895
,274.2814
,274.460475
,274.492975
,274.9151
,274.957
,275.10145
,275.177025
,275.473625
,276.725825
,277.057675
,277.279625
,277.460375
,277.6528
,277.859275
,278.0387
,278.1061
,278.149025
,278.18545
,278.386825
,278.44685
,278.9648
,279.004275
,279.0224
,279.063025
,279.631325
,280.191425
,280.39085
,280.499175
,280.891675
,280.9953
,281.06265
,281.25675
,281.450475
,281.5848
,281.8891
,282.137725
,282.2728
,282.375325
,282.413275
,282.45845
,282.604825
,282.653825
,282.71165
,282.843325
,282.8797
,283.15765
,283.55145
,283.5825
,283.612325
,283.67955
,284.11635
,284.209625
,284.245275
,285.056625
,285.2804
,285.59015
,285.622325
,285.781125
,285.9327
,286.583975
,286.69005
,286.975825
,287.175525
,287.239925
,287.292525
,287.81025
,287.943525
,288.041075
,288.275125
,288.31535
,288.4266
,288.595625
,288.7056
,288.877975
,289.11195
,289.18555
,289.5853
,289.611525
,289.940975
,290.0094
,290.3148
,290.515225
,290.552175
,290.597575
,290.968725
,291.326125
,291.438375
,291.477275
,291.59535
,291.6569
,291.70515
,291.74
,291.8299
,292.00735
,292.036675
,292.586225
,292.746925
,292.944425
,293.00735
,293.182875
,293.310525
,293.341875
,293.555325
,293.900675
,294.03105
,294.171275
,294.2046
,294.243775
,294.62555
,294.814025
,294.959725
,294.99295
,295.61395
,295.93745
,296.84485
,297.046125
,297.1884
,297.48125
,297.72185
,297.90455
,297.933225
,298.074925
,298.422775
,298.627175
,299.196075
,299.227975
,299.947975
,300.107175
,300.551075
,300.82845
,301.166525
,301.226275
,301.275075
,301.340025
,301.373775
,301.533
,301.57395
,301.63965
,302.0141
,302.1787
,302.298775
,302.806675
,303.09245
,303.143075
,303.199825
,304.012975
,304.11555
,304.42545
,305.09525
,305.112075
,305.11875
,305.3286
,305.396475
,305.425075
,305.5983
,305.6779
,306.136725
,307.60715
,307.69375
,307.84675
,307.939675
,308.01905
,308.423325
,308.56695
,308.800175
,308.8482
,308.954825
,309.130075
,309.214425
,309.512225
,310.81805
,310.934875
,311.22925
,311.47925
,311.712475
,311.943125
,312.302225
,312.419975
,312.6044
,313.498775
,313.583875
,313.678675
,313.9366
,313.989975
,314.398025
,314.5505
,314.7256
,315.0479
,315.4366
,315.538425
,315.604575
,316.125425
,316.255025
,316.373275
,316.728725
,317.219575
,317.389775
,317.467075
,317.94935
,317.964
,318.504625
,318.8529
,318.96415
,320.03645
,320.100925
,320.498975
,320.535175
,321.5431
,322.669475
,323.021775
,323.1688
,323.31315
,323.5114
,323.89825
,324.19765
,324.27865
,324.544975
,324.8213
,324.91585
,325.03295
,325.1377
,325.432925
,325.90895
,326.3689
,326.94135
,327.0086
,327.511475
,328.114725
,328.149775
,328.274875
,328.423025
,328.7252
,329.8036
,329.8874
,329.9938
,330.101825
,330.4181
,330.84305
,331.260525
,331.322875
,331.937225
,332.009325
,332.292025
,332.827625
,333.16065
,333.752125
,334.234525
,334.773675
,335.188825
,336.474275
,338.0705
,338.1049
,341.369325
,341.791375
,341.93025
,342.347075
,342.58845
,342.8942
,342.925675
,343.1152
,343.16505
,343.318725
,343.557675
,343.78165
,343.810975
,344.930125
,344.959025
,345.244675
,345.2925
,345.399225
,345.5143
,345.588575
,346.0522
,346.295475
,346.615175
,347.152425
,347.360225
,347.57295
,347.6053
,347.762625
,348.200625
,348.233525
,348.2579
,348.453525
,348.7991
,349.465575
,349.550825
,350.08305
,350.795075
,351.3122
,352.077175
,352.125175
,352.1634
,352.24365
,352.408675
,352.457275
,352.5278
,353.011475
,353.2688
,354.4136
,354.603725
,355.240225
,356.327725
,357.2246
,357.467825
,358.95105
,359.562425
,359.578525
,359.597025
,360.4045
,362.36515
,363.301075
,364.11185
,364.9633
,365.566425
,366.0481
,366.2167
,366.28465
,366.772775
,366.8124
,367.890975
,368.408475
,369.3439
,369.555175
,369.63985
,371.189225
,373.0413
,373.192275
,373.514425
,374.826175
,376.25025
,376.439525
,377.7092
,378.37315
,379.5177
