SPK_SPKC01a,SPK_SPKC01b,SPK_SPKC05a,SPK_SPKC08a,SPK_SPKC13a
700.1628,700.17415,700.20905,700.109325,700.105425
700.6379,701.228825,700.463325,700.16325,700.525825
700.710725,701.7725,700.502525,700.22155,700.556525
700.87795,703.818175,700.523725,700.3249,700.608125
701.25765,706.68695,700.603625,700.489,700.654775
701.411075,707.408975,700.999375,700.57275,700.691425
701.640575,708.1326,701.8022,700.7351,700.751775
701.81975,708.76955,702.00365,700.8476,700.791425
702.022075,710.536175,702.1308,701.0118,700.8291
702.650675,711.501075,702.173825,701.11055,700.862775
702.85265,712.1275,702.419275,701.208075,700.91615
703.014175,714.485625,702.42745,701.314,700.966875
703.166075,715.673175,702.671,701.451325,701.00035
703.2763,716.09885,702.703725,701.5572,701.034
703.5401,716.557375,702.9507,701.620425,701.071475
703.8071,716.998125,703.101275,701.710975,701.13935
704.058975,718.181125,703.165175,701.879175,701.17105
704.27055,718.43015,703.2254,701.95545,701.207825
704.54135,719.3541,703.25495,702.217875,701.2538
705.137025,721.215825,703.309725,702.280925,701.2897
705.316925,721.70255,703.42485,702.35595,701.304025
705.56455,724.023575,703.84225,702.417925,701.3468
705.931125,724.717775,704.0932,702.581225,701.379125
706.145775,726.47355,704.193175,702.667375,701.45215
707.012825,726.761325,704.3666,702.676425,701.4821
707.147625,727.4542,704.737175,702.8579,701.510925
707.24975,728.264375,704.81655,703.555575,701.54805
707.63805,729.02935,705.21395,703.714725,701.631425
707.876475,730.3419,705.290775,703.92205,701.816375
708.035675,731.63635,705.635075,704.092525,701.880075
708.10525,732.45215,705.823425,704.13965,702.0057
708.793325,733.289325,705.849825,704.255825,702.0987
708.96685,733.737625,706.032775,704.455875,702.22335
709.20775,734.670975,706.0945,704.587375,702.2926
709.8443,735.783275,706.572375,704.67805,702.3982
709.9199,736.245425,706.661675,704.7363,702.45855
710.1433,736.750175,706.84085,704.900575,702.5799
710.32785,738.47755,706.938375,705.2325,702.6387
710.772275,739.123825,707.01705,705.33285,702.729325
710.9741,739.638125,707.04095,705.49945,702.8618
711.062775,740.392475,707.173675,705.637875,703.07645
711.6055,740.86225,707.21745,705.6765,703.1267
711.7973,741.8967,707.265825,705.97245,703.174475
712.011975,742.525925,707.347775,706.33115,703.22065
712.1139,743.257025,707.9338,706.442075,703.25385
712.226675,743.682275,708.08735,706.532175,703.295075
712.43475,744.220725,708.25195,706.5897,703.36
712.64805,745.618425,708.502125,706.6448,703.399075
712.89315,746.3717,708.557925,706.77505,703.426475
712.967725,746.8533,708.572075,706.8867,703.455425
713.150525,747.195275,708.67205,707.130125,703.4849
713.277425,747.6488,708.8179,707.32485,703.5109
713.484375,749.070525,708.83175,707.48715,703.5503
713.533425,749.4843,708.994675,707.8554,703.597
713.60035,750.2233,709.18285,708.1432,703.66725
713.6806,750.51695,709.208675,708.298625,703.742975
713.889725,751.046375,709.4788,708.3535,703.79455
713.967825,751.3847,709.903875,708.39055,703.830375
714.14785,751.94565,709.98835,708.4359,703.90415
714.178575,752.713025,710.156775,708.5516,703.934225
714.36685,753.285,710.28145,708.77165,703.977575
714.56755,754.399325,710.810925,708.9041,704.03845
714.773725,755.13495,710.9013,708.997675,704.09285
714.871575,755.785525,710.95825,709.1192,704.1821
714.97985,756.668025,711.0157,709.2287,704.2798
715.124675,757.339775,711.055725,709.34165,704.33375
715.277325,757.84,711.068425,709.483825,704.47565
715.47405,758.60955,711.174225,709.54615,704.5924
715.572125,759.931325,711.623175,709.6139,704.669675
715.720425,760.400175,711.74905,709.66715,704.811925
715.8447,761.077075,712.059275,709.7117,704.8629
715.9977,761.809125,712.192275,709.7983,704.93
716.191975,762.1518,712.470675,710.088,704.978275
716.28275,763.104125,712.893275,710.198225,705.041475
716.388025,763.47705,713.0279,710.4686,705.108025
716.480925,764.363275,713.558425,710.516525,705.18165
716.57565,765.2113,713.786675,710.57385,705.322325
716.5859,765.597,713.9127,710.851525,705.4126
716.82445,766.591475,714.341275,711.4482,705.758425
716.94345,767.2215,714.424325,711.67195,705.89345
716.986575,767.8909,714.5115,711.7658,705.968825
717.06825,768.62385,714.884725,711.843675,706.02515
717.270625,768.941525,714.96215,711.966025,706.0528
717.381975,769.7869,715.5097,712.1181,706.09565
717.5164,770.564875,715.58375,712.20165,706.144975
717.74045,770.973825,715.674425,712.2846,706.1983
717.9303,772.378225,715.94835,712.4124,706.24625
718.0447,773.036225,716.0097,712.526275,706.283
718.12815,773.47335,716.17625,712.64775,706.31745
718.828175,774.229175,716.461375,712.71585,706.34885
718.90245,774.6025,717.420575,712.8453,706.3925
719.4176,775.306725,717.65405,712.88115,706.4374
719.565675,775.76515,717.95705,712.948,706.4636
719.6675,776.292175,718.0335,713.08495,706.503875
719.837425,776.9925,718.069625,713.249825,706.5424
719.9212,777.72595,718.409275,713.4994,706.575725
720.0382,779.021625,718.591325,713.932175,706.63885
720.115575,779.819375,718.850525,714.138025,706.674575
720.22315,780.75235,718.9037,714.2175,706.7189
720.348875,781.0719,719.026075,714.347875,706.78445
720.3864,781.38995,719.083,714.466825,706.8119
720.450675,781.8162,719.342575,714.520675,706.86115
720.6399,782.3479,719.69295,714.5758,706.898525
720.752025,783.88605,719.796975,714.64425,706.946775
720.86065,784.66855,720.08045,714.76485,706.9904
721.155525,785.30235,720.1187,714.829075,707.05485
721.234375,785.646175,720.227475,714.97,707.1044
721.32895,786.52745,720.30335,715.145375,707.142725
721.571525,786.880725,720.414625,715.281275,707.187625
721.934825,787.297025,720.70235,715.423575,707.261175
722.110375,788.0893,720.7041,715.53375,707.356225
722.160275,789.423425,720.788025,715.636175,707.4696
722.2135,790.126125,720.951625,715.747525,707.67255
722.2775,790.31075,720.992825,715.81455,707.882025
722.536625,791.078525,721.03855,715.9902,707.995775
722.892775,791.33255,721.050825,716.252425,708.1144
723.07225,792.0058,721.6686,716.378525,708.232475
723.27465,792.6351,721.9074,716.480175,708.47715
723.35495,793.216775,722.016075,716.635225,708.547375
723.42585,793.72625,722.675275,716.7289,708.616525
723.5744,795.424075,722.7087,716.823275,708.660825
723.682075,795.82115,722.9306,716.8647,708.713925
723.8815,797.4538,723.052625,716.953425,708.777025
724.01925,797.969975,723.10185,717.0103,708.82805
724.09315,798.68635,723.451725,717.0575,708.87755
724.37255,800.335575,723.537175,717.094275,708.92435
724.585225,800.995475,723.703675,717.33225,708.984725
724.875525,801.78945,723.7326,717.4814,709.017975
725.016525,802.715575,723.959725,717.86125,709.065875
725.28115,803.43995,723.996475,717.99365,709.109375
725.52405,804.13685,724.00295,718.1139,709.1471
725.6579,805.1762,724.07555,718.197475,709.192225
725.7059,805.63475,724.3596,718.292425,709.24455
725.920525,806.29345,724.460025,718.377975,709.289425
726.043525,806.81905,724.7878,718.520125,709.33495
726.14165,807.421425,725.09555,718.6627,709.382475
726.302825,807.8513,725.2523,718.722475,709.417625
726.655,808.937275,725.4071,718.8796,709.45715
727.162575,809.4156,725.704625,719.12875,709.55635
727.271325,810.82445,725.826275,719.323225,709.616025
727.41055,811.2344,725.97735,719.4649,709.774375
727.56935,811.693575,726.05165,719.58595,709.88505
727.707975,812.677625,726.105425,719.85985,710.040925
727.950525,813.570775,726.18135,719.977475,710.122125
728.1029,814.05625,726.183125,720.24565,710.2805
728.226425,814.868475,726.3067,720.40735,710.340775
728.550425,815.630775,726.442125,720.602075,710.449925
728.625075,816.491575,726.7036,720.80625,711.0797
728.88,817.444,726.730225,721.0642,711.18685
729.047225,818.497625,726.9737,721.23295,711.28215
729.18405,819.744625,727.081325,721.438125,711.369225
729.376575,820.132075,727.456725,721.646325,711.406875
729.3903,820.8077,727.63675,721.766,711.500775
729.500575,822.125975,727.7097,722.122,711.594225
729.60885,823.954025,727.7671,722.22875,711.661725
729.688625,824.090375,727.82415,722.396,711.729675
729.740325,824.368025,727.97065,722.453675,711.7823
729.853975,825.536125,728.243475,722.523,711.824725
730.003625,825.95595,728.5892,722.63165,711.929925
730.120525,827.026775,728.6398,722.743075,712.016775
730.260175,827.967275,728.922175,722.808725,712.17535
730.37035,828.5387,729.155975,722.93165,712.253175
730.856425,829.320875,729.29925,723.0518,712.426525
731.008325,830.22475,729.858475,723.142275,712.5509
731.203775,831.50145,729.9703,723.305825,712.753575
731.314475,832.662025,730.0329,723.558575,712.93005
731.530875,834.047925,730.1231,723.7026,713.0836
731.6242,835.53245,730.2436,723.85645,713.248175
732.140875,836.4165,730.2792,723.9065,713.4419
732.421475,836.733125,730.5088,724.136325,713.532425
732.544025,838.4676,730.60865,724.27055,713.642925
732.657675,840.00285,731.0459,724.350325,713.6986
732.7466,842.475225,731.18855,724.4399,713.846575
732.86745,842.992,731.26045,724.543275,713.940775
733.122975,844.1878,731.30765,724.632,714.023175
733.633925,844.838,731.364425,724.7369,714.06725
733.761025,845.339975,731.4323,724.91135,714.129325
733.8718,847.179925,731.4773,725.016775,714.1979
734.066875,847.8453,731.5866,725.102525,714.253225
734.16435,849.217925,731.7272,725.442375,714.3135
734.4275,850.1042,731.905175,725.523575,714.3556
734.693975,851.6313,731.93935,725.5799,714.40415
734.798825,852.0596,731.984625,725.653325,714.454975
734.978075,852.831575,732.0487,725.7044,714.506025
735.2092,853.558775,732.297625,725.861625,714.569875
735.3269,854.513575,732.3949,726.2766,714.622425
735.85785,855.557,732.458875,726.4296,714.68185
736.043025,856.43955,732.828325,726.52395,714.729725
736.220775,857.533375,732.92285,726.584925,714.789375
736.426875,858.75095,733.16585,726.659525,714.82235
736.58325,859.85765,733.25795,726.699675,714.864875
736.823325,861.15495,733.469025,726.802925,714.8924
737.163225,862.673325,733.571925,726.949125,714.937125
737.19505,863.359575,734.128125,727.174925,714.9762
737.3264,864.131475,734.446325,727.34915,715.003275
737.4062,865.078875,734.709675,727.59085,715.051425
737.5287,866.150175,734.964825,727.87705,715.084475
737.6473,867.218075,735.28415,728.006325,715.12585
737.707275,868.633075,735.4766,728.211975,715.15665
737.865175,869.56245,735.562975,728.34715,715.18205
737.92055,870.2634,735.681275,728.441475,715.23525
738.2024,871.758225,735.958575,728.507475,715.259925
738.351175,874.976975,736.56145,728.6099,715.297125
738.485025,875.742275,736.664025,728.7686,715.329175
738.822625,876.34835,736.8952,728.876425,715.37865
738.9239,876.762,737.38875,728.9189,715.472925
739.013,877.193975,737.49965,729.019175,715.52455
739.099325,878.430125,737.546525,729.1364,715.555275
739.219425,878.9588,737.7514,729.248125,715.611675
739.383875,880.521475,738.058,729.31855,715.659
739.4439,881.921225,738.25705,729.47945,715.70925
739.634975,883.2942,739.252425,729.64095,715.806
740.0728,884.413525,739.848275,729.931875,715.9209
740.179175,885.6659,740.0106,730.18255,715.94865
740.410375,886.894925,740.0907,730.507825,715.969975
740.54145,887.91525,740.32665,730.51535,716.044625
740.618,891.16385,740.36145,730.67875,716.077
740.7137,892.0765,740.5421,730.7847,716.116775
740.85155,893.229825,740.632575,730.87825,716.146875
741.0715,894.0568,740.742225,730.958925,716.1992
741.112925,895.577175,740.98145,731.122525,716.27385
741.31505,896.345575,741.154875,731.3814,716.324575
741.4272,898.667275,741.7022,731.595825,716.348475
741.531,899.61815,741.915075,731.752575,716.42685
741.605775,900.49,742.2672,731.899375,716.474775
741.691975,902.35405,742.5016,732.078225,716.530325
741.825425,902.677475,742.5468,732.65045,716.568425
741.952025,903.6821,742.757475,732.79805,716.60955
742.084625,905.38725,742.7679,732.998275,716.655625
742.2843,906.79965,743.0049,733.117375,716.807675
742.383175,907.8249,743.433075,733.35255,716.919175
742.46625,908.536325,743.534225,733.479425,716.997875
742.5837,910.94885,743.759375,733.531475,717.092875
742.6638,911.406625,743.82015,733.639075,717.1675
742.744625,912.195925,744.200775,733.7385,717.2332
742.8831,913.59395,744.4817,734.068425,717.267075
743.088025,914.5203,744.51645,734.1974,717.33705
743.17195,915.683775,744.574,734.426,717.386
743.259925,916.819825,745.18845,734.706375,717.436125
743.407075,917.22475,745.249775,734.7381,717.472025
743.533275,918.127325,745.381975,734.831775,717.5132
743.6375,919.111125,745.554425,735.000275,717.55215
743.796475,,745.742775,735.398925,717.578475
744.0934,,745.8504,735.443275,717.606775
744.4055,,745.88335,735.512625,717.646775
744.626075,,746.0667,735.6173,717.695975
744.7837,,746.242675,735.7664,717.74665
744.9822,,746.715425,736.108375,717.765575
745.282675,,746.824925,736.2211,717.825325
745.438725,,746.917925,736.451225,717.8539
745.617325,,747.10915,736.503775,717.893825
745.68945,,747.2782,736.519025,717.904975
745.770825,,747.527975,736.86455,717.964075
745.980725,,747.7327,736.9774,717.998275
746.2751,,748.1232,737.096125,718.0519
746.412,,748.48635,737.265575,718.1029
746.573175,,749.3162,737.33415,718.1344
746.669675,,749.5309,737.419675,718.17305
746.827125,,749.666975,737.57905,718.2068
746.944225,,749.771475,737.711,718.257225
747.034975,,749.844475,737.836525,718.310575
747.189525,,749.969725,738.00415,718.3817
747.2838,,750.0184,738.219675,718.4754
747.353775,,750.40165,738.499325,718.5296
747.4593,,750.637775,738.710725,718.636675
747.705025,,750.7026,738.94395,718.744625
747.8069,,750.805475,739.058875,718.788725
747.938925,,750.85905,739.27865,718.853825
748.096475,,750.951475,739.36225,718.900725
748.1543,,751.78445,739.46745,718.950025
748.321575,,751.834975,739.6607,718.999775
748.4336,,751.8629,740.05475,719.0228
748.627125,,752.059,740.22755,719.082675
749.0063,,752.2481,740.669725,719.11435
749.094575,,752.496425,740.721475,719.143925
749.451175,,752.6503,740.78065,719.188525
749.5809,,752.849825,741.043725,719.2179
749.66655,,752.998925,741.59165,719.26475
749.851525,,753.168575,741.976125,719.299075
749.9201,,753.372175,742.0352,719.333225
750.004775,,753.851425,742.067,719.3633
750.12635,,753.9634,742.1627,719.3988
750.1927,,754.156925,742.332025,719.456325
750.297125,,754.466675,742.3669,719.48595
750.50705,,754.556175,742.457575,719.527625
750.739275,,754.61405,742.60305,719.5701
750.852225,,754.8668,742.722525,719.6296
750.923925,,754.937,742.814275,719.6589
750.935375,,755.02185,742.8895,719.68795
751.14865,,755.0993,742.959975,719.7214
751.717225,,755.2115,743.089375,719.76335
751.85375,,755.457825,743.2099,719.806925
751.9855,,755.6669,743.34775,719.827575
752.1331,,755.816525,743.426125,719.904925
752.2917,,755.8877,743.51485,719.95685
752.642175,,755.994075,743.8166,720.011925
752.8932,,756.5131,743.94395,720.071225
753.025475,,756.637525,744.058875,720.14385
753.161825,,756.676025,744.4184,720.18055
753.2955,,756.8103,744.6161,720.238
753.592425,,757.08345,744.80535,720.324675
753.683425,,757.3619,745.06855,720.486375
753.878325,,757.712675,745.157625,720.652025
753.9668,,758.027275,745.3981,720.86575
753.9855,,758.114375,745.52575,721.00255
754.084725,,758.3626,745.8843,721.03105
754.152975,,758.559575,746.004925,721.07945
754.270475,,758.78125,746.171675,721.117525
754.32465,,758.8324,746.3465,721.154525
754.564825,,759.152725,746.527025,721.19155
754.664575,,759.453075,746.5961,721.2482
754.720275,,759.5995,746.659875,721.347725
754.7666,,759.63785,746.713775,721.386725
754.86885,,759.683025,746.774625,721.4229
755.02975,,759.70865,746.852625,721.463725
755.410675,,759.893225,746.9152,721.52445
755.5496,,760.160175,747.001425,721.640725
755.84175,,760.21735,747.05185,721.7248
756.031525,,760.353625,747.17765,721.89295
756.1336,,760.434775,747.31025,721.99205
756.206625,,760.487175,747.42995,722.059175
756.383125,,760.874,747.485975,722.175825
756.494275,,761.11035,747.75075,722.183925
756.6775,,761.435725,748.019925,722.2422
756.9894,,761.53085,748.143375,722.327475
757.10515,,762.0065,748.39345,722.453075
757.302225,,762.0374,748.487525,722.6169
757.3904,,762.305025,748.64775,722.7601
757.503725,,762.6061,748.82605,722.8208
757.62445,,762.692875,749.007275,722.9796
757.762875,,762.70665,749.1092,722.99465
757.9782,,763.23295,749.20305,723.051925
758.082175,,763.322075,749.2426,723.118
758.269075,,763.839425,749.338825,723.19615
758.373925,,764.045525,749.501825,723.249675
758.4554,,764.365725,749.8066,723.333025
758.589625,,764.81145,749.8613,723.36185
758.7409,,764.915225,749.990225,723.378525
758.95285,,764.988825,750.120575,723.420475
759.02265,,765.02485,750.184925,723.4806
759.1646,,765.037425,750.32625,723.5202
759.29595,,765.21505,750.427025,723.562775
759.417825,,765.5907,750.497375,723.601425
759.542575,,765.990975,750.583875,723.63855
759.619275,,766.12615,750.640375,723.67225
759.71365,,766.227875,751.02955,723.7216
759.814325,,766.27755,751.118875,723.760725
760.0531,,766.3111,751.198325,723.793225
760.113575,,766.545175,751.298225,723.838775
760.1714,,766.56345,751.357075,723.8667
760.474075,,766.666525,751.43865,723.875425
760.5678,,766.74185,751.539775,723.912625
760.738925,,766.90005,751.63815,723.950075
760.8213,,767.31355,752.169725,723.978725
760.9394,,767.3815,752.281375,724.033425
761.19855,,767.389275,752.683125,724.05965
761.32355,,767.781,752.7596,724.144325
761.532375,,767.864625,752.8905,724.1754
761.661475,,768.205575,752.990725,724.208525
761.7562,,768.321425,753.1634,724.300825
761.9007,,768.343925,753.438725,724.34005
762.0125,,768.40345,753.564425,724.37885
762.546925,,768.561575,753.65305,724.4297
762.69935,,768.66115,753.7278,724.505
762.77585,,768.819075,753.8154,724.53695
763.008725,,769.175625,753.990175,724.594125
763.033025,,769.268975,754.0699,724.613925
763.352525,,769.349675,754.172075,724.675475
763.443675,,769.607475,754.23005,724.72145
763.616775,,770.2143,754.28515,724.757575
763.9615,,770.272175,754.351125,724.822
764.1002,,770.3293,754.38725,724.880325
764.21445,,770.398325,754.5352,724.959725
764.493925,,770.457775,754.719125,725.010575
764.6785,,770.57285,754.831275,725.0512
764.880675,,770.622025,754.932375,725.13095
764.9885,,770.734675,755.002075,725.211225
765.06325,,770.778875,755.0912,725.25795
765.16405,,770.911975,755.217225,725.33345
765.2318,,770.96345,755.3463,725.425825
765.366625,,771.4683,755.4075,725.4666
765.470575,,771.5937,755.63005,725.51105
765.677475,,771.702725,755.697775,725.60145
765.768275,,771.73205,755.7834,725.6966
765.991575,,771.751625,755.877425,725.80905
766.105825,,772.1351,755.9265,725.948225
766.18705,,772.492125,755.98855,725.993425
766.32655,,772.592325,756.13455,726.0366
766.460475,,772.691625,756.224875,726.0903
766.5833,,772.79585,756.35005,726.165775
766.651225,,772.86035,756.498275,726.20975
766.76215,,773.036725,756.59955,726.254325
766.9419,,773.039675,756.691,726.292175
767.193025,,773.27375,756.73725,726.333125
767.333875,,773.4726,756.8458,726.37925
767.4363,,773.81105,756.920425,726.5199
767.5091,,773.819525,757.077525,726.686775
767.631825,,773.904675,757.252425,726.840075
767.958425,,774.022825,757.3606,726.921075
768.066125,,774.08295,757.428325,726.962575
768.36275,,774.8503,757.497375,727.015775
768.759275,,774.92285,757.595375,727.05795
768.906825,,775.10195,757.6733,727.109125
769.0374,,775.16575,757.7375,727.1607
769.2241,,775.3166,757.824825,727.20965
769.374625,,775.5088,757.874875,727.24045
769.4679,,775.8858,757.941225,727.30245
769.564375,,775.992425,758.0467,727.342575
769.7647,,776.231725,758.143725,727.527025
769.818625,,776.843225,758.242575,727.713775
769.904725,,777.5974,758.373025,727.849975
770.153275,,777.7111,758.464725,727.922925
770.389675,,777.906025,758.542925,727.96225
770.50575,,777.933325,758.6417,728.0002
770.75575,,777.9775,758.671025,728.049025
771.453925,,778.1392,758.8052,728.0901
771.552225,,778.1743,758.990175,728.134925
771.84355,,778.418275,759.085125,728.189625
771.898875,,778.5118,759.15235,728.225
771.905175,,778.539475,759.221575,728.291475
772.034525,,778.661125,759.362125,728.3414
772.0931,,778.830625,759.427125,728.390375
772.628375,,778.983475,759.48915,728.642725
772.885925,,779.0306,759.5865,728.8704
772.951975,,779.1894,759.68535,728.940625
773.0503,,779.4074,759.766,729.0371
773.30735,,779.4829,759.84715,729.126125
773.801225,,779.717075,759.930175,729.223525
774.030575,,779.9508,760.0728,729.394825
774.357,,780.1454,760.130125,729.492925
774.44395,,780.3188,760.227975,729.681875
774.5394,,780.420725,760.296125,730.088375
774.792575,,780.490975,760.3756,730.20025
775.017125,,780.54925,760.447825,730.229825
775.13635,,780.8301,760.586575,730.3137
775.284275,,780.9107,760.699875,730.350625
775.5048,,780.95755,760.813775,730.414725
775.5179,,781.2391,760.880325,730.43905
775.7099,,781.37085,760.955925,730.480075
775.883875,,781.509725,760.99245,730.514875
776.050825,,781.829675,761.053725,730.5734
776.154675,,781.895475,761.1122,730.59245
776.314425,,782.028925,761.175375,730.63475
776.402,,782.1369,761.220125,730.7071
776.61785,,782.25615,761.39365,730.745325
776.63625,,782.4991,761.5947,730.773975
776.761725,,782.811775,761.74125,730.92985
776.847475,,782.868275,761.792975,731.089325
777.061475,,782.88905,761.8676,731.3894
777.236425,,783.00215,761.981325,731.5211
777.469075,,783.090325,762.066275,731.58575
777.58295,,783.180675,762.12065,731.7433
777.7515,,783.272675,762.205175,731.972575
778.0543,,783.2889,762.2859,732.102175
778.148175,,783.35815,762.345125,732.288975
778.469425,,783.5412,762.430325,732.422175
778.68155,,783.632175,762.497775,732.53125
778.90575,,784.50055,762.584925,732.72205
779.11975,,784.567575,762.7716,732.939875
779.232475,,784.674975,762.9717,733.014575
779.38685,,785.1567,763.13645,733.0591
779.5254,,785.225575,763.23655,733.121975
779.5926,,785.38745,763.328975,733.161225
779.700675,,785.5927,763.416675,733.209
779.99825,,785.6872,763.478825,733.245675
780.11085,,785.763325,763.543175,733.274425
780.13135,,785.818775,763.6279,733.29055
780.2738,,785.997,763.724475,733.34995
780.405525,,786.524675,763.844275,733.390825
780.503,,786.620175,764.008375,733.4335
780.56665,,786.752325,764.198725,733.4876
780.7511,,786.818175,764.2918,733.546025
780.85815,,786.8388,764.363325,733.5733
781.285,,787.041675,764.457875,733.6331
781.446175,,787.107325,764.53535,733.687475
781.616525,,787.131625,764.632425,733.71035
781.785925,,787.23405,764.672525,733.737275
781.8687,,787.458525,764.752525,733.774325
782.0639,,787.702775,764.792225,733.799825
782.283575,,787.828,765.2068,733.864425
782.372825,,787.891125,765.39475,733.886475
782.751125,,788.0187,765.443075,733.94875
782.90705,,788.237075,765.53465,734.015875
783.0293,,788.3087,765.6086,734.086925
783.290125,,788.740875,765.7058,734.130575
783.2995,,788.806675,765.793875,734.1978
783.5178,,789.02915,765.86095,734.267425
783.694525,,789.132125,765.93355,734.297875
783.87455,,789.37365,765.9713,734.364925
783.998125,,789.438125,766.024675,734.40845
784.159525,,789.6861,766.17225,734.517375
784.301275,,789.8984,766.249075,734.566475
784.565275,,790.199,766.34675,734.650175
784.66055,,790.43965,766.403175,734.732275
784.764425,,790.57295,766.563875,734.786725
784.866625,,790.753325,766.6342,734.848375
785.001075,,790.80225,766.7295,734.872925
785.1117,,790.8477,766.836375,734.904475
785.162525,,791.02705,766.88985,734.94745
785.22945,,791.2534,767.06105,734.9909
785.5037,,791.341375,767.19045,735.036775
785.723125,,791.48655,767.271975,735.074675
785.9702,,791.757875,767.37095,735.112625
786.110475,,791.889875,767.697475,735.1476
786.24485,,792.2096,767.80705,735.2001
786.485675,,792.477525,767.92695,735.245225
786.5923,,792.512525,768.014275,735.3057
786.71795,,792.70165,768.0585,735.3456
786.7777,,792.87305,768.136125,735.3882
787.09255,,792.936525,768.2088,735.463775
787.149975,,793.294025,768.27765,735.533275
787.3405,,793.457375,768.395075,735.64045
787.6314,,794.074375,768.578425,735.72385
787.707925,,794.22275,768.682825,735.803375
787.87655,,794.807,768.776,735.862725
788.003625,,795.01965,768.843675,735.9015
788.1666,,795.199975,768.91495,735.9486
788.5929,,795.236875,768.977925,735.9876
788.711625,,795.29875,769.00155,736.033975
789.041225,,795.544625,769.11245,736.069075
789.235825,,795.6818,769.25795,736.103875
789.399075,,795.771825,769.5314,736.1631
789.6541,,795.78115,769.6079,736.202525
789.798,,795.923975,769.782925,736.25065
789.867475,,795.982925,769.9086,736.3371
790.112525,,796.138275,770.002925,736.405875
790.21555,,796.509675,770.0561,736.469025
790.3691,,796.5604,770.121625,736.5259
790.4506,,796.85335,770.2434,736.58435
790.513875,,796.9803,770.4253,736.61325
790.648175,,797.0146,770.621825,736.6775
790.765525,,797.159775,770.710375,736.74445
790.8811,,797.199225,770.8207,736.815075
790.94955,,797.495075,770.9546,736.85175
790.996425,,797.51375,771.059175,736.9007
791.179125,,797.653225,771.1164,736.94565
791.22305,,797.72295,771.1545,736.993975
791.3435,,797.80045,771.215075,737.041075
791.405475,,797.99005,771.288325,737.0873
791.600725,,798.113625,771.42585,737.122825
791.6796,,798.312125,771.517375,737.167475
791.7611,,798.4224,771.6913,737.238025
791.863775,,798.472275,771.784425,737.2831
791.9892,,798.67395,771.8928,737.3481
792.040625,,799.046725,772.052475,737.397225
792.155475,,799.168,772.1542,737.487825
792.3219,,799.257675,772.235175,737.5285
792.528825,,799.38195,772.3933,737.611925
792.65645,,799.44395,772.4878,737.6645
792.8562,,799.50015,772.56205,737.717125
792.950875,,799.61615,772.8045,737.785375
793.064125,,799.786325,773.023575,737.832175
793.152475,,800.348575,773.141775,737.9143
793.247575,,800.48995,773.208525,737.94625
793.324275,,800.56615,773.296625,737.9863
793.45135,,800.625925,773.40985,738.0651
793.646275,,800.71385,773.5516,738.130675
793.72895,,800.8475,773.620025,738.183625
793.8145,,800.92005,773.899425,738.25285
793.921025,,800.94925,774.055725,738.314525
794.069325,,801.000425,774.1407,738.339025
794.337675,,801.17795,774.2777,738.41295
794.49125,,801.296725,774.37535,738.467875
794.621975,,801.530425,774.452,738.524075
794.7124,,801.842025,774.499375,738.57915
794.822775,,802.2229,774.549225,738.630825
794.873675,,802.635325,774.595675,738.686425
794.915475,,802.9156,774.705375,738.72655
795.1005,,803.0038,774.8448,738.785925
795.268375,,803.260825,775.0603,738.860825
795.598325,,803.679275,775.198025,738.972525
795.679725,,803.759775,775.307325,739.064825
795.75085,,803.8688,775.4725,739.2979
796.017975,,803.9405,775.5871,739.49165
796.2009,,804.005975,775.7029,739.590225
796.334125,,804.100275,775.8392,739.655925
796.387425,,804.146425,775.905875,739.746175
796.53245,,804.157575,776.044975,739.88175
796.63475,,804.345725,776.101675,740.09165
797.069225,,804.66905,776.21235,740.2018
797.37035,,804.696625,776.275375,740.4953
797.525225,,804.83485,776.3633,740.558175
797.87975,,804.9252,776.4222,740.63455
798.4515,,805.0191,776.583075,740.70165
798.6321,,805.124275,776.715275,740.74125
798.753375,,805.368125,776.828125,740.779525
798.9874,,805.785925,776.908725,740.852275
799.08285,,806.0172,777.010825,740.89905
799.103625,,806.224275,777.11705,740.946225
799.220825,,806.305175,777.2658,740.9905
799.35405,,806.4287,777.38945,741.03665
799.420975,,807.005,777.532275,741.08485
799.582125,,807.06025,777.64075,741.146375
799.8995,,807.103675,777.816125,741.190875
800.010475,,807.1599,778.07475,741.22795
800.3931,,807.216325,778.19215,741.262975
800.440825,,807.711025,778.309025,741.3099
800.55195,,807.87025,778.5009,741.359825
800.647625,,808.186825,778.6791,741.4376
800.71515,,808.26395,778.87925,741.524375
800.776175,,808.3404,779.001025,741.58745
801.01875,,808.400525,779.149825,741.620775
801.06015,,808.52745,779.342075,741.6858
801.1741,,808.58215,779.437125,741.725225
801.267475,,808.6319,779.5766,741.776625
801.351925,,808.682125,779.680925,741.83405
801.48045,,808.729775,779.757525,741.8707
801.7797,,808.9409,779.856475,741.893725
802.074,,809.028725,779.98865,741.95265
802.228825,,809.129775,780.043675,741.996425
802.449,,809.603275,780.215225,742.042175
802.63715,,809.854675,780.3053,742.091875
802.828575,,809.860225,780.4719,742.14045
802.8968,,809.95635,780.831375,742.168275
802.975575,,810.212325,780.957275,742.199975
803.068625,,810.440125,781.03765,742.2414
803.2686,,810.67755,781.106875,742.287825
803.401075,,810.721,781.1879,742.3308
803.51255,,810.730775,781.236125,742.368825
803.7823,,810.87935,781.42965,742.419225
803.95305,,811.09235,781.448,742.437425
804.111475,,811.35155,781.5957,742.470325
804.241025,,811.897775,781.6656,742.57465
804.361225,,811.93455,781.78175,742.592325
804.827225,,812.21275,781.93505,742.67045
804.8412,,812.2775,782.0147,742.700025
805.120925,,813.2513,782.04895,742.80115
805.4344,,813.295875,782.16875,742.862175
805.543125,,813.35545,782.300475,742.92985
805.7231,,813.42215,782.434575,742.966
805.9906,,814.138675,782.54085,743.003525
806.125825,,814.6293,782.6117,743.05985
806.305325,,814.8303,782.690625,743.13565
806.832825,,815.222,782.724975,743.162175
806.900325,,815.2443,782.7941,743.212675
806.99615,,815.600775,782.936,743.26035
807.2178,,815.67845,783.344775,743.316775
807.304225,,815.896825,783.46655,743.3821
807.385025,,816.11745,783.625675,743.45695
807.68355,,816.209225,783.76265,743.508325
807.888075,,816.264675,784.038825,743.56815
807.9992,,816.620325,784.1373,743.660775
808.196725,,816.986975,784.316375,743.742575
808.3008,,817.1456,784.46385,743.815675
808.459225,,817.310975,784.934775,743.885975
808.6244,,817.59095,785.057875,743.9241
808.74205,,817.68175,785.113575,743.9771
808.8712,,817.825025,785.252075,744.012375
808.9957,,818.1202,785.35205,744.0606
809.23395,,818.203625,785.43615,744.09965
809.40055,,818.275325,785.603775,744.1458
809.800075,,818.68325,785.68195,744.211875
809.908175,,818.75285,785.745975,744.26865
809.98555,,818.7717,785.901975,744.362475
810.118575,,819.16365,786.0794,744.50035
810.295775,,819.548475,786.1715,744.606425
810.415125,,819.647275,786.362325,744.771275
810.534275,,819.966775,786.5215,744.82535
810.61545,,820.1866,786.86955,744.92055
810.740175,,820.37135,786.9497,744.971425
810.85425,,820.4999,787.0321,745.01885
811.148475,,820.71895,787.173525,745.055775
811.373075,,821.01445,787.284125,745.0936
811.50815,,821.338375,787.7095,745.1523
811.678,,821.48335,787.8427,745.232
811.76005,,821.760175,788.01695,745.2771
811.82115,,821.902075,788.21535,745.4173
811.88295,,822.30665,788.5171,745.516375
811.97065,,822.333325,788.64555,745.6843
812.020375,,822.36945,788.847725,745.766475
812.137075,,822.43605,788.9308,745.839225
812.4173,,822.6558,789.15155,745.90995
812.491875,,822.861325,789.28325,745.991575
812.54705,,822.950425,789.370725,746.094675
812.796125,,823.7169,789.477225,746.141725
813.07065,,824.195425,789.5863,746.173425
813.1413,,824.4022,789.805025,746.2332
813.213775,,824.50345,789.920025,746.27485
813.470975,,824.755875,790.064525,746.3735
813.609625,,825.13745,790.13945,746.419925
813.971475,,825.185425,790.1761,746.4619
814.088875,,825.552975,790.2014,746.493225
814.4611,,825.8804,790.265525,746.52855
814.6346,,826.387725,790.3329,746.581075
814.69585,,826.478725,790.427025,746.6397
814.881375,,826.54295,790.4942,746.678625
815.250725,,827.11045,790.64645,746.730625
815.415225,,827.4862,790.74505,746.7834
815.53415,,827.564975,790.91565,746.876225
815.60215,,827.5967,791.04585,746.9504
815.7144,,827.78375,791.161025,747.00505
815.77875,,827.950325,791.2081,747.066525
816.092225,,828.580125,791.266525,747.119625
816.3083,,828.65845,791.2908,747.178825
816.3883,,828.689325,791.33955,747.25735
816.5306,,828.739975,791.483975,747.32895
816.5727,,828.8851,791.5345,747.423275
816.65455,,829.0404,791.61925,747.482775
816.758225,,829.131925,791.64525,747.55555
816.85755,,829.221725,791.733525,747.6154
816.991025,,829.501975,791.9469,747.699875
817.096075,,829.65345,792.1007,747.758825
817.254325,,829.903975,792.20275,747.8284
817.5775,,829.994475,792.3469,747.948375
817.67075,,830.498525,792.463275,748.014175
817.792875,,830.544775,792.5611,748.0863
817.962375,,830.7675,792.678175,748.192075
818.258,,830.943825,792.808075,748.461775
818.55625,,831.190925,792.9367,748.620625
818.62825,,831.2679,793.147875,748.66125
818.792725,,831.56895,793.400425,748.705475
818.841925,,831.6529,793.614275,748.745425
818.9831,,831.98105,793.808225,748.785825
819.11085,,832.118425,794.321375,748.8533
819.19225,,832.4472,794.4073,748.88605
819.27795,,832.8392,794.494775,748.936425
819.3524,,832.943375,794.598275,748.979625
819.578825,,833.3335,794.713475,749.043325
819.669025,,833.530975,795.019375,749.08745
819.7828,,833.653075,795.1985,749.1317
820.024175,,833.912175,795.45595,749.223175
820.1751,,833.941675,795.5706,749.441425
820.2462,,834.36945,795.646075,749.5571
820.362,,834.7041,795.7557,749.645025
820.72325,,834.81105,795.86325,749.68255
820.8461,,834.862075,795.977875,749.74065
821.4552,,834.9233,796.084375,749.7968
821.538975,,834.98235,796.133875,749.821675
821.671575,,835.25605,796.196025,749.85225
821.9067,,835.327675,796.250125,749.908025
821.94275,,835.45495,796.3328,749.930725
822.0816,,835.600125,796.4035,749.9558
822.2002,,835.6638,796.460625,749.987375
822.42505,,835.74305,796.52355,750.026825
822.517425,,835.7998,796.598925,750.05415
822.6841,,835.8439,796.65395,750.12325
822.777975,,835.90105,796.706675,750.15605
822.8461,,836.8648,796.7872,750.2073
822.949675,,836.989275,796.88125,750.25255
823.18025,,837.303025,796.938575,750.384225
823.284675,,837.53485,797.01415,750.68025
823.4576,,837.547825,797.095975,751.02615
823.55495,,837.62805,797.214775,751.22985
823.66945,,837.67515,797.28445,751.366125
823.7426,,837.768475,797.3642,751.64005
823.8541,,837.992225,797.465675,751.751
823.917575,,838.0812,797.56045,751.879675
824.0105,,838.26475,797.636525,752.294025
824.448,,838.325625,797.71025,752.4761
824.60415,,838.7143,797.77645,752.55115
824.74835,,838.9258,797.869,752.594425
824.874375,,839.0056,797.983075,752.634175
824.943125,,839.087925,798.122225,752.686925
825.19125,,839.2094,798.21495,752.7318
825.453975,,839.21585,798.39755,752.7806
825.57495,,839.2801,798.4544,752.82235
825.652225,,839.357225,798.533825,752.88735
825.831875,,839.5225,798.6801,752.923975
826.101125,,839.66835,798.728725,752.980625
826.240575,,839.731675,798.789525,753.068075
826.4365,,839.841225,798.87725,753.277525
826.516775,,840.161375,798.983025,753.633725
826.839325,,840.3075,799.089025,753.7084
826.9082,,840.3334,799.293775,753.770375
826.959975,,840.500125,799.407275,753.836225
827.1191,,840.662625,799.496325,753.89425
827.4478,,840.9384,799.659675,753.9508
827.564,,841.075025,799.711675,754.010825
827.66925,,841.36485,799.782275,754.04715
827.764575,,841.4046,799.890725,754.130925
827.788875,,841.8857,799.95385,754.22165
828.581275,,843.119025,800.01085,754.524925
828.74675,,843.4845,800.154,754.55945
828.820125,,843.9993,800.2131,754.605575
828.87585,,844.251375,800.362175,754.643775
829.076925,,844.569725,800.5169,754.693875
829.1498,,844.699775,801.0572,754.747775
829.326325,,845.213975,801.198975,754.7886
829.48,,845.52625,801.360425,754.84115
829.9043,,845.570125,801.48305,754.8843
830.051275,,845.847275,801.65635,754.928125
830.149425,,845.888975,801.769425,754.96015
830.27355,,846.188425,801.845625,755.02145
830.57735,,846.35465,801.932325,755.041675
830.71345,,846.62835,802.037075,755.095975
830.970675,,846.7184,802.171175,755.174675
831.179075,,846.9301,802.393725,755.289725
831.27735,,847.0345,802.563425,755.448375
831.347575,,847.55155,802.73485,755.8264
831.493925,,847.682075,802.8764,755.93355
831.762325,,847.81575,803.11455,756.048425
831.92575,,848.056675,803.197725,756.135225
832.0801,,848.431825,803.307025,756.2119
832.4106,,848.5741,803.409625,756.29345
832.565825,,848.630925,803.5029,756.339025
832.87845,,848.739375,803.60535,756.3914
833.011375,,849.3393,803.691625,756.485825
833.244325,,849.526975,804.20575,756.574275
833.2785,,849.727925,804.3161,756.68635
833.305525,,849.952775,804.53385,756.802775
833.3932,,850.50605,804.643375,756.87655
833.475175,,850.6167,804.67255,756.956225
833.712525,,850.88805,804.8131,757.053875
833.81625,,851.09515,805.10515,757.151575
833.913,,851.15705,805.3035,757.360775
834.313075,,851.18665,805.411975,757.55475
834.614875,,851.2444,805.565775,757.638525
834.7377,,851.3108,805.704725,757.728925
834.8671,,851.35835,805.847325,757.85235
835.113625,,851.403625,805.895,757.90845
835.207625,,851.5206,806.032475,758.0051
835.490875,,851.694775,806.218425,758.1229
835.7464,,851.869125,806.33965,758.1552
836.016275,,852.0139,806.4846,758.184975
836.151025,,852.130875,806.59075,758.232475
836.241925,,852.29725,806.65685,758.287925
836.687975,,852.416675,806.73155,758.35455
836.92055,,852.498475,806.823875,758.381825
837.080775,,852.76135,806.86275,758.43975
837.17035,,853.041,807.1817,758.482875
837.32875,,853.75905,807.255125,758.539375
837.422325,,853.835675,807.3221,758.59
837.60535,,854.129625,807.485475,758.636725
837.7444,,854.235125,807.678925,758.7431
837.944275,,854.5293,807.819575,758.938525
838.220825,,854.767025,807.89595,759.14905
838.81485,,854.8587,807.97055,759.233725
838.9764,,854.90745,808.028525,759.408
839.195425,,855.082275,808.0936,759.4827
839.36515,,855.4226,808.5459,759.5135
839.6451,,855.77995,808.732325,759.541875
839.709525,,855.927625,808.95955,759.6323
839.845075,,856.088025,809.140225,759.666475
839.9273,,856.212575,809.219375,759.696625
840.043675,,856.3473,809.287525,759.7618
840.22675,,856.49335,809.36495,759.8259
840.36485,,857.065875,809.47355,759.853025
840.54435,,857.25035,809.562425,759.89055
840.8826,,857.385325,809.63735,759.92435
840.983725,,857.487025,809.80435,759.97105
841.129725,,857.76155,809.89625,759.996175
841.46385,,857.82115,810.109025,760.028875
841.6361,,857.91805,810.230325,760.133425
842.019725,,858.0861,810.3336,760.165525
842.2803,,858.203825,810.380525,760.2102
842.347,,858.30525,810.57735,760.259025
842.78685,,858.456475,810.672475,760.286375
842.9197,,858.534325,810.732925,760.3432
843.0084,,858.610725,810.846325,760.382325
843.067575,,858.714975,810.96885,760.414125
843.127975,,858.82925,811.09965,760.4798
843.171075,,858.9043,811.208725,760.515475
843.26105,,858.96235,811.282175,760.5752
843.41215,,859.032,811.3728,760.6106
843.48205,,859.190725,811.472025,760.6523
843.563675,,859.4716,811.618525,760.7097
844.09055,,859.531775,811.694675,760.761525
844.36765,,859.5661,811.79135,760.79305
844.60355,,859.64635,812.1488,760.850275
844.91435,,859.852675,812.331325,760.89095
845.023375,,859.959125,812.496725,760.93915
845.1029,,860.1943,812.59525,760.9921
845.245025,,860.295325,812.670725,761.045925
845.3471,,860.32,812.7999,761.286625
845.493875,,860.560825,812.916075,761.4113
845.7873,,860.602125,813.116625,761.4956
845.86855,,860.786875,813.169175,761.5383
845.9621,,860.8624,813.28895,761.5854
846.175,,860.901225,813.35465,761.638575
846.2813,,861.210475,813.426525,761.6882
846.374325,,861.2371,813.626275,761.744575
846.649625,,861.41325,813.665825,761.816075
846.838875,,861.547625,813.7342,761.8713
846.8962,,861.87,813.77305,761.92695
847.037975,,861.990925,813.89415,761.974875
847.14865,,862.1331,814.02915,762.07935
847.215975,,862.139475,814.18095,762.172
847.265225,,862.181675,814.615575,762.5648
847.3505,,862.4976,814.782375,762.662325
847.54265,,862.87485,814.89525,762.735925
847.817025,,863.048175,814.959825,762.7803
847.9952,,863.1293,815.02755,762.837175
848.188125,,863.1433,815.0732,762.869425
848.24715,,863.22405,815.091,762.907975
848.3176,,863.4094,815.30985,762.95435
848.3958,,863.51875,815.37495,762.979125
848.47555,,863.63175,815.447975,763.019175
848.623025,,863.647975,815.51525,763.051975
848.699125,,863.7374,815.583875,763.089075
848.950725,,863.82445,815.6899,763.11785
849.283375,,863.9293,815.77855,763.172875
849.3701,,864.23285,815.840875,763.221975
849.5403,,864.304675,815.969025,763.26715
849.631225,,864.45465,816.05655,763.329025
849.693875,,864.50445,816.133875,763.45065
849.760125,,864.6357,816.2317,763.59115
850.169125,,865.2094,816.363875,763.894025
850.346025,,865.349875,816.412675,763.96895
850.43645,,865.56275,816.472875,764.0372
850.5566,,865.613475,816.61365,764.101125
850.63695,,865.6576,816.7003,764.1858
850.72955,,866.482925,816.80915,764.2768
851.0277,,866.514325,816.906325,764.3551
851.092075,,866.58905,816.959475,764.467475
851.26375,,866.6583,816.99475,764.864175
851.6129,,866.698125,817.130775,764.926975
851.85175,,866.8708,817.210525,764.968325
852.13065,,867.000275,817.29045,765.03215
852.208225,,867.1099,817.3854,765.075075
852.29205,,867.20675,817.463925,765.13145
852.4186,,867.2858,817.719225,765.1872
852.4833,,867.460475,817.8008,765.2168
852.5556,,867.747375,817.98735,765.272725
852.6334,,867.980575,818.069975,765.31955
852.759275,,868.0675,818.128475,765.439325
852.939175,,868.139225,818.1979,765.541825
853.006125,,868.258825,818.26625,765.6205
853.110625,,868.380125,818.413825,765.913475
853.2253,,868.534925,818.4952,766.1923
853.32695,,868.538025,818.539825,766.29165
853.463025,,868.62175,818.581875,766.328675
853.745175,,868.734575,818.845875,766.372225
853.7895,,868.80275,818.9565,766.441975
853.89185,,868.863325,819.039125,766.5164
854.0285,,868.87345,819.1413,766.581375
854.088175,,869.059975,819.32325,766.63325
854.249325,,869.47065,819.423875,766.694825
854.4667,,869.560675,819.52895,766.846775
854.5488,,869.59845,819.6128,767.186775
854.66565,,869.8188,819.747475,767.38505
854.8404,,869.845025,819.890375,767.47115
855.007375,,869.9537,819.954,767.581475
855.07555,,869.997325,820.03525,767.6892
855.1644,,870.108975,820.1199,767.813525
855.25235,,870.1392,820.212625,767.978
855.344875,,870.473025,820.312225,768.295675
855.514575,,870.6627,820.355275,768.3575
855.632425,,870.781075,820.444525,768.401625
855.70975,,870.946025,820.675325,768.46445
856.1756,,871.07,820.77925,768.51985
856.3364,,871.11605,820.85255,768.576325
856.478075,,871.22875,820.9772,768.656825
856.6082,,871.2988,821.1595,768.714175
857.2136,,871.414,821.4814,769.1763
857.35605,,871.51665,821.571475,769.2775
857.45615,,871.609075,821.7321,769.5471
857.7965,,871.699175,821.8993,769.623475
858.033925,,871.73265,822.12925,769.736925
858.304075,,871.74765,822.236925,769.888875
858.389375,,871.8013,822.796725,770.096775
858.469975,,871.843625,823.0501,770.11735
858.527475,,871.989,823.145225,770.170975
858.58525,,872.079225,823.2586,770.22495
858.63475,,872.323475,823.414925,770.2572
858.82015,,872.71945,823.57875,770.311625
858.91335,,872.84745,823.828275,770.3515
859.036175,,872.904225,823.9196,770.383225
859.129075,,873.010075,824.0953,770.437925
859.2517,,873.023525,824.201325,770.496975
859.35445,,873.08525,824.284675,770.5396
859.51315,,873.145575,824.440475,770.5747
859.635,,873.162125,824.5005,770.62565
859.8462,,873.25375,824.6049,770.67215
859.960725,,873.281775,824.71205,770.7085
860.066525,,873.3395,824.804525,770.7517
860.193225,,873.436925,824.889525,770.801325
860.48585,,873.529475,825.071925,770.857625
860.54455,,873.634475,825.3137,770.90295
860.875125,,873.7638,825.3541,770.99745
861.19995,,874.027675,825.443025,771.1303
861.60915,,874.38425,825.4909,771.48855
861.71285,,874.648125,825.584525,771.595175
862.1779,,874.796425,825.635475,771.720025
862.24215,,875.0511,825.68375,771.7553
862.36085,,875.264825,825.73145,771.8351
862.42125,,876.04725,825.786825,771.974625
862.531175,,876.36955,825.89065,772.27345
862.659475,,876.459,825.939125,772.456775
862.899525,,876.5933,826.056475,772.647425
863.0075,,877.204225,826.119625,772.712125
863.066025,,877.22775,826.1856,772.7707
863.1715,,877.27175,826.223725,772.78725
863.52975,,877.564175,826.3302,772.843375
863.7834,,877.700725,826.492,772.890575
863.899325,,877.786125,826.7438,772.9351
864.033625,,878.3309,826.81185,773.00175
864.251175,,878.332925,826.88315,773.049575
864.391675,,878.460625,826.930725,773.099975
864.604375,,878.734575,826.9812,773.157025
864.774075,,878.77815,827.0779,773.2022
864.94065,,878.8722,827.178375,773.288325
865.064775,,878.9363,827.2298,773.391675
865.151375,,879.01925,827.283375,773.89695
865.2902,,879.34285,827.329475,774.0539
865.394,,879.4816,827.57415,774.167575
865.47035,,879.575375,827.624525,774.23895
865.5333,,879.6564,827.812125,774.31385
865.580725,,879.783025,827.89025,774.92725
865.958125,,879.888725,827.95795,775.0325
866.071,,880.170825,828.009425,775.07165
866.334575,,880.172325,828.071825,775.097375
866.477125,,880.30065,828.132475,775.15435
866.550725,,880.3784,828.16665,775.1876
866.624075,,880.9274,828.227075,775.239925
866.835375,,881.02265,828.262625,775.3075
866.87695,,881.164525,828.310975,775.348
866.977625,,881.32855,828.361875,775.39745
867.034625,,881.37675,828.461,775.42295
867.117575,,881.496425,828.695375,775.451575
867.30235,,881.64085,828.93055,775.481375
867.4151,,881.8157,829.042925,775.5179
867.5979,,881.83895,829.31415,775.5451
867.684325,,881.877225,829.5282,775.58255
867.75895,,881.94585,829.594475,775.622125
867.926325,,882.2943,829.680375,775.650175
868.067375,,882.433425,829.836225,775.695175
868.36175,,882.814125,830.068675,775.719125
868.57075,,882.96525,830.134975,775.783425
868.64845,,883.0569,830.23515,775.815125
868.8706,,883.5134,830.527075,775.84495
869.283575,,883.60625,830.6261,775.892525
869.4229,,883.6868,830.805475,775.910425
869.53865,,883.935,830.89745,775.976225
869.6599,,883.990175,831.0679,776.017825
869.84385,,884.1054,831.422275,776.0397
869.944225,,884.317,831.523275,776.093375
870.04865,,884.4061,831.63945,776.122525
870.363825,,884.41695,831.7371,776.187875
870.4521,,884.51805,831.9229,776.2446
870.5204,,884.80145,832.0605,776.310675
870.5708,,884.804275,832.305525,776.3686
870.675425,,885.26985,832.588725,776.4107
870.901175,,885.320575,832.6951,776.4637
871.0341,,885.361825,832.7961,776.514025
871.121125,,885.9035,832.92005,776.56275
871.345975,,885.9899,833.186125,776.63245
871.4602,,886.12515,833.339425,776.673875
871.5378,,886.273925,833.505925,776.74535
871.7698,,886.482875,833.605375,776.812575
872.03315,,886.538825,833.6574,776.837975
872.37035,,886.82815,833.8383,776.861775
872.668125,,886.978925,833.9359,776.89535
872.801725,,887.07445,834.070925,776.93645
872.971975,,887.162,834.138425,776.99285
873.056925,,887.29045,834.225325,777.02915
873.203275,,887.404775,834.352075,777.0671
873.44875,,887.48715,834.396875,777.1243
873.522,,887.673575,834.46765,777.215825
873.7592,,888.7289,834.587025,777.307525
874.029875,,888.86375,834.914225,777.4095
874.086275,,889.0027,834.9907,777.4554
874.4484,,889.045775,835.1263,777.54965
874.716475,,889.109275,835.283475,777.66985
874.9595,,889.225275,835.400675,777.91945
875.488625,,889.31375,835.4926,777.9498
875.55395,,889.6659,835.608475,778.008425
875.87895,,889.867525,835.661075,778.041
876.227225,,890.14485,835.80325,778.076
876.45735,,890.24295,835.902425,778.115225
876.586,,890.2663,836.01745,778.139675
876.649275,,890.40985,836.136975,778.169525
876.71435,,890.472575,836.245425,778.196125
877.0228,,890.7565,836.389725,778.2316
877.763175,,890.9107,836.47085,778.272625
878.02585,,890.96545,836.534375,778.3025
878.27715,,891.0846,836.596475,778.36035
878.38065,,891.426825,836.7,778.40815
878.4577,,891.541075,836.83175,778.44075
878.575075,,891.86525,837.209875,778.4651
878.6862,,892.0761,837.345025,778.5481
878.946125,,892.1464,837.694025,778.5944
879.0965,,892.37225,837.82295,778.627575
879.375525,,892.457325,837.943025,778.658875
879.397425,,892.79945,838.053725,778.70245
879.49345,,893.16195,838.131275,778.780425
879.53315,,893.333925,838.25305,778.808725
879.636375,,893.4479,838.354625,778.833525
879.701375,,893.5313,838.494625,778.86945
879.800125,,893.666025,838.55115,778.900225
880.04075,,894.061625,838.617425,778.949475
880.35245,,894.2327,838.6825,778.97645
880.737025,,894.296925,838.759075,779.033
881.0347,,894.37635,838.8605,779.072075
881.419675,,894.647525,839.063825,779.103625
881.6639,,894.72015,839.15425,779.140025
881.88215,,894.84545,839.2654,779.185525
882.012375,,894.881875,839.452575,779.209075
882.14385,,895.017425,839.5356,779.260375
882.2305,,895.13995,839.699325,779.32865
882.39595,,895.22235,839.841925,779.359075
882.489725,,895.37145,839.894025,779.401075
882.58015,,895.557675,840.07735,779.4563
882.66105,,895.88955,840.22495,779.4947
882.74535,,896.0098,840.367,779.5288
883.0225,,896.14225,840.4979,779.5616
883.222075,,896.339875,840.6408,779.6028
883.25995,,896.515625,840.866675,779.6499
883.3334,,896.568975,841.079375,779.6984
883.5574,,896.653675,841.161425,779.7541
883.7131,,896.84205,841.303975,779.824725
883.869125,,897.155975,841.36305,779.8496
883.973825,,897.973175,841.4511,779.877925
884.176775,,898.220375,841.49695,779.91605
884.399725,,898.656725,841.619625,780.069775
884.498175,,898.6969,841.765875,780.223625
884.801975,,898.89135,841.915525,780.3151
884.90015,,899.10175,842.0237,780.465875
884.979175,,899.387825,842.107275,780.543125
885.200175,,899.62785,842.1612,780.6142
885.489025,,899.79505,842.489425,780.690925
885.759825,,899.9095,842.560775,780.73595
886.12775,,900.6318,842.66825,780.774675
886.367775,,900.66145,842.776725,780.821175
886.586275,,900.77005,842.831775,780.85835
886.775225,,900.878325,842.9729,780.8851
886.932125,,901.317925,843.068525,780.911375
887.35095,,901.394875,843.139,780.9547
887.617,,901.431725,843.359,780.980875
887.728775,,901.51675,843.425475,781.04825
887.926475,,901.787175,843.53525,781.072175
888.07305,,901.870175,843.7303,781.0979
888.143525,,901.9805,843.85765,781.139175
888.294725,,902.060375,843.90825,781.173925
888.410225,,902.31975,844.021725,781.24405
888.488775,,902.3803,844.0892,781.30705
888.590675,,902.509275,844.21865,781.3653
888.692225,,902.656225,844.361625,781.4685
888.9347,,902.87355,844.55825,781.582275
889.038775,,902.951275,844.787025,781.716875
889.2072,,903.23705,844.949,781.7956
889.40295,,903.413375,845.04585,781.859525
889.404525,,904.000275,845.0957,781.9086
889.56185,,904.1069,845.19395,781.944975
889.62405,,904.19535,845.261075,781.990425
889.6702,,904.461925,845.3643,782.0512
889.846675,,904.54805,845.419425,782.108375
889.943625,,904.62335,845.4649,782.143375
890.179125,,904.66565,845.663475,782.193175
890.266025,,904.7852,845.80125,782.241825
890.352675,,904.954525,845.89645,782.305575
890.56825,,905.021875,846.0004,782.358425
890.628975,,905.085025,846.1232,782.426575
890.8486,,905.6814,846.357525,782.503325
890.987925,,905.905275,846.57405,782.5505
891.103125,,906.09665,846.7356,782.616775
891.3477,,906.342575,846.86415,782.657475
891.43535,,906.82135,847.031375,782.739375
891.526925,,906.85545,847.12825,782.7802
892.01725,,906.8788,847.311275,782.80135
892.39245,,907.046,847.43715,782.8524
892.68745,,907.233875,847.52735,782.892075
892.925925,,907.74575,847.7136,782.951025
893.010275,,907.7776,847.80875,782.999225
893.1651,,907.93905,847.888025,783.029525
893.317375,,908.104425,847.9518,783.074975
893.6894,,908.788225,848.050175,783.144225
893.784775,,908.86965,848.168175,783.232325
893.88605,,909.000375,848.3849,783.45345
893.964975,,909.16145,848.6488,783.5662
894.0451,,909.17415,848.75325,783.615275
894.122325,,909.420075,848.890475,783.66865
894.2438,,909.684575,848.9778,783.7486
894.8833,,909.7492,849.130875,783.81475
895.020025,,909.9939,849.21635,783.874075
895.12035,,910.639525,849.328675,783.925225
895.210725,,910.867,849.479075,783.95745
895.334625,,910.918975,849.561025,784.0122
895.478375,,911.046975,849.6239,784.05785
895.64155,,911.3283,849.688225,784.086025
895.731475,,911.531325,849.750275,784.17475
895.88735,,912.032325,849.857425,784.225425
896.2341,,912.331625,850.06455,784.261075
896.509475,,912.3748,850.21505,784.311025
897.037125,,912.925775,850.259875,784.3463
897.134375,,913.123775,850.37065,784.400425
897.206275,,913.244,850.4191,784.434525
897.329225,,913.343475,850.4994,784.463825
897.4135,,913.4977,850.69265,784.516875
897.597925,,913.684975,850.800575,784.553325
897.835725,,913.80425,850.946225,784.617425
897.936325,,914.117475,851.173575,784.713025
898.29655,,914.7778,851.261775,784.79305
898.532025,,914.962525,851.324625,785.022325
898.783975,,915.340125,851.392,785.087575
898.90965,,915.7326,851.473325,785.141725
898.987775,,916.162025,851.54225,785.2233
899.056275,,916.228275,851.65125,785.292375
899.13085,,916.35865,851.713225,785.3997
899.3027,,916.458725,851.746,785.597475
899.8247,,916.817275,851.961675,785.6432
900.0008,,917.269925,852.00955,785.6782
900.2084,,917.408275,852.07815,785.7454
900.33015,,917.456575,852.107825,785.7901
900.479425,,917.523725,852.183175,785.869225
900.66915,,917.8014,852.396475,785.91475
900.91915,,917.9395,852.490275,785.9547
901.18755,,918.0474,852.587325,786.01945
901.26065,,918.2671,852.69815,786.0522
901.305125,,918.28085,852.783075,786.087775
901.390425,,918.461925,852.862475,786.161425
901.495925,,918.49905,852.953525,786.216
901.589725,,918.5978,853.034225,786.26745
901.5924,,918.85625,853.268425,786.331275
901.65265,,919.17635,853.395175,786.38
901.7152,,919.27795,853.470175,786.42325
901.910925,,919.3883,853.576525,786.492175
902.15535,,919.4234,853.635925,786.532425
902.288625,,919.435825,853.7098,786.582625
902.405975,,919.545725,853.94225,786.6349
902.5188,,919.59835,854.07555,786.69845
902.8551,,919.61315,854.182575,786.74965
903.03435,,,854.294275,786.804675
903.114,,,854.37925,786.8811
903.5253,,,854.454625,786.938675
903.743225,,,854.517425,786.987975
904.0724,,,854.609875,787.025175
904.2304,,,854.685925,787.0797
904.367375,,,854.741,787.143275
904.561325,,,854.810425,787.197325
904.645425,,,854.960875,787.276725
904.7345,,,855.1261,787.339025
904.865025,,,855.190375,787.4514
904.94235,,,855.291225,787.51595
905.2977,,,855.35655,787.589125
905.6201,,,855.41485,787.65875
905.981675,,,855.47075,787.746475
906.06025,,,855.526325,787.843975
906.139625,,,855.576025,787.91595
906.213875,,,855.722075,788.0016
906.545375,,,855.85315,788.0719
906.790525,,,856.09365,788.162925
906.859675,,,856.289175,788.29535
907.065675,,,856.420775,788.39395
907.168225,,,856.54355,788.52885
907.39505,,,856.67795,788.765425
907.84685,,,856.86805,788.846925
907.93315,,,856.99915,788.930725
908.156525,,,857.11455,789.15005
908.24255,,,857.215825,789.294625
908.4056,,,857.3202,789.386425
908.65555,,,857.47335,789.4619
909.108425,,,857.54785,789.62115
909.3516,,,857.6669,789.745075
909.45625,,,857.731325,789.8189
909.83935,,,858.06365,789.8525
910.024875,,,858.226825,789.877225
910.07455,,,858.51055,789.921075
910.37245,,,858.602775,789.967425
910.425725,,,858.675225,790.019375
910.5126,,,858.809125,790.06415
910.8126,,,858.881325,790.101125
911.138075,,,859.0287,790.4467
911.24655,,,859.1768,790.447925
911.60315,,,859.24835,790.48115
911.6907,,,859.3136,790.523375
911.830675,,,859.3881,790.553675
912.239325,,,859.4423,790.57825
912.5248,,,859.477425,790.614575
912.6264,,,859.5337,790.62925
912.698275,,,859.619975,790.6742
912.7577,,,859.7016,790.739675
912.81805,,,859.791275,790.821575
912.90355,,,859.86705,790.859575
913.146875,,,859.975325,790.89835
913.414375,,,860.073075,790.93885
913.8405,,,860.20825,790.989025
914.0143,,,860.327625,791.03055
914.086325,,,860.4997,791.06965
914.763175,,,860.70695,791.09615
915.01955,,,860.8453,791.1555
915.10415,,,860.96065,791.177325
915.421075,,,861.0165,791.23515
915.5749,,,861.077175,791.2644
915.8059,,,861.15215,791.312525
916.078625,,,861.249475,791.347825
916.205275,,,861.340825,791.385775
916.29265,,,861.417325,791.429875
916.390925,,,861.471425,791.564575
916.570175,,,861.532525,791.60975
916.751225,,,861.6155,791.6401
916.754925,,,861.6827,791.732225
916.818,,,861.7472,791.774175
916.997675,,,861.85645,791.81705
917.232375,,,861.9204,791.8583
917.327975,,,861.985425,791.91615
917.412225,,,862.05065,791.954975
917.667,,,862.1177,791.9941
917.7777,,,862.2383,792.02515
917.83155,,,862.344625,792.05985
918.11245,,,862.4438,792.102625
918.2095,,,862.539025,792.156975
918.289825,,,862.608375,792.266725
918.58485,,,862.710075,792.302575
918.956075,,,862.79965,792.351025
919.444325,,,863.1157,792.394225
919.588575,,,863.165975,792.447425
919.649375,,,863.277275,792.488575
919.763,,,863.416125,792.52755
,,,863.5504,792.560025
,,,863.63585,792.57015
,,,863.75045,792.62235
,,,863.96005,792.668175
,,,864.11615,792.70025
,,,864.203075,792.739725
,,,864.288525,792.909775
,,,864.513475,792.92625
,,,864.593475,792.955325
,,,864.755725,793.05475
,,,864.850425,793.10885
,,,864.937975,793.168175
,,,865.06025,793.216375
,,,865.100275,793.2842
,,,865.2213,793.347325
,,,865.335225,793.420525
,,,865.471375,793.5373
,,,865.660825,793.592825
,,,865.73425,793.662375
,,,865.84615,793.728475
,,,866.00905,793.77715
,,,866.135625,793.89365
,,,866.25545,793.96515
,,,866.323875,794.0281
,,,866.460375,794.0688
,,,866.6189,794.1245
,,,866.739775,794.187475
,,,866.929475,794.239825
,,,867.039425,794.277375
,,,867.1717,794.340875
,,,867.34045,794.3964
,,,867.443825,794.49005
,,,867.596675,794.62845
,,,867.74665,794.692025
,,,868.122325,794.752375
,,,868.236375,794.84035
,,,868.417025,795.011825
,,,868.5813,795.117125
,,,868.796925,795.22505
,,,868.85665,795.2862
,,,868.938125,795.355425
,,,869.127725,795.412025
,,,869.2174,795.477325
,,,869.32115,795.603925
,,,869.476475,795.70265
,,,869.5724,795.768675
,,,869.71835,795.862225
,,,869.864975,795.8992
,,,870.086525,795.9229
,,,870.177,795.938725
,,,870.265325,795.94535
,,,870.353725,796.06145
,,,870.4298,796.09775
,,,870.629225,796.14315
,,,870.775775,796.1789
,,,870.871775,796.2144
,,,870.95865,796.244025
,,,871.04075,796.2819
,,,871.130075,796.31225
,,,871.282675,796.36205
,,,871.38895,796.40815
,,,871.446875,796.456825
,,,871.52535,796.47995
,,,871.59585,796.510275
,,,871.7228,796.5533
,,,871.80155,796.576725
,,,871.890125,796.613825
,,,872.008775,796.666575
,,,872.162925,796.69575
,,,872.252775,796.77735
,,,872.337225,796.868975
,,,872.42145,796.937575
,,,872.496825,796.9745
,,,872.54545,797.01785
,,,872.700675,797.04715
,,,872.74535,797.088175
,,,872.815625,797.16085
,,,872.9034,797.1988
,,,873.0671,797.22605
,,,873.107425,797.25335
,,,873.1741,797.366375
,,,873.2326,797.401675
,,,873.27955,797.4396
,,,873.457125,797.5062
,,,873.915775,797.605675
,,,874.00925,797.6486
,,,874.045725,797.7253
,,,874.1683,797.8276
,,,874.208225,797.979825
,,,874.327075,798.137675
,,,874.549,798.3541
,,,874.707325,798.4292
,,,874.888675,798.467875
,,,874.931125,798.5305
,,,874.965675,798.5839
,,,875.1212,798.630825
,,,875.914725,798.701475
,,,876.058325,798.861025
,,,876.154975,799.2352
,,,876.234925,799.374525
,,,876.304375,799.5109
,,,876.392825,799.6653
,,,876.454725,799.72335
,,,876.536475,799.75605
,,,876.61205,799.78685
,,,876.768525,799.891225
,,,876.8558,799.930925
,,,876.9904,799.965675
,,,877.199125,800.0031
,,,877.261275,800.04495
,,,877.3445,800.062925
,,,877.419625,800.162975
,,,877.496925,800.22435
,,,877.551475,800.40675
,,,877.653775,800.7158
,,,877.795825,800.78155
,,,877.93075,800.8512
,,,878.0097,800.914975
,,,878.110875,800.9597
,,,878.190625,801.046675
,,,878.307225,801.237075
,,,878.538025,801.48675
,,,878.721125,801.529775
,,,878.85585,801.5634
,,,878.958275,801.6015
,,,879.09625,801.625125
,,,879.169625,801.662575
,,,879.2177,801.72385
,,,879.362475,801.754825
,,,879.421725,801.785175
,,,879.503025,801.8237
,,,879.574075,801.84325
,,,879.737225,801.906975
,,,879.825425,801.945825
,,,879.97785,801.985625
,,,880.112275,802.009175
,,,880.4413,802.051925
,,,880.662875,802.099125
,,,880.836425,802.132475
,,,880.973675,802.158575
,,,881.104375,802.214775
,,,881.224,802.24615
,,,881.29495,802.301975
,,,881.376925,802.373475
,,,881.456775,802.422425
,,,881.478425,802.617875
,,,881.533025,802.915125
,,,881.590825,803.031575
,,,881.6669,803.153525
,,,881.753125,803.2319
,,,881.88715,803.2949
,,,881.996925,803.365375
,,,882.07355,803.519975
,,,882.145175,803.55325
,,,882.202225,803.81
,,,882.31375,803.880825
,,,882.403175,803.94925
,,,882.516575,804.02255
,,,882.6216,804.11965
,,,882.763825,804.171975
,,,882.92075,804.236775
,,,883.020175,804.9032
,,,883.2043,804.97475
,,,883.27555,805.026125
,,,883.33,805.084325
,,,883.380825,805.160575
,,,883.466025,805.262225
,,,883.653025,805.3585
,,,883.995025,805.9535
,,,884.1136,806.148825
,,,884.180025,806.2412
,,,884.2147,806.337525
,,,884.30425,806.418575
,,,884.403225,806.503375
,,,884.48835,806.704125
,,,884.584,806.910125
,,,884.630925,806.947575
,,,884.669575,806.9774
,,,884.71935,807.010325
,,,884.8,807.053975
,,,884.961475,807.0886
,,,885.041775,807.11705
,,,885.168225,807.141225
,,,885.273375,807.211825
,,,885.3252,807.24155
,,,885.40845,807.2826
,,,885.471225,807.315525
,,,885.557525,807.401775
,,,885.608275,807.42895
,,,885.715225,807.4718
,,,885.7594,807.5063
,,,885.81745,807.5437
,,,885.931675,807.591325
,,,886.06705,807.62625
,,,886.255875,807.682775
,,,886.4087,807.72495
,,,886.470925,807.7425
,,,886.55625,807.80775
,,,886.626575,807.864025
,,,886.69155,807.9059
,,,886.778375,807.955225
,,,886.81975,808.015475
,,,886.9084,808.067125
,,,886.9579,808.185575
,,,887.01505,808.226275
,,,887.059475,808.26105
,,,887.343875,808.310575
,,,887.442375,808.36465
,,,887.57655,808.420625
,,,887.6846,808.453025
,,,887.797,808.49515
,,,887.89535,808.524675
,,,887.98225,808.552125
,,,888.055075,808.596325
,,,888.114075,808.684925
,,,888.167375,808.699075
,,,888.213525,808.726875
,,,888.28675,808.76505
,,,888.36765,808.80355
,,,888.430075,808.82605
,,,888.51305,808.860225
,,,888.5854,808.88885
,,,888.689775,808.907925
,,,889.021,808.9573
,,,889.14315,809.056575
,,,889.254975,809.0876
,,,889.443325,809.119325
,,,889.573375,809.16825
,,,889.69745,809.206225
,,,889.831225,809.23695
,,,889.954525,809.279425
,,,890.182325,809.334875
,,,890.236875,809.386
,,,890.29855,809.558975
,,,890.38365,809.7648
,,,890.4662,809.8445
,,,890.517025,809.88335
,,,890.708075,809.919675
,,,890.83145,809.973625
,,,890.906925,810.01745
,,,891.0125,810.0298
,,,891.115575,810.062825
,,,891.15805,810.1174
,,,891.26105,810.147375
,,,891.3668,810.21875
,,,891.430875,810.2347
,,,891.478475,810.2592
,,,891.521275,810.306375
,,,891.5799,810.33055
,,,891.700925,810.355225
,,,891.918825,810.3783
,,,891.97885,810.415275
,,,892.009575,810.43
,,,892.10085,810.478975
,,,892.148575,810.5107
,,,892.219725,810.5813
,,,892.352375,810.629775
,,,892.487575,810.665925
,,,892.57555,810.7355
,,,892.7745,810.745325
,,,892.93725,810.7955
,,,893.091275,810.810275
,,,893.165425,810.842075
,,,893.3251,810.867
,,,893.381925,810.9004
,,,893.5204,810.942225
,,,893.64075,811.0157
,,,893.758775,811.098025
,,,893.8884,811.13305
,,,894.0551,811.18915
,,,894.205625,811.26615
,,,894.296525,811.288525
,,,894.359925,811.31325
,,,894.66635,811.349
,,,894.8152,811.397925
,,,894.935825,811.4489
,,,895.136325,811.50195
,,,895.2595,811.7583
,,,895.4026,811.806325
,,,895.535625,811.865975
,,,895.616975,811.9124
,,,895.742275,811.95105
,,,895.8107,811.966725
,,,895.905475,812.02235
,,,896.0433,812.071475
,,,896.1227,812.133625
,,,896.20775,812.204675
,,,896.300425,812.249525
,,,896.375475,812.363525
,,,896.419825,812.41085
,,,896.501675,812.4489
,,,896.55125,812.508175
,,,896.65445,812.59045
,,,896.752425,812.6286
,,,896.8497,812.718
,,,896.946875,812.75735
,,,897.1209,812.79015
,,,897.19325,812.8111
,,,897.266775,812.8893
,,,897.4868,813.190975
,,,897.572,813.224825
,,,897.677575,813.55035
,,,897.80545,813.734725
,,,897.8727,813.923625
,,,897.97735,814.22115
,,,898.145525,814.3418
,,,898.291475,814.624175
,,,898.398825,814.777025
,,,898.516775,814.843375
,,,898.621425,814.984875
,,,898.815625,815.063875
,,,899.0928,815.1849
,,,899.22815,815.2291
,,,899.37165,815.309325
,,,899.45535,815.411375
,,,899.567525,815.441825
,,,899.67895,815.5499
,,,899.766225,815.591375
,,,899.86065,815.672825
,,,900.117925,815.710775
,,,900.187125,815.77545
,,,900.26395,815.8775
,,,900.365125,815.91175
,,,900.4173,815.9753
,,,900.469875,816.0186
,,,900.5458,816.096425
,,,900.692575,816.1164
,,,901.01785,816.165475
,,,901.085925,816.200725
,,,901.175625,816.456425
,,,901.22265,816.542675
,,,901.24965,816.572
,,,901.327925,816.6019
,,,901.413075,816.726375
,,,901.601875,816.758725
,,,901.71815,816.790175
,,,901.8309,816.821825
,,,901.9911,816.8631
,,,902.051225,816.92495
,,,902.139,816.95995
,,,902.231475,817.0644
,,,902.2789,817.23925
,,,902.394675,817.33155
,,,902.474475,817.496525
,,,902.610275,817.667275
,,,902.6834,817.726175
,,,902.7624,817.905925
,,,902.96995,817.946725
,,,903.14355,817.98815
,,,903.237975,818.021675
,,,903.370375,818.057775
,,,903.46415,818.087775
,,,903.644075,818.10005
,,,903.766775,818.154925
,,,903.8797,818.2142
,,,904.074375,818.296275
,,,904.171725,818.334775
,,,904.27175,818.38445
,,,904.37085,818.422
,,,904.5422,818.488925
,,,904.695275,818.896975
,,,904.8051,818.957325
,,,904.8973,819.029425
,,,904.961525,819.090925
,,,905.065775,819.159775
,,,905.198025,819.2174
,,,905.26385,819.2748
,,,905.325975,819.321225
,,,905.389375,819.3813
,,,905.473375,819.431625
,,,905.554825,819.4856
,,,905.6469,819.53675
,,,905.7792,819.5958
,,,905.9384,819.672425
,,,906.030325,819.7615
,,,906.14455,819.868375
,,,906.2631,819.980975
,,,906.3244,820.258625
,,,906.405675,820.5279
,,,906.523925,820.626225
,,,906.6459,820.7234
,,,906.7601,820.800975
,,,906.8035,820.867625
,,,906.88405,820.9709
,,,907.006075,821.5539
,,,907.110875,821.728075
,,,907.23295,821.8587
,,,907.3321,822.398275
,,,907.5082,822.89485
,,,907.58,823.3218
,,,907.66775,823.3727
,,,907.94675,823.406575
,,,908.112925,823.4416
,,,908.165275,823.48005
,,,908.25575,823.536325
,,,908.35045,823.6
,,,908.429575,823.648325
,,,908.5001,823.689775
,,,908.695625,823.7526
,,,908.82425,823.79905
,,,908.920175,823.882425
,,,909.047675,823.93895
,,,909.10615,824.0047
,,,909.15805,824.06745
,,,909.19845,824.1595
,,,909.289325,824.24375
,,,909.35255,824.523925
,,,909.440975,824.600475
,,,909.574575,824.666325
,,,909.7299,824.89035
,,,909.786475,824.974875
,,,909.87935,825.0509
,,,910.09265,825.069775
,,,910.325075,825.096825
,,,910.427725,825.118075
,,,910.60395,825.180725
,,,910.682975,825.2221
,,,910.7756,825.266775
,,,910.9146,825.29645
,,,911.106575,825.339225
,,,911.185,825.38635
,,,911.3207,825.436175
,,,911.541,825.4735
,,,911.629075,825.5377
,,,911.6947,825.60175
,,,911.780875,825.665275
,,,911.8904,825.7148
,,,911.995075,825.7587
,,,912.08705,825.794025
,,,912.16305,825.855825
,,,912.26,825.942
,,,912.37785,826.123625
,,,912.4723,826.342275
,,,912.50615,826.401725
,,,912.57305,826.4302
,,,912.59985,826.468975
,,,912.6667,826.508225
,,,912.765375,826.5468
,,,912.886625,826.58035
,,,912.943775,826.6149
,,,913.0827,826.64245
,,,913.1435,826.68935
,,,913.223775,826.71115
,,,913.275875,826.74665
,,,913.421175,826.8294
,,,913.497825,826.88135
,,,913.57965,826.922625
,,,913.6853,826.974175
,,,913.801325,827.05095
,,,913.8992,827.195025
,,,914.006325,827.3206
,,,914.0843,827.49365
,,,914.15585,827.523375
,,,914.500925,827.56805
,,,914.604375,827.610975
,,,914.66525,827.661875
,,,914.7273,827.705575
,,,914.775125,827.72565
,,,915.0073,827.762225
,,,915.17495,827.829325
,,,915.2745,827.89005
,,,915.319325,827.941175
,,,915.5565,827.98385
,,,915.827875,828.030475
,,,915.978725,828.041025
,,,916.144375,828.075375
,,,916.416625,828.127875
,,,916.590875,828.21595
,,,916.6744,828.356475
,,,916.802,828.606975
,,,916.902975,828.631925
,,,916.982325,828.67935
,,,917.0601,828.7102
,,,917.1191,828.762775
,,,917.179625,828.79135
,,,917.222375,828.836
,,,917.3214,828.885325
,,,917.4835,828.90795
,,,917.95185,828.988425
,,,918.049175,829.0286
,,,918.13725,829.074625
,,,918.235625,829.1313
,,,918.309225,829.167175
,,,918.33285,829.222175
,,,918.438375,829.249325
,,,918.520775,829.350225
,,,918.663925,829.433375
,,,918.811,829.48485
,,,918.9319,829.553475
,,,919.159,829.641525
,,,919.33045,829.8012
,,,919.47605,829.86185
,,,919.86275,829.923675
,,,919.966875,829.96985
,,,,830.018275
,,,,830.046525
,,,,830.14715
,,,,830.192175
,,,,830.26025
,,,,830.36945
,,,,830.43155
,,,,830.572125
,,,,831.0321
,,,,831.0787
,,,,831.12855
,,,,831.15325
,,,,831.25435
,,,,831.296625
,,,,831.363875
,,,,831.5377
,,,,832.08365
,,,,832.1249
,,,,832.195525
,,,,832.253125
,,,,832.298
,,,,832.344925
,,,,832.4056
,,,,832.4495
,,,,832.49765
,,,,832.5742
,,,,832.6406
,,,,832.7732
,,,,832.8407
,,,,832.88585
,,,,832.935475
,,,,833.007025
,,,,833.064725
,,,,833.1074
,,,,833.148875
,,,,833.26325
,,,,833.3188
,,,,833.40755
,,,,833.69065
,,,,833.84745
,,,,833.906775
,,,,833.938375
,,,,833.993975
,,,,834.034725
,,,,834.076225
,,,,834.1028
,,,,834.140225
,,,,834.1819
,,,,834.237525
,,,,834.294575
,,,,834.323075
,,,,834.375425
,,,,834.57355
,,,,834.718875
,,,,834.764325
,,,,834.840925
,,,,834.91695
,,,,834.9915
,,,,835.03515
,,,,835.085875
,,,,835.139625
,,,,835.212375
,,,,835.29665
,,,,835.3757
,,,,835.706075
,,,,835.7803
,,,,835.874825
,,,,835.977075
,,,,836.03455
,,,,836.077275
,,,,836.1352
,,,,836.18795
,,,,836.239775
,,,,836.3112
,,,,836.435225
,,,,836.806625
,,,,836.950325
,,,,837.036925
,,,,837.098975
,,,,837.1583
,,,,837.205075
,,,,837.25425
,,,,837.3239
,,,,837.35805
,,,,837.40615
,,,,837.491
,,,,837.5301
,,,,837.573
,,,,837.605475
,,,,837.647025
,,,,837.70395
,,,,837.7606
,,,,837.790975
,,,,837.807625
,,,,837.843525
,,,,837.901475
,,,,837.9227
,,,,837.960475
,,,,838.0057
,,,,838.041025
,,,,838.080025
,,,,838.133175
,,,,838.16555
,,,,838.19835
,,,,838.3266
,,,,838.363175
,,,,838.44905
,,,,838.570025
,,,,838.608175
,,,,838.6528
,,,,838.67935
,,,,838.711075
,,,,838.748625
,,,,838.76965
,,,,838.847175
,,,,838.883575
,,,,838.92555
,,,,838.97005
,,,,839.06295
,,,,839.11915
,,,,839.14415
,,,,839.164475
,,,,839.205325
,,,,839.241975
,,,,839.325725
,,,,839.420975
,,,,839.459425
,,,,839.53805
,,,,839.5727
,,,,839.604175
,,,,839.6412
,,,,839.671175
,,,,839.7045
,,,,839.736625
,,,,839.8339
,,,,839.896475
,,,,839.92565
,,,,839.96405
,,,,840.0147
,,,,840.048425
,,,,840.10665
,,,,840.144225
,,,,840.1842
,,,,840.229275
,,,,840.296225
,,,,840.342775
,,,,840.377775
,,,,840.442075
,,,,840.4735
,,,,840.51665
,,,,840.5499
,,,,840.5853
,,,,840.6565
,,,,840.71765
,,,,840.735725
,,,,840.80395
,,,,840.89465
,,,,840.933475
,,,,840.975325
,,,,841.0048
,,,,841.059975
,,,,841.153275
,,,,841.174425
,,,,841.215225
,,,,841.23845
,,,,841.26165
,,,,841.393375
,,,,841.492675
,,,,841.574625
,,,,841.68735
,,,,841.7203
,,,,841.9419
,,,,842.19855
,,,,842.2774
,,,,842.7809
,,,,842.924875
,,,,843.03385
,,,,843.158325
,,,,843.21385
,,,,843.285775
,,,,844.308825
,,,,844.4686
,,,,844.52145
,,,,844.59135
,,,,844.857125
,,,,845.040975
,,,,845.136175
,,,,845.1944
,,,,845.27035
,,,,845.35255
,,,,845.47995
,,,,845.52775
,,,,845.5924
,,,,845.65605
,,,,845.737775
,,,,845.7941
,,,,845.96385
,,,,846.035225
,,,,846.170325
,,,,846.278525
,,,,846.341025
,,,,846.375575
,,,,846.4591
,,,,846.474825
,,,,846.63615
,,,,846.6846
,,,,846.7174
,,,,846.83365
,,,,846.894625
,,,,847.165625
,,,,847.3582
,,,,847.423825
,,,,847.4764
,,,,847.53275
,,,,847.569225
,,,,847.614375
,,,,847.76995
,,,,847.818075
,,,,847.930775
,,,,848.109725
,,,,848.341825
,,,,848.3632
,,,,848.405025
,,,,848.461225
,,,,848.524975
,,,,848.569525
,,,,848.61155
,,,,848.6437
,,,,848.688975
,,,,848.737675
,,,,848.772925
,,,,848.82445
,,,,848.897475
,,,,848.9255
,,,,848.983525
,,,,849.030275
,,,,849.065925
,,,,849.178675
,,,,849.325575
,,,,849.38885
,,,,849.6161
,,,,849.682975
,,,,849.764375
,,,,849.869975
,,,,850.130025
,,,,850.21865
,,,,850.291425
,,,,850.4001
,,,,850.5228
,,,,850.59785
,,,,850.68755
,,,,850.83405
,,,,851.051075
,,,,851.161125
,,,,851.189075
,,,,851.214425
,,,,851.2441
,,,,851.2841
,,,,851.39045
,,,,851.43375
,,,,851.470425
,,,,851.49035
,,,,851.5167
,,,,851.547525
,,,,851.57415
,,,,851.6021
,,,,851.637125
,,,,851.66345
,,,,851.694925
,,,,851.74035
,,,,851.771175
,,,,851.824725
,,,,851.870075
,,,,851.886925
,,,,851.9907
,,,,852.112025
,,,,852.140375
,,,,852.18015
,,,,852.222875
,,,,852.243475
,,,,852.286325
,,,,852.321775
,,,,852.364375
,,,,852.481225
,,,,852.564125
,,,,852.6968
,,,,852.777875
,,,,852.96645
,,,,853.01505
,,,,853.07515
,,,,853.14865
,,,,853.190025
,,,,853.265475
,,,,853.436575
,,,,853.80325
,,,,853.831675
,,,,853.860425
,,,,853.9034
,,,,853.94035
,,,,854.0149
,,,,854.04855
,,,,854.0791
,,,,854.112325
,,,,854.1593
,,,,854.2074
,,,,854.232875
,,,,854.2648
,,,,854.29875
,,,,854.339475
,,,,854.404525
,,,,854.453
,,,,854.461025
,,,,854.544275
,,,,854.575925
,,,,854.60315
,,,,854.644875
,,,,854.67165
,,,,854.6906
,,,,854.7543
,,,,854.825225
,,,,854.853925
,,,,854.881925
,,,,854.908
,,,,854.95225
,,,,854.977625
,,,,855.010925
,,,,855.076
,,,,855.09215
,,,,855.1306
,,,,855.1555
,,,,855.1944
,,,,855.23275
,,,,855.295725
,,,,855.310675
,,,,855.3542
,,,,855.3945
,,,,855.451225
,,,,855.49475
,,,,855.642875
,,,,855.758525
,,,,855.805175
,,,,855.897225
,,,,855.9419
,,,,856.104225
,,,,856.161875
,,,,856.29205
,,,,856.49775
,,,,856.551825
,,,,856.633
,,,,856.680325
,,,,856.7341
,,,,856.872575
,,,,856.98345
,,,,857.100075
,,,,857.163125
,,,,857.233925
,,,,857.28715
,,,,857.397825
,,,,857.61385
,,,,857.6866
,,,,857.754025
,,,,857.8047
,,,,857.88505
,,,,857.94815
,,,,857.9892
,,,,858.025375
,,,,858.21545
,,,,858.28445
,,,,858.336425
,,,,858.400975
,,,,858.443
,,,,858.52175
,,,,858.564575
,,,,858.6292
,,,,858.6621
,,,,858.8693
,,,,858.9481
,,,,858.98715
,,,,859.050975
,,,,859.12375
,,,,859.1678
,,,,859.19165
,,,,859.2468
,,,,859.3046
,,,,859.350675
,,,,859.43455
,,,,859.495625
,,,,859.730075
,,,,859.8555
,,,,859.9159
,,,,859.9851
,,,,860.033575
,,,,860.10835
,,,,860.2704
,,,,860.432025
,,,,860.526425
,,,,860.598575
,,,,860.71065
,,,,860.827675
,,,,860.892175
,,,,860.944025
,,,,861.0266
,,,,861.089925
,,,,861.1715
,,,,861.226625
,,,,861.28365
,,,,861.3483
,,,,861.386375
,,,,861.4278
,,,,861.48945
,,,,861.527125
,,,,861.5739
,,,,861.608475
,,,,861.6382
,,,,861.67325
,,,,861.70745
,,,,861.720325
,,,,861.771025
,,,,861.79945
,,,,861.850175
,,,,861.90265
,,,,861.93385
,,,,861.9754
,,,,862.039625
,,,,862.0584
,,,,862.110875
,,,,862.1458
,,,,862.189975
,,,,862.217075
,,,,862.248675
,,,,862.29355
,,,,862.354175
,,,,862.35625
,,,,862.5007
,,,,862.59415
,,,,862.691725
,,,,862.75965
,,,,862.934775
,,,,863.0026
,,,,863.059575
,,,,863.114275
,,,,863.274975
,,,,863.529775
,,,,863.609225
,,,,863.6589
,,,,863.80545
,,,,863.889675
,,,,863.971425
,,,,864.076725
,,,,864.1644
,,,,864.227275
,,,,864.2821
,,,,864.352225
,,,,864.399175
,,,,864.444775
,,,,864.491025
,,,,864.53675
,,,,864.593875
,,,,864.631925
,,,,864.696675
,,,,864.8339
,,,,864.916825
,,,,864.9555
,,,,865.00675
,,,,865.060475
,,,,865.113375
,,,,865.141875
,,,,865.208425
,,,,865.264875
,,,,865.321875
,,,,865.389925
,,,,865.536775
,,,,865.652275
,,,,865.755525
,,,,865.889825
,,,,865.9762
,,,,866.02005
,,,,866.06865
,,,,866.14685
,,,,866.21255
,,,,866.264625
,,,,866.332875
,,,,866.390825
,,,,866.4504
,,,,866.511775
,,,,866.57895
,,,,866.62835
,,,,866.6842
,,,,866.78925
,,,,866.8461
,,,,866.878725
,,,,866.909225
,,,,867.020925
,,,,867.061075
,,,,867.1016
,,,,867.164525
,,,,867.278325
,,,,867.532425
,,,,867.7402
,,,,867.861775
,,,,867.8913
,,,,867.9378
,,,,867.970175
,,,,867.998525
,,,,868.04175
,,,,868.07095
,,,,868.126225
,,,,868.177175
,,,,868.214525
,,,,868.2577
,,,,868.295775
,,,,868.346
,,,,868.38385
,,,,868.423475
,,,,868.476025
,,,,868.53195
,,,,868.603275
,,,,868.68815
,,,,868.7568
,,,,868.942475
,,,,869.15185
,,,,869.2301
,,,,869.309525
,,,,869.36975
,,,,869.413125
,,,,869.47385
,,,,869.51935
,,,,869.587
,,,,869.6659
,,,,869.69695
,,,,869.7313
,,,,869.779675
,,,,869.81045
,,,,869.84585
,,,,869.8881
,,,,869.930325
,,,,869.9775
,,,,870.0363
,,,,870.091725
,,,,870.195525
,,,,870.313325
,,,,870.43615
,,,,870.49225
,,,,870.56255
,,,,870.63415
,,,,870.68165
,,,,870.747
,,,,870.8245
,,,,870.88805
,,,,870.931025
,,,,870.9653
,,,,871.034275
,,,,871.065125
,,,,871.1336
,,,,871.173275
,,,,871.208725
,,,,871.25235
,,,,871.3143
,,,,871.337175
,,,,871.379675
,,,,871.423275
,,,,871.458025
,,,,871.498625
,,,,871.58095
,,,,871.653
,,,,871.728275
,,,,871.803025
,,,,871.8507
,,,,871.88685
,,,,871.9427
,,,,871.956325
,,,,871.990425
,,,,872.08785
,,,,872.14145
,,,,872.188425
,,,,872.246125
,,,,872.29245
,,,,872.3226
,,,,872.3685
,,,,872.4301
,,,,872.45425
,,,,872.50335
,,,,872.55945
,,,,872.61285
,,,,872.6469
,,,,872.671575
,,,,872.72635
,,,,872.76015
,,,,872.779875
,,,,872.836525
,,,,872.966275
,,,,873.016825
,,,,873.0453
,,,,873.077725
,,,,873.108025
,,,,873.148575
,,,,873.187375
,,,,873.2229
,,,,873.717575
,,,,873.7614
,,,,873.915175
,,,,874.14295
,,,,874.1787
,,,,874.30155
,,,,874.5993
,,,,874.6915
,,,,874.708525
,,,,874.741275
,,,,874.936375
,,,,876.018175
,,,,876.072075
,,,,876.169775
,,,,876.24935
,,,,876.326075
,,,,876.3686
,,,,876.447325
,,,,876.554
,,,,876.629375
,,,,876.74595
,,,,876.79215
,,,,876.8874
,,,,876.9979
,,,,877.0659
,,,,877.1436
,,,,877.2855
,,,,877.374675
,,,,877.4917
,,,,877.675975
,,,,877.7881
,,,,878.002225
,,,,878.04375
,,,,878.139525
,,,,878.217425
,,,,878.29845
,,,,878.462275
,,,,878.547425
,,,,878.743075
,,,,878.79935
,,,,879.01195
,,,,879.066025
,,,,879.2422
,,,,879.2949
,,,,879.339375
,,,,879.389975
,,,,879.462125
,,,,879.523575
,,,,879.711775
,,,,879.75415
,,,,879.796675
,,,,879.845325
,,,,880.0588
,,,,880.15135
,,,,880.24355
,,,,880.775575
,,,,880.956325
,,,,880.983825
,,,,881.025875
,,,,881.051075
,,,,881.09985
,,,,881.172825
,,,,881.235575
,,,,881.250125
,,,,881.37305
,,,,881.443675
,,,,881.470425
,,,,881.54355
,,,,881.6083
,,,,881.641125
,,,,881.6713
,,,,881.699575
,,,,881.7306
,,,,881.76175
,,,,881.790375
,,,,881.82255
,,,,881.8734
,,,,881.91085
,,,,881.961975
,,,,882.047925
,,,,882.105725
,,,,882.1525
,,,,882.2271
,,,,882.3363
,,,,882.443475
,,,,882.690025
,,,,882.782775
,,,,882.822675
,,,,882.921675
,,,,882.98655
,,,,883.025275
,,,,883.563825
,,,,883.630725
,,,,883.663725
,,,,883.70095
,,,,883.72715
,,,,883.77005
,,,,883.824275
,,,,883.8472
,,,,883.914425
,,,,883.9998
,,,,884.035675
,,,,884.07705
,,,,884.109075
,,,,884.16895
,,,,884.2059
,,,,884.222925
,,,,884.265225
,,,,884.355725
,,,,884.44925
,,,,884.47935
,,,,884.52515
,,,,884.57975
,,,,884.6584
,,,,884.841525
,,,,885.0589
,,,,885.09515
,,,,885.1695
,,,,885.219975
,,,,885.259675
,,,,885.304225
,,,,885.3461
,,,,885.41125
,,,,885.46085
,,,,885.620075
,,,,885.83865
,,,,886.13625
,,,,886.246225
,,,,886.290675
,,,,886.331175
,,,,886.349775
,,,,886.4027
,,,,886.5084
,,,,886.538375
,,,,886.585825
,,,,886.605375
,,,,886.63475
,,,,886.661175
,,,,886.678825
,,,,886.70055
,,,,886.766025
,,,,886.7956
,,,,886.8185
,,,,886.898325
,,,,886.957475
,,,,886.987325
,,,,887.063375
,,,,887.099225
,,,,887.14345
,,,,887.192
,,,,887.2979
,,,,887.358275
,,,,887.439875
,,,,887.651925
,,,,887.777525
,,,,887.855525
,,,,887.936725
,,,,887.98575
,,,,888.05955
,,,,888.16085
,,,,888.19725
,,,,888.2509
,,,,888.306125
,,,,888.351775
,,,,888.44025
,,,,888.490475
,,,,888.55715
,,,,888.64085
,,,,888.788675
,,,,888.94845
,,,,889.059725
,,,,889.165975
,,,,889.23705
,,,,889.3261
,,,,889.447275
,,,,889.5307
,,,,889.892975
,,,,889.9893
,,,,890.138325
,,,,890.215125
,,,,890.265775
,,,,890.34905
,,,,890.4471
,,,,890.58405
,,,,890.624575
,,,,890.68125
,,,,890.75205
,,,,890.82225
,,,,890.872175
,,,,890.912525
,,,,890.973625
,,,,891.065625
,,,,891.15695
,,,,891.198325
,,,,891.282875
,,,,891.305825
,,,,891.333225
,,,,891.408075
,,,,891.63995
,,,,891.6661
,,,,891.68285
,,,,891.704875
,,,,891.835175
,,,,891.83685
,,,,891.87215
,,,,891.933825
,,,,891.972875
,,,,892.013275
,,,,892.062125
,,,,892.083325
,,,,892.1312
,,,,892.2047
,,,,892.250075
,,,,892.37925
,,,,892.4252
,,,,892.46085
,,,,892.529125
,,,,892.5705
,,,,892.606775
,,,,892.6359
,,,,892.658475
,,,,892.693
,,,,892.736325
,,,,892.770825
,,,,892.8031
,,,,892.856975
,,,,892.91065
,,,,892.999675
,,,,893.03925
,,,,893.09085
,,,,893.192475
,,,,893.26855
,,,,893.44175
,,,,893.5571
,,,,893.6124
,,,,893.66445
,,,,893.6875
,,,,893.753575
,,,,893.784375
,,,,893.87515
,,,,893.90925
,,,,893.9509
,,,,894.04355
,,,,894.13815
,,,,894.2169
,,,,894.280975
,,,,894.36515
,,,,894.3973
,,,,894.4855
,,,,894.52345
,,,,894.56765
,,,,894.646025
,,,,894.73065
,,,,894.790825
,,,,894.816225
,,,,894.902275
,,,,894.94095
,,,,895.047
,,,,895.11215
,,,,895.198025
,,,,895.269475
,,,,895.341075
,,,,895.3793
,,,,895.44435
,,,,895.4724
,,,,895.519225
,,,,895.585175
,,,,895.6785
,,,,895.843675
,,,,895.985575
,,,,896.03525
,,,,896.077475
,,,,896.13855
,,,,896.187425
,,,,896.263825
,,,,896.326675
,,,,896.4771
,,,,896.54865
,,,,896.610225
,,,,896.711075
,,,,896.834025
,,,,896.884875
,,,,896.9056
,,,,896.9532
,,,,896.9811
,,,,897.0517
,,,,897.101125
,,,,897.1415
,,,,897.2275
,,,,897.329725
,,,,897.4935
,,,,897.621575
,,,,897.7671
,,,,897.91595
,,,,897.99885
,,,,898.0507
,,,,898.122775
,,,,898.2065
,,,,898.27485
,,,,898.31185
,,,,898.34625
,,,,898.3807
,,,,898.476225
,,,,898.74075
,,,,899.03655
,,,,899.186425
,,,,899.30475
,,,,899.386875
,,,,899.441475
,,,,899.543525
,,,,899.66175
,,,,899.773975
,,,,899.87105
,,,,900.136125
,,,,900.298325
,,,,900.4594
,,,,900.519525
,,,,900.5651
,,,,900.62965
,,,,900.667825
,,,,900.771475
,,,,900.804375
,,,,900.8296
,,,,900.85285
,,,,900.872575
,,,,900.897475
,,,,900.923875
,,,,900.94995
,,,,900.979675
,,,,901.009325
,,,,901.021475
,,,,901.0472
,,,,901.0665
,,,,901.075525
,,,,901.180075
,,,,901.213225
,,,,901.25505
,,,,901.286975
,,,,901.3486
,,,,901.389875
,,,,901.414725
,,,,901.4869
,,,,901.539975
,,,,901.6332
,,,,901.667975
,,,,901.6934
,,,,901.719725
,,,,901.734125
,,,,901.755875
,,,,901.8325
,,,,901.863975
,,,,901.8817
,,,,901.926825
,,,,901.9619
,,,,901.998625
,,,,902.037975
,,,,902.112
,,,,902.157
,,,,902.2206
,,,,902.247675
,,,,902.308
,,,,902.366975
,,,,902.406875
,,,,902.468225
,,,,902.51635
,,,,902.6509
,,,,902.7724
,,,,902.865875
,,,,902.89795
,,,,902.966075
,,,,903.002975
,,,,903.048075
,,,,903.077275
,,,,903.113275
,,,,903.197675
,,,,903.305475
,,,,903.357325
,,,,903.389225
,,,,903.432875
,,,,903.47545
,,,,903.52385
,,,,903.5873
,,,,903.638525
,,,,903.8876
,,,,903.987025
,,,,904.0539
,,,,904.095375
,,,,904.15065
,,,,904.190575
,,,,904.25985
,,,,904.314475
,,,,904.359075
,,,,904.411875
,,,,904.441925
,,,,904.482375
,,,,904.507
,,,,904.5625
,,,,904.589625
,,,,904.643725
,,,,904.674925
,,,,904.718225
,,,,904.78225
,,,,904.797925
,,,,904.84795
,,,,904.877725
,,,,904.91745
,,,,904.949825
,,,,904.9805
,,,,905.04515
,,,,905.103125
,,,,905.184075
,,,,905.258475
,,,,905.342425
,,,,905.56195
,,,,905.63465
,,,,905.66715
,,,,905.7117
,,,,905.74245
,,,,905.77475
,,,,905.81045
,,,,905.857
,,,,905.901
,,,,905.956125
,,,,905.991325
,,,,906.051075
,,,,906.082175
,,,,906.1612
,,,,906.226975
,,,,906.266925
,,,,906.3162
,,,,906.361725
,,,,906.403625
,,,,906.4382
,,,,906.488775
,,,,906.521375
,,,,906.54795
,,,,906.648375
,,,,906.6792
,,,,906.704575
,,,,906.7587
,,,,906.7946
,,,,906.824
,,,,906.855725
,,,,906.910375
,,,,906.92725
,,,,906.98295
,,,,907.0524
,,,,907.239925
,,,,907.330325
,,,,907.726525
,,,,907.8681
,,,,907.9807
,,,,908.019325
,,,,908.246225
,,,,908.59185
,,,,908.711825
,,,,908.772475
,,,,908.83345
,,,,908.8612
,,,,908.971075
,,,,909.080475
,,,,909.297325
,,,,909.370225
,,,,909.45955
,,,,909.540875
,,,,909.5975
,,,,909.646525
,,,,909.760175
,,,,909.790575
,,,,909.894975
,,,,909.9969
,,,,910.052075
,,,,910.39545
,,,,910.5062
,,,,910.548325
,,,,910.60425
,,,,910.6487
,,,,910.707375
,,,,910.99555
,,,,911.1418
,,,,911.258725
,,,,911.295275
,,,,911.33695
,,,,911.41475
,,,,911.438175
,,,,911.491575
,,,,911.553
,,,,911.6052
,,,,911.658225
,,,,911.72105
,,,,911.881025
,,,,912.04165
,,,,912.15785
,,,,912.36105
,,,,912.450325
,,,,912.5742
,,,,912.633425
,,,,912.6532
,,,,912.72875
,,,,912.804125
,,,,912.8539
,,,,912.952575
,,,,913.01465
,,,,913.051475
,,,,913.09685
,,,,913.146
,,,,913.178525
,,,,913.221475
,,,,913.26765
,,,,913.317075
,,,,913.358425
,,,,913.407275
,,,,913.61525
,,,,914.171725
,,,,914.2789
,,,,914.46565
,,,,914.803325
,,,,914.8539
,,,,914.88585
,,,,914.9434
,,,,915.00235
,,,,915.05225
,,,,915.100425
,,,,915.151175
,,,,915.186575
,,,,915.22005
,,,,915.2763
,,,,915.309125
,,,,915.33765
,,,,915.3741
,,,,915.4128
,,,,915.44305
,,,,915.4627
,,,,915.524875
,,,,915.572925
,,,,915.611325
,,,,915.644575
,,,,915.66265
,,,,915.6959
,,,,915.807825
,,,,915.84445
,,,,915.95895
,,,,916.07045
,,,,916.181925
,,,,916.30385
,,,,916.559675
,,,,916.6948
,,,,916.777625
,,,,916.8249
,,,,916.8867
,,,,916.96465
,,,,917.493525
,,,,917.6831
,,,,917.7624
,,,,917.817625
,,,,917.9004
,,,,918.01325
,,,,918.238775
,,,,918.3866
,,,,918.44115
,,,,918.477625
,,,,918.5526
,,,,918.6081
,,,,918.644525
,,,,918.68505
,,,,918.7297
,,,,918.77745
,,,,918.84125
,,,,918.872425
,,,,918.921125
,,,,918.981675
,,,,919.443875
,,,,919.559175
,,,,919.650925
,,,,919.728725
,,,,920.007975
