SPK_SPKC04a (inhibited),SPK_SPKC16a (short excitation)
0.00435,0.027975
0.2714,0.0415
0.32435,0.056425
0.3618,0.06545
0.4269,0.0861
0.475575,0.0962
0.679125,0.105175
0.70575,0.112475
0.782775,0.1211
0.80365,0.127625
0.8656,0.131675
0.953475,0.15055
0.9863,0.174875
1.160475,0.20045
1.19085,0.209925
1.245675,0.240025
1.293225,0.2541
1.5974,0.27255
1.68655,0.2927
1.72715,0.31435
1.7767,0.345325
1.8408,0.357825
1.935225,0.379175
1.957,0.408775
2.01685,0.4266
2.30425,0.44745
2.857075,0.4573
3.1217,0.465025
3.22765,0.4784
3.32685,0.49955
3.3634,0.514675
3.554,0.52945
3.592575,0.547
3.709975,0.55945
3.7216,0.604775
3.74505,0.6404
3.9406,0.660275
4.049,0.670025
4.167275,0.6786
4.1872,0.700225
4.29605,0.7291
4.406675,0.74385
4.47745,0.764725
4.63645,0.793575
4.65585,0.8087
4.68665,0.830975
4.75535,0.872575
4.88765,0.886325
4.957425,0.890375
5.1598,0.913125
5.238625,0.950725
5.276675,0.975775
5.314825,0.997075
5.35545,1.05215
5.418225,1.08595
5.440425,1.1562
5.625025,1.15835
5.6526,1.21595
5.826,1.27785
5.858675,1.295325
5.922975,1.345725
6.17985,1.365275
6.20505,1.373125
6.223225,1.39625
6.281075,1.4615
6.29215,1.504725
6.376525,1.522575
6.4069,1.54985
6.44415,1.609675
6.4581,1.638325
6.783225,1.64655
6.869525,1.667625
6.87195,1.7232
7.041975,1.73215
7.292,1.73575
7.322025,1.7553
7.385225,1.7722
7.525475,1.82695
7.588175,1.8555
7.653275,1.865225
7.845375,1.882875
7.911475,1.8996
7.99355,1.921375
8.046675,1.97795
8.10725,2.02505
8.205925,2.057225
8.266175,2.063175
8.302175,2.09355
8.376675,2.112125
8.488675,2.12265
8.51435,2.15695
8.55265,2.176125
8.6138,2.22645
8.726725,2.23235
8.7593,2.238825
8.8391,2.2738
9.032775,2.282425
9.0704,2.29295
9.145225,2.311375
9.193675,2.352125
9.21275,2.38585
9.2722,2.39855
9.2817,2.42245
9.35125,2.44365
9.564575,2.47595
9.6771,2.51575
9.6962,2.54355
9.910175,2.568825
9.94015,2.591325
10.075375,2.61125
10.2535,2.63015
10.2821,2.6659
10.37035,2.724025
10.414325,2.81615
10.4301,2.99665
10.450275,3.1046
10.488825,3.1543
10.54155,3.2001
10.56945,3.245575
10.600325,3.29665
10.6282,3.30335
10.73005,3.322125
10.7504,3.355475
10.774425,3.377575
10.827875,3.399625
10.867675,3.41015
10.8882,3.426475
10.9171,3.43575
10.992325,3.439475
11.010925,3.442525
11.13325,3.4538
11.199375,3.49295
11.22675,3.520375
11.26205,3.545625
11.39885,3.56935
11.43255,3.58835
11.66685,3.602325
11.715325,3.62605
11.739575,3.63965
11.76165,3.65045
11.797025,3.7189
11.8227,3.7645
11.8444,3.7885
12.217675,3.8071
12.25955,3.85165
12.281375,3.88685
12.401225,3.908775
12.552475,3.92885
12.5965,3.959575
12.75065,3.9916
12.786075,4.054675
12.8405,4.07155
12.889775,4.1269
12.96085,4.206575
13.02625,4.235525
13.06595,4.2862
13.0916,4.323475
13.1214,4.352825
13.19015,4.357425
13.445075,4.3732
13.58705,4.406475
13.67205,4.438575
13.718325,4.479775
13.797,4.503075
13.835275,4.5624
14.0904,4.593325
14.27355,4.607475
14.304475,4.6373
14.3415,4.688925
14.3792,4.7336
14.402325,4.797225
14.465775,4.826575
14.4877,4.8527
14.572325,4.8753
14.5977,4.9162
14.63165,4.970575
14.653775,4.994825
14.71405,5.020425
14.750575,5.0447
14.906025,5.075425
14.96035,5.1033
14.9836,5.13905
15.022075,5.184275
15.182775,5.2147
15.21055,5.247225
15.29725,5.281475
15.34165,5.408125
15.359925,5.4441
15.39085,5.4743
15.473825,5.5619
15.5547,5.68785
15.57915,5.69425
15.626825,5.705775
15.752425,5.718725
15.830875,5.726875
15.847375,5.7325
15.871625,5.751125
16.010175,5.758
16.05165,5.8089
16.1316,5.82075
16.205375,5.837175
16.230225,5.847725
16.265975,5.87915
16.319775,5.897875
16.3778,5.93265
16.45175,5.944875
16.531725,5.957425
16.574925,6.001175
16.642975,6.03655
16.682875,6.08845
16.7091,6.121875
16.7634,6.1492
16.897975,6.162175
16.9345,6.178475
16.974025,6.198225
17.025875,6.234275
17.1682,6.25975
17.2228,6.3011
17.454625,6.318
17.511475,6.345825
17.59865,6.41285
17.646175,6.44515
17.7022,6.469975
17.778675,6.493625
17.828775,6.50855
17.839075,6.548075
17.849825,6.5762
17.8849,6.585225
17.90575,6.6157
17.926775,6.663725
17.95225,6.682925
17.9867,6.72535
18.00895,6.745825
18.090975,6.778125
18.126025,6.797875
18.209675,6.856175
18.41015,6.8801
18.446575,6.918475
18.47345,7.0602
18.526775,7.073075
18.571225,7.089625
18.599975,7.109375
18.67005,7.148625
18.76925,7.18645
18.835475,7.2279
18.872625,7.273425
18.92365,7.3218
18.954025,7.3653
19.0439,7.3815
19.092825,7.4352
19.149325,7.4578
19.228325,7.48675
19.257475,7.5139
19.307175,7.58845
19.346025,7.6931
19.4149,7.757975
19.528875,7.816625
19.61925,7.852275
19.6626,7.910775
19.7053,7.968975
19.7276,7.99995
19.75525,8.067025
19.783275,8.10305
19.814825,8.216
19.93585,8.3046
20.030025,8.328725
20.071675,8.3352
20.13055,8.344375
20.195025,8.385825
20.233925,8.4079
20.281775,8.434225
20.355625,8.45595
20.4686,8.4974
20.50025,8.533075
20.5363,8.578825
20.562775,8.622875
20.5791,8.65085
20.586,8.684875
20.6088,8.7101
20.682875,8.728275
20.711025,8.743625
20.718775,8.7696
20.7787,8.80065
20.811725,8.830575
20.9182,8.8775
20.94015,8.8967
21.014225,8.916575
21.04215,8.955925
21.0759,8.96485
21.151325,9.000975
21.27605,9.044
21.377575,9.09165
21.429225,9.18335
21.45935,9.2044
21.48245,9.215025
21.50015,9.24195
21.59385,9.273875
21.663625,9.315775
21.7505,9.342475
21.87635,9.4093
21.89375,9.454775
21.896075,9.478675
21.925275,9.508375
21.980175,9.5526
22.0203,9.678825
22.08805,9.70275
22.2,9.7958
22.2904,9.8641
22.366875,9.903725
22.393925,9.947525
22.4236,10.00195
22.46265,10.0214
22.52145,10.060275
22.5563,10.076175
22.59275,10.099625
22.633775,10.11595
22.66405,10.1524
22.685275,10.1644
22.772875,10.181275
22.782025,10.204775
22.851275,10.244775
22.8736,10.272775
22.894425,10.300175
22.9785,10.321325
23.000725,10.35815
23.033375,10.382625
23.138675,10.39295
23.2348,10.409575
23.286075,10.42285
23.345525,10.44805
23.3813,10.46165
23.453425,10.508875
23.480775,10.519725
23.505425,10.5407
23.530075,10.553575
23.579675,10.581475
23.71385,10.60675
23.7778,10.662275
23.8231,10.679
23.8651,10.730175
23.9304,10.78015
23.9616,10.793525
23.9952,10.795775
24.016575,10.813975
24.14925,10.859275
24.211,10.868425
24.25505,10.8836
24.295075,10.897675
24.396975,10.9065
24.44525,10.922375
24.5275,10.963775
24.5613,11.057225
24.6205,11.0849
24.649725,11.1146
24.6871,11.13035
24.722175,11.145125
24.757575,11.170275
24.820825,11.195425
24.843575,11.212675
24.902725,11.239325
24.939,11.288975
24.969775,11.3547
25.063475,11.397875
25.1212,11.499975
25.16455,11.54925
25.239725,11.601375
25.25185,11.632375
25.261225,11.803825
25.2876,11.83665
25.3019,11.885075
25.3229,12.01345
25.392575,12.110575
25.447675,12.2498
25.4759,12.2904
25.513425,12.335225
25.55635,12.404875
25.575175,12.446775
25.60395,12.47975
25.643275,12.599625
25.665875,12.722075
25.692475,12.757375
25.849925,12.80415
25.8806,12.874
25.93715,12.89355
25.9714,12.932925
25.979325,12.992125
26.001975,13.021475
26.031325,13.034025
26.052525,13.050825
26.07245,13.06665
26.2195,13.083175
26.2885,13.113525
26.3374,13.142075
26.428425,13.181025
26.446725,13.317575
26.4769,13.3579
26.535975,13.40735
26.6136,13.4469
26.65255,13.508
26.713675,13.579825
26.737175,13.615125
26.799225,13.631725
26.816975,13.6506
26.880025,13.677475
26.92215,13.6914
26.949225,13.727025
27.024025,13.771675
27.0576,13.82035
27.128925,13.8516
27.26275,13.88435
27.340675,13.923075
27.3766,13.952975
27.3958,13.970525
27.489875,13.99155
27.585,14.1096
27.6133,14.140675
27.689325,14.16585
27.717525,14.223975
27.752075,14.243475
27.91345,14.258075
27.934975,14.292125
27.9585,14.313025
28.011525,14.323875
28.040775,14.34
28.063425,14.342875
28.103,14.349225
28.132875,14.364675
28.15725,14.376825
28.19825,14.399325
28.25305,14.438375
28.269975,14.471225
28.299275,14.487975
28.3371,14.519475
28.364525,14.54105
28.406225,14.564925
28.502625,14.618
28.5766,14.6389
28.608825,14.680625
28.64045,14.71705
28.663775,14.726925
28.708475,14.742025
28.7353,14.771575
28.75615,14.82205
28.79515,14.8399
28.824625,14.87215
28.87895,14.903825
28.906525,14.935375
28.945825,14.95985
28.95915,14.993075
29.0096,15.03095
29.039825,15.061125
29.21665,15.13215
29.23055,15.2168
29.264,15.2381
29.298,15.285125
29.36395,15.3178
29.418725,15.336775
29.46155,15.3784
29.5082,15.44565
29.54505,15.474525
29.572475,15.5181
29.599,15.548925
29.6187,15.583525
29.63725,15.629325
29.679725,15.6693
29.72175,15.68195
29.7765,15.7158
29.835125,15.797325
29.858575,15.8377
29.94425,15.8551
29.9811,15.879975
30.021825,15.895225
30.090425,15.92155
30.108575,15.9514
30.16,15.9771
30.194175,16.0108
30.2462,16.037225
30.268125,16.0719
30.307125,16.182525
30.3544,16.225525
30.37295,16.2608
30.402625,16.284575
30.421925,16.293025
30.4793,16.30775
30.5041,16.338625
30.555175,16.372575
30.581675,16.424825
30.617625,16.4466
30.659325,16.48045
30.685475,16.670875
30.76625,16.695725
30.8024,16.71845
30.874225,16.761325
30.92015,16.7721
30.9689,16.79755
31.0103,16.8367
31.054225,16.846625
31.0953,16.920175
31.126975,16.93695
31.225725,16.952325
31.3398,16.97135
31.398625,16.99475
31.432375,17.027725
31.476875,17.0392
31.518175,17.06295
31.5429,17.080725
31.558475,17.116625
31.5872,17.121275
31.609675,17.129775
31.63995,17.154375
31.6791,17.162025
31.71895,17.211775
31.743175,17.226875
31.769875,17.247375
31.795075,17.25745
31.945825,17.265975
32.0196,17.30215
32.094925,17.332
32.1406,17.3615
32.16635,17.47415
32.184475,17.486175
32.208475,17.54795
32.26045,17.570575
32.30895,17.5965
32.3453,17.6267
32.392975,17.651275
32.452425,17.696325
32.4799,17.72705
32.516075,17.76135
32.545325,17.815625
32.57325,17.858175
32.634925,17.876925
32.640925,17.900925
32.654525,17.940975
32.69115,17.997575
32.73455,18.00845
32.756,18.022725
32.792375,18.069575
32.822,18.1233
32.824675,18.150675
32.8499,18.228
32.885675,18.375725
32.90995,18.4179
32.95765,18.47695
33.0548,18.52065
33.070875,18.53945
33.14025,18.578025
33.1651,18.6737
33.385075,18.7814
33.4192,18.839675
33.510575,18.862325
33.543275,18.962475
33.5794,19.0397
33.5954,19.0875
33.647775,19.128
33.6797,19.182525
33.80575,19.26375
33.91005,19.320775
33.939825,19.363975
33.966875,19.390675
34.0118,19.418975
34.0353,19.47405
34.11075,19.5197
34.137925,19.55325
34.322325,19.674475
34.35695,19.72185
34.418525,19.775175
34.4562,19.805175
34.49335,19.872375
34.524,19.9576
34.55835,19.98835
34.587025,20.009125
34.613575,20.0429
34.636075,20.078575
34.669025,20.159925
34.711775,20.2076
34.734525,20.25295
34.807525,20.30785
34.9284,20.339825
34.95455,20.38195
34.983575,20.445575
35.0119,20.4683
35.04975,20.5189
35.140325,20.55585
35.200825,20.57725
35.2688,20.60515
35.43505,20.63865
35.458375,20.676325
35.510925,20.743525
35.623975,20.759925
35.64275,20.777075
35.705575,20.802725
35.72615,20.83645
35.75195,20.853125
35.810375,20.86755
35.84275,20.871925
35.848125,20.9633
35.9111,20.985975
35.9331,21.024325
36.02425,21.046
36.070625,21.0942
36.0998,21.118175
36.12615,21.128225
36.156625,21.158
36.1954,21.17795
36.22,21.19225
36.25725,21.211525
36.28395,21.22325
36.305775,21.251625
36.33175,21.2949
36.3681,21.362275
36.4095,21.376225
36.4419,21.399325
36.469975,21.447375
36.52475,21.526525
36.564175,21.54455
36.602325,21.60375
36.671175,21.638
36.823775,21.69225
36.877175,21.7366
36.91455,21.829125
36.936975,21.8422
37.030725,21.86005
37.07945,21.933725
37.14835,21.9868
37.168425,22.057125
37.222675,22.077075
37.28045,22.11305
37.32045,22.14905
37.379125,22.33665
37.4279,22.404825
37.4675,22.4624
37.530425,22.4824
37.578725,22.724525
37.597975,22.746875
37.61945,22.762675
37.6607,22.77635
37.719375,22.79665
37.76865,22.831925
37.79835,22.85275
37.882625,22.88265
37.939075,22.972875
37.96595,23.029625
38.0207,23.114
38.03945,23.292925
38.04145,23.34355
38.053275,23.39025
38.0768,23.45275
38.093575,23.497
38.124625,23.530375
38.15045,23.558275
38.20215,23.584225
38.21905,23.5983
38.25215,23.644975
38.2753,23.66925
38.292775,23.708025
38.32255,23.73085
38.3357,23.7516
38.36445,23.79005
38.4011,23.792775
38.42845,23.818575
38.441175,23.8485
38.473875,23.92555
38.54235,23.95215
38.5653,24.24295
38.595825,24.262225
38.62175,24.313875
38.648575,24.355125
38.682975,24.39105
38.718025,24.446075
38.745125,24.571625
38.761225,24.584475
38.776875,24.598625
38.8393,24.6144
38.89795,24.624675
38.91435,24.6437
38.9407,24.6712
38.973225,24.7197
38.98325,24.7798
39.0561,24.787075
39.071675,24.8041
39.086475,24.82325
39.121075,24.85065
39.16595,24.86945
39.195975,24.8862
39.2313,24.910975
39.317425,24.95515
39.369125,24.972575
39.391025,24.9891
39.427275,24.99585
39.5028,25.0168
39.538075,25.0523
39.556975,25.060175
39.584425,25.08585
39.628425,25.10575
39.67165,25.12075
39.70585,25.153375
39.737375,25.1674
39.77995,25.18465
39.8164,25.214725
39.840225,25.224225
39.899925,25.239175
39.985775,25.269975
40.02455,25.288825
40.054,25.367575
40.0783,25.392125
40.169375,25.395375
40.20425,25.485875
40.232125,25.5117
40.27755,25.531225
40.401425,25.5754
40.46925,25.593525
40.61975,25.6097
40.671,25.625425
40.698875,25.64655
40.733525,25.664675
40.75465,25.682675
40.82425,25.70765
40.864,25.753425
40.9319,25.79685
41.0808,25.84115
41.139625,25.877525
41.1799,25.90075
41.22695,25.9457
41.2603,25.96375
41.369125,26.018425
41.430275,26.030875
41.467275,26.045525
41.50175,26.057925
41.54615,26.105275
41.5541,26.206175
41.59285,26.228525
41.74675,26.25025
41.817225,26.314075
41.8501,26.4385
41.9557,26.46535
41.98305,26.485725
42.024025,26.498575
42.053825,26.51765
42.1795,26.533625
42.19955,26.545
42.235525,26.559175
42.313225,26.5916
42.3486,26.651625
42.377825,26.705275
42.4209,26.719475
42.60075,26.7392
42.6307,26.75285
42.64785,26.773
42.746375,26.813875
42.7852,26.82775
42.8631,26.848875
42.888675,26.8714
42.981,26.904575
43.0789,26.9299
43.125825,26.98945
43.17755,27.065775
43.197475,27.1276
43.212275,27.152875
43.23215,27.1799
43.26995,27.253075
43.37445,27.27145
43.467075,27.3013
43.5303,27.3429
43.542075,27.3733
43.598775,27.3893
43.653575,27.416125
43.6853,27.46095
43.708775,27.56085
43.7381,27.63995
43.76325,27.690875
43.78375,27.7475
43.825775,27.80765
43.8974,27.833
43.9481,27.86135
44.016375,27.8758
44.0491,27.90925
44.053575,27.9419
44.088125,28.02925
44.124275,28.12065
44.156225,28.171425
44.233025,28.179375
44.274175,28.1977
44.309375,28.22085
44.390225,28.246425
44.4306,28.278425
44.454475,28.310775
44.482325,28.327225
44.509375,28.35555
44.61145,28.389925
44.667375,28.427875
44.69185,28.486375
44.70245,28.532225
44.758025,28.5768
44.89275,28.606375
44.92375,28.631075
44.975775,28.6926
45.012425,28.763525
45.033675,28.90605
45.0463,28.924275
45.105575,29.03635
45.226875,29.104725
45.25095,29.1371
45.3075,29.19075
45.3206,29.21835
45.345125,29.25085
45.485825,29.376875
45.517775,29.437375
45.616025,29.462375
45.6306,29.47485
45.694625,29.511025
45.730025,29.536375
45.74725,29.5675
45.764375,29.58385
45.82835,29.633025
45.966575,29.66625
46.0104,29.687875
46.0613,29.7299
46.098325,29.765575
46.2018,29.806275
46.2414,29.830875
46.290275,29.885475
46.3272,29.911975
46.350125,29.957925
46.3844,29.98375
46.456375,30.0009
46.4752,30.020425
46.491825,30.04795
46.506425,30.062225
46.54225,30.100675
46.56955,30.159475
46.5899,30.173625
46.597125,30.197825
46.6546,30.228225
46.7028,30.268975
46.720075,30.302875
46.73825,30.3167
46.763125,30.353
46.800275,30.39005
46.822025,30.40955
46.85285,30.42335
46.8825,30.426575
46.917675,30.452825
47.029075,30.4712
47.0724,30.496
47.0948,30.516725
47.1282,30.55175
47.13995,30.600825
47.154375,30.658075
47.1733,30.74495
47.185525,30.7522
47.205825,30.766875
47.238875,30.784575
47.246275,30.80725
47.254425,30.830575
47.28575,30.855825
47.329475,30.898525
47.3677,30.928475
47.427425,31.118025
47.4602,31.177375
47.525425,31.209975
47.589275,31.465675
47.633225,31.486875
47.6629,31.50995
47.68015,31.539875
47.79335,31.5686
47.8649,31.5713
47.893575,31.58995
47.957725,31.6017
47.984275,31.61985
48.11195,31.643925
48.141325,31.6453
48.2807,31.670325
48.330125,31.691925
48.401375,31.715525
48.435825,31.7282
48.467925,31.737375
48.501375,31.7703
48.533575,31.797075
48.555475,31.812975
48.6394,31.8817
48.674225,31.94295
48.7083,31.97085
48.7533,31.99465
48.81725,32.01935
48.843225,32.042175
48.86455,32.081525
48.91675,32.195675
48.938825,32.25145
49.024275,32.287025
49.133,32.331475
49.19655,32.4148
49.24355,32.464925
49.3027,32.4677
49.35875,32.5139
49.377175,32.55745
49.40435,32.598175
49.44495,32.6814
49.542125,32.70765
49.58785,32.71265
49.665,32.730025
49.7019,32.735775
49.75355,32.73885
49.81375,32.749725
49.84065,32.7543
49.86805,32.758575
49.919125,32.782525
49.989125,32.80535
50.023575,32.86485
50.08795,32.901025
50.11495,32.934275
50.13905,32.970875
50.1864,33.015125
50.224125,33.054075
50.265975,33.084125
50.2933,33.111775
50.322775,33.1544
50.3471,33.1925
50.389975,33.25495
50.45725,33.282225
50.52935,33.308375
50.5724,33.332025
50.626725,33.3494
50.700725,33.387725
50.7615,33.4995
50.7976,33.5189
50.838275,33.5395
50.876075,33.574325
50.90315,33.613025
50.983325,33.6458
51.0216,33.66495
51.054375,33.7229
51.0989,33.742475
51.1274,33.777975
51.1615,33.811125
51.205325,33.83445
51.263175,33.84865
51.2936,33.867125
51.3167,33.87755
51.504625,33.921775
51.537625,33.970775
51.5664,33.991825
51.611475,34.084625
51.6703,34.1039
51.703625,34.116025
51.7574,34.1464
51.788075,34.168375
51.829875,34.2216
51.88345,34.2656
51.91765,34.292075
51.945125,34.3167
51.973325,34.359375
51.99265,34.387125
52.08125,34.4042
52.15535,34.428875
52.18785,34.451825
52.221175,34.46395
52.261575,34.492275
52.299725,34.50885
52.3361,34.5374
52.358725,34.5516
52.416725,34.58985
52.44685,34.614175
52.605675,34.679775
52.658175,34.716725
52.714875,34.74025
52.740875,34.772125
52.774225,34.802325
52.801575,34.8428
52.844325,34.950825
52.92115,34.990925
52.957325,35.016975
53.02055,35.04435
53.041275,35.06625
53.067825,35.101675
53.2329,35.175075
53.441625,35.21885
53.47415,35.25845
53.49755,35.325775
53.52665,35.3436
53.60225,35.3597
53.65275,35.38465
53.684675,35.4165
53.71975,35.446025
53.752425,35.48615
53.779125,35.521025
53.81155,35.7058
53.879625,35.719475
53.923475,35.74365
53.991225,35.7601
54.0523,35.777
54.08655,35.79895
54.118,35.816575
54.19725,35.8274
54.240975,35.838675
54.274125,35.857675
54.2939,35.878325
54.385675,35.9998
54.419775,36.053175
54.44605,36.0689
54.486375,36.09515
54.531125,36.1312
54.63055,36.15305
54.644925,36.195125
54.666425,36.216
54.690875,36.2484
54.796275,36.262075
54.842125,36.29105
54.86185,36.334875
54.920525,36.3559
54.9459,36.40175
54.976375,36.418725
55.087,36.438325
55.108725,36.477025
55.20125,36.538075
55.33715,36.556725
55.3612,36.593
55.391525,36.628075
55.429675,36.64855
55.45645,36.691375
55.490075,36.71225
55.510225,36.74095
55.529075,36.79045
55.554,36.8064
55.6132,36.841325
55.641025,36.8654
55.71335,36.899425
55.7978,37.068425
55.81155,37.127875
55.834275,37.1432
55.880425,37.1727
55.9318,37.185725
55.9961,37.218725
56.053,37.418325
56.101675,37.44275
56.1302,37.450775
56.1618,37.46925
56.1926,37.490925
56.2137,37.527025
56.23865,37.5591
56.273125,37.598675
56.306025,37.636725
56.313325,37.660175
56.33915,37.673275
56.50095,37.696825
56.520125,37.714675
56.537475,37.776975
56.57175,37.80325
56.589575,37.8411
56.61775,37.864125
56.6794,37.891175
56.7063,37.940225
56.731125,37.944275
56.759225,38.01865
56.792475,38.037175
56.84805,38.09635
56.969175,38.120725
57.007175,38.1624
57.09425,38.191
57.141475,38.2272
57.162425,38.2374
57.2418,38.257925
57.286275,38.278825
57.3042,38.303275
57.36745,38.315475
57.403275,38.3548
57.44725,38.38575
57.47555,38.405225
57.51055,38.454825
57.53255,38.48745
57.5674,38.5198
57.604625,38.57595
57.752425,38.60365
57.7698,38.673725
57.785325,38.690475
57.832825,38.727375
57.850525,38.737125
57.86825,38.747075
57.894425,38.78475
57.92035,38.83025
58.0214,38.872625
58.0464,38.894125
58.1603,38.901675
58.183875,38.910825
58.21615,38.923775
58.281875,38.95005
58.343975,38.985075
58.38655,39.04815
58.406575,39.14495
58.4894,39.152375
58.514425,39.19425
58.53755,39.29155
58.5571,39.329825
58.64655,39.561175
58.68365,39.872725
58.7138,40.03965
58.739825,40.069075
58.745725,40.090825
58.782475,40.126325
58.8145,40.220375
58.83525,40.2416
59.0078,40.2544
59.0386,40.26855
59.0735,40.285725
59.1669,40.3275
59.1996,40.36655
59.214175,40.406225
59.237375,40.434975
59.28295,40.4376
59.30295,40.474325
59.38275,40.492925
59.40845,40.511425
59.503025,40.544925
59.520925,40.567775
59.576425,40.60475
59.595325,40.660975
59.6346,40.705025
59.6886,40.7419
59.737225,40.808325
59.8163,40.863375
59.867625,40.867975
59.876925,40.883275
59.9201,40.906225
59.972275,40.91555
60.005975,40.924475
60.0596,40.96725
60.1656,41.0299
60.201925,41.18785
60.325725,41.216575
60.347325,41.25635
60.39135,41.295375
60.427075,41.31005
60.5105,41.33275
60.62075,41.35575
60.665975,41.3754
60.712,41.44355
60.756625,41.506975
60.777775,41.523825
60.819475,41.549775
60.85195,41.575775
60.88445,41.59665
60.92895,41.637225
60.98085,41.684975
61.0534,41.7289
61.120625,41.808025
61.197775,41.8472
61.245475,41.888125
61.2701,41.9239
61.3075,42.016325
61.33015,42.073575
61.438875,42.0992
61.5223,42.128275
61.552325,42.184775
61.623025,42.201825
61.6769,42.2199
61.757425,42.26305
61.813925,42.301
61.86155,42.31635
61.94745,42.34515
61.9905,42.384825
62.04215,42.414125
62.083375,42.45335
62.1169,42.4798
62.1524,42.515375
62.245825,42.538075
62.29215,42.575875
62.34545,42.653975
62.38025,42.695375
62.436775,42.724025
62.4753,42.766925
62.5048,42.7858
62.5304,42.800925
62.548225,42.8534
62.666575,42.9362
62.69445,43.0151
62.75035,43.05325
62.792,43.076725
62.80725,43.11545
62.827575,43.175575
62.8592,43.20595
62.8906,43.244825
62.944675,43.268775
62.98305,43.31385
63.0079,43.3705
63.02495,43.399875
63.042375,43.4473
63.08675,43.49565
63.099225,43.515725
63.151825,43.52805
63.201925,43.557025
63.264825,43.57225
63.2969,43.591325
63.3551,43.6121
63.384175,43.73485
63.41795,43.7478
63.45,43.7619
63.5082,43.77385
63.55405,43.7965
63.622275,43.853525
63.726025,43.87325
63.7686,43.898
63.8159,43.9197
63.914675,43.951225
63.976575,43.96195
64.105275,43.9711
64.1759,43.996525
64.253225,44.015025
64.268875,44.046825
64.314125,44.0624
64.329425,44.1165
64.35475,44.14715
64.410875,44.168625
64.453575,44.2099
64.48055,44.273075
64.522375,44.313925
64.545125,44.338775
64.562475,44.36505
64.5739,44.382675
64.5972,44.401425
64.62295,44.43365
64.658,44.46035
64.675275,44.56045
64.705825,44.576575
64.728625,44.6212
64.752125,44.642525
64.76805,44.681425
64.8003,44.707825
64.828225,44.73145
64.8548,44.75345
64.969075,44.7699
64.9972,44.7892
65.050825,44.794475
65.0732,44.861125
65.098375,44.890375
65.129875,44.90795
65.156675,44.943525
65.1747,45.0001
65.222425,45.023325
65.242325,45.054325
65.26285,45.086275
65.297325,45.118425
65.31215,45.186775
65.343275,45.239425
65.36015,45.276
65.43665,45.326475
65.532825,45.35635
65.56345,45.394825
65.5879,45.418725
65.607525,45.431125
65.64165,45.44325
65.677625,45.51675
65.7894,45.53335
65.822675,45.5785
65.843775,45.622925
65.85815,45.642025
65.872575,45.671225
66.005225,45.6979
66.032075,45.722675
66.06175,45.757825
66.139175,45.784325
66.15925,45.79735
66.1861,45.839525
66.214225,45.853775
66.2503,45.864
66.278575,45.874875
66.30125,45.8867
66.321275,45.920675
66.36665,45.931375
66.401,45.9515
66.447675,45.96255
66.48865,45.990575
66.5053,46.051275
66.5194,46.0883
66.643225,46.103725
66.67715,46.121875
66.71065,46.1612
66.7482,46.170025
66.80485,46.17925
66.823725,46.1961
66.8657,46.23555
66.8867,46.249025
66.921275,46.2593
66.936375,46.32265
66.9599,46.3353
67.001775,46.362025
67.020725,46.391125
67.04535,46.427775
67.06665,46.44495
67.10025,46.49985
67.131975,46.51535
67.156625,46.558475
67.18835,46.6143
67.206425,46.663325
67.26135,46.680425
67.28475,46.700525
67.307425,46.713525
67.341075,46.726325
67.367825,46.735575
67.457725,46.747025
67.526375,46.7763
67.536075,46.8026
67.5671,46.836825
67.611775,46.847975
67.625175,46.862775
67.659825,46.87095
67.678625,46.88635
67.718625,46.91485
67.730325,46.924625
67.743325,46.938175
67.7756,46.95915
67.800525,46.981825
67.8874,47.06695
67.983025,47.100175
68.0023,47.1219
68.043125,47.137575
68.095,47.147575
68.108225,47.16965
68.132825,47.181475
68.1455,47.19595
68.171975,47.201225
68.197425,47.210075
68.258425,47.22005
68.320925,47.256125
68.398175,47.2813
68.4178,47.331375
68.44595,47.40135
68.500325,47.417475
68.717475,47.45525
68.74545,47.50685
68.800525,47.5408
68.909275,47.58555
68.9353,47.603225
68.9642,47.69555
69.05675,47.75335
69.0921,47.791225
69.117025,47.8206
69.22395,47.8315
69.2536,47.959225
69.282025,47.9989
69.31705,48.01345
69.347375,48.03105
69.359125,48.0353
69.397225,48.05755
69.41335,48.0854
69.437225,48.096225
69.474375,48.1145
69.499675,48.13515
69.56865,48.16355
69.639025,48.18755
69.6615,48.20625
69.75765,48.353125
69.8156,48.411875
69.842575,48.530875
69.869975,48.56645
69.95945,48.598125
69.9984,48.631925
70.029525,48.678225
70.05225,48.70035
70.087925,48.759
70.147425,48.770325
70.18845,48.78615
70.30805,48.801375
70.338425,48.826825
70.420025,48.8507
70.4827,48.894025
70.51595,48.9172
70.555125,48.949925
70.6053,49.0048
70.630725,49.026175
70.715825,49.045875
70.735175,49.058275
70.82665,49.0656
70.91755,49.07775
70.976075,49.091625
70.993875,49.095425
71.01435,49.10275
71.11425,49.140925
71.13595,49.16705
71.241175,49.193325
71.274925,49.204925
71.312975,49.230875
71.37075,49.325225
71.390625,49.3601
71.410875,49.375625
71.501825,49.415525
71.544675,49.4328
71.571575,49.510375
71.613275,49.6201
71.632675,49.6481
71.651675,49.74575
71.6909,49.761825
71.711725,49.7729
71.766175,49.7849
71.81055,49.7944
71.849025,49.84695
71.912975,49.869825
71.938325,49.887825
71.9799,49.9503
72.004425,49.995675
72.068875,50.07995
72.110725,50.127175
72.149575,50.151225
72.27505,50.18825
72.31545,50.219275
72.35065,50.249925
72.433125,50.28985
72.512725,50.334625
72.570775,50.36705
72.6446,50.387475
72.729,50.4078
72.781025,50.414075
72.811075,50.471125
72.8264,50.506575
72.886275,50.606975
72.935325,50.678475
72.9581,50.7667
73.01065,50.793725
73.045625,50.880875
73.069375,50.9268
73.1107,50.957525
73.20085,50.98885
73.303625,51.061375
73.346575,51.107075
73.48095,51.121775
73.506825,51.167125
73.544,51.2526
73.582525,51.27165
73.628125,51.286325
73.670525,51.299325
73.841825,51.31305
73.8814,51.333775
73.94265,51.352575
73.958775,51.369525
73.984275,51.39225
74.019725,51.4103
74.05635,51.433625
74.0933,51.4725
74.136775,51.569725
74.16015,51.632475
74.18915,51.674475
74.222225,51.699825
74.281875,51.7247
74.311475,51.7677
74.349175,51.822325
74.3737,51.834275
74.391875,51.8554
74.40965,51.87215
74.436,52.0228
74.526375,52.113575
74.56685,52.160925
74.601675,52.1892
74.6616,52.211675
74.695325,52.236425
74.729475,52.2696
74.751975,52.3203
74.813525,52.3568
74.838675,52.38515
74.9464,52.42755
75.067175,52.46815
75.098925,52.4879
75.118325,52.524125
75.192225,52.622275
75.22715,52.737625
75.276375,52.76675
75.324025,52.7754
75.3479,52.814525
75.4408,52.8295
75.521825,52.873575
75.61495,52.899825
75.667575,52.938125
75.71945,52.96365
75.7512,52.9851
75.82165,53.0162
75.882725,53.0467
75.919075,53.09365
75.9437,53.11285
75.957775,53.126325
76.009875,53.15445
76.047125,53.19275
76.06175,53.20705
76.1008,53.219875
76.15515,53.22865
76.175725,53.236625
76.221175,53.24555
76.238325,53.271675
76.26695,53.28975
76.363475,53.3361
76.36555,53.3639
76.381975,53.3745
76.4164,53.40125
76.4479,53.422975
76.4682,53.442825
76.49525,53.467475
76.51645,53.505
76.577975,53.53805
76.628125,53.618175
76.65685,53.73125
76.6802,53.779725
76.700525,53.833525
76.72805,53.88755
76.756125,54.018225
76.769125,54.0993
76.7841,54.236425
76.82,54.286525
76.865375,54.339075
76.8988,54.38615
76.902275,54.4792
76.939825,54.532475
76.963675,54.564925
76.9912,54.5934
77.0062,54.8124
77.062,55.099275
77.077325,55.234275
77.091925,55.25715
77.1319,55.271775
77.179525,55.2892
77.202625,55.30165
77.238,55.38535
77.262925,55.428175
77.361275,55.482475
77.364925,55.599925
77.37925,55.6518
77.4071,55.688
77.428175,55.715225
77.452175,55.7497
77.50965,55.79695
77.61065,55.831225
77.6446,55.852225
77.679225,55.86185
77.7122,55.876975
77.77855,55.887875
77.80995,55.901275
77.835825,55.946925
77.919525,55.99665
77.957275,56.06595
77.987925,56.097175
78.0103,56.124225
78.04925,56.150325
78.06505,56.17545
78.0775,56.203375
78.09385,56.253725
78.1878,56.3174
78.2842,56.324025
78.312475,56.335675
78.330675,56.339525
78.36335,56.3449
78.40055,56.371775
78.4285,56.414675
78.525775,56.423525
78.554125,56.4586
78.58455,56.472575
78.6173,56.51015
78.63545,56.537125
78.6543,56.608375
78.677425,56.687975
78.737675,56.734725
78.85835,56.7492
78.8799,56.783525
78.919575,56.83065
78.946475,56.865975
79.009975,56.94975
79.0565,56.973575
79.0869,57.03995
79.168025,57.055425
79.171325,57.066575
79.210825,57.0732
79.2388,57.08465
79.263875,57.106225
79.285875,57.1239
79.297625,57.148425
79.309075,57.165725
79.32205,57.18365
79.33075,57.27685
79.366,57.293125
79.396975,57.31305
79.4427,57.324575
79.454725,57.4707
79.48335,57.483475
79.523075,57.498675
79.54305,57.51685
79.6359,57.533025
79.741875,57.53645
79.77035,57.543
79.8103,57.560275
79.838275,57.58045
79.8637,57.600325
79.9067,57.649725
79.9234,57.67085
79.95635,57.679575
79.98515,57.68875
80.074775,57.70125
80.131325,57.73615
80.1662,57.754325
80.202125,57.7871
80.219325,57.829325
80.413375,57.841
80.61935,57.85225
80.64935,57.871625
80.737975,57.9114
80.76905,57.955425
80.823925,57.99235
80.9007,58.030725
80.996725,58.08305
81.0241,58.0993
81.1758,58.104275
81.240025,58.12545
81.314625,58.137525
81.334725,58.1463
81.360775,58.152625
81.383175,58.171575
81.4121,58.180375
81.43145,58.1957
81.45825,58.233425
81.50675,58.256225
81.6065,58.29035
81.62685,58.336625
81.6457,58.341525
81.66305,58.34635
81.68545,58.35905
81.729925,58.373025
81.802425,58.4217
81.860975,58.49615
81.8917,58.5191
81.9496,58.53785
81.972425,58.552475
82.0242,58.5762
82.077825,58.65325
82.12285,58.693675
82.154125,58.72515
82.17835,58.765675
82.28565,58.81515
82.3479,58.911725
82.365025,58.97365
82.40775,59.024125
82.43065,59.123
82.4845,59.252675
82.53245,59.323375
82.5605,59.38875
82.584175,59.404975
82.6345,59.443975
82.69635,59.45525
82.7282,59.467225
82.774775,59.478125
82.821825,59.49275
82.8488,59.523975
82.86455,59.54185
82.911025,59.554825
82.997725,59.631925
83.095825,59.65985
83.113375,59.663275
83.135475,59.67355
83.15125,59.69705
83.20785,59.714975
83.331275,59.741425
83.348525,59.748075
83.363475,59.7878
83.408125,59.818375
83.43045,59.830475
83.45755,59.8396
83.4771,59.860325
83.539375,59.886075
83.5557,59.924575
83.5824,59.996675
83.616325,60.010375
83.6293,60.026575
83.652025,60.108225
83.6774,60.214625
83.68925,60.263125
83.725825,60.325425
83.778425,60.34595
83.8806,60.4328
83.909925,60.49325
83.946325,60.507725
83.982675,60.523625
84.028,60.53865
84.057825,60.578775
84.074975,60.620125
84.116725,60.670775
84.132825,60.702075
84.152375,60.7469
84.154675,60.85585
84.17545,60.902175
84.21635,60.97735
84.30215,61.0072
84.374625,61.035725
84.40185,61.0701
84.47235,61.1026
84.521375,61.182325
84.561825,61.2237
84.572725,61.242475
84.58595,61.254375
84.62255,61.269525
84.6656,61.2775
84.692925,61.291475
84.765025,61.296825
84.779775,61.309475
84.795225,61.3269
84.8074,61.412775
84.833325,61.4551
84.8649,61.5144
84.892725,61.573475
84.91085,61.7035
84.9594,61.78905
85.01365,61.8341
85.04065,61.8565
85.06215,61.91895
85.084025,61.967125
85.153925,61.99805
85.17795,62.020525
85.19625,62.063225
85.2197,62.126525
85.23975,62.182325
85.27755,62.35595
85.341,62.384825
85.364975,62.434325
85.41025,62.517925
85.43145,62.6113
85.483,62.696125
85.5343,62.749875
85.589325,62.953
85.662,62.972075
85.70185,63.01055
85.738625,63.06245
85.82685,63.1336
85.850725,63.284775
85.867375,63.328375
85.8852,63.4162
85.9216,63.45845
85.951175,63.516175
86.120425,63.891975
86.148125,63.930975
86.18845,64.060275
86.208025,64.08825
86.264475,64.112825
86.284,64.1332
86.30535,64.1753
86.33555,64.28515
86.354425,64.29725
86.379875,64.440175
86.406225,64.50445
86.42675,64.564875
86.518975,64.5724
86.5562,64.584125
86.599075,64.593775
86.900475,64.609125
86.962725,64.613575
86.982025,64.61925
87.029075,64.630075
87.0877,64.6803
87.286925,64.6981
87.317075,64.71695
87.3402,64.7331
87.365275,64.753275
87.508525,64.784275
87.532025,64.813375
87.55945,64.830925
87.58225,64.8888
87.6228,64.9085
87.635425,64.9363
87.69285,64.94895
87.73155,64.969275
87.858975,65.007475
87.89685,65.023025
88.02975,65.03885
88.045825,65.1359
88.084025,65.1491
88.10335,65.245375
88.14505,65.263325
88.28925,65.268525
88.325575,65.277875
88.369,65.309875
88.3865,65.328225
88.414775,65.353325
88.466025,65.42905
88.4858,65.45725
88.508275,65.46965
88.5486,65.505425
88.580975,65.53105
88.601975,65.5618
88.6469,65.58705
88.78285,65.59765
88.8231,65.6224
88.8449,65.645025
88.89265,65.661075
89.062275,65.6818
89.119175,65.697625
89.14575,65.706175
89.167,65.721775
89.223475,65.7567
89.245,65.797075
89.341375,65.805325
89.425175,65.82625
89.461125,65.833775
89.5055,65.85845
89.53435,65.86465
89.5722,65.874775
89.613775,65.883775
89.669075,65.91615
89.755875,65.92215
89.79045,65.9578
89.849425,66.016975
89.92545,66.063275
89.973525,66.0755
90.028725,66.094925
90.0558,66.1437
90.092425,66.189625
90.114625,66.2116
90.17865,66.24365
90.215775,66.339025
90.251525,66.393375
90.28505,66.4139
90.311175,66.435675
90.367425,66.43715
90.40475,66.476175
90.4451,66.523825
90.474025,66.58395
90.51295,66.62105
90.545375,66.68755
90.6586,66.72865
90.677825,66.76945
90.712775,66.790275
90.74565,66.82565
90.768625,66.837175
90.80325,66.873
90.8411,66.947775
90.859175,66.9749
90.89105,67.003425
90.9052,67.01545
90.933375,67.124425
90.95285,67.17545
91.073175,67.20225
91.099775,67.2278
91.148225,67.2383
91.168075,67.288325
91.2383,67.331625
91.307875,67.375425
91.325575,67.410275
91.344075,67.4301
91.367175,67.45515
91.3959,67.49855
91.441725,67.526975
91.473075,67.549675
91.492975,67.574925
91.52905,67.66825
91.579775,67.73195
91.7434,67.749075
91.765975,67.78475
91.783175,67.8227
91.802475,67.8293
91.86595,67.8588
91.9005,67.97995
91.9429,68.0435
91.97245,68.066925
91.98915,68.0869
92.08635,68.24665
92.154925,68.26545
92.201275,68.2834
92.250425,68.312675
92.33455,68.3464
92.3623,68.412525
92.40465,68.4283
92.443175,68.4878
92.51395,68.508525
92.556725,68.529525
92.62065,68.54755
92.641475,68.574875
92.684075,68.7095
92.731075,68.747525
92.7456,68.779025
92.772625,68.81075
92.805225,68.844525
92.83915,68.87045
92.90615,68.8971
92.9453,68.951425
92.973575,68.964475
93.05205,69.067975
93.071925,69.177675
93.100325,69.24465
93.166375,69.304375
93.21125,69.389725
93.2319,69.4809
93.26325,69.52595
93.3064,69.595675
93.332775,69.6766
93.364175,69.71005
93.391075,69.75075
93.408325,69.8665
93.4591,69.91635
93.4968,70.18425
93.58265,70.214275
93.622725,70.23035
93.6612,70.250675
93.678625,70.30525
93.703175,70.347175
93.724775,70.436975
93.825475,70.545725
93.8578,70.5856
93.9719,70.608775
94.00945,70.629275
94.0479,70.67585
94.1167,70.7223
94.1597,70.827425
94.2198,70.931875
94.266225,70.936225
94.290825,70.96615
94.4109,70.98765
94.466575,71.01235
94.568475,71.087975
94.647525,71.2736
94.676775,71.293125
94.7324,71.30175
94.770725,71.314525
94.799425,71.335075
94.833425,71.466675
94.849575,71.619975
94.89915,71.628275
94.929425,71.651775
94.988475,71.6551
95.07885,71.65955
95.138725,71.66235
95.162525,71.66465
95.1911,71.684675
95.226,71.694425
95.260425,71.7154
95.334475,71.7485
95.45485,71.7625
95.553675,71.787175
95.616,71.8536
95.638,71.8832
95.66945,71.9035
95.72505,71.91345
95.747425,71.9367
95.8233,71.949675
95.914475,71.9839
95.94805,72.003225
95.9863,72.0273
96.011175,72.0487
96.0564,72.1318
96.080025,72.15585
96.118225,72.161425
96.12865,72.1835
96.14285,72.213375
96.18775,72.283075
96.197375,72.305975
96.290875,72.3393
96.3205,72.39375
96.358525,72.5275
96.478125,72.57225
96.508125,72.6699
96.541175,72.70005
96.565425,72.720725
96.6371,72.7297
96.753625,72.797775
96.774725,72.818725
96.830475,72.822675
96.851675,72.873175
96.947775,72.892675
97.022325,73.06375
97.10295,73.080575
97.1926,73.118325
97.224025,73.15685
97.2343,73.266475
97.2456,73.31925
97.27525,73.3538
97.3341,73.480675
97.368375,73.527325
97.396475,73.676325
97.433075,73.7044
97.47,73.7499
97.501425,73.769325
97.5336,73.877125
97.5576,73.96725
97.58415,74.06545
97.63275,74.2266
97.64705,74.26345
97.736375,74.2873
97.770175,74.36755
97.7998,74.4247
97.859425,74.4356
97.875375,74.52095
97.885975,74.58675
97.910975,74.60615
97.94425,74.675925
98.039125,74.67795
98.055825,74.738875
98.104775,74.758725
98.115725,74.786725
98.157625,74.8089
98.191975,74.833425
98.1977,74.87795
98.224725,74.9478
98.2421,75.1047
98.26685,75.2436
98.322175,75.311825
98.37015,75.34095
98.385375,75.373025
98.43095,75.5497
98.45745,75.5948
98.4672,75.663125
98.483675,75.779325
98.505475,75.83695
98.5101,75.89035
98.52235,75.9456
98.5289,75.983025
98.542375,75.9985
98.5706,76.020875
98.602325,76.04465
98.61355,76.076325
98.6204,76.0878
98.647175,76.157075
98.697725,76.211075
98.76135,76.263325
98.77885,76.310825
98.812975,76.332375
98.88515,76.50135
98.90575,76.5366
98.941125,76.561575
98.986625,76.569125
99.006725,76.579425
99.020725,76.661525
99.054575,76.69285
99.10665,76.751725
99.119675,76.8821
99.138125,76.903425
99.16735,76.919775
99.180425,76.941025
99.191175,76.993775
99.309275,77.02535
99.37825,77.04985
99.405,77.09225
99.42055,77.1658
99.436925,77.200175
99.498675,77.227975
99.5174,77.321575
99.536525,77.3442
99.59315,77.41985
99.60555,77.433625
99.631925,77.45825
99.658025,77.490325
99.7131,77.5152
99.750725,77.5249
99.810425,77.527075
99.84035,77.589575
99.899525,77.646325
99.957475,77.69335
99.96085,77.745925
99.986175,77.789425
100.01735,77.803925
100.0398,77.822825
100.086775,77.844375
100.210025,77.867625
100.25595,77.8867
100.2867,78.021475
100.3303,78.0735
100.40115,78.08845
100.4903,78.104725
100.550675,78.186725
100.579375,78.3733
100.595325,78.407175
100.61525,78.4097
100.634475,78.446025
100.6604,78.479575
100.681975,78.517025
100.700475,78.58485
100.72205,78.63305
100.730875,78.659475
100.76255,78.776125
100.77795,78.87455
100.85075,78.889775
100.873175,78.902375
100.903225,78.92165
100.918775,78.92385
100.9475,78.97785
100.96605,79.0554
100.980425,79.14275
101.0107,79.196
101.03165,79.2171
101.05965,79.254125
101.08335,79.273175
101.098125,79.284425
101.11515,79.29325
101.160425,79.33515
101.184975,79.3643
101.2318,79.383
101.24515,79.3844
101.29105,79.39705
101.340375,79.4446
101.409325,79.468275
101.502175,79.502025
101.54665,79.525325
101.576525,79.596775
101.596925,79.62405
101.64165,79.649075
101.663275,79.7068
101.692825,79.7865
101.707375,79.82185
101.732275,79.8434
101.789825,79.86205
101.819425,79.950125
101.84275,80.1472
101.952275,80.209025
101.97175,80.2241
102.01755,80.2739
102.054,80.309875
102.099225,80.338825
102.136875,80.39525
102.162725,80.5278
102.291475,80.55715
102.31745,80.576225
102.337325,80.602175
102.364875,80.627025
102.41125,80.824775
102.47055,80.845075
102.503575,80.869775
102.52845,80.90725
102.5506,80.995475
102.60235,81.056025
102.626525,81.18895
102.678025,81.305175
102.694,81.32795
102.72795,81.389675
102.749825,81.476025
102.812775,81.62535
102.84735,81.671275
102.8739,81.6768
102.894475,81.694275
102.907575,81.709275
102.917625,81.811325
102.939075,81.83095
102.959,81.9596
103.0007,81.98815
103.028825,82.0014
103.121675,82.024575
103.17125,82.083025
103.218525,82.10185
103.236725,82.142425
103.260125,82.16055
103.289475,82.196675
103.310675,82.22025
103.332125,82.243175
103.35335,82.314425
103.37535,82.4099
103.44915,82.56755
103.491325,82.6101
103.52175,82.6441
103.5495,82.8692
103.5774,82.879275
103.609025,82.886
103.634075,82.901475
103.689375,82.904
103.71085,82.910225
103.7813,82.914
103.799675,82.928075
103.8223,82.934175
103.865525,82.944075
103.881425,82.96375
103.893625,82.968125
103.9469,82.9773
104.019425,83.006725
104.1483,83.064025
104.1803,83.088825
104.19585,83.09715
104.260975,83.1078
104.294125,83.124925
104.31045,83.145325
104.3472,83.1732
104.362275,83.2017
104.4473,83.21
104.4624,83.23305
104.515375,83.24855
104.6411,83.266825
104.682625,83.29625
104.7429,83.304375
104.749825,83.313025
104.782375,83.319125
104.816425,83.349175
104.834475,83.364875
104.8513,83.413525
104.895775,83.422875
104.9307,83.4549
104.96275,83.48775
104.9776,83.498525
104.998025,83.5505
105.04045,83.561875
105.04965,83.5779
105.06415,83.59605
105.080075,83.606775
105.11245,83.6276
105.1523,83.643125
105.177675,83.674625
105.213975,83.787675
105.23375,83.856625
105.2948,84.02525
105.306225,84.07555
105.32325,84.1023
105.3928,84.133975
105.40485,84.1581
105.431525,84.2169
105.449275,84.252975
105.472825,84.2802
105.4964,84.30185
105.514725,84.324925
105.58045,84.34285
105.646225,84.382225
105.696975,84.4306
105.709825,84.4525
105.714275,84.4688
105.74895,84.502725
105.79885,84.542725
105.8114,84.55555
105.868325,84.56275
105.984625,84.572125
106.0271,84.582175
106.053875,84.5975
106.118025,84.609475
106.2515,84.675625
106.28405,84.6907
106.3076,84.718875
106.344925,84.746225
106.493375,84.759175
106.507,84.7924
106.570675,84.814975
106.656125,84.828725
106.698125,84.847025
106.761425,84.868825
106.78645,84.890625
106.8215,84.922025
106.837425,84.95255
106.91205,84.973575
106.95735,84.9918
106.97615,85.013825
107.0748,85.064
107.08765,85.09565
107.2867,85.1293
107.307,85.1727
107.344625,85.206225
107.45285,85.226275
107.4836,85.255275
107.49825,85.3081
107.52865,85.330375
107.540575,85.3623
107.601075,85.403025
107.636775,85.55295
107.6917,85.561825
107.71755,85.565075
107.7356,85.5669
107.813675,85.578425
107.84535,85.58965
107.92595,85.6003
108.01125,85.61485
108.0262,85.660975
108.074325,85.70975
108.170475,85.719175
108.18975,85.73435
108.2141,85.7709
108.28205,85.788525
108.293125,85.8055
108.4066,85.82815
108.445425,85.83555
108.4659,85.863925
108.5191,85.8815
108.598425,85.893425
108.631775,85.9084
108.811475,86.04395
108.834975,86.100025
108.87875,86.11135
108.899675,86.133375
108.924825,86.153125
108.931825,86.18065
109.0186,86.208725
109.04075,86.255875
109.086675,86.30385
109.092125,86.334775
109.105775,86.3701
109.120175,86.444875
109.14055,86.466325
109.2421,86.480275
109.2841,86.509975
109.301825,86.535475
109.314775,86.6367
109.389425,86.65165
109.408525,86.66385
109.46335,86.777
109.550775,86.819725
109.564875,86.961975
109.693625,87.02065
109.7169,87.18305
109.760675,87.2202
109.80655,87.26825
109.8231,87.440075
109.889525,87.492675
109.944875,87.614475
110.2326,87.686925
110.2476,87.7166
110.258675,87.8561
110.294475,87.879225
110.337475,87.9184
110.39315,88.019075
110.4295,88.0362
110.447925,88.11825
110.4682,88.139175
110.594,88.161025
110.672625,88.1775
110.7028,88.20035
110.7917,88.248775
110.81145,88.393925
110.8301,88.4262
110.93005,88.459575
110.941575,88.517275
111.079025,88.535775
111.0984,88.5859
111.286425,88.6094
111.30305,88.633075
111.377175,88.66765
111.394825,88.761075
111.524675,88.8021
111.5888,88.88145
111.667475,88.89875
111.697,88.933675
111.772225,88.964775
112.12455,89.048025
112.228075,89.19295
112.31375,89.22375
112.34255,89.2632
112.396825,89.2701
112.40005,89.304875
112.40545,89.3487
112.430775,89.3637
112.44035,89.4206
112.512,89.433225
112.540575,89.481625
112.552525,89.538
112.5984,89.597975
112.6191,89.62965
112.649575,89.644075
112.691675,89.67325
112.7256,89.718575
112.77905,89.8335
112.9203,89.873475
112.9552,89.9006
113.0474,89.922
113.0782,89.935575
113.092575,89.97875
113.11585,90.042075
113.140525,90.138725
113.18875,90.16315
113.320975,90.24915
113.33545,90.382725
113.367425,90.402325
113.41965,90.615575
113.577075,90.829175
113.588125,90.88175
113.6806,90.90285
113.735375,90.9652
113.8178,90.977175
113.9692,90.991575
114.021425,91.01595
114.06555,91.155775
114.08875,91.169725
114.12435,91.19445
114.1706,91.2515
114.182325,91.310875
114.1944,91.330925
114.227375,91.38145
114.257275,91.40995
114.271875,91.479775
114.3259,91.490725
114.3557,91.50345
114.3605,91.5495
114.463825,91.59935
114.512075,91.627725
114.617525,91.7012
114.685725,91.77525
114.7167,91.80365
114.743425,91.8489
114.768675,91.8792
114.79135,91.9229
114.986075,91.97705
115.025425,92.298775
115.06485,92.33435
115.22835,92.398525
115.26145,92.4102
115.2958,92.435025
115.395425,92.47085
115.43045,92.500175
115.585825,92.505875
115.6519,92.57725
115.6742,92.59275
115.717075,92.6697
115.739425,92.689125
115.78235,92.7062
115.94425,92.73365
115.998725,92.740475
116.022225,92.7558
116.13755,92.815675
116.189275,92.868075
116.279625,92.958175
116.29515,92.971025
116.468225,92.9846
116.6667,93.009975
116.693025,93.04385
116.776175,93.104275
116.787575,93.195425
116.856825,93.2604
116.91405,93.3036
116.9273,93.5581
116.97145,93.656675
117.0719,93.699225
117.088,93.7216
117.1098,93.746625
117.311925,93.786575
117.374375,93.831575
117.396675,93.8751
117.4219,93.889375
117.447575,93.901625
117.802725,93.91795
117.922475,93.94265
118.0602,94.030725
118.10225,94.08825
118.1985,94.19215
118.252175,94.21755
118.305,94.252875
118.369,94.280525
118.39075,94.4646
118.440875,94.533525
118.529225,94.5547
118.5733,94.562525
118.61815,94.6065
118.828875,94.626125
119.0895,94.6413
119.14855,94.684625
119.166525,94.70605
119.183325,94.748625
119.209525,94.7782
119.2561,94.805325
119.301475,94.8626
119.485475,94.885175
119.561625,94.911575
119.7147,94.9573
119.954775,94.98945
120.008025,95.022275
120.04315,95.06255
120.05805,95.17805
120.10925,95.26755
120.1597,95.3191
120.230025,95.347975
120.325925,95.4056
120.3473,95.4398
120.37685,95.46455
120.517425,95.4912
120.711575,95.5117
120.7922,95.564975
120.951525,95.5891
120.997175,95.62535
121.0427,95.6672
121.071275,95.69035
121.0849,95.70355
121.156325,95.73045
121.271425,95.747625
121.287525,95.7606
121.302975,95.77035
121.316125,95.840475
121.350825,95.976275
121.3616,95.997275
121.4396,96.05195
121.4805,96.065825
121.5368,96.08655
121.879525,96.10395
121.922325,96.126075
121.944375,96.149575
122.0235,96.169325
122.11695,96.185225
122.137025,96.2367
122.2835,96.265975
122.30385,96.28975
122.489,96.319125
122.70745,96.34965
122.8153,96.35945
122.856325,96.367275
123.095275,96.372075
123.1605,96.38155
123.2394,96.430575
123.26965,96.445925
123.281025,96.45575
123.34755,96.596275
123.38515,96.62395
123.506075,96.685175
123.5168,96.7168
123.6059,96.762225
123.628575,96.797425
123.6525,96.9188
123.69535,96.983675
123.79565,97.032425
123.8415,97.06685
124.031,97.138875
124.092625,97.167175
124.1044,97.266675
124.1491,97.341175
124.37225,97.377675
124.414475,97.39665
124.500225,97.510825
124.5327,97.53605
124.67965,97.570875
124.693275,97.6004
124.7512,97.65295
124.774125,97.661525
124.7922,97.695775
124.84815,97.69805
124.899475,97.746425
125.000375,97.801275
125.031,97.808475
125.1966,97.816875
125.328175,97.83345
125.36635,97.88795
125.417775,97.931275
125.520625,97.973825
125.542925,98.016525
125.8893,98.044225
125.9408,98.091925
125.97765,98.1384
126.085775,98.164625
126.1401,98.167125
126.187975,98.179925
126.253675,98.201175
126.38315,98.2285
126.40255,98.26355
126.455175,98.2712
126.509725,98.28995
126.616875,98.300575
126.6395,98.327825
126.676325,98.4542
126.7012,98.477775
126.913125,98.50125
127.055425,98.52355
127.12095,98.5405
127.1484,98.54565
127.196725,98.65665
127.232975,98.668
127.245825,98.68545
127.532475,98.802475
127.5599,98.867625
127.5791,98.89095
127.693775,98.90805
127.78995,98.947875
127.92385,98.9506
128.060925,98.955625
128.1053,98.978375
128.136075,99.003425
128.32505,99.026325
128.6137,99.062475
128.629775,99.068775
128.640875,99.082225
128.7833,99.130675
128.8614,99.157075
128.96675,99.199975
129.10555,99.243975
129.1318,99.268425
129.3832,99.2748
129.397875,99.28875
129.625175,99.30995
129.666625,99.390375
130.016275,99.52385
130.231525,99.549075
130.40055,99.569175
130.4177,99.607425
130.45965,99.6467
130.4877,99.679025
130.695475,99.707375
130.773325,99.7429
130.81,99.786425
130.89295,99.798725
131.221325,99.881275
131.250575,99.900175
131.289325,99.91965
131.305575,99.94595
131.410925,99.9697
131.429375,99.988325
131.451975,99.9943
131.6426,100.01285
131.6982,100.04195
131.892275,100.07905
132.0628,100.1263
132.3723,100.1438
132.41815,100.1495
132.45435,100.18615
132.5044,100.221625
132.57245,100.26985
132.687925,100.2817
132.719575,100.2868
132.735425,100.3107
132.75015,100.3452
133.014425,100.3884
133.032175,100.4298
133.0773,100.455075
133.266975,100.49375
133.328225,100.498825
133.3863,100.567125
133.5843,100.6292
133.90895,100.635775
133.931175,100.66445
133.9844,100.697375
134.00425,100.724525
134.2014,100.76435
134.29135,100.79645
134.474675,100.829275
134.530125,100.877875
134.6099,100.880425
134.736775,100.888375
134.7526,100.9748
134.782125,100.99055
135.0896,101.03845
135.210325,101.045225
135.603975,101.0881
135.773025,101.12295
135.790575,101.134525
135.82385,101.1525
135.883175,101.171225
135.8981,101.194625
136.11855,101.222825
136.213475,101.235
136.344875,101.258525
136.371025,101.282575
136.389575,101.335825
136.40855,101.36515
136.4709,101.416125
136.509525,101.424925
136.555175,101.45995
136.681025,101.469425
136.728975,101.483675
136.88075,101.50545
136.929025,101.5314
136.992775,101.5498
137.104925,101.58735
137.17675,101.58925
137.296075,101.614725
137.373575,101.6551
137.42675,101.71
137.4526,101.724075
137.50525,101.7262
137.933575,101.73875
138.068,101.79675
138.10285,101.825825
138.19375,101.84775
138.27545,101.9239
138.37535,101.93735
138.397275,101.99875
138.5324,102.02145
138.612675,102.030025
138.796525,102.066075
138.9158,102.0965
138.9584,102.112025
138.9788,102.123225
139.009775,102.144
139.126,102.168525
139.41365,102.193075
139.42515,102.197225
139.5054,102.231025
139.596575,102.2646
139.61485,102.2701
139.636825,102.31075
139.76385,102.32575
140.463975,102.35815
140.472225,102.374525
140.967425,102.405425
141.04085,102.427475
141.42635,102.45755
141.517275,102.509475
141.6135,102.539675
141.84635,102.5484
142.051675,102.6139
142.1605,102.634725
142.601075,102.663
142.626425,102.7007
142.6747,102.70985
142.684075,102.74495
142.78805,102.886675
142.808325,102.916
142.9997,102.923725
143.037075,102.944225
143.31055,102.977625
143.663025,103.0541
143.677525,103.08955
144.00545,103.144525
144.0171,103.2022
144.11345,103.2773
144.14735,103.305825
144.192125,103.331575
144.448425,103.3779
144.564025,103.408125
144.5732,103.434675
144.6679,103.459475
144.95735,103.607875
145.0247,103.65115
145.252875,103.68535
145.283125,103.7169
145.32495,103.7635
145.3358,103.8429
145.4912,103.907825
145.730975,103.917525
145.90635,103.931475
146.14215,103.936075
146.30035,103.984075
146.4379,104.001225
146.652375,104.031975
147.022475,104.034525
147.1192,104.07375
147.3321,104.10485
147.348775,104.119275
147.396175,104.2131
147.57015,104.312975
148.0884,104.41395
148.291375,104.4244
148.653175,104.43865
148.68995,104.4632
148.8808,104.48445
149.174625,104.50965
149.47155,104.5701
149.531025,104.735825
149.741625,104.785325
150.370075,104.832875
150.391525,104.861825
150.4606,104.95755
150.484175,104.9952
150.526525,105.0878
150.930975,105.2816
150.99885,105.2926
151.024225,105.358125
151.425925,105.39905
151.7107,105.5359
152.647125,105.672275
152.872325,105.704425
152.923925,105.732075
153.435125,105.857125
153.547225,105.9083
154.156925,105.92695
154.4147,106.01545
155.130125,106.032575
155.269375,106.07095
155.730675,106.1164
156.3389,106.187425
156.7185,106.227975
156.94725,106.291275
157.002375,106.3439
157.398525,106.414625
157.593725,106.47285
157.6278,106.48945
157.843425,106.5298
158.2208,106.6025
158.330625,106.637575
158.3481,106.70135
158.854175,106.7583
158.892625,106.77245
159.15245,106.78595
159.23425,107.00165
159.751825,107.046625
159.76215,107.157025
160.697225,107.1975
160.773,107.372
160.788575,107.452525
161.425,107.495075
161.88035,107.5363
161.937325,107.5523
162.0878,107.572675
162.20965,107.585075
162.244475,107.598025
162.66435,107.62005
162.75195,107.683175
162.8455,107.888875
163.31765,107.9456
163.45605,107.957275
164.0488,107.989525
164.5727,108.0433
164.650325,108.065625
164.6565,108.08165
164.68115,108.1103
164.7322,108.155425
165.020475,108.16905
165.08735,108.21355
165.31125,108.263575
165.582325,108.27105
165.6981,108.2922
165.821775,108.4161
166.02065,108.420925
166.5716,108.439225
166.69675,108.4576
167.00835,108.475
167.0664,108.590925
167.997675,108.5991
168.11695,108.6103
168.6051,108.62335
168.7834,108.6727
168.9371,108.699425
170.0788,108.717675
170.145275,108.742475
170.351775,108.83235
170.43185,108.8535
170.720575,108.882175
171.092675,108.967175
171.131325,109.020525
171.300425,109.09165
171.486,109.1211
171.5906,109.14025
171.61,109.18675
172.115225,109.247925
172.55505,109.267625
172.660425,109.305675
173.16125,109.332075
173.47655,109.54035
173.810775,109.557325
174.6546,109.618425
174.7899,109.65115
176.171525,109.7045
176.429225,109.7644
176.591575,109.802475
177.13415,109.839275
177.254625,109.861025
177.47495,109.881625
178.05115,109.951075
178.0737,109.984025
178.13375,110.11785
178.38365,110.1935
178.477425,110.230225
178.594825,110.2519
178.849925,110.35595
179.118375,110.378075
179.274075,110.4192
179.327675,110.460675
179.528275,110.49765
179.5441,110.515075
179.59825,110.6119
179.966575,110.728125
180.05505,110.759025
180.093675,110.789075
180.248825,110.83995
180.3531,110.863225
180.5669,110.96515
180.93115,111.003625
181.1455,111.09485
181.443425,111.156325
181.734875,111.31155
182.33685,111.3313
182.7755,111.4701
182.817875,111.50795
182.963375,111.5279
183.194125,111.5501
183.2098,111.62395
183.243625,111.71555
183.286725,111.7885
183.7341,111.9195
183.78605,111.929875
183.794825,112.045
183.819925,112.0944
183.88935,112.158625
184.115075,112.241475
184.272325,112.26695
184.424,112.342025
184.454275,112.354425
184.4894,112.37445
184.567525,112.399675
184.753675,112.41575
185.499425,112.4485
185.64475,112.471575
185.90975,112.479325
185.981975,112.50675
186.0414,112.514375
186.2175,112.54865
186.7349,112.56255
186.753325,112.5801
186.76455,112.622475
186.9197,112.64575
187.52005,112.67505
187.575975,112.792325
187.589175,112.809825
187.647925,112.846175
187.767975,112.90035
187.79665,112.943225
187.812175,112.95945
187.834925,112.971875
188.13275,112.98145
188.288475,113.005075
188.349075,113.023125
188.3876,113.04
188.505,113.058325
188.58125,113.11775
188.8184,113.150775
188.9119,113.1616
189.106975,113.18695
189.217925,113.213875
189.440975,113.275125
189.67865,113.3337
189.97425,113.4069
190.1228,113.43235
190.190875,113.48135
190.207325,113.493
190.270725,113.504025
190.323075,113.602675
190.578575,113.6828
190.631525,113.745475
190.767775,113.77095
191.373575,113.786375
191.642625,113.811325
191.7234,113.899525
191.82355,113.921375
191.96125,113.924125
191.98035,113.98365
192.03885,114.010625
192.325675,114.05245
192.41605,114.0755
192.5245,114.1149
192.7003,114.12005
192.815675,114.146175
192.90995,114.1708
192.948625,114.192275
193.002625,114.21465
193.0872,114.24845
193.120975,114.30515
193.292225,114.310125
193.3226,114.395225
193.787625,114.416825
193.8246,114.459475
193.887525,114.4905
194.12285,114.512325
194.203125,114.61655
194.361725,114.7391
194.612525,114.756
194.724675,114.77795
194.747525,114.868675
194.79745,114.911325
194.82035,114.965
194.965025,114.979775
195.012275,114.985575
195.04455,115.07925
195.156125,115.11635
195.2009,115.125325
195.2123,115.133975
195.22825,115.155425
195.2725,115.173775
195.327025,115.183125
195.3484,115.232275
195.41625,115.4206
195.429825,115.4455
195.507525,115.48605
195.5632,115.5699
195.612,115.6
195.691925,115.803375
195.856875,115.820075
195.947875,115.83785
195.969825,115.88175
196.01735,115.89245
196.163925,116.086625
196.234125,116.449625
196.290275,117.221425
196.378025,117.226175
196.434825,117.264875
196.609075,117.441425
196.675175,117.450325
196.6994,117.4615
196.78415,117.508925
196.930925,117.53825
196.95155,117.565325
196.972025,117.597025
196.999225,117.6984
197.0505,117.7078
197.172075,117.7404
197.19875,118.099175
197.223275,118.30405
197.313475,118.56195
197.389325,118.59525
197.417875,118.782575
197.4498,118.960075
197.6055,118.984325
197.6907,119.186025
197.760125,119.333625
197.98435,119.366
198.100375,119.418475
198.123825,119.568475
198.276425,119.58495
198.37555,119.717325
198.418725,119.81345
198.44235,119.884825
198.459325,120.29445
198.485025,120.4764
198.5192,120.510475
198.5348,120.520575
198.552825,120.535525
198.570825,120.7015
198.610675,121.2021
198.731675,121.426975
198.8482,121.51875
198.8711,121.66
199.128875,121.770225
199.210875,121.79775
199.22685,122.09915
199.244675,122.21155
199.363275,122.22115
199.399425,122.32605
199.483225,122.3943
199.541275,122.3981
199.7436,122.42595
199.852475,122.607475
199.8776,122.66415
200.0242,122.7012
200.077525,123.663875
200.1491,123.785825
200.308175,124.22615
200.434225,124.3422
200.488525,124.3898
200.62185,124.407
200.7307,124.48785
200.95015,124.531425
201.003375,124.59235
201.0778,124.621175
201.12405,124.70355
201.152075,124.72865
201.17535,124.7745
201.208675,124.89325
201.31885,125.013875
201.535375,125.2733
201.664625,125.299825
201.894875,125.405425
201.9569,125.5709
202.033075,125.635925
202.088475,125.733575
202.109625,125.744175
202.1313,125.816075
202.36025,125.990275
202.512925,126.227125
202.57215,126.2962
202.59735,126.5142
202.83005,126.6415
202.905325,126.6429
202.94785,126.718225
202.97545,127.256175
203.0708,127.774325
203.200525,128.1215
203.204025,128.64925
203.22395,128.71285
203.355,128.886875
203.466375,129.430675
203.5169,129.544425
203.59815,130.4367
203.769875,130.51145
204.025925,130.5254
204.04655,130.65125
204.1167,131.056775
204.25705,131.254025
204.364975,131.4493
204.404025,131.5432
204.52915,131.588225
204.708225,132.12025
204.7776,132.363175
204.9334,133.070875
204.994375,133.077725
205.02465,133.520675
205.048125,133.7584
205.061375,134.187225
205.09865,134.189
205.266475,134.363775
205.300325,134.427475
205.322075,134.599725
205.48205,135.018625
205.505825,135.078025
205.55965,135.48085
205.6268,135.798425
205.652425,136.225575
205.71105,136.47195
205.733225,137.020125
205.8423,137.09625
205.89605,137.552975
206.018425,137.68075
206.10385,138.000275
206.17625,138.371225
206.213175,138.4777
206.23215,138.650925
206.267075,138.9237
206.4585,139.042025
206.47275,139.0804
206.556025,139.663925
206.589025,139.92775
206.621175,140.048425
206.687875,140.1862
206.807925,140.91215
206.844525,141.97805
206.957975,142.894975
207.009125,143.5053
207.032175,143.568775
207.09835,143.845125
207.1376,144.612425
207.3687,145.029575
207.379575,145.242725
207.419125,145.3285
207.661175,146.236475
207.769275,146.58535
207.815725,146.88895
207.880425,147.24085
207.99035,147.5255
208.022675,148.204225
208.05225,148.33255
208.088425,149.2735
208.1676,149.290225
208.20985,149.29205
208.231375,149.344475
208.27035,149.517875
208.309,149.570925
208.361125,150.0362
208.398825,150.26995
208.5265,150.301475
208.563125,150.345825
208.599125,150.43185
208.6331,150.899575
208.717325,150.93135
208.75775,151.02105
208.787,151.027825
208.8189,151.067525
208.853025,151.502275
208.8666,151.76245
208.8932,152.69885
208.913375,152.922975
208.993,152.946075
209.0577,153.214625
209.1222,153.244975
209.144875,153.250475
209.167675,153.293875
209.186625,153.344175
209.2169,153.506525
209.233325,153.64775
209.253725,155.236225
209.28035,155.654275
209.3837,155.854675
209.4724,156.039475
209.49705,156.3287
209.600375,156.355675
209.762275,156.5226
209.85675,156.5914
209.88445,157.11055
209.944025,157.1855
209.996375,157.63285
210.1046,158.3357
210.18895,158.35865
210.2478,158.397125
210.274675,159.170475
210.39045,160.4578
210.457225,160.712225
210.491325,160.753575
210.5308,160.896875
210.556725,161.28185
210.578075,161.32385
210.6628,161.4451
210.731925,161.553025
210.747225,161.764275
210.819225,161.86
210.8332,162.3391
210.91075,162.4945
210.9369,163.460275
210.9564,163.785925
210.97925,164.098525
211.05775,164.341325
211.078525,164.3476
211.179275,164.3842
211.224675,164.436425
211.245175,164.546725
211.25505,164.648075
211.27945,164.6966
211.3071,164.774475
211.37155,164.791625
211.434425,164.814575
211.453825,165.08415
211.582775,165.4714
211.612825,165.488175
211.724225,165.57285
211.8715,165.598025
211.89475,165.608075
211.908825,165.735025
212.0239,166.037525
212.0502,166.051175
212.154925,166.240125
212.2038,166.278875
212.3465,166.321975
212.422875,166.550075
212.455925,166.747125
212.526725,166.85925
212.569875,166.969275
212.6138,167.00405
212.663125,167.6965
212.818275,167.967075
212.8785,167.97525
212.939425,167.978125
212.98575,168.415075
213.0381,168.527175
213.09095,168.718325
213.109275,169.020475
213.1238,169.06555
213.17875,169.0721
213.2053,169.1718
213.23345,169.41635
213.253525,169.623075
213.327075,169.96275
213.34715,170.41175
213.361775,170.6318
213.411575,170.814875
213.44405,171.67745
213.551875,171.885
213.625375,171.95995
213.6455,172.1754
213.6829,172.37915
213.7438,172.50695
213.774925,172.57295
213.7944,172.7044
213.8246,173.109275
213.839825,173.211075
213.9305,173.646175
213.946875,173.666475
213.967875,174.272675
214.051675,174.730775
214.075475,175.07015
214.148175,175.09055
214.194425,175.1897
214.245725,175.830075
214.298425,176.129875
214.329925,176.142425
214.341725,176.35775
214.423225,176.474975
214.461725,176.490175
214.55465,176.7681
214.604125,176.901125
214.655175,177.132
214.70955,177.251825
214.725925,177.6486
214.799175,177.6569
214.8598,177.6645
214.8835,177.7006
214.9144,177.75725
214.957825,177.905925
214.982475,177.93965
215.01095,177.992825
215.1049,178.0003
215.129125,178.0914
215.145775,178.10625
215.159175,178.2947
215.261975,178.310175
215.268825,178.311725
215.42515,178.43925
215.446375,178.643225
215.46175,178.87215
215.48095,178.9104
215.535525,179.067475
215.604475,179.1868
215.62685,179.25545
215.71575,179.310925
215.7427,179.8204
215.810575,179.9106
215.815075,180.459275
215.830825,180.57175
215.928825,180.92235
215.9783,181.00935
216.028175,181.20355
216.103675,181.395
216.13215,181.459975
216.221425,181.6349
216.24415,181.70755
216.3031,182.414025
216.326825,182.434425
216.34195,182.62815
216.36055,182.646475
216.4871,182.86405
216.516375,183.08855
216.567,183.116525
216.596375,183.130475
216.639175,183.48175
216.67685,183.867775
216.767275,183.873025
216.82405,183.89415
216.905175,184.351125
216.934525,184.7514
216.9942,185.11135
217.0282,186.34535
217.059725,186.348825
217.08225,186.472925
217.149225,186.7411
217.159825,186.89945
217.17035,187.2406
217.232425,187.6215
217.253775,187.830575
217.322675,188.2513
217.408725,188.30225
217.4884,188.807325
217.50475,188.9159
217.514075,189.142875
217.5376,189.18545
217.5532,189.193525
217.562775,189.93185
217.6197,190.196425
217.64985,190.2852
217.667425,190.36405
217.709925,190.6213
217.719275,190.90335
217.742275,191.080275
217.755875,191.385925
217.78315,191.5113
217.861175,191.7886
217.9081,192.439
217.95575,192.45665
217.977125,192.4944
217.98745,192.83285
218.0776,193.139425
218.194825,193.40265
218.19745,193.52305
218.34845,193.602025
218.380175,193.716375
218.432825,193.8189
218.461,194.451775
218.4713,194.5511
218.575775,194.869425
218.6116,195.27695
218.624375,195.29305
218.695575,195.312925
218.854525,195.325375
218.87465,195.511675
218.901875,195.517125
218.997875,196.098275
219.06435,196.161125
219.08395,196.2405
219.10465,196.36945
219.1482,196.757575
219.2142,197.100925
219.23015,197.112125
219.3038,197.446975
219.396175,197.4695
219.472575,197.74325
219.485325,197.760775
219.5218,197.9042
219.532675,198.327975
219.5738,199.010775
219.585775,199.56885
219.649975,199.93585
219.82525,200.7115
219.840475,200.718925
219.8615,200.88825
219.880925,201.542325
219.93325,201.605875
219.9901,201.615325
220.045875,201.673125
220.134225,201.715325
220.23345,202.097325
220.2425,202.148625
220.2741,202.14985
220.330325,202.208925
220.368875,202.218575
220.4236,202.263475
220.50115,202.341775
220.728625,202.384475
220.7979,202.82785
220.84555,202.9705
220.912975,203.219825
220.939225,203.72345
220.954675,203.778675
221.0063,203.78045
221.0658,203.871075
221.07875,204.05985
221.1078,204.1379
221.13825,204.389025
221.148525,204.578
221.163275,204.7672
221.1856,205.069275
221.2277,205.074825
221.50975,205.08815
221.573575,205.616275
221.6515,206.115375
221.6746,206.87125
221.86,208.209225
221.87635,208.223425
221.94115,208.756925
221.955625,208.76075
221.984825,208.7883
222.096875,208.8394
222.113575,208.92585
222.144475,208.941725
222.18025,208.951725
222.236125,209.04355
222.35295,209.165725
222.366175,209.19845
222.429,209.27005
222.614325,209.28395
222.727575,209.297925
222.853375,209.477975
222.8834,209.897175
222.9776,210.16125
223.00375,210.217225
223.101125,210.23935
223.166775,210.367975
223.20535,211.32615
223.297675,211.41125
223.3513,211.506925
223.371225,211.803425
223.401325,212.1111
223.450625,212.13655
223.527775,212.2529
223.54535,213.0548
223.57815,213.24085
223.6264,213.720375
223.748,213.7452
223.8009,213.82645
223.932475,213.95275
223.9926,214.36415
224.08675,214.66345
224.130325,214.72445
224.18125,214.79685
224.226975,214.99175
224.309,215.0133
224.343125,215.832875
224.3647,215.85585
224.383475,215.930025
224.39935,215.94145
224.43145,216.27685
224.47745,216.42075
224.52895,216.456375
224.557775,216.760425
224.592375,216.802875
224.625125,216.973875
224.802975,217.117775
224.8157,217.441225
224.839275,217.5189
224.8523,217.54085
224.902775,217.585325
224.9827,217.610725
225.08545,217.617025
225.113175,217.618175
225.12805,218.046025
225.163325,218.0985
225.2241,218.303925
225.283875,218.380725
225.3127,218.63255
225.35535,218.70455
225.419225,218.7927
225.464025,218.90935
225.54085,219.3293
225.608125,219.35595
225.66815,219.3718
225.779825,219.434375
225.8217,219.681275
225.8485,220.06305
225.867575,220.16785
225.882525,220.416525
225.896875,220.462475
225.915175,220.525275
225.9723,220.9615
226.103375,220.9908
226.140425,221.10805
226.1683,221.144775
226.18995,221.171075
226.2408,221.252675
226.2622,221.33775
226.355275,221.530625
226.3898,221.538225
226.416025,221.979525
226.45135,222.0092
226.545625,222.091925
226.60015,222.298025
226.64445,222.350225
226.67485,222.604825
226.692325,222.6338
226.75405,222.650475
226.8433,222.69625
226.902975,222.75855
226.960025,222.9569
226.9873,223.081025
227.023425,223.097675
227.1062,223.384975
227.131775,223.41255
227.190075,223.4332
227.2336,223.4912
227.256925,224.060875
227.344625,224.077125
227.36785,224.4101
227.399975,224.777775
227.423775,224.808375
227.462125,224.8371
227.500525,224.92595
227.648325,224.95575
227.683425,225.521125
227.70625,226.35745
227.723775,226.563
227.999375,226.9376
228.016225,227.508625
228.102775,227.7793
228.13245,227.8909
228.2096,227.9981
228.267125,228.019625
228.281425,228.275875
228.317875,228.454
228.37015,228.67155
228.441975,229.079925
228.465825,229.36745
228.491175,229.5576
228.5132,229.8834
228.64595,230.4098
228.684825,230.612925
228.700825,230.633075
228.754775,230.645225
228.76915,230.693375
228.823375,230.891675
228.8412,231.011925
228.90035,231.167025
228.90995,232.117025
228.920675,232.13365
229.045375,232.182775
229.06315,232.6038
229.088275,232.62675
229.168475,233.0406
229.197625,233.1466
229.236925,233.1931
229.295725,233.311425
229.343725,233.66175
229.445925,234.085875
229.5252,234.606025
229.55965,235.244
229.62035,235.491175
229.646025,235.5087
229.69845,235.572525
229.73245,235.721075
229.773025,235.82575
229.793925,236.3531
229.8091,236.519975
229.830975,236.532875
229.90335,237.34765
229.976875,237.74845
230.047175,237.802675
230.06685,237.8177
230.0827,237.8423
230.11255,238.291325
230.133325,238.618025
230.166825,238.75135
230.207625,238.937875
230.378575,239.690075
230.462575,240.365575
230.4835,240.7606
230.5196,240.76465
230.5375,240.796875
230.5795,240.80865
230.68755,240.828875
230.7274,241.071425
230.771125,241.2693
230.80715,241.402025
230.82355,241.65345
230.92155,241.79615
230.947075,242.2097
230.98095,242.3406
231.107575,242.57915
231.12655,242.581575
231.23085,242.732575
231.26175,243.039925
231.276675,243.048925
231.296125,243.0696
231.38225,243.64765
231.459925,243.795375
231.548675,243.822125
231.6027,244.152775
231.6124,244.63045
231.6307,244.69265
231.654575,244.72725
231.66085,244.733825
231.679475,244.856275
231.71205,245.01355
231.7458,245.18305
231.772025,245.86705
231.796,245.910025
231.8141,246.044475
232.0426,246.2967
232.0958,246.3357
232.11505,246.370275
232.1513,246.388925
232.178375,246.71695
232.311375,246.902475
232.36865,246.984225
232.39785,247.198525
232.41485,247.21315
232.4329,247.293975
232.4761,247.34745
232.483375,247.43775
232.50735,247.486325
232.5315,247.54565
232.5534,248.035
232.5731,248.443625
232.600725,248.44645
232.683125,248.535775
232.7099,248.6594
232.73855,248.692525
232.809875,248.901
232.885375,248.92745
233.0453,249.351525
233.079725,249.3949
233.1039,249.562175
233.1909,249.654475
233.2482,249.9411
233.293575,250.617375
233.321925,250.706025
233.396425,250.882725
233.444475,251.318575
233.4678,251.5333
233.5666,251.782025
233.5921,251.9176
233.6637,251.94575
233.697375,253.007425
233.723325,253.3296
233.743625,253.377975
233.882125,253.43215
233.9149,253.616525
233.94605,253.70705
234.00035,253.742125
234.038625,254.0326
234.061825,254.83805
234.125175,254.85895
234.179825,254.955725
234.23645,254.99815
234.290475,255.201925
234.3725,255.3059
234.42645,255.5791
234.522075,255.7083
234.54235,255.846725
234.564775,256.10465
234.580825,256.24645
234.6508,256.65935
234.6798,256.89285
234.703275,256.895225
234.77335,257.637875
234.817625,257.6609
234.84765,257.662075
234.8737,257.668025
234.933025,257.8322
234.9583,257.9575
235.031975,258.117
235.084525,258.1625
235.113775,258.2817
235.1541,258.391475
235.1931,258.395225
235.262075,258.40365
235.285475,258.941825
235.33225,259.0173
235.36795,259.130775
235.39355,259.26235
235.419875,259.712875
235.4387,259.84955
235.472775,260.199575
235.507125,260.20585
235.5643,260.728225
235.580225,260.9113
235.609575,260.91255
235.64455,260.9211
235.64905,260.932025
235.7566,260.93765
235.795875,261.038875
235.8145,261.198875
235.9826,261.528825
236.024875,261.68095
236.080625,262.350525
236.1346,262.6377
236.19795,263.0049
236.23035,263.1806
236.369875,263.539275
236.43115,263.674025
236.4721,263.72515
236.5049,264.038275
236.537425,264.09355
236.604275,264.37165
236.62835,264.5346
236.70485,264.958175
236.86545,265.450375
236.89895,265.65905
236.960825,265.729575
237.00075,265.912275
237.115075,265.975925
237.139975,266.046125
237.195625,266.2044
237.212425,266.28515
237.27045,266.457425
237.300575,266.7116
237.32225,267.1272
237.353675,267.399825
237.386325,267.893875
237.4125,267.945325
237.432675,268.046575
237.4448,268.36345
237.47405,268.76965
237.50215,268.946975
237.5057,269.001925
237.545425,269.012275
237.58605,269.37005
237.588275,269.741475
237.6293,270.355575
237.65675,270.69415
237.705875,271.03835
237.742025,271.1683
237.75865,271.4283
237.7918,271.674875
237.8085,272.2195
237.861125,272.39805
237.878,272.4248
237.920175,272.52655
237.9758,272.535175
237.9933,272.859975
238.0105,273.10765
238.025525,273.3227
238.0859,273.6752
238.18115,274.729175
238.198375,275.442175
238.215575,275.572
238.233375,275.628
238.249675,276.0876
238.31355,276.174
238.3359,276.23395
238.3515,276.364125
238.38405,276.40465
238.428725,276.587625
238.447575,276.594075
238.49635,276.70535
238.547175,276.8408
238.568475,277.27685
238.58475,277.719925
238.598425,277.73805
238.6342,277.8555
238.664425,278.099625
238.6822,278.211675
238.7214,278.247125
238.731875,278.3576
238.767325,278.49585
238.797675,278.836975
238.8144,278.959375
238.84565,279.2278
238.865175,279.282725
238.88335,279.2989
238.913275,279.466925
239.039175,279.521725
239.095025,279.824525
239.161125,280.063175
239.2019,280.1526
239.25225,280.33185
239.3222,280.357975
239.4674,280.583675
239.4817,280.646075
239.550125,280.71225
239.567675,281.02875
239.658625,281.073175
239.703775,281.346575
239.81605,281.552375
239.868,281.55635
239.96175,281.758125
239.986125,281.774875
240.038025,281.809775
240.0634,281.9118
240.0807,282.01145
240.1698,282.2872
240.25885,282.313
240.302325,282.3329
240.32845,282.408975
240.382025,282.467775
240.40805,282.51225
240.443425,282.51865
240.46305,282.570225
240.501575,282.8024
240.539075,283.115025
240.5609,283.287325
240.59185,283.901525
240.615625,283.9322
240.6477,284.53785
240.67085,284.602775
240.7104,284.634275
240.72805,284.996775
240.7467,285.309675
240.792075,285.372125
240.834675,285.43555
240.893775,285.494475
240.90105,285.587675
240.9195,285.676975
240.94915,285.81705
241.028325,285.851925
241.2299,285.874975
241.249575,285.920875
241.268725,286.34305
241.319725,286.51025
241.35285,286.554475
241.38285,286.9464
241.498875,287.10145
241.54545,287.148075
241.625175,287.17415
241.6522,287.219825
241.679225,287.34985
241.701225,287.504975
241.7181,287.568825
241.75235,287.574225
241.769275,287.851325
241.781475,288.1248
241.839225,288.13505
241.86295,288.15545
241.922775,288.167175
241.986925,288.6886
242.005975,288.844925
242.023075,289.473575
242.101375,289.49185
242.1113,289.574925
242.160075,290.491
242.17535,290.713425
242.20075,290.8152
242.230025,290.865675
242.243925,290.92375
242.272475,291.033875
242.3113,291.161075
242.3191,291.243
242.327,291.402175
242.33555,291.468075
242.3468,291.537025
242.41115,291.5706
242.424475,291.640875
242.46265,291.74635
242.512325,291.7589
242.650525,291.8583
242.66425,291.879425
242.682925,291.925875
242.80635,291.9334
242.844525,291.981025
242.888525,291.993675
242.910525,292.501775
242.961525,293.517125
242.9847,293.907725
242.99575,293.98215
243.009625,294.023525
243.027275,294.72675
243.0656,294.732325
243.090125,294.832025
243.102025,294.863325
243.11175,294.881475
243.143875,295.3049
243.153575,295.317175
243.205075,295.436975
243.232775,295.7089
243.2917,296.27795
243.360175,296.308575
243.3816,296.35945
243.408975,297.01635
243.436275,297.4274
243.50005,297.482125
243.51385,297.6975
243.543325,297.88045
243.6322,298.121275
243.674675,298.567925
243.69395,298.6757
243.727975,298.690675
243.7627,298.706525
243.7923,298.7156
243.801925,298.755875
243.8184,298.802625
243.841725,298.868825
243.8855,299.384625
243.922025,299.532825
243.94965,300.229225
244.02845,300.3819
244.043675,300.389125
244.085575,300.419175
244.105025,300.53005
244.152425,300.59675
244.16895,300.630425
244.254575,300.791725
244.283375,300.940125
244.2932,301.1666
244.30655,301.37735
244.3177,301.583225
244.33795,302.0409
244.456125,302.38365
244.5122,302.409275
244.55095,302.5162
244.576075,303.04485
244.6008,303.45615
244.6272,303.537275
244.656675,303.703125
244.684225,304.21175
244.71165,304.39405
244.733175,304.591725
244.750825,304.88855
244.761725,304.932575
244.777525,305.027675
244.792625,305.38605
244.86655,305.394975
244.893975,307.183725
244.9239,307.2004
244.984325,307.30105
245.046,307.85
245.09085,308.58815
245.155825,308.9797
245.1811,309.466825
245.195825,309.4828
245.2859,309.49345
245.337175,309.530875
245.3619,309.691
245.384175,309.889175
245.399575,309.951325
245.42085,
245.438,
245.455325,
245.527425,
245.618025,
245.64005,
245.65995,
245.684275,
245.74585,
245.803225,
245.8249,
245.8384,
245.8576,
245.897775,
245.9128,
245.9239,
246.0374,
246.12135,
246.1643,
246.255825,
246.28435,
246.3432,
246.393175,
246.4213,
246.4282,
246.459225,
246.498425,
246.550925,
246.589,
246.63185,
246.658475,
246.67725,
246.709375,
246.7256,
246.80105,
246.811325,
246.8318,
246.94365,
246.956975,
246.97795,
247.002125,
247.108725,
247.131225,
247.16855,
247.2114,
247.225675,
247.245625,
247.296925,
247.334525,
247.357725,
247.404775,
247.447,
247.48275,
247.522625,
247.61215,
247.628225,
247.713,
247.7275,
247.76065,
247.77325,
247.80845,
247.838825,
247.8901,
247.943325,
247.985,
248.060725,
248.081625,
248.12735,
248.23325,
248.294375,
248.30975,
248.336625,
248.372725,
248.402125,
248.447825,
248.497025,
248.540425,
248.569675,
248.596475,
248.7176,
248.736425,
248.785525,
248.8791,
248.909925,
248.93275,
248.973975,
248.99775,
249.05325,
249.103825,
249.1684,
249.189075,
249.199675,
249.23155,
249.259225,
249.296275,
249.32655,
249.3449,
249.424975,
249.450175,
249.5011,
249.537675,
249.5577,
249.58405,
249.626725,
249.6568,
249.676675,
249.71945,
249.775725,
249.80495,
249.823125,
249.856925,
249.8681,
249.94075,
249.9651,
250.0081,
250.133025,
250.1698,
250.22285,
250.24945,
250.39605,
250.4357,
250.45725,
250.48125,
250.559575,
250.576825,
250.5868,
250.603675,
250.6397,
250.705225,
250.71915,
250.732925,
250.751375,
250.805425,
250.821975,
250.85875,
250.874225,
250.891725,
250.944425,
250.99105,
251.0132,
251.02595,
251.10435,
251.147175,
251.161625,
251.2265,
251.24365,
251.27105,
251.287,
251.3045,
251.3607,
251.385575,
251.51275,
251.54815,
251.579,
251.6105,
251.717975,
251.7459,
251.785225,
251.807525,
251.824025,
251.838475,
251.867375,
251.93765,
251.955925,
251.97675,
251.991575,
252.07715,
252.20585,
252.262175,
252.286225,
252.396475,
252.427725,
252.457675,
252.48875,
252.504475,
252.5189,
252.563475,
252.67485,
252.708025,
252.757875,
252.861225,
252.88725,
252.9158,
252.929525,
253.011,
253.073525,
253.097475,
253.150925,
253.22825,
253.272425,
253.301275,
253.347775,
253.42405,
253.44415,
253.469625,
253.5407,
253.5822,
253.6162,
253.737075,
253.81535,
253.848325,
253.869725,
253.8953,
253.91755,
253.935825,
253.97165,
253.98975,
254.0985,
254.12885,
254.20385,
254.21895,
254.264525,
254.30465,
254.352275,
254.38395,
254.45155,
254.486425,
254.5116,
254.538925,
254.57705,
254.599425,
254.664275,
254.73675,
254.78325,
254.795475,
254.87175,
254.9514,
254.9649,
254.9975,
255.047025,
255.06995,
255.19235,
255.24445,
255.263975,
255.275925,
255.3421,
255.480475,
255.51885,
255.53865,
255.592525,
255.66395,
255.736125,
255.777225,
255.7875,
255.79605,
255.8095,
255.901825,
255.96345,
255.9926,
256.038775,
256.081225,
256.144725,
256.19675,
256.263425,
256.500475,
256.5536,
256.5755,
256.587925,
256.600325,
256.676175,
256.72935,
256.755875,
256.779675,
256.8009,
257.08925,
257.1165,
257.1728,
257.274725,
257.28535,
257.313125,
257.4743,
257.499375,
257.756225,
257.82295,
257.92275,
258.06455,
258.166025,
258.327375,
258.42785,
258.4659,
258.528775,
258.5994,
259.04165,
259.14635,
259.37345,
259.4333,
259.4459,
259.581175,
259.680625,
259.688525,
259.87195,
259.90965,
259.958125,
259.96785,
260.001825,
260.071125,
260.1605,
260.461825,
260.4713,
260.5119,
260.58855,
260.90345,
260.943425,
260.98265,
261.0001,
261.037825,
261.29345,
261.33975,
261.6371,
261.684775,
261.716675,
261.814325,
261.9855,
262.1975,
262.43175,
262.476775,
262.638025,
263.145125,
263.20285,
263.227425,
263.25695,
263.397825,
263.47515,
264.033675,
264.20585,
264.2651,
264.4795,
264.50695,
264.530275,
264.579525,
264.68295,
264.773875,
264.819325,
264.98705,
265.0754,
265.103575,
265.14135,
265.22885,
265.243175,
265.28725,
265.5334,
265.7105,
266.103725,
266.50125,
266.548375,
266.5655,
266.73315,
266.84525,
267.155625,
267.1886,
267.2824,
267.505975,
267.666,
267.717,
267.832775,
267.84825,
267.886425,
268.180025,
268.326675,
268.3625,
268.552425,
268.562175,
268.697925,
268.76165,
268.81725,
269.011975,
269.19275,
269.314,
269.40835,
269.90515,
270.083475,
270.10485,
270.189975,
270.479925,
270.490375,
270.52565,
270.6621,
270.70865,
271.222625,
271.268025,
272.09815,
272.524575,
272.53905,
272.77065,
272.838225,
272.874,
273.182275,
273.442125,
273.669175,
273.781125,
273.9827,
274.069525,
274.08255,
274.374225,
274.694075,
274.80375,
275.006,
275.238125,
275.268875,
275.31275,
275.719875,
275.833325,
276.0676,
276.410575,
276.90505,
277.335325,
277.663975,
277.817325,
277.89,
278.0719,
278.314225,
278.7149,
278.858075,
278.890975,
279.08885,
279.311825,
279.3255,
279.739575,
280.28795,
280.450825,
280.54135,
280.54425,
280.665225,
281.87035,
282.067425,
282.260675,
282.939475,
283.001975,
283.116125,
283.1706,
283.2785,
283.906025,
284.216525,
284.328175,
284.6279,
285.114975,
285.165475,
285.194725,
285.849875,
286.773325,
287.180275,
287.320525,
288.173425,
288.2189,
288.32235,
288.342775,
288.38205,
288.56815,
288.854625,
288.8757,
289.0941,
289.53525,
289.618175,
289.886575,
289.977825,
289.9935,
290.04055,
290.19985,
290.390275,
290.62215,
290.630775,
291.236375,
291.278375,
291.493925,
292.075275,
292.5267,
292.587875,
292.604675,
293.1214,
293.4875,
293.519175,
293.616675,
293.865825,
294.2829,
294.493325,
294.616775,
294.69805,
294.850725,
295.09635,
295.17975,
295.196475,
295.2322,
295.368175,
295.4193,
295.735,
295.835575,
295.92335,
296.034575,
296.104925,
296.21555,
296.308275,
296.3158,
296.396225,
296.62715,
296.762,
296.85095,
297.36035,
297.39525,
297.814425,
297.965875,
298.17465,
299.028275,
299.4453,
299.635475,
300.0577,
300.113825,
301.360025,
301.415825,
302.32315,
302.36735,
302.453825,
302.5316,
302.9132,
303.108425,
303.8033,
305.185025,
305.265625,
305.350475,
305.425025,
305.471125,
305.6022,
305.718675,
306.307675,
306.3249,
306.577375,
306.875775,
306.95385,
307.251175,
307.375625,
308.064225,
308.228725,
308.9096,
309.4483,
309.699075,
309.942875,
