SPK_SPKC03a,SPK_SPKC05a
0.050075,0.522075
0.7205,1.6842
0.9,2.043775
0.90485,2.35865
0.982975,3.5644
1.0828,3.683175
1.38285,3.7182
1.583925,3.73415
1.60375,3.78205
1.615025,3.874675
1.631225,4.7656
1.6345,4.824975
2.28835,4.970825
2.348775,5.662975
2.384725,5.760425
2.53775,5.818325
2.6798,5.98145
2.709425,6.009675
2.9047,6.0647
3.1693,6.77235
3.19985,6.91985
3.2862,7.007775
3.3309,7.517025
3.480975,7.6459
3.52195,7.7523
3.527875,7.8804
4.203125,7.888675
4.257575,8.243275
4.3483,8.7149
4.4721,8.9145
4.502675,8.95395
4.668575,8.99455
4.691025,9.0193
5.00575,9.0857
5.03855,9.164225
5.178475,9.198525
5.1914,9.303575
5.197475,9.375375
5.201375,9.502525
5.345175,9.505825
5.4299,10.3604
5.48915,10.72385
5.57565,11.034625
5.965875,11.192075
6.0948,11.573525
6.152725,11.9203
6.2368,12.0456
6.25155,12.621275
6.68695,12.783525
7.0298,12.987025
7.03845,13.191975
7.070275,13.58005
7.3877,13.6126
7.420125,13.673975
7.8911,13.925225
7.9076,14.3247
7.91815,14.75665
7.957475,15.2919
7.96175,15.358025
8.195225,15.4011
8.211875,15.421975
8.263325,15.438525
8.278,15.469575
8.34455,15.548725
8.6768,15.65595
8.7493,15.75735
8.7623,16.104075
9.73195,16.5346
9.811825,16.638825
9.899175,16.750075
9.948025,16.774975
10.07615,17.08785
10.1142,17.3774
10.13445,17.55215
10.33685,18.226525
10.42265,18.252575
10.440075,18.371375
10.46295,18.396175
10.55555,18.447925
10.65405,18.6341
10.675475,19.03115
10.68085,19.147525
10.746,19.234325
10.77875,19.492525
10.893475,19.829525
10.9401,20.261675
11.2508,20.526875
11.33855,20.622275
11.36885,20.70375
11.4291,21.082775
11.562125,21.796
11.575425,22.077775
11.5906,22.088175
11.91215,22.226875
12.096375,22.51405
12.12535,22.5782
12.1355,22.837825
12.332875,23.120025
12.38825,23.378175
12.707725,23.68665
12.7145,23.9118
12.782975,24.263775
12.8062,24.52375
13.04955,24.86315
13.266375,24.90165
13.3507,24.91395
13.384275,24.9278
13.5805,24.953675
13.86925,24.96995
13.877825,24.983575
13.921025,24.995325
14.0951,25.014225
14.138525,25.018675
14.173225,25.069875
14.17455,25.1274
14.1896,25.1802
14.237825,25.22345
14.260225,25.2743
14.3086,25.38545
14.39595,25.462575
14.7903,25.4802
15.13935,25.524775
15.5296,25.55275
15.670375,25.578725
15.8066,25.628325
16.001975,25.65515
16.3021,25.887775
16.34955,26.08945
16.491725,26.538975
16.496675,26.5466
17.075,26.58665
17.1367,26.608875
17.299275,26.6769
17.753925,26.993625
17.91125,27.0204
18.5616,27.092975
18.650025,27.21775
18.65335,27.320725
18.8953,27.3457
18.9452,28.0448
19.044425,28.053325
19.0702,28.1134
19.5021,28.53315
19.5202,29.09605
19.594475,29.411
19.63275,29.70335
19.645975,29.75885
19.93025,29.762125
19.9623,29.778025
20.093175,29.8005
20.18125,29.8154
20.221775,29.827925
20.252925,29.85445
20.261275,29.89785
20.285925,29.91725
20.462225,29.93525
20.669375,30.00545
20.938475,30.1654
21.0823,30.311675
21.218225,30.361775
21.2465,30.478
21.370225,30.548875
21.375125,30.782325
21.376225,31.8541
21.48115,32.20735
21.492925,32.2564
21.5202,32.27
21.566675,32.28265
21.604025,32.301475
22.084275,32.351175
22.135725,32.416175
22.1369,32.448825
22.1618,32.65125
22.372475,32.7356
22.431575,32.7494
22.6878,32.783875
22.7294,32.86145
22.9136,32.907525
23.1475,32.96235
23.20765,33.017425
23.6362,33.06885
23.688825,33.133975
23.690225,33.305175
23.75555,33.4237
23.896525,33.53345
23.98295,33.566775
23.99505,33.58425
24.044475,33.659375
24.077775,33.672175
24.316075,33.74845
24.3352,33.7637
24.464375,33.83425
24.683525,33.96315
24.731225,34.023
25.285275,34.07035
25.536775,34.09865
25.701675,34.1113
25.7246,34.184125
25.751525,34.395025
25.75885,34.4204
25.76225,34.479175
25.7635,34.560325
25.8585,34.576925
25.878025,34.593275
25.89565,34.614275
25.98645,34.64375
26.106575,34.68125
26.1107,34.718
26.165575,34.7377
26.17645,34.760675
26.186225,34.85645
26.269,34.8774
26.3225,34.951475
26.332325,35.006275
26.8169,35.04625
26.836625,35.415625
26.84235,35.4492
26.8499,35.474775
26.90735,35.5407
27.346,35.6141
27.349575,35.652225
27.4001,35.6789
27.523775,35.69845
27.68425,35.761725
27.88,35.790775
28.1104,35.8257
28.28745,35.8851
28.311475,35.926925
28.337375,35.952875
28.57055,36.1021
28.571875,36.18365
28.670025,36.23765
28.8211,36.398025
29.122275,36.4491
29.171025,36.47925
29.30245,36.533275
29.36705,36.5587
30.035625,36.591775
30.081575,36.642925
30.105425,36.71515
30.1869,36.7965
30.251275,36.8651
30.28155,37.04675
30.300975,37.09645
30.3877,37.1459
30.7147,37.177475
30.71745,37.33085
30.721375,38.233875
30.8943,40.796175
30.899125,40.814825
31.016925,40.832975
31.11665,40.855225
31.336475,40.86425
31.8157,40.88285
31.84345,40.895925
31.84625,40.9156
31.8557,40.949375
31.8665,40.958575
31.884575,40.992475
31.9949,41.0096
32.0213,41.0361
32.787275,41.09
33.2429,41.25995
34.66945,41.39355
35.174025,41.4433
35.18135,42.1652
35.731425,42.1967
35.8596,42.24135
36.96855,42.26115
37.567625,42.279375
37.631025,42.29965
37.6487,42.3178
37.664025,42.3805
37.66735,42.384075
37.676225,42.434475
37.706025,42.4869
37.714575,42.527575
37.7435,42.576775
37.812325,42.659025
37.843925,42.938525
37.862375,42.943675
37.92245,43.058875
38.079475,43.336625
38.186975,43.392
38.192,43.401125
38.237875,43.478775
38.32195,43.53235
38.3232,43.5736
38.379675,43.6487
38.3878,43.897525
38.392725,44.066575
38.4956,44.6833
38.5783,44.729275
38.607725,44.7509
38.891075,44.79305
38.91655,44.8386
38.93095,44.874725
38.940225,44.890025
38.983075,44.931325
38.99455,44.99175
39.019675,45.007975
39.4902,45.020925
39.50525,45.06945
39.60645,45.105675
39.72445,45.1304
39.833825,45.182
39.8608,45.205925
40.03835,45.2477
40.22845,45.264075
40.24295,45.470175
40.4787,45.5835
40.498625,45.76635
40.524975,45.778125
40.615575,45.792675
40.649175,45.80265
41.011575,45.828175
41.0628,45.84165
41.069575,45.86175
41.112175,45.931175
41.400475,45.9862
41.679475,46.023975
41.718625,46.0724
42.18145,46.2117
42.63095,46.2299
42.656475,46.2586
42.835175,46.3096
43.060475,46.321075
43.11795,46.359725
43.17285,46.457025
43.2574,46.5103
43.562275,46.52965
43.61365,46.569925
43.644725,46.8792
43.655975,47.097225
43.665325,47.507225
43.67165,48.184575
43.7641,48.200175
43.8128,48.222825
43.935,48.26065
43.98265,48.335525
44.0115,48.367225
44.23185,49.089775
44.348925,49.203975
45.237075,49.446325
45.274725,49.5125
45.280975,49.93895
45.292125,49.984525
45.300375,50.00245
45.3144,50.05115
45.336475,50.075025
45.39235,50.1236
45.4112,50.229025
45.439075,50.28765
45.469625,50.47455
45.6431,50.530075
45.8893,50.552225
46.0711,50.56785
46.073,50.669125
46.39555,50.700875
46.4,50.715675
46.4145,50.750525
46.42505,50.836525
46.446025,50.87285
46.448275,50.88695
46.5471,51.1025
46.55575,51.21995
46.633425,51.3458
46.6879,51.55775
46.7015,51.633525
46.78695,51.662975
46.92085,51.690575
46.93435,51.72115
46.94355,51.771975
46.96655,51.793975
47.032675,51.899325
47.1246,51.996
47.2119,52.198575
47.2227,52.23975
47.2733,52.27595
47.33035,52.355775
47.40325,52.3952
47.405825,52.45435
47.522525,52.4615
47.6269,52.5193
47.852775,52.554925
47.89435,52.5839
47.91325,52.626675
47.9685,52.663975
48.2174,52.777525
48.376325,52.89495
48.4071,53.15045
48.467675,53.1733
48.516125,53.20965
48.5586,53.23625
48.561625,53.2625
48.6594,53.27275
48.71715,53.30075
48.7304,53.3232
48.736975,53.3532
48.8776,53.367325
48.885925,53.416525
48.919225,53.4717
48.976475,53.525675
49.467675,53.596975
49.533075,53.6616
49.5394,53.86145
49.92095,53.997825
50.14155,54.021775
50.20285,54.103975
50.24405,54.116575
50.3522,54.172575
50.35915,54.22835
50.684625,54.2836
50.76215,54.564925
50.80725,54.895875
50.8172,55.134
50.902175,55.5882
50.907575,55.628775
50.910025,55.658925
50.918225,55.69575
50.971375,55.768475
51.064475,55.785825
51.1497,55.798025
51.217675,55.831525
52.01885,55.851525
52.126575,55.864725
52.3306,55.9266
52.341275,55.964825
52.55785,56.017075
52.6612,56.0907
52.68265,56.2644
52.93315,57.297675
52.947975,57.312075
53.0233,57.341675
53.041875,57.353275
53.0445,57.368125
53.048625,57.41105
53.05605,57.436275
53.627575,57.507575
53.66555,57.5402
53.728525,57.592075
53.741875,57.676975
53.786825,57.745175
53.82555,58.160925
53.83985,58.455575
54.054075,58.558325
54.176275,58.58875
54.261175,58.607725
54.288175,58.67535
54.345525,58.72305
54.5612,58.813225
54.578375,58.90265
54.6052,58.964325
54.765225,59.07765
54.917325,59.09375
54.951325,59.118875
54.98985,59.511975
55.0443,59.5878
55.1115,59.60395
55.1618,59.678675
55.386125,59.7119
56.019475,59.728175
56.1481,59.75905
56.16505,59.838725
56.1697,59.87405
56.419875,59.9746
56.425225,60.025475
56.448075,60.293075
56.4552,60.93525
56.4633,60.993625
56.622575,61.01175
56.809375,61.03565
56.929225,61.071475
57.571,61.090675
57.69015,61.12385
57.72835,61.143875
57.87715,61.16785
57.923425,61.192775
58.08755,61.23095
58.104725,61.2644
58.221725,61.340775
58.239,61.448125
58.496075,61.70295
58.612625,61.9058
58.6511,61.9893
58.6926,62.023675
58.801175,62.402825
58.83405,62.413275
58.847625,62.642725
58.935575,62.662175
59.2133,62.6906
59.6056,62.73555
59.902825,62.82265
59.980175,62.8845
60.011975,62.925275
60.05505,62.991925
60.07195,63.643825
60.075475,63.685425
60.124525,63.724975
60.17735,63.76005
60.252875,63.776675
60.29775,63.81705
60.343125,63.8583
60.35745,63.8931
60.647675,63.91135
60.665075,63.9614
60.745725,64.013725
60.768925,64.04985
60.92685,64.1214
61.323675,64.237875
61.393025,64.459125
61.4198,64.5031
61.5254,64.514
61.600525,64.544375
61.609625,64.656225
61.7111,64.774075
61.79305,64.893
61.9429,64.9266
62.00445,64.961775
62.018,64.986825
62.04145,65.014775
62.3907,65.024025
62.393725,65.083175
62.423225,65.1128
62.56515,65.2058
62.575225,65.2195
62.605075,65.2699
62.76905,65.283275
62.777925,65.30445
62.8577,65.317275
62.9166,65.407325
62.9741,65.433875
62.993325,65.470975
63.404275,65.615725
63.4666,65.640175
63.922675,65.6596
63.948275,65.6862
63.966875,65.7096
64.14075,65.750525
64.238875,65.77845
64.29165,65.7916
64.43515,65.810525
64.465675,65.83305
64.718975,65.91995
64.77055,66.145525
65.233575,66.49155
65.325475,67.7079
65.403725,67.7308
65.490275,67.75635
65.53385,67.7813
65.54825,67.80555
65.5568,67.813725
65.83505,67.84265
65.860775,67.854975
65.874725,67.87335
65.892825,67.89555
65.94505,67.919275
65.9499,67.941475
66.006525,67.9563
66.082275,67.983675
66.1549,68.004525
66.1834,68.023775
66.20485,68.045725
66.49445,68.07015
66.49895,68.091875
66.6609,68.156775
66.76315,68.1718
66.887975,68.2092
66.926825,68.3631
66.969425,68.482975
67.14165,69.3011
67.152775,69.336225
67.156725,69.39685
67.172925,69.41655
67.385075,69.4588
67.388525,69.484375
67.408275,69.620025
67.414,69.957
67.4306,69.972175
68.2305,70.00625
68.3273,70.0213
68.3571,70.04365
68.424425,70.06645
68.4394,70.07885
68.47015,70.294325
68.558325,70.31325
68.631575,70.38965
68.823775,70.474625
68.827175,70.48655
68.83485,70.55385
68.851425,70.563225
68.90855,70.58965
69.037675,70.61445
69.058475,70.67185
69.094825,70.685825
69.3534,70.712975
69.374025,70.7345
69.379625,70.7824
69.409425,70.864475
69.48285,70.900575
69.567025,70.992275
69.599175,71.04445
69.742325,71.114725
69.746125,71.18705
69.810575,71.261425
70.09975,71.3284
70.159525,71.380325
70.326825,71.403325
70.3352,71.442025
70.956325,71.464625
71.0892,71.495675
71.10135,71.5715
71.189575,71.6036
71.199675,71.6678
71.5236,71.74325
71.6499,71.8095
71.6624,71.86275
71.667125,71.997525
71.991925,72.04255
72.1263,72.06685
72.1407,72.1726
72.299825,72.3168
72.369725,72.945525
72.422625,72.949525
72.47905,72.995075
72.6728,73.034275
72.6766,73.0548
73.044225,73.07975
73.27715,73.090075
73.330675,73.11995
73.33475,73.139625
73.3702,73.2029
73.551675,73.2333
73.628325,73.252375
73.7515,73.273975
73.823625,73.3965
74.061875,74.70265
74.069525,74.728
74.138475,74.7581
74.162525,75.081425
74.218925,75.385025
74.25205,75.67005
74.3939,75.816075
74.4001,75.8931
74.57195,75.941325
74.88455,76.0756
74.922025,76.091625
74.932425,76.165475
75.166875,76.19835
75.223875,76.217925
75.496925,76.276975
75.5026,76.31615
75.55135,76.342175
75.592275,76.41405
75.628725,76.462125
75.66745,76.47565
75.67145,76.4925
75.6736,76.54065
75.6773,76.67655
75.817275,76.767625
75.82665,76.8003
75.8305,76.825525
75.847775,76.86905
76.0336,76.891275
76.122825,76.90905
76.13065,76.9339
76.3663,76.953275
76.53585,76.97655
76.72645,77.06335
77.24675,77.092875
77.2527,77.119125
77.693475,77.12985
78.472425,77.171825
78.516175,77.191975
78.5277,77.227775
78.55545,77.2908
78.628625,77.31385
78.66445,77.32825
78.965825,77.342675
79.14955,77.36335
79.71305,77.405375
79.7147,77.4444
79.854825,77.4966
80.202075,77.53435
80.208675,77.587775
80.2401,77.6317
80.275825,77.659025
80.361125,77.68865
80.460925,77.774725
80.49355,77.82655
80.59065,77.89875
80.60235,77.917875
80.752975,77.928575
80.9385,77.97795
80.9422,78.0115
81.085275,78.08275
81.13635,78.118025
81.8577,78.13935
81.920425,78.190775
81.95705,78.229
82.00855,78.237875
82.014675,78.58295
82.017875,78.66785
82.211275,79.041625
82.220875,79.2224
82.22765,79.24855
82.23305,79.35765
82.437,79.389225
82.497075,79.41875
82.6867,79.436525
82.706575,79.4509
82.905925,79.474025
82.9938,79.513125
83.0059,79.5341
83.227775,79.571925
83.268425,79.5934
83.285125,79.6199
83.322475,79.669325
83.38245,79.709025
83.539325,79.724125
83.57085,79.78395
83.57385,79.8394
83.8775,79.87285
83.904125,79.9078
83.93295,79.9803
84.0032,80.006825
84.33975,80.02895
84.3492,80.06485
84.36135,80.1326
84.40905,80.161225
84.46445,80.249825
84.488125,81.35205
84.607925,81.41095
84.748425,81.432475
84.80155,81.4432
84.928525,81.46265
85.022425,81.51865
85.29375,81.5598
85.730175,81.634675
85.760775,81.694625
85.94805,81.7313
86.2204,81.8565
86.380375,81.90765
86.399975,82.054725
86.459725,82.1513
86.654625,83.2823
86.856875,84.0855
87.057925,84.19405
87.112075,84.2082
87.5772,84.258975
87.6458,84.2854
87.7063,84.325925
88.049175,84.4588
88.129375,84.602575
88.344875,84.7323
88.3928,85.06595
88.399525,85.13455
88.416775,85.163575
88.442175,85.2145
88.577775,85.2894
88.595975,85.329125
88.7656,85.582375
88.840975,85.71005
88.877775,85.72955
88.903075,85.870125
89.0938,85.909925
89.4014,86.032575
89.40485,86.0636
89.4464,86.12715
89.45055,86.147725
89.54415,86.20025
89.6415,86.34565
89.649775,86.436775
90.0123,86.51845
90.13135,86.59935
90.261625,86.93385
90.48535,87.139525
90.530375,87.180525
90.538075,87.21105
90.79155,87.237775
90.802725,87.266075
90.830225,87.2843
90.921775,87.3197
91.091375,87.358175
91.200525,87.391725
91.214525,87.40865
91.30415,87.463625
91.401625,87.4851
91.821125,87.517975
92.08455,87.53875
92.244025,87.597225
92.2539,87.618125
92.2855,87.692025
92.386475,87.807725
92.557225,87.8447
92.685525,87.871925
92.827975,87.905275
93.00895,87.961575
93.02165,88.004025
93.13,88.139775
93.2173,88.274625
93.27625,88.758875
93.282875,89.03105
93.301375,89.049775
93.3317,89.067725
93.465475,89.108725
93.639575,89.12715
93.77335,89.154625
93.830775,89.1929
93.91335,89.26305
93.976425,89.314975
93.98135,89.36605
94.00775,89.4207
94.08475,89.496925
94.0907,89.5542
94.143,89.592475
94.279725,89.684
94.3878,90.266075
94.4976,90.5577
94.50235,90.805425
94.6972,91.05495
94.72815,91.147025
94.754075,91.209375
94.807425,91.2994
94.957275,91.464375
95.373275,91.472425
95.42235,91.571075
95.6143,91.618975
95.665825,91.642675
95.719975,91.6569
96.324075,91.6795
96.859,91.752125
97.02055,91.7792
97.457075,91.9303
97.575025,92.578375
97.609875,92.710975
97.67775,93.24015
98.4341,93.332575
98.5428,93.6744
98.547975,93.71915
98.6031,93.7227
98.611925,93.896275
99.1619,93.9211
99.219525,94.091275
99.5546,94.167025
99.615275,94.245725
99.6325,94.281275
99.659325,94.36335
99.690475,94.394975
100.021725,94.452675
100.19845,94.542
100.257775,94.801875
100.3473,94.945025
100.35375,94.96895
100.579025,95.0973
101.7189,95.208175
101.750225,95.3858
101.790625,95.40855
101.7939,95.5001
101.903125,95.561375
101.979275,95.79335
101.98395,95.828025
102.08755,95.851425
102.09355,95.869375
102.106,95.881725
102.15825,95.937875
102.19035,95.957425
102.21775,95.967525
102.28155,95.9991
102.5087,96.01075
102.5191,96.0297
102.54535,96.0481
102.679625,96.07555
103.40995,96.09985
103.75005,96.1424
103.75115,96.203325
103.767125,96.324425
103.953575,96.43935
104.0463,96.50445
104.1277,96.5215
104.2108,96.578025
104.274625,96.7723
104.341025,96.92075
104.523825,96.938925
104.614375,96.98055
104.64055,97.01345
104.88685,97.056625
105.2016,97.069975
105.573175,97.09755
105.6595,97.132525
105.727125,97.28885
105.75445,97.3674
105.93775,97.41735
106.323025,97.441
106.329975,97.53095
106.351775,97.559325
106.375425,97.751725
106.54865,97.78435
106.70095,97.809025
106.72305,97.8334
107.582925,97.8569
107.6164,97.88885
107.76335,97.9517
107.9303,97.974825
108.1216,97.983575
108.284775,98.0507
108.379575,98.103275
108.433675,98.39505
108.4711,98.557525
108.491625,98.964775
108.5808,98.9849
108.6188,99.206825
108.844675,99.219175
108.873325,99.3373
108.92555,99.4228
108.9436,99.45325
108.98845,99.4772
109.066825,99.515025
109.220375,99.798125
109.244325,99.8308
109.24915,99.8573
109.268875,99.8807
109.322525,99.909575
109.376575,99.9304
109.430275,99.95765
109.43735,99.989625
109.504025,100.006225
109.6032,100.03095
109.635175,100.065125
109.639775,100.109625
109.7908,100.3824
110.74305,100.51125
111.13265,100.5213
111.6124,100.53765
111.751825,100.59025
112.3613,100.61815
112.637275,100.66115
112.852525,100.690275
112.99005,100.7104
113.285,100.741175
113.389025,100.77235
113.42725,100.78255
113.5685,100.81965
113.61625,100.836475
113.624875,100.89505
113.63075,100.963175
113.6365,100.98935
113.65165,101.02355
113.683625,101.06625
113.7009,101.087125
113.756575,101.10895
114.35155,101.1457
114.3577,101.166625
114.417875,101.18535
114.682,101.2232
114.6993,101.252675
114.71375,101.301125
114.726675,101.32725
114.735125,101.3556
115.1175,101.383125
115.210375,101.464475
115.227425,101.71745
115.31145,102.43305
115.4277,102.89495
115.494925,102.911675
115.6337,102.9783
115.641725,103.109
115.663975,103.154025
115.702525,103.2086
115.70575,103.22915
115.7117,103.291025
115.72595,103.40675
115.729125,103.493375
115.889825,103.792125
116.01815,103.85595
116.0231,103.8947
116.030375,105.0073
116.050275,105.059775
116.0536,105.133225
116.290375,105.174525
116.396125,105.19795
116.455525,105.3709
116.614875,105.4056
116.77235,105.4615
116.97085,105.499675
116.979875,105.522025
117.0095,105.54065
117.19185,105.570575
117.202775,105.68225
117.24665,105.74445
117.25555,105.8379
117.304575,105.964725
117.33185,105.9989
117.440125,106.07285
117.5267,106.093825
117.645725,106.140025
117.734175,106.17755
117.771225,106.209
117.85175,106.267625
117.88285,106.32565
118.00975,106.65995
118.1647,106.7281
118.170425,106.7819
118.1866,106.903225
118.204675,106.907225
118.209775,106.9337
118.2806,106.955625
118.464025,106.998175
118.470825,107.030025
119.0095,107.10265
119.01155,107.140675
119.068275,107.15715
119.10625,107.166125
119.145675,107.271725
119.334625,107.4491
119.4499,107.470825
119.470725,107.491875
119.526575,107.5031
119.53025,107.5277
119.545875,107.55195
119.581375,107.72115
119.5841,107.80075
119.60275,107.8416
119.63635,107.897125
119.643925,107.930775
119.689625,107.978925
119.69235,108.02315
119.743925,108.037275
119.78,108.163625
119.888125,108.186925
119.942075,108.20405
119.955575,108.229
119.9994,108.258375
120.015875,108.702925
120.049875,108.718975
120.304525,108.803
120.41565,108.855775
120.417025,109.027875
120.513775,109.05195
120.547325,109.0658
120.5753,109.16035
120.599925,109.18965
120.777075,109.252775
120.856225,109.544325
120.9474,109.58375
121.12745,109.883075
121.1318,109.911975
121.3622,109.940775
121.420075,109.9575
121.778975,109.984475
121.783675,110.022675
121.9187,110.058475
121.965125,110.075925
122.27375,110.099575
122.285025,110.117625
122.337475,110.137625
122.3547,110.173975
122.474425,110.20685
122.501825,110.25415
122.507475,110.280975
122.54715,110.305275
122.748775,110.315775
122.81385,110.400375
122.8208,110.441825
122.828775,110.481075
122.8612,110.5175
122.91145,110.5777
123.348325,110.605325
123.41315,110.628225
123.43925,110.66515
123.4458,110.699875
123.5515,110.775125
123.5567,110.813325
123.732725,110.8435
123.7536,110.89125
123.859975,110.981025
124.1216,111.0313
124.3886,111.045125
124.457325,111.100025
124.510875,111.166025
124.529125,111.217375
124.531925,111.2503
124.53595,111.279225
124.67955,111.29825
124.71425,111.322925
124.731825,111.359775
125.3398,111.397325
125.344375,111.4223
125.34595,111.481425
125.347575,111.509875
125.35175,111.5445
126.002125,111.555675
126.020125,111.58495
126.301775,111.60075
126.47905,111.642525
126.635625,111.6948
126.641,111.835925
126.66175,111.873925
126.662875,111.958525
126.665325,112.070425
126.703075,112.128925
126.7753,112.151875
126.812075,112.173775
126.98635,112.2173
127.1118,112.270025
127.12515,112.32975
127.135375,112.350975
127.1528,112.415875
127.17425,112.444325
127.238075,112.47645
127.247675,112.48625
127.31965,112.523
127.658425,112.558825
127.665275,112.588475
127.732075,112.653625
127.756425,112.68815
127.9969,112.704225
128.0067,112.804075
128.0296,112.84115
128.0495,112.97375
128.07725,113.075875
128.0857,113.233675
128.099,113.300575
128.14805,114.05815
128.151725,114.0875
128.35265,114.14165
128.38295,114.369175
128.40005,114.8672
128.438775,114.9022
128.5003,114.9687
128.519625,114.9994
128.7005,115.02585
128.708325,115.4988
128.7267,116.146125
128.83165,116.28175
128.910875,116.381425
128.98015,116.545075
129.02445,116.629725
129.040775,116.654625
129.07635,116.668
129.128475,116.68865
129.14585,116.707975
129.162225,116.804425
129.2038,116.8753
129.28585,116.899125
129.37145,116.932225
129.3808,116.9703
129.41755,117.00125
129.440525,117.057
129.511875,117.1482
129.5838,117.237875
129.59865,117.641225
129.69165,117.8687
130.03845,117.88735
130.485125,118.170075
130.588375,118.230175
130.884575,118.25595
131.15035,118.59415
131.190325,118.603375
131.19715,118.629475
131.20215,118.668875
131.252475,118.695775
131.32165,118.72955
131.324875,118.74
131.5596,118.761925
131.695825,118.796225
131.706025,118.815
131.777725,118.851525
131.792075,118.87795
131.797725,118.897725
131.80425,118.937225
131.8072,118.973
131.8175,119.04855
131.855375,119.10415
131.94155,119.331825
132.099875,119.375175
132.106525,119.390575
132.133575,119.451025
132.136575,119.5242
132.26505,119.658975
132.272875,119.685425
132.276525,119.95525
132.29805,120.34185
132.3995,120.481575
132.429075,120.5687
132.474325,120.836225
132.48585,121.1009
132.6012,121.135175
132.636,121.157475
132.6429,121.195
132.8718,121.214425
133.0072,121.24565
133.025025,121.28045
133.18925,121.32265
133.2489,121.3489
133.26835,121.369975
133.370675,121.397375
133.44515,121.4599
133.46785,121.516375
133.4714,121.549025
133.49615,121.583075
133.577575,121.622025
133.59695,121.876925
133.60715,122.01895
133.634475,122.07755
134.063775,122.288925
134.072,122.59805
134.0774,122.6539
134.121425,122.71545
134.128025,122.74535
134.132825,122.7837
134.244175,122.7985
134.40455,122.8398
134.42905,123.020425
134.462325,123.079175
134.49205,123.092675
134.528425,123.12485
134.67565,123.15205
134.681725,123.169025
134.797,123.23465
134.803125,123.252675
134.81035,123.270875
135.492125,123.297875
135.498675,123.348525
135.668875,123.423875
135.69875,123.46325
135.70265,123.927
135.7763,124.0472
135.811775,124.615
135.866325,124.84155
136.067275,124.886875
136.07955,124.919725
136.092125,124.934675
136.11685,124.969775
136.128725,124.991925
136.141175,125.00805
136.19175,125.021625
136.35775,125.025675
136.601175,125.04745
136.60625,125.0848
136.79945,125.09345
136.805325,125.12005
136.86645,125.1308
136.951825,125.190175
136.997025,125.20925
137.0006,125.22165
137.074825,125.23985
137.134275,125.279
137.217625,125.39405
137.3366,125.4317
137.3523,125.487825
137.43785,125.51935
137.45805,125.569675
137.532475,125.59535
137.5486,125.635925
137.6252,125.665525
137.637025,125.694325
137.870825,125.721525
137.874475,125.7458
137.948675,125.78435
138.0203,125.814775
138.0395,125.8586
138.04795,125.872525
138.268125,125.893075
138.33115,125.937725
138.408275,125.946725
138.503175,125.98505
138.714,126.055925
138.733975,126.083625
138.74255,126.121425
138.928575,126.154975
138.9993,126.17805
139.003825,126.202875
139.024625,126.227675
139.068425,126.23685
139.072,126.249875
139.2039,126.328175
139.3185,126.42535
139.442175,126.548925
139.447775,126.732025
139.571825,126.9606
139.682575,127.11735
139.70195,127.485725
139.76005,127.545375
139.796975,127.563425
139.979775,127.613675
140.178925,127.6455
140.312275,127.78165
140.3331,127.801
140.358825,127.8176
140.608525,127.834675
140.621425,127.8512
140.6716,127.8903
140.721575,127.927875
140.802325,127.959175
140.8624,127.98315
140.873,128.02885
140.91635,128.207
141.21245,128.28915
141.266225,128.374225
141.289125,129.69195
141.295575,129.736375
141.39735,129.7523
141.40265,129.807
141.4372,129.833525
141.4565,129.86005
141.588175,129.906475
141.6705,129.92275
141.686375,129.935025
141.892325,129.948675
141.935675,129.955
141.947025,129.97845
141.977875,129.99865
141.98825,130.020025
142.4658,130.034525
142.507075,130.068825
142.513175,130.090775
142.516225,130.114325
142.538525,130.1239
142.562275,130.14175
142.607,130.16805
142.650375,130.186175
142.68125,130.201025
143.06555,130.239325
143.1099,130.26305
143.122775,130.279625
143.126,130.334425
143.1318,130.43065
143.15425,130.49195
143.198275,130.526925
143.208725,130.728
143.477,130.733825
143.765825,130.79365
143.7792,130.814
143.787075,130.847525
143.850525,130.88215
143.9586,130.937925
144.052725,130.9785
144.060925,131.00075
144.0847,131.062975
144.0975,131.0868
144.156925,131.1678
144.249875,131.19545
144.3456,131.387225
144.368325,131.404775
144.390325,131.43505
144.414875,131.453975
144.453625,131.503575
144.4955,131.5325
144.7075,131.62565
144.712225,131.670525
144.73595,131.73545
144.79405,131.789475
144.88315,131.943425
144.89755,132.6039
145.0236,133.301275
145.116625,133.56375
145.2783,133.77825
145.430375,133.7948
145.44905,133.808125
145.4738,133.827225
145.72185,133.845725
146.058225,133.867
146.0904,133.880275
146.1562,133.89575
146.193875,133.926375
146.294175,133.948775
146.4737,133.9847
146.499775,134.062425
146.590175,134.118475
146.785675,134.370575
146.8647,134.6707
146.898075,134.8765
146.943575,134.92715
147.834575,134.993525
147.8806,135.023725
147.896525,135.047575
147.9244,135.088325
148.00995,135.108625
148.018625,135.13195
148.155875,135.14645
148.160875,135.179675
148.16605,135.205625
148.189875,135.227175
148.20105,135.250225
148.206025,135.267475
148.2263,135.298575
148.432175,135.323975
148.466325,135.39695
148.472625,135.4179
148.623775,135.441225
148.628475,135.5915
148.75275,135.624125
148.772975,135.675225
148.80705,135.749625
149.0335,135.863075
149.089025,135.934575
149.106875,135.968375
149.121775,136.08135
149.1582,136.140925
149.229225,136.224825
149.247425,136.449775
149.249475,136.470775
149.712025,136.48855
149.71765,136.50625
149.733775,136.544325
149.73765,136.56985
149.790275,136.58785
149.893825,136.62655
150.008225,136.646725
150.01565,136.66625
150.03305,136.687875
150.0791,136.706275
150.229575,136.7437
150.321075,136.757275
150.327875,136.824575
150.3666,137.866825
150.3832,138.331025
150.429225,138.481175
150.556275,138.511925
150.78795,138.522125
150.831525,138.550025
150.921225,138.586375
151.133175,138.635875
151.160325,138.667
151.23,138.7168
151.286625,138.820625
151.397075,138.993975
151.4238,139.348375
151.43125,139.383925
151.438225,139.4481
151.4434,139.670125
151.45385,139.74665
151.4837,139.8068
151.5805,139.933825
151.704225,140.033625
151.70865,140.084775
151.881025,140.208675
152.026225,140.230175
152.033625,140.2552
152.0565,140.274775
152.11245,140.377225
152.171325,140.585575
152.256575,140.721125
152.352225,140.7472
152.385125,140.828275
152.3984,140.871025
152.782825,141.013375
152.86505,141.031525
152.980625,141.07155
152.9951,141.118725
153.10945,141.132225
153.16705,141.1665
153.22685,141.19155
153.2531,141.2166
153.313125,141.275775
153.39345,141.324375
153.53615,141.404875
153.585625,141.4497
153.598,142.0403
153.70945,142.141025
153.75575,142.1755
153.923075,142.192975
153.9815,142.212625
154.2786,142.23065
154.29185,142.25525
154.345,142.295575
154.35595,142.327575
154.4065,142.36225
154.4949,142.38505
154.734275,142.40765
154.756775,142.462525
154.769225,142.48965
154.775775,142.5258
154.91715,142.71325
154.950175,142.739
155.10675,142.750125
155.166275,142.7868
155.193075,142.814525
155.257125,142.82935
155.715275,142.86345
156.269625,142.885875
156.276525,142.905075
156.305225,142.9495
156.3093,142.98065
156.3859,142.99635
156.41065,143.0331
156.5357,143.091925
156.609,143.1265
156.6401,143.129225
156.738275,143.1647
156.75685,143.31015
156.806675,143.349925
156.8923,143.404125
156.9192,143.418925
156.987425,143.460025
157.003375,143.49855
157.0425,143.50665
157.053925,143.534375
157.1931,143.573225
157.8368,143.591475
158.0436,143.60775
158.16055,143.63695
158.16405,143.6627
158.186,143.68315
158.2176,143.69745
158.227925,143.7206
158.234875,143.774525
158.33215,143.901825
158.337325,143.9929
158.36075,144.087775
158.453,144.2474
158.465825,144.390975
158.4977,144.5898
158.516275,144.62385
158.668,144.644125
158.8497,144.706975
158.976525,144.930775
159.0994,146.036475
159.50985,146.261575
159.662225,146.4627
159.669025,146.911125
159.679425,146.968575
159.816625,147.0165
159.97065,147.031575
159.9954,147.046075
160.011925,147.088925
160.02405,147.106625
160.033625,147.123125
160.1166,147.14735
160.295825,147.176475
160.32295,147.189375
160.43665,147.2046
160.581275,147.26645
160.588625,147.28895
160.62315,147.30905
160.69305,147.333675
160.71935,147.345925
160.79645,147.404775
160.93455,147.48365
161.263925,147.555025
161.35075,147.6201
161.35475,147.671625
161.4778,147.733125
161.4927,147.7548
161.516775,147.7729
161.637375,147.799
161.6877,147.8562
161.734375,148.077075
162.0668,148.1773
162.07925,148.219225
162.09205,148.55175
162.096325,148.772375
162.103175,148.929975
162.1347,149.352275
162.22395,149.44135
162.3239,149.460175
162.352625,149.49225
162.35865,149.521
162.508725,149.559475
162.702625,149.66015
162.784675,149.717275
162.849625,149.734775
163.005725,149.777675
163.0134,149.926525
163.019875,149.992525
163.26965,150.2279
163.2977,150.481975
163.310125,150.6442
163.363575,150.7009
164.373125,150.763725
164.37975,150.819725
164.790425,150.947525
164.80325,151.057525
164.9433,151.299725
165.020225,151.907425
165.053025,152.35705
165.0644,152.464125
165.072375,152.49005
165.08585,152.515125
165.2694,152.539875
165.29745,152.5555
165.348975,152.601425
165.3929,152.6835
165.435925,152.71515
165.48815,152.736375
165.500025,152.79845
165.514,152.81
165.5173,153.1732
165.5539,153.23815
165.9674,153.7881
166.511475,154.11735
166.592275,154.322375
166.61385,154.369475
166.663425,154.43415
167.347875,154.464
167.35565,154.504925
167.36125,154.52965
167.74505,154.57045
167.747375,154.618225
167.7524,154.7148
167.755525,154.9358
167.7706,155.172825
167.800425,155.231975
167.867275,155.3862
167.969325,155.405675
168.00465,155.42725
168.1054,155.448725
168.119875,155.46615
168.13755,155.484725
168.14915,155.499775
168.176625,155.561375
168.232325,155.5896
168.272175,155.60905
168.29195,155.63165
168.322075,155.665825
168.358425,155.677425
168.399325,155.728475
168.523975,155.75255
168.527125,155.77045
168.546025,155.795625
168.5528,155.817325
168.562125,155.83455
168.613725,155.857475
168.733325,155.8847
168.75515,155.901325
168.786275,155.930575
168.85455,155.942825
168.869475,155.962275
168.886575,156.01505
168.89415,156.03345
168.91545,156.072475
168.948775,156.1068
168.97595,156.129225
168.9816,156.1593
168.986475,156.2138
168.99835,156.232025
169.1054,156.254775
169.1197,156.563475
169.19315,157.607225
169.305725,157.61475
169.5975,157.6431
169.66345,157.67075
169.702575,157.703675
169.705575,157.72005
169.808125,157.7523
169.838975,157.804125
169.9123,158.093025
169.944425,158.559375
169.947375,159.07745
169.95725,159.25335
170.11255,159.298675
170.33045,159.302475
170.3629,159.32825
170.3738,159.36185
170.430575,159.394725
170.54795,159.4102
170.6063,159.4309
170.61075,159.456425
170.739,159.4795
170.744425,159.4984
170.7771,159.51975
170.79235,159.560375
171.066675,159.617325
171.209575,159.650075
171.25855,159.721825
171.32605,159.77635
171.349525,159.79655
171.379625,159.931475
171.592575,159.992325
171.6571,160.104075
171.659275,160.288925
171.7049,160.539975
171.7077,160.957675
171.714575,161.06945
171.717275,161.0879
171.804,161.114175
171.96905,161.144775
171.991925,161.163975
172.03445,161.20575
172.058125,161.2576
172.130125,161.285425
172.140175,161.385625
172.256225,161.471425
172.26285,161.8578
172.2711,161.94465
172.2897,162.0006
172.386825,162.054275
172.39265,162.526325
172.42115,162.646675
172.7086,162.671675
172.716425,162.762475
172.762825,162.8033
172.7686,162.873525
172.83605,162.9096
172.917675,163.561525
172.92985,163.59015
172.940825,163.62355
172.96105,163.66585
172.9937,163.6965
173.075975,163.755525
173.086525,163.819175
173.20315,163.857975
173.306525,163.902675
173.322475,163.94515
173.360925,163.9989
173.546925,164.013325
173.5517,164.065325
173.691975,164.11305
173.731125,164.145625
174.031275,164.174125
174.167475,164.1949
174.177375,164.21875
174.185825,164.2392
174.19705,164.2526
174.237725,164.266425
174.249975,164.301175
174.295725,164.339375
174.352375,164.364925
174.4045,164.38495
174.551475,164.483925
174.5657,164.5013
174.632625,164.551975
174.65445,164.622375
175.09135,164.649675
175.094975,164.668
175.142475,164.694725
175.229525,164.717225
175.61135,164.73455
175.6906,164.7642
175.696825,164.793575
175.701775,164.848775
175.70675,164.89405
175.7117,164.99875
175.7332,165.071775
175.750125,165.17955
176.0103,165.224325
176.02305,165.25195
176.0286,165.3012
176.0366,165.338
176.053325,165.3423
176.302675,165.493675
176.371075,165.575625
176.37855,165.61725
176.574225,165.674975
176.594325,165.704075
176.602,165.75075
176.675175,165.78205
176.9105,165.807775
177.0182,165.813475
177.076675,165.874425
177.10545,165.91325
177.120275,165.95635
177.22575,165.9943
177.289525,166.05945
177.292175,166.0958
177.42495,166.149225
177.475425,166.306725
177.4889,166.351575
177.593975,166.382625
177.59885,166.398825
177.7234,166.434975
177.772425,166.453925
177.81505,166.520625
177.893,166.749775
178.50945,166.789475
178.6471,166.80935
178.71425,166.824175
178.811625,166.915425
178.815875,166.9591
178.88855,166.97985
178.903825,167.001975
178.908575,167.019025
178.983075,167.061025
179.13155,167.08965
179.213375,167.15725
179.247325,167.19805
179.261775,167.2397
179.430725,167.28825
179.448875,167.554775
179.4555,167.6148
179.48195,169.36175
179.61645,169.430025
179.639075,169.491325
179.713675,169.502325
179.754775,169.5221
179.7799,169.6554
179.789475,169.79295
179.801525,169.884425
179.947675,169.908225
180.06765,169.930575
180.08625,170.11305
180.11665,170.3215
180.124675,170.863525
180.13545,170.90245
180.251625,170.948125
180.28185,170.98035
180.395775,171.20195
180.403775,171.307975
180.415225,171.4653
180.4195,171.492925
180.42595,171.784225
180.470725,171.882775
180.8111,171.94415
180.84685,172.080825
180.851575,172.456125
180.884725,172.48145
180.89585,172.5439
180.901525,172.57365
181.1495,172.607325
181.157075,172.641375
181.267475,172.660875
181.298475,172.712525
181.302525,172.853775
181.398,172.935925
181.414225,173.2071
181.481725,173.257675
181.49325,173.261675
181.55665,173.67435
181.6401,173.717825
181.64745,174.0776
181.661225,174.08585
181.798675,174.34935
182.03295,174.79655
182.082975,174.81165
182.329675,174.853375
182.42255,174.906425
182.4384,174.92705
182.72795,174.95825
182.759325,175.22245
182.8938,175.269775
182.955025,175.303925
182.983525,175.395575
182.997225,175.41435
183.16695,175.5162
183.187225,175.53715
183.260275,175.56425
183.442875,175.636625
183.4846,175.717425
183.49455,175.848075
183.510125,176.124275
184.13155,176.230725
184.1514,176.3101
184.4282,176.326825
184.59065,176.523075
184.619925,176.544575
184.72375,176.605675
184.7967,176.6832
184.847275,176.730275
184.947725,176.790775
184.99765,176.8306
185.1244,176.85605
185.131325,176.8731
185.1377,176.901925
185.14965,176.9635
185.2103,177.0017
185.2439,177.05215
185.4424,177.0703
185.456625,177.1824
185.46335,177.202175
185.6124,177.3165
185.613725,177.35445
186.0412,177.406575
186.0771,177.45635
186.139425,177.76705
186.142125,178.066125
186.160325,178.1018
186.1705,178.139375
186.299675,178.166875
186.33125,178.206525
186.372775,178.234575
186.3887,178.2566
186.428525,178.28405
186.457125,178.34235
186.64175,178.50485
186.704825,178.652675
186.792425,180.059725
187.17885,180.5451
187.857725,180.587575
187.8763,180.606675
187.907425,180.61955
187.92195,180.65745
187.9753,180.691725
188.367225,180.720475
188.381725,180.739825
188.420675,180.750575
188.80325,180.79055
189.038275,180.816925
189.241275,180.855775
189.30405,180.9294
189.38815,180.9651
189.4204,181.005075
189.6325,181.04415
189.636575,181.0665
189.641725,181.07355
189.8999,181.1202
189.92005,181.213425
189.982575,181.26065
190.033,181.3056
190.041625,181.4266
190.085675,181.460225
190.097625,181.4891
190.21385,181.525875
190.49795,181.5693
190.56265,181.621
190.657225,181.934725
190.8449,182.0039
190.8683,182.07005
190.9219,182.12905
190.988575,182.14875
190.992875,182.1698
191.022175,182.287475
191.1597,182.3398
191.2532,182.635775
191.262725,183.16375
191.2689,183.5557
191.595975,183.71235
191.656,183.75515
191.67425,183.779825
191.736425,183.8173
191.830575,183.87065
191.950225,183.89985
191.954775,183.918075
191.98795,183.96345
192.348825,183.9819
192.3792,184.010675
192.421925,184.0259
192.5136,184.057025
192.7758,184.086025
192.79315,184.110325
192.840125,184.13875
192.9074,184.169575
192.9166,184.2191
193.103125,184.245475
193.12815,184.414325
193.1402,184.4296
193.295275,184.504
193.69275,184.5277
193.72005,184.54975
193.72645,184.68125
193.751175,185.0705
193.76345,185.613325
193.912525,185.716725
193.918375,185.736625
193.96925,185.820875
193.974175,185.83155
194.082775,185.85265
194.202725,185.8643
194.80465,185.88345
194.92235,185.8927
194.937625,185.925675
194.941275,185.946675
195.003825,185.986025
195.060975,186.030175
195.083875,186.03585
195.263425,186.1442
195.34835,186.1649
195.47785,186.202525
195.52025,186.381775
195.54315,186.732475
195.5708,186.9104
195.575325,186.93185
195.604375,186.947875
195.607025,186.9823
195.676725,187.000275
196.022625,187.009525
196.100875,187.0433
196.13905,187.063625
196.298875,187.0923
196.328825,187.125575
196.344975,187.2119
196.401175,187.231
196.41995,187.282075
196.450575,187.311225
196.475575,187.346225
197.023075,187.369325
197.02955,187.517775
197.1466,187.598025
197.157425,187.64055
197.388475,187.7121
197.5453,187.7285
197.602875,187.77995
197.629,187.813075
197.642225,187.838775
197.6998,187.860275
197.8241,187.90875
197.88425,187.930425
197.9547,188.0408
197.966325,188.124075
197.982525,188.160925
198.147825,188.19095
198.1543,188.229
198.232125,188.24815
198.249875,188.279125
198.4195,188.328525
198.927875,188.36955
199.521075,188.459
199.7371,188.491025
199.784275,188.54625
199.838675,188.577675
,188.60715
,188.6504
,188.6772
,188.69665
,188.763625
,188.795525
,188.818325
,188.844725
,188.875425
,188.90335
,188.943825
,188.963525
,189.004675
,189.028125
,189.0672
,189.105825
,189.126825
,189.150625
,189.17495
,189.226375
,189.28455
,189.357475
,189.5235
,189.565525
,189.62295
,189.70675
,189.85955
,189.900975
,190.31925
,191.54275
,192.00825
,192.06285
,192.09825
,192.11165
,192.128625
,192.141075
,192.1981
,192.22665
,192.305375
,192.493075
,192.586525
,192.6143
,192.648225
,192.698625
,192.734025
,192.7649
,192.9945
,193.0296
,193.06
,193.13625
,193.1832
,193.21775
,193.28965
,193.460875
,193.51725
,193.5506
,193.574125
,193.60765
,193.645175
,193.690725
,193.73225
,193.80885
,193.879225
,194.122875
,194.604225
,194.638625
,194.6791
,194.710125
,194.73685
,194.761825
,194.7664
,194.831225
,194.87465
,195.029125
,195.17755
,195.705775
,196.61675
,196.651475
,196.669825
,196.680525
,196.702525
,196.7164
,196.738925
,196.7602
,196.7878
,196.8035
,196.81825
,196.8425
,196.856575
,196.880275
,196.90175
,196.92065
,196.95755
,197.0102
,197.043325
,197.227775
,197.264675
,197.302275
,197.35305
,198.35575
,198.5268
,198.55855
,198.5795
,198.6034
,198.638875
,198.665675
,198.6965
,198.70815
,198.72175
,198.763175
,198.785125
,198.79715
,198.8126
,198.836625
,198.875175
,198.905675
,198.9164
,198.956975
,199.168275
,199.21385
,199.255375
,199.270075
,199.290525
,199.306575
,199.326725
,199.371425
,199.395525
,199.493025
,199.61335
,199.7622
,199.830625
