SPK_SPKC05a,SPK_SPKC09a,SPK_SPKC16a
7.08435,0.775575,0.01645
7.1102,1.040275,0.02345
8.248975,1.10025,0.035575
8.752,1.155975,0.048875
15.40325,1.55625,0.0608
16.854875,1.982875,0.086225
22.818625,2.96755,0.1043
24.214825,2.983025,0.128625
26.515825,3.203875,0.147875
26.65635,3.40175,0.1733
29.4424,3.42105,0.203775
30.784625,3.7144,0.2347
31.191575,3.841175,0.2604
35.34735,3.867275,0.28325
37.5522,4.40205,0.299475
38.721825,6.25595,0.309425
40.3227,6.37815,0.31985
40.442325,6.7922,0.331975
41.97155,9.3189,0.34165
42.041475,9.516975,0.352975
42.349175,10.0405,0.366025
45.588,11.89055,0.37865
46.161675,12.59515,0.391275
47.18625,17.199975,0.39975
47.588275,18.1282,0.4038
48.2396,19.737125,0.422875
51.532375,20.107225,0.445675
53.735675,21.28085,0.466
57.965125,21.363025,0.499775
58.84835,21.71885,0.53165
66.70165,22.510875,0.57045
66.823475,23.582025,0.6147
68.7838,23.686525,0.645075
78.21895,24.676625,0.670775
83.2972,25.20125,0.69505
84.67025,26.9572,0.722325
84.73345,27.999725,0.75
84.823475,29.172175,0.789025
90.03225,30.630575,0.829425
94.738625,30.7077,0.860425
95.92635,32.1374,0.889175
97.178125,32.2999,0.9128
98.065025,32.439675,0.935725
99.513425,32.7232,0.949375
99.572225,33.05285,0.96185
101.923725,33.607575,0.97015
102.391775,33.904525,0.9782
103.952625,34.434675,0.984375
104.341225,34.638725,0.989875
105.97925,34.812625,0.99525
106.526175,34.998525,0.99935
106.990625,35.23545,1.0044
107.852475,35.285825,1.01395
110.000275,35.63275,1.018275
110.6666,37.4468,1.027925
111.01125,37.47395,1.033225
113.119125,37.550425,1.03985
114.8772,39.632425,1.0469
115.85755,39.6819,1.052525
117.43095,39.914625,1.05995
117.843875,40.3729,1.06695
118.3201,41.871325,1.077825
119.2414,42.60895,1.087175
120.06265,43.0826,1.1046
121.244775,43.846575,1.122975
121.27885,44.095825,1.149325
121.3212,45.97175,1.17015
121.67035,46.9263,1.202025
127.0047,47.555225,1.247
128.667,48.288475,1.281075
129.32465,48.5106,1.340725
130.862275,48.715575,1.356875
132.923625,48.895125,1.368075
134.1615,49.019925,1.3776
134.2895,49.683375,1.38665
135.436625,50.574175,1.39395
136.261625,51.559525,1.401
136.9086,53.21955,1.40705
136.916325,53.47645,1.412825
137.651475,53.627975,1.4182
139.208025,53.8205,1.4233
139.595725,53.826525,1.42835
142.681425,53.87495,1.436825
143.185425,54.6232,1.44555
145.507375,54.701425,1.4502
145.637425,55.3109,1.455725
146.006625,55.315125,1.460925
146.410675,55.43745,1.465925
146.769075,56.58495,1.47205
147.683475,57.13975,1.478525
148.518225,57.56575,1.49345
149.005,58.59605,1.50345
151.1703,58.83625,1.5122
151.744875,58.96615,1.52545
151.81105,60.204975,1.562975
151.821325,60.532175,1.592775
152.323575,60.737625,1.6308
152.6714,61.717775,1.6691
153.711425,62.2138,1.690725
157.376425,62.75545,1.703525
159.57685,62.8038,1.712425
159.725575,63.263725,1.718225
160.725775,63.32735,1.723775
160.748375,63.433325,1.7285
161.443,63.584375,1.735775
163.141325,63.7849,1.739925
163.5456,64.836625,1.743825
163.74085,64.8552,1.7474
164.245375,65.0344,1.748975
164.34925,65.753075,1.758
166.574275,65.924075,1.765675
167.8458,66.0163,1.7717
167.9515,66.17895,1.77555
168.1942,66.551425,1.779
168.642775,66.773775,1.78305
170.414075,67.22305,1.79245
171.843875,67.303225,1.796875
171.863175,68.08115,1.8027
172.8134,68.193175,1.807125
172.86725,68.783325,1.8111
173.65065,69.6815,1.821175
173.67085,70.87265,1.83345
174.588575,71.034725,1.849925
174.644875,71.0794,1.855325
174.9943,71.111975,1.8632
,72.069275,1.868475
,72.881575,1.8817
,73.9329,1.88895
,74.77805,1.8998
,75.265425,1.90725
,75.52865,1.932325
,76.240625,1.9419
,76.264025,1.9503
,76.4958,1.958725
,76.735975,1.964325
,77.203925,1.97025
,77.377075,1.977675
,77.76415,1.982475
,77.982575,1.99755
,78.08725,2.00505
,78.386775,2.012925
,78.48495,2.03165
,79.0654,2.038175
,79.9369,2.04645
,79.946875,2.0629
,80.007975,2.069075
,80.3687,2.076925
,80.5728,2.093825
,80.805925,2.130675
,80.971075,2.17085
,81.398,2.190975
,81.938625,2.222825
,82.510875,2.25825
,82.8457,2.2983
,83.93695,2.326425
,84.187325,2.332475
,84.206225,2.362225
,85.174375,2.393325
,85.909075,2.41465
,86.05345,2.426575
,86.34455,2.440275
,86.7356,2.4453
,86.856425,2.44855
,87.384425,2.4511
,87.51675,2.4544
,87.65075,2.45785
,87.75945,2.46695
,88.2687,2.473025
,88.364875,2.47565
,88.623525,2.47905
,88.665625,2.487625
,89.1313,2.493425
,89.3673,2.495675
,90.080175,2.500525
,90.231275,2.5047
,90.5051,2.506225
,90.889375,2.514625
,91.384125,2.526875
,91.405525,2.5336
,91.417975,2.55065
,91.575475,2.556275
,91.9253,2.5649
,92.2572,2.56975
,92.418125,2.576075
,92.855325,2.5829
,92.998775,2.589025
,93.301725,2.596125
,93.336975,2.6036
,93.41165,2.610625
,93.97185,2.617525
,94.025025,2.6246
,94.38065,2.630475
,94.432675,2.644775
,94.463325,2.653075
,95.5362,2.66075
,96.148275,2.669725
,96.3027,2.676925
,96.6592,2.685375
,96.681475,2.70395
,96.7107,2.7111
,96.746075,2.72085
,96.929775,2.7405
,97.272475,2.758575
,97.65775,2.7767
,98.230325,2.80095
,98.27015,2.825775
,98.349,2.827675
,98.40175,2.848275
,98.78725,2.871675
,98.9531,2.88895
,99.0714,2.894425
,99.2512,2.90555
,99.496575,2.9128
,99.76665,2.918425
,100.04805,2.924175
,100.055275,2.929375
,100.434575,2.9339
,100.519875,2.938525
,100.568725,2.942475
,100.8014,2.94665
,101.48235,2.95135
,101.60475,2.9562
,101.77145,2.960975
,102.423475,2.972075
,102.43475,2.9786
,102.77075,2.98545
,102.883375,2.992175
,103.1792,2.9992
,103.632525,3.007225
,103.946425,3.021625
,104.7652,3.03765
,105.063125,3.05215
,105.170775,3.065125
,105.253025,3.082825
,105.584125,3.0977
,106.020475,3.104825
,106.3405,3.133625
,106.647725,3.154825
,107.439875,3.17635
,107.796375,3.203675
,108.3328,3.222375
,109.15,3.2466
,109.260575,3.276825
,110.813575,3.289025
,110.92115,3.3032
,111.483975,3.321925
,112.96745,3.358325
,113.55425,3.369425
,113.780925,3.377
,113.823675,3.3855
,114.30765,3.3933
,114.3859,3.403825
,114.59245,3.411375
,115.078875,3.42075
,115.15505,3.431175
,115.2969,3.451625
,115.342425,3.460625
,116.8577,3.474225
,117.31065,3.487675
,117.37075,3.509175
,117.5663,3.52995
,117.8059,3.549575
,117.88625,3.582325
,118.0212,3.601725
,118.371525,3.63495
,118.864225,3.657875
,119.232475,3.685225
,119.3054,3.708325
,119.480325,3.730475
,119.625575,3.7461
,119.7285,3.7564
,119.77585,3.7659
,120.0826,3.774175
,120.25255,3.78105
,120.30355,3.788275
,120.35735,3.8026
,120.3701,3.80985
,120.78325,3.821075
,120.8557,3.8269
,121.293075,3.83275
,121.32135,3.8396
,121.3976,3.857775
,121.476375,3.867175
,121.51655,3.8753
,121.880025,3.883475
,122.01365,3.88535
,122.227725,3.8931
,122.34105,3.90515
,122.516775,3.9245
,122.8426,3.93635
,122.871175,3.9576
,123.0125,3.982175
,123.694775,4.0043
,123.82415,4.02825
,123.95635,4.047075
,124.793525,4.06545
,125.3175,4.0778
,125.413375,4.092775
,125.59955,4.105825
,125.6638,4.121675
,125.7143,4.136825
,126.595675,4.1499
,126.7685,4.1634
,126.9515,4.17355
,126.99395,4.1897
,127.18425,4.203575
,127.915525,4.2201
,128.0473,4.28235
,128.128525,4.3137
,128.260375,4.34555
,128.420875,4.374975
,128.623525,4.40175
,128.711225,4.43175
,128.771425,4.45535
,128.866,4.473825
,129.0431,4.48475
,129.180375,4.497875
,129.196125,4.505025
,129.592975,4.51725
,129.745325,4.520725
,129.75175,4.5259
,129.756725,4.528025
,129.785525,4.5323
,129.9516,4.53625
,130.090525,4.54015
,130.267325,4.5428
,130.606075,4.546975
,130.696875,4.550275
,130.7527,4.55745
,130.80355,4.5662
,130.842925,4.575075
,130.9491,4.5812
,130.978975,4.593675
,131.108175,4.600325
,131.219925,4.606425
,131.32695,4.61225
,131.39085,4.619
,131.4125,4.6326
,131.4253,4.64695
,131.6067,4.66325
,131.9432,4.67215
,132.50635,4.68465
,133.084025,4.70035
,133.25395,4.71255
,133.566725,4.722475
,134.063825,4.7375
,134.144925,4.7512
,134.21005,4.762575
,134.3831,4.7894
,134.78895,4.8079
,134.9665,4.826325
,135.02765,4.849
,135.11345,4.862175
,135.282275,4.8813
,135.324625,4.892075
,135.631375,4.901825
,135.798825,4.911225
,135.808425,4.9216
,136.02815,4.931875
,136.17495,4.941025
,136.2319,4.9519
,136.24405,4.9705
,136.289,4.9817
,136.627725,4.990375
,136.676275,5.0079
,136.74725,5.023025
,137.0518,5.05715
,137.151025,5.1037
,137.31125,5.13425
,137.336875,5.17815
,137.769925,5.20635
,137.84365,5.22685
,138.44255,5.252075
,138.70385,5.275475
,139.04315,5.299075
,139.0952,5.3207
,139.568475,5.338425
,139.6247,5.350175
,140.07055,5.359125
,140.118125,5.365425
,140.48715,5.371175
,140.554125,5.376025
,141.132075,5.38175
,141.353025,5.38505
,141.637425,5.388225
,141.90645,5.39165
,142.202975,5.39495
,142.40155,5.398225
,142.744925,5.404475
,142.859075,5.407475
,143.202875,5.4111
,143.313125,5.414625
,143.477425,5.420175
,143.8676,5.42725
,143.970175,5.43125
,144.076425,5.4352
,144.1878,5.440575
,144.222825,5.4481
,144.2438,5.45335
,144.8397,5.4607
,145.075625,5.471675
,145.242775,5.479675
,145.33925,5.49235
,145.62415,5.520025
,145.757625,5.535025
,146.1029,5.54605
,146.255525,5.567175
,146.366725,5.622025
,146.407925,5.695625
,146.439375,5.7221
,146.45595,5.73615
,146.5583,5.745025
,146.74865,5.753
,146.927325,5.760125
,147.419775,5.766025
,147.43795,5.771225
,147.48315,5.77775
,147.614775,5.784825
,148.001125,5.789625
,148.023725,5.7952
,148.090475,5.8013
,148.1133,5.8118
,148.1443,5.81795
,148.216725,5.825
,148.265375,5.832375
,148.692125,5.8389
,148.74385,5.845
,148.7822,5.863225
,148.996775,5.882675
,149.459275,5.890975
,149.4719,5.901525
,149.514775,5.9599
,149.81815,6.006425
,149.9793,6.045225
,150.279325,6.076375
,150.39405,6.120975
,151.13095,6.128125
,151.1686,6.134475
,151.25215,6.140125
,151.719875,6.1447
,151.74095,6.1494
,152.244575,6.15855
,152.71985,6.162825
,153.202775,6.1733
,153.227725,6.178225
,155.16335,6.19025
,155.69175,6.196275
,155.805325,6.2033
,155.913325,6.209725
,156.218075,6.21675
,156.3456,6.222275
,156.47225,6.2281
,156.5226,6.2344
,156.594075,6.240175
,157.124975,6.246475
,157.390425,6.2523
,157.46675,6.261875
,157.536875,6.27855
,157.749575,6.294475
,157.8439,6.30325
,157.893225,6.3129
,157.996675,6.324825
,158.21935,6.3284
,159.200475,6.33715
,159.29175,6.351925
,159.572575,6.365475
,159.596475,6.37895
,159.935775,6.399775
,160.1755,6.4238
,160.3353,6.4584
,160.56445,6.487475
,160.6794,6.520325
,161.155275,6.52955
,161.218475,6.53345
,161.251325,6.53695
,161.646775,6.543025
,161.921025,6.548625
,162.511,6.554425
,162.61985,6.558775
,162.670675,6.567375
,162.761525,6.57115
,163.102475,6.57445
,163.76145,6.57845
,163.896425,6.58215
,164.125875,6.586675
,164.25895,6.589975
,164.276625,6.593675
,164.323525,6.600775
,164.42675,6.6049
,164.6453,6.612575
,164.714125,6.6249
,164.91225,6.63275
,164.9813,6.64005
,165.429325,6.651025
,165.697,6.661925
,165.85805,6.6715
,166.02205,6.67795
,166.7187,6.686
,167.160325,6.69525
,167.40845,6.702125
,167.4708,6.7094
,168.8056,6.7179
,168.81125,6.72745
,168.83735,6.73635
,168.979225,6.7439
,169.317475,6.752675
,169.566475,6.76045
,169.883975,6.772375
,170.3278,6.77825
,170.450375,6.78275
,171.26895,6.794075
,171.539025,6.8109
,171.88,6.8318
,172.31745,6.86235
,172.334625,6.89535
,172.811075,6.931675
,173.221425,6.969
,173.266475,7.0077
,173.479175,7.022675
,173.583075,7.028575
,173.6118,7.034125
,173.830725,7.042525
,174.5118,7.046525
,174.89275,7.054125
,174.949925,7.061075
,175.524325,7.0649
,175.5482,7.06965
,175.5823,7.0735
,176.10495,7.084125
,176.170075,7.088825
,176.2114,7.11575
,177.331275,7.119675
,177.379775,7.121125
,177.742975,7.12625
,178.24205,7.131925
,178.53035,7.14605
,178.77055,7.1514
,178.89915,7.1575
,179.1483,7.162925
,179.3025,7.16955
,179.819075,7.17645
,,7.18355
,,7.1883
,,7.194425
,,7.204775
,,7.217425
,,7.225
,,7.231
,,7.23935
,,7.248075
,,7.2585
,,7.27275
,,7.2838
,,7.300725
,,7.322225
,,7.3513
,,7.3697
,,7.37715
,,7.38045
,,7.38255
,,7.38705
,,7.3985
,,7.4021
,,7.406075
,,7.40945
,,7.41735
,,7.4205
,,7.425925
,,7.4298
,,7.434375
,,7.43815
,,7.452725
,,7.462775
,,7.4679
,,7.473025
,,7.488425
,,7.5022
,,7.51025
,,7.5119
,,7.515875
,,7.5486
,,7.553225
,,7.560275
,,7.569125
,,7.574825
,,7.580125
,,7.58925
,,7.595475
,,7.6062
,,7.6133
,,7.621925
,,7.62895
,,7.647575
,,7.6609
,,7.674625
,,7.68645
,,7.706625
,,7.723875
,,7.7432
,,7.769475
,,7.8015
,,7.840525
,,7.877075
,,7.911925
,,7.952725
,,7.98875
,,8.021825
,,8.05265
,,8.07595
,,8.0959
,,8.10575
,,8.1115
,,8.11735
,,8.122
,,8.1269
,,8.130975
,,8.135325
,,8.140325
,,8.14665
,,8.153225
,,8.15915
,,8.16675
,,8.1756
,,8.1957
,,8.2065
,,8.216775
,,8.22755
,,8.24865
,,8.2578
,,8.2678
,,8.284625
,,8.2913
,,8.29835
,,8.305975
,,8.314125
,,8.3233
,,8.339825
,,8.35115
,,8.363875
,,8.405625
,,8.43625
,,8.467
,,8.493475
,,8.53285
,,8.563925
,,8.59555
,,8.615175
,,8.6317
,,8.6466
,,8.65725
,,8.6676
,,8.671
,,8.67485
,,8.690525
,,8.69355
,,8.69785
,,8.700575
,,8.704425
,,8.70735
,,8.731975
,,8.73765
,,8.743875
,,8.748575
,,8.753325
,,8.778775
,,8.784825
,,8.788925
,,8.79325
,,8.800625
,,8.8062
,,8.813075
,,8.820625
,,8.826375
,,8.83255
,,8.837975
,,8.842725
,,8.8478
,,8.852875
,,8.85865
,,8.87165
,,8.878775
,,8.885625
,,8.8927
,,8.899325
,,8.90625
,,8.912675
,,8.92045
,,8.92915
,,8.938025
,,8.952225
,,8.96365
,,8.96565
,,8.978625
,,8.99435
,,9.0151
,,9.045875
,,9.079
,,9.140625
,,9.1611
,,9.184625
,,9.1897
,,9.198775
,,9.2088
,,9.22225
,,9.23155
,,9.240325
,,9.24785
,,9.25495
,,9.265175
,,9.2763
,,9.2875
,,9.2968
,,9.305475
,,9.31385
,,9.32455
,,9.331475
,,9.339275
,,9.351625
,,9.361875
,,9.372025
,,9.381975
,,9.388125
,,9.3947
,,9.40745
,,9.4139
,,9.42495
,,9.43225
,,9.43655
,,9.441225
,,9.4462
,,9.4568
,,9.46065
,,9.46225
,,9.474475
,,9.48635
,,9.4918
,,9.497375
,,9.502675
,,9.5087
,,9.516
,,9.5215
,,9.528
,,9.533975
,,9.54075
,,9.5478
,,9.55585
,,9.5653
,,9.593375
,,9.6114
,,9.627875
,,9.6484
,,9.6683
,,9.6928
,,9.712825
,,9.7467
,,9.7739
,,9.844225
,,9.876925
,,9.906075
,,9.9324
,,9.953825
,,9.977075
,,9.992925
,,10.01335
,,10.02685
,,10.045875
,,10.05835
,,10.065975
,,10.0729
,,10.083025
,,10.091625
,,10.094625
,,10.098925
,,10.103275
,,10.1075
,,10.11135
,,10.12615
,,10.13655
,,10.143325
,,10.15045
,,10.156
,,10.164125
,,10.171125
,,10.177575
,,10.1845
,,10.195675
,,10.203225
,,10.209875
,,10.2216
,,10.238125
,,10.249025
,,10.252625
,,10.25895
,,10.2655
,,10.270075
,,10.277525
,,10.283225
,,10.289875
,,10.2956
,,10.30305
,,10.30985
,,10.317225
,,10.3231
,,10.330375
,,10.340525
,,10.34885
,,10.3577
,,10.374875
,,10.384175
,,10.386875
,,10.39815
,,10.4159
,,10.4271
,,10.444975
,,10.4699
,,10.49705
,,10.543925
,,10.5902
,,10.623425
,,10.650375
,,10.682275
,,10.69765
,,10.713375
,,10.72605
,,10.7307
,,10.747525
,,10.761425
,,10.772775
,,10.782275
,,10.7889
,,10.7942
,,10.798825
,,10.803975
,,10.8077
,,10.8128
,,10.815125
,,10.817375
,,10.82155
,,10.825575
,,10.829775
,,10.83435
,,10.83875
,,10.844925
,,10.850225
,,10.855625
,,10.861025
,,10.873275
,,10.880175
,,10.890275
,,10.906575
,,10.9154
,,10.93905
,,10.94905
,,10.96015
,,10.970125
,,10.979725
,,10.9983
,,11.020675
,,11.0409
,,11.09855
,,11.14345
,,11.164175
,,11.202475
,,11.213725
,,11.222425
,,11.22915
,,11.2357
,,11.240125
,,11.244825
,,11.2491
,,11.253575
,,11.257175
,,11.2613
,,11.265175
,,11.27325
,,11.2774
,,11.281075
,,11.285525
,,11.2968
,,11.30285
,,11.3094
,,11.315475
,,11.3214
,,11.327675
,,11.332725
,,11.338375
,,11.3432
,,11.351275
,,11.355275
,,11.35935
,,11.3629
,,11.3666
,,11.370475
,,11.3739
,,11.3831
,,11.3882
,,11.3939
,,11.40495
,,11.411775
,,11.4169
,,11.437075
,,11.442425
,,11.449475
,,11.45615
,,11.46555
,,11.472875
,,11.479725
,,11.486325
,,11.49815
,,11.50435
,,11.5099
,,11.521325
,,11.526175
,,11.53105
,,11.542225
,,11.5484
,,11.571425
,,11.5982
,,11.62365
,,11.636225
,,11.659625
,,11.6821
,,11.7223
,,11.770025
,,11.794025
,,11.8248
,,11.8467
,,11.86105
,,11.8741
,,11.8821
,,11.890375
,,11.89775
,,11.902975
,,11.908325
,,11.91875
,,11.92385
,,11.928825
,,11.940325
,,11.947225
,,11.96105
,,11.967325
,,11.973875
,,11.97955
,,11.987275
,,11.996725
,,12.006225
,,12.01555
,,12.0271
,,12.0386
,,12.0508
,,12.061075
,,12.069975
,,12.086275
,,12.09545
,,12.103975
,,12.10675
,,12.110975
,,12.11785
,,12.123025
,,12.12925
,,12.140625
,,12.14995
,,12.155175
,,12.161475
,,12.1669
,,12.173875
,,12.18005
,,12.1991
,,12.205825
,,12.214125
,,12.2223
,,12.23035
,,12.2529
,,12.28065
,,12.283475
,,12.290625
,,12.3028
,,12.312825
,,12.323625
,,12.33335
,,12.33465
,,12.3463
,,12.359975
,,12.374225
,,12.386875
,,12.4011
,,12.41155
,,12.426775
,,12.43795
,,12.451425
,,12.4632
,,12.489975
,,12.491075
,,12.507975
,,12.5319
,,12.558975
,,12.587825
,,12.6283
,,12.6577
,,12.689075
,,12.72815
,,12.742275
,,12.7506
,,12.7566
,,12.7659
,,12.7734
,,12.777675
,,12.7846
,,12.800325
,,12.804625
,,12.809875
,,12.826175
,,12.84945
,,12.863325
,,12.875025
,,12.88075
,,12.885725
,,12.89215
,,12.904025
,,12.909
,,12.9149
,,12.91965
,,12.92485
,,12.943725
,,12.949225
,,12.953975
,,12.960125
,,12.96545
,,12.970725
,,12.976175
,,12.982575
,,12.988475
,,12.995325
,,13.0029
,,13.010225
,,13.02085
,,13.0306
,,13.038625
,,13.050275
,,13.07425
,,13.0888
,,13.101
,,13.112725
,,13.1252
,,13.136125
,,13.155575
,,13.167875
,,13.17765
,,13.183325
,,13.186975
,,13.18925
,,13.190925
,,13.195375
,,13.198925
,,13.20165
,,13.2073
,,13.234675
,,13.24035
,,13.249525
,,13.257375
,,13.26425
,,13.2705
,,13.2811
,,13.286175
,,13.28755
,,13.291325
,,13.2955
,,13.299925
,,13.3045
,,13.31565
,,13.322575
,,13.3288
,,13.335175
,,13.3421
,,13.349175
,,13.355475
,,13.362275
,,13.369475
,,13.377025
,,13.384875
,,13.393575
,,13.402525
,,13.4099
,,13.4362
,,13.444625
,,13.45905
,,13.473825
,,13.4778
,,13.494275
,,13.52095
,,13.558175
,,13.584375
,,13.6073
,,13.62825
,,13.6579
,,13.681475
,,13.68325
,,13.7371
,,13.765325
,,13.780875
,,13.796125
,,13.80415
,,13.8113
,,13.8165
,,13.826175
,,13.830275
,,13.835125
,,13.84225
,,13.84615
,,13.849675
,,13.853925
,,13.858
,,13.8618
,,13.865875
,,13.8694
,,13.882775
,,13.891425
,,13.90045
,,13.90575
,,13.912275
,,13.918325
,,13.932125
,,13.943025
,,13.95195
,,13.961525
,,13.9749
,,13.99245
,,14.0089
,,14.02305
,,14.037525
,,14.054925
,,14.07475
,,14.095175
,,14.125575
,,14.161275
,,14.1818
,,14.21145
,,14.22485
,,14.2377
,,14.246975
,,14.26105
,,14.267125
,,14.274
,,14.2791
,,14.29055
,,14.2951
,,14.300475
,,14.3056
,,14.31795
,,14.32385
,,14.330825
,,14.3376
,,14.3445
,,14.35255
,,14.363725
,,14.3714
,,14.3823
,,14.393275
,,14.418475
,,14.433375
,,14.453025
,,14.477925
,,14.503425
,,14.52615
,,14.546275
,,14.568825
,,14.5845
,,14.591075
,,14.60215
,,14.62025
,,14.6405
,,14.665375
,,14.688825
,,14.708175
,,14.73585
,,14.771525
,,14.783725
,,14.79235
,,14.804425
,,14.80915
,,14.81385
,,14.82365
,,14.832875
,,14.842875
,,14.8466
,,14.8558
,,14.861375
,,14.8665
,,14.87205
,,14.87605
,,14.880775
,,14.8843
,,14.88555
,,14.889925
,,14.898825
,,14.9042
,,14.910975
,,14.924725
,,14.9302
,,14.935975
,,14.952
,,14.95665
,,14.962125
,,14.96655
,,14.970875
,,14.982725
,,14.987275
,,14.9889
,,14.99085
,,14.9953
,,15.009
,,15.0179
,,15.022125
,,15.030325
,,15.03925
,,15.061625
,,15.073275
,,15.08055
,,15.0881
,,15.1052
,,15.1135
,,15.12925
,,15.13925
,,15.153025
,,15.1646
,,15.1754
,,15.18665
,,15.2018
,,15.23445
,,15.279775
,,15.301975
,,15.321
,,15.3367
,,15.3587
,,15.3778
,,15.3903
,,15.400025
,,15.407925
,,15.415025
,,15.422575
,,15.4292
,,15.435375
,,15.44065
,,15.46425
,,15.4758
,,15.5191
,,15.53755
,,15.557225
,,15.573075
,,15.57685
,,15.6027
,,15.6275
,,15.64255
,,15.66835
,,15.684975
,,15.710375
,,15.7245
,,15.7315
,,15.739575
,,15.7547
,,15.7664
,,15.778625
,,15.7856
,,15.788675
,,15.7917
,,15.8015
,,15.810775
,,15.814875
,,15.8217
,,15.82595
,,15.827125
,,15.83515
,,15.844675
,,15.851025
,,15.857325
,,15.863025
,,15.8686
,,15.8755
,,15.88025
,,15.8843
,,15.885375
,,15.889925
,,15.895575
,,15.89945
,,15.904125
,,15.917425
,,15.922525
,,15.92715
,,15.9319
,,15.93665
,,15.941575
,,15.9502
,,15.95405
,,15.95515
,,15.983925
,,15.9976
,,16.0111
,,16.020625
,,16.038075
,,16.0558
,,16.07845
,,16.1161
,,16.159575
,,16.166475
,,16.19695
,,16.24885
,,16.281175
,,16.308
,,16.3151
,,16.322175
,,16.3274
,,16.333175
,,16.338275
,,16.34305
,,16.351375
,,16.3606
,,16.3762
,,16.3812
,,16.3858
,,16.39025
,,16.3977
,,16.399625
,,16.422775
,,16.431375
,,16.432775
,,16.439075
,,16.446375
,,16.4526
,,16.461525
,,16.4691
,,16.481025
,,16.490725
,,16.506425
,,16.520875
,,16.5322
,,16.554725
,,16.59835
,,16.65825
,,16.68785
,,16.707425
,,16.717525
,,16.72515
,,16.7361
,,16.7414
,,16.7457
,,16.7498
,,16.7537
,,16.76235
,,16.766775
,,16.771425
,,16.8
,,16.80515
,,16.81535
,,16.82485
,,16.829925
,,16.835625
,,16.8402
,,16.8446
,,16.853975
,,16.859475
,,16.864375
,,16.870075
,,16.8745
,,16.8805
,,16.884825
,,16.89065
,,16.90415
,,16.911075
,,16.93555
,,16.9462
,,16.956675
,,16.9685
,,16.9801
,,16.996125
,,17.030375
,,17.06025
,,17.08165
,,17.09995
,,17.1174
,,17.131575
,,17.15205
,,17.177975
,,17.20195
,,17.218
,,17.22885
,,17.237675
,,17.2462
,,17.259975
,,17.275075
,,17.2934
,,17.3182
,,17.335825
,,17.360825
,,17.382425
,,17.42105
,,17.45095
,,17.476275
,,17.49905
,,17.528
,,17.544875
,,17.581775
,,17.59625
,,17.603575
,,17.61325
,,17.618075
,,17.637225
,,17.645525
,,17.6537
,,17.65885
,,17.66885
,,17.674425
,,17.69635
,,17.70105
,,17.70745
,,17.713
,,17.730725
,,17.736025
,,17.752775
,,17.767625
,,17.77205
,,17.7815
,,17.785825
,,17.7969
,,17.80175
,,17.807475
,,17.812525
,,17.82595
,,17.832625
,,17.848375
,,17.855925
,,17.8741
,,17.88555
,,17.903525
,,17.9164
,,17.938475
,,17.966125
,,17.992125
,,18.031475
,,18.0756
,,18.1031
,,18.14515
,,18.15575
,,18.16405
,,18.1723
,,18.174925
,,18.179225
,,18.18485
,,18.19115
,,18.200625
,,18.207175
,,18.214575
,,18.22045
,,18.234
,,18.24005
,,18.24645
,,18.25175
,,18.255775
,,18.2608
,,18.26615
,,18.2707
,,18.2746
,,18.27905
,,18.2931
,,18.30215
,,18.31255
,,18.330075
,,18.3439
,,18.35235
,,18.360525
,,18.381675
,,18.391275
,,18.4032
,,18.434575
,,18.45
,,18.4798
,,18.51335
,,18.5572
,,18.584225
,,18.621275
,,18.627125
,,18.63325
,,18.6381
,,18.647225
,,18.65135
,,18.655525
,,18.66405
,,18.6722
,,18.6787
,,18.6878
,,18.700625
,,18.7064
,,18.734225
,,18.7427
,,18.749575
,,18.7752
,,18.7822
,,18.79045
,,18.799275
,,18.8068
,,18.8136
,,18.8299
,,18.838175
,,18.88105
,,18.893325
,,18.905225
,,18.924275
,,18.943625
,,18.96115
,,18.9867
,,19.010525
,,19.032125
,,19.0717
,,19.0821
,,19.0903
,,19.09635
,,19.100425
,,19.1041
,,19.111375
,,19.1152
,,19.1178
,,19.120475
,,19.1231
,,19.128675
,,19.18325
,,19.18865
,,19.202625
,,19.20835
,,19.21685
,,19.232125
,,19.25055
,,19.261575
,,19.265125
,,19.269925
,,19.274475
,,19.2793
,,19.2848
,,19.2966
,,19.302025
,,19.309275
,,19.314425
,,19.327975
,,19.3339
,,19.353675
,,19.3786
,,19.400875
,,19.40995
,,19.42165
,,19.43075
,,19.443475
,,19.460675
,,19.474875
,,19.5459
,,19.584775
,,19.61585
,,19.648825
,,19.6719
,,19.685325
,,19.692075
,,19.697425
,,19.702675
,,19.714075
,,19.717475
,,19.721525
,,19.724775
,,19.728775
,,19.733375
,,19.73695
,,19.742175
,,19.761625
,,19.7741
,,19.7801
,,19.78605
,,19.791025
,,19.804575
,,19.822875
,,19.828375
,,19.8343
,,19.851575
,,19.857
,,19.862725
,,19.8744
,,19.905025
,,19.919325
,,19.925775
,,19.934375
,,19.9427
,,19.96315
,,19.972125
,,19.97955
,,19.99335
,,20.002925
,,20.032775
,,20.0494
,,20.077425
,,20.114925
,,20.1407
,,20.145575
,,20.178875
,,20.20805
,,20.2352
,,20.239225
,,20.251625
,,20.261375
,,20.267875
,,20.2717
,,20.27535
,,20.278625
,,20.28285
,,20.2912
,,20.2965
,,20.3088
,,20.31445
,,20.319825
,,20.3254
,,20.336275
,,20.343175
,,20.349175
,,20.3546
,,20.36605
,,20.371925
,,20.382825
,,20.387275
,,20.39395
,,20.39925
,,20.409375
,,20.41445
,,20.431625
,,20.43655
,,20.441375
,,20.4459
,,20.45045
,,20.45495
,,20.467575
,,20.49225
,,20.50025
,,20.521325
,,20.5348
,,20.572775
,,20.605075
,,20.634675
,,20.70875
,,20.75175
,,20.766425
,,20.77505
,,20.78235
,,20.787925
,,20.802375
,,20.814475
,,20.822275
,,20.825675
,,20.829675
,,20.83355
,,20.8414
,,20.8457
,,20.850375
,,20.856425
,,20.8614
,,20.8742
,,20.887025
,,20.902725
,,20.9204
,,20.939525
,,20.9408
,,20.951125
,,20.965275
,,20.98345
,,20.990825
,,21.000475
,,21.0138
,,21.051775
,,21.075225
,,21.110375
,,21.14575
,,21.1792
,,21.21905
,,21.2332
,,21.241125
,,21.247675
,,21.253
,,21.2586
,,21.263075
,,21.2673
,,21.283775
,,21.293
,,21.29815
,,21.30405
,,21.31145
,,21.316625
,,21.33365
,,21.3384
,,21.3561
,,21.36285
,,21.3679
,,21.381575
,,21.3961
,,21.402425
,,21.409925
,,21.417375
,,21.433825
,,21.44215
,,21.448875
,,21.47185
,,21.481775
,,21.492375
,,21.502225
,,21.526075
,,21.562975
,,21.587575
,,21.60705
,,21.616625
,,21.626475
,,21.632025
,,21.6397
,,21.643175
,,21.6465
,,21.653625
,,21.66035
,,21.66975
,,21.6752
,,21.690175
,,21.695825
,,21.708825
,,21.714675
,,21.723425
,,21.725925
,,21.731475
,,21.760825
,,21.775975
,,21.792825
,,21.809725
,,21.8279
,,21.8502
,,21.871725
,,21.891775
,,21.91225
,,21.93595
,,21.96435
,,21.9783
,,21.98655
,,21.999425
,,22.0067
,,22.016175
,,22.01915
,,22.022125
,,22.028375
,,22.03495
,,22.06555
,,22.075425
,,22.112375
,,22.122425
,,22.133675
,,22.1435
,,22.158875
,,22.1745
,,22.201225
,,22.2299
,,22.24295
,,22.252175
,,22.28875
,,22.310225
,,22.330125
,,22.353025
,,22.3751
,,22.395625
,,22.422175
,,22.4572
,,22.503825
,,22.550175
,,22.58975
,,22.603825
,,22.61305
,,22.622475
,,22.62945
,,22.63635
,,22.649325
,,22.655525
,,22.666925
,,22.6745
,,22.6891
,,22.695275
,,22.70345
,,22.7126
,,22.727375
,,22.734475
,,22.749825
,,22.782025
,,22.800325
,,22.827275
,,22.85455
,,22.870025
,,22.89895
,,22.93645
,,22.974075
,,23.00215
,,23.025975
,,23.04265
,,23.056425
,,23.06415
,,23.070825
,,23.0836
,,23.0927
,,23.09755
,,23.1041
,,23.11155
,,23.12925
,,23.139675
,,23.149675
,,23.1592
,,23.169375
,,23.18235
,,23.19675
,,23.216725
,,23.227725
,,23.241375
,,23.253525
,,23.2713
,,23.29265
,,23.317925
,,23.346875
,,23.36655
,,23.382625
,,23.405975
,,23.42625
,,23.466075
,,23.4913
,,23.511725
,,23.529225
,,23.540675
,,23.55165
,,23.562575
,,23.5724
,,23.58615
,,23.602625
,,23.66115
,,23.6817
,,23.702075
,,23.706175
,,23.714
,,23.7232
,,23.73045
,,23.736875
,,23.74365
,,23.7491
,,23.7642
,,23.779725
,,23.795125
,,23.8075
,,23.817825
,,23.831025
,,23.8431
,,23.87825
,,23.90675
,,23.949475
,,23.972875
,,24.033
,,24.058775
,,24.087475
,,24.106525
,,24.122
,,24.131725
,,24.137875
,,24.142875
,,24.151425
,,24.1584
,,24.168
,,24.1707
,,24.17955
,,24.18245
,,24.191475
,,24.206975
,,24.2286
,,24.2346
,,24.249225
,,24.2549
,,24.263175
,,24.269025
,,24.275725
,,24.2825
,,24.2961
,,24.307975
,,24.3139
,,24.327725
,,24.335525
,,24.341125
,,24.34765
,,24.3577
,,24.371675
,,24.381475
,,24.3975
,,24.40755
,,24.422575
,,24.447275
,,24.485625
,,24.525675
,,24.5415
,,24.5642
,,24.59725
,,24.616975
,,24.62695
,,24.6342
,,24.641025
,,24.648025
,,24.65895
,,24.66345
,,24.668075
,,24.67305
,,24.6845
,,24.698875
,,24.706675
,,24.7227
,,24.728725
,,24.730975
,,24.741075
,,24.751225
,,24.760475
,,24.768475
,,24.787025
,,24.803075
,,24.817825
,,24.829875
,,24.84855
,,24.8735
,,24.8973
,,24.930675
,,24.970925
,,24.99695
,,25.0369
,,25.074925
,,25.139175
,,25.1685
,,25.192575
,,25.214725
,,25.2363
,,25.2433
,,25.248625
,,25.253775
,,25.263
,,25.2679
,,25.272025
,,25.27995
,,25.288175
,,25.292375
,,25.297225
,,25.3019
,,25.312725
,,25.31825
,,25.3237
,,25.335075
,,25.3765
,,25.386575
,,25.3966
,,25.40715
,,25.420125
,,25.446
,,25.463775
,,25.486325
,,25.510475
,,25.55025
,,25.57825
,,25.61145
,,25.63225
,,25.650525
,,25.656675
,,25.661425
,,25.665075
,,25.668475
,,25.671975
,,25.675625
,,25.682925
,,25.690125
,,25.6936
,,25.7031
,,25.70725
,,25.719175
,,25.7253
,,25.748525
,,25.76205
,,25.769475
,,25.798825
,,25.805475
,,25.81175
,,25.850925
,,25.857
,,25.884525
,,25.911625
,,25.921625
,,25.93445
,,25.9444
,,25.96045
,,25.980125
,,26.0545
,,26.112275
,,26.124825
,,26.135875
,,26.14565
,,26.166
,,26.172725
,,26.1803
,,26.1979
,,26.212
,,26.223225
,,26.23775
,,26.250975
,,26.272275
,,26.280125
,,26.293925
,,26.29745
,,26.3292
,,26.364075
,,26.419575
,,26.42745
,,26.43355
,,26.43795
,,26.441375
,,26.4436
,,26.45345
,,26.4578
,,26.483125
,,26.48975
,,26.497075
,,26.502975
,,26.50965
,,26.5161
,,26.52215
,,26.5323
,,26.53725
,,26.556175
,,26.56385
,,26.5755
,,26.5875
,,26.60195
,,26.610375
,,26.61545
,,26.621925
,,26.6289
,,26.645325
,,26.65605
,,26.664925
,,26.673225
,,26.683875
,,26.6946
,,26.707
,,26.719325
,,26.73655
,,26.75795
,,26.785775
,,26.81945
,,26.847975
,,26.876825
,,26.895275
,,26.910225
,,26.92155
,,26.92915
,,26.932975
,,26.938
,,26.941375
,,26.94695
,,26.95225
,,26.9552
,,26.95815
,,26.96425
,,26.96755
,,26.972975
,,26.9776
,,26.982525
,,26.993425
,,26.99855
,,27.00405
,,27.030625
,,27.032225
,,27.04585
,,27.05095
,,27.063075
,,27.0787
,,27.0948
,,27.100525
,,27.120625
,,27.12515
,,27.13015
,,27.134825
,,27.14055
,,27.159975
,,27.1664
,,27.1739
,,27.1865
,,27.192475
,,27.211475
,,27.220725
,,27.229325
,,27.2395
,,27.246675
,,27.255525
,,27.267725
,,27.278625
,,27.2895
,,27.2968
,,27.304275
,,27.3121
,,27.317775
,,27.353775
,,27.366875
,,27.3857
,,27.402875
,,27.4177
,,27.4281
,,27.4501
,,27.489125
,,27.51745
,,27.549275
,,27.56805
,,27.583475
,,27.59885
,,27.6155
,,27.62305
,,27.631525
,,27.643325
,,27.659025
,,27.670825
,,27.683525
,,27.69895
,,27.7179
,,27.736525
,,27.777625
,,27.802025
,,27.823325
,,27.847025
,,27.87145
,,27.8932
,,27.9082
,,27.920075
,,27.928475
,,27.93785
,,27.944775
,,27.947075
,,27.949975
,,27.954975
,,27.963675
,,27.9676
,,27.972
,,27.9761
,,27.980475
,,27.984675
,,28.00465
,,28.010975
,,28.016225
,,28.027275
,,28.039575
,,28.046275
,,28.059525
,,28.06575
,,28.07395
,,28.0803
,,28.09775
,,28.11255
,,28.120625
,,28.1282
,,28.149925
,,28.157875
,,28.1676
,,28.178175
,,28.1901
,,28.198575
,,28.211175
,,28.22615
,,28.24885
,,28.269875
,,28.293325
,,28.3184
,,28.3526
,,28.385525
,,28.40455
,,28.429925
,,28.4559
,,28.471875
,,28.481925
,,28.493675
,,28.504175
,,28.5149
,,28.52475
,,28.53695
,,28.55405
,,28.5671
,,28.5816
,,28.59735
,,28.609125
,,28.6182
,,28.636925
,,28.646425
,,28.65775
,,28.668725
,,28.6787
,,28.693225
,,28.706675
,,28.728375
,,28.752875
,,28.778175
,,28.86855
,,28.907475
,,28.94585
,,28.97325
,,28.997775
,,29.012125
,,29.022
,,29.02985
,,29.035825
,,29.046825
,,29.05205
,,29.056775
,,29.062725
,,29.06945
,,29.086825
,,29.115075
,,29.123975
,,29.1497
,,29.16955
,,29.183675
,,29.201775
,,29.2527
,,29.2835
,,29.3202
,,29.3425
,,29.3672
,,29.380725
,,29.3888
,,29.40695
,,29.42195
,,29.43205
,,29.441075
,,29.4506
,,29.455625
,,29.4603
,,29.4643
,,29.46835
,,29.47135
,,29.480625
,,29.484825
,,29.487875
,,29.49215
,,29.49825
,,29.502975
,,29.507675
,,29.512425
,,29.518
,,29.533325
,,29.540375
,,29.546725
,,29.553775
,,29.56095
,,29.567625
,,29.5747
,,29.58295
,,29.589175
,,29.596475
,,29.602
,,29.6139
,,29.619575
,,29.625425
,,29.644575
,,29.651
,,29.67235
,,29.681025
,,29.6964
,,29.704175
,,29.7113
,,29.727575
,,29.752
,,29.763425
,,29.778225
,,29.793225
,,29.8251
,,29.8489
,,29.882725
,,29.8989
,,29.9243
,,29.94745
,,29.969575
,,29.9806
,,29.9961
,,30.002
,,30.010825
,,30.019775
,,30.024025
,,30.0273
,,30.03165
,,30.03915
,,30.043825
,,30.0477
,,30.05885
,,30.0758
,,30.080625
,,30.086375
,,30.092425
,,30.09815
,,30.10395
,,30.113625
,,30.1223
,,30.1353
,,30.1584
,,30.172
,,30.222775
,,30.24775
,,30.286625
,,30.317475
,,30.348225
,,30.3587
,,30.3817
,,30.390125
,,30.394175
,,30.40385
,,30.41295
,,30.415025
,,30.416825
,,30.4212
,,30.425525
,,30.43745
,,30.442525
,,30.45985
,,30.4652
,,30.50085
,,30.531675
,,30.544225
,,30.574625
,,30.5915
,,30.614675
,,30.628375
,,30.6682
,,30.6902
,,30.721925
,,30.742575
,,30.7539
,,30.7844
,,30.798
,,30.813975
,,30.828475
,,30.84455
,,30.85975
,,30.878375
,,30.9054
,,30.935325
,,30.98555
,,31.024625
,,31.057075
,,31.089325
,,31.1176
,,31.13345
,,31.139475
,,31.14605
,,31.1681
,,31.170975
,,31.174225
,,31.1775
,,31.184675
,,31.188975
,,31.1928
,,31.197725
,,31.2026
,,31.207625
,,31.229325
,,31.26275
,,31.2674
,,31.279225
,,31.28295
,,31.28805
,,31.297975
,,31.304775
,,31.31845
,,31.33635
,,31.341825
,,31.3758
,,31.3918
,,31.398225
,,31.40425
,,31.413675
,,31.452875
,,31.459125
,,31.470625
,,31.476575
,,31.48395
,,31.492775
,,31.526675
,,31.5375
,,31.554425
,,31.57055
,,31.59195
,,31.6105
,,31.6391
,,31.670975
,,31.711075
,,31.737425
,,31.767875
,,31.7738
,,31.77815
,,31.780725
,,31.7891
,,31.7981
,,31.8051
,,31.813425
,,31.816575
,,31.82065
,,31.8299
,,31.83615
,,31.84845
,,31.854125
,,31.8684
,,31.875675
,,31.8812
,,31.889625
,,31.91205
,,31.921575
,,31.929025
,,31.938925
,,31.95885
,,31.968725
,,31.97565
,,31.9914
,,31.995475
,,32.0056
,,32.0108
,,32.025875
,,32.030175
,,32.041525
,,32.0513
,,32.0615
,,32.068
,,32.074575
,,32.0892
,,32.0947
,,32.10055
,,32.111325
,,32.11795
,,32.126575
,,32.144875
,,32.156725
,,32.19495
,,32.2193
,,32.247375
,,32.28785
,,32.31215
,,32.3331
,,32.363775
,,32.3898
,,32.4106
,,32.420375
,,32.4322
,,32.43695
,,32.450375
,,32.460475
,,32.4765
,,32.481125
,,32.521725
,,32.537375
,,32.544375
,,32.5616
,,32.571425
,,32.581475
,,32.592725
,,32.610025
,,32.619125
,,32.64215
,,32.683375
,,32.707225
,,32.731075
,,32.7582
,,32.771825
,,32.7824
,,32.793975
,,32.804975
,,32.841875
,,32.863825
,,32.87845
,,32.88665
,,32.8949
,,32.9197
,,32.926825
,,32.93525
,,32.944675
,,32.9621
,,32.974175
,,32.98045
,,32.987425
,,32.99945
,,33.00945
,,33.0146
,,33.0206
,,33.025625
,,33.042375
,,33.047425
,,33.0635
,,33.0692
,,33.09165
,,33.102525
,,33.1152
,,33.12945
,,33.1453
,,33.162525
,,33.1787
,,33.280725
,,33.306275
,,33.3233
,,33.34
,,33.351575
,,33.38135
,,33.3899
,,33.393425
,,33.41755
,,33.42095
,,33.429475
,,33.43285
,,33.438925
,,33.443075
,,33.44725
,,33.4535
,,33.469075
,,33.475475
,,33.482975
,,33.4972
,,33.513775
,,33.5215
,,33.528725
,,33.542175
,,33.5656
,,33.5759
,,33.601625
,,33.614475
,,33.647425
,,33.6715
,,33.6926
,,33.71765
,,33.769425
,,33.802925
,,33.840675
,,33.8459
,,33.8912
,,33.91335
,,33.940025
,,33.960625
,,33.9818
,,34.002375
,,34.010875
,,34.01715
,,34.02225
,,34.026375
,,34.033625
,,34.043725
,,34.046475
,,34.050275
,,34.05325
,,34.0569
,,34.060125
,,34.074475
,,34.08535
,,34.0985
,,34.106325
,,34.11365
,,34.15775
,,34.171775
,,34.19405
,,34.21255
,,34.26815
,,34.336775
,,34.37325
,,34.395875
,,34.414575
,,34.420125
,,34.42455
,,34.4286
,,34.434
,,34.442175
,,34.446525
,,34.449825
,,34.457725
,,34.466375
,,34.471175
,,34.47605
,,34.511325
,,34.518575
,,34.5429
,,34.548175
,,34.551875
,,34.6064
,,34.620225
,,34.631575
,,34.644925
,,34.662475
,,34.68385
,,34.70785
,,34.738075
,,34.777325
,,34.784475
,,34.789575
,,34.7944
,,34.79885
,,34.8036
,,34.818075
,,34.822075
,,34.830675
,,34.8353
,,34.865575
,,34.889975
,,34.89755
,,34.90785
,,34.92315
,,34.954075
,,34.9748
,,35.0063
,,35.030975
,,35.077225
,,35.11005
,,35.140875
,,35.168725
,,35.181275
,,35.1899
,,35.193175
,,35.205875
,,35.21505
,,35.2189
,,35.245575
,,35.257525
,,35.26345
,,35.268125
,,35.274475
,,35.2901
,,35.3174
,,35.345075
,,35.356725
,,35.367175
,,35.3847
,,35.392875
,,35.40075
,,35.40835
,,35.415575
,,35.4737
,,35.5666
,,35.599225
,,35.6349
,,35.660525
,,35.6709
,,35.681975
,,35.6855
,,35.6999
,,35.70405
,,35.7274
,,35.734975
,,35.741675
,,35.749025
,,35.758825
,,35.763525
,,35.7662
,,35.78355
,,35.799625
,,35.807375
,,35.820825
,,35.8318
,,35.844775
,,35.851875
,,35.85305
,,35.878075
,,35.898475
,,35.9238
,,35.9514
,,35.96015
,,35.97485
,,35.997875
,,36.007225
,,36.0164
,,36.0267
,,36.038125
,,36.042125
,,36.0515
,,36.068925
,,36.0851
,,36.1103
,,36.1363
,,36.176075
,,36.2149
,,36.2535
,,36.2624
,,36.269725
,,36.275625
,,36.282275
,,36.295375
,,36.3079
,,36.344375
,,36.353475
,,36.37245
,,36.3811
,,36.383675
,,36.39315
,,36.4048
,,36.4174
,,36.429725
,,36.439025
,,36.4488
,,36.457575
,,36.464
,,36.4707
,,36.47855
,,36.4982
,,36.51
,,36.524425
,,36.5375
,,36.568975
,,36.584875
,,36.6001
,,36.61295
,,36.628825
,,36.64795
,,36.6693
,,36.692025
,,36.72015
,,36.74425
,,36.76365
,,36.77885
,,36.7994
,,36.829825
,,36.84835
,,36.8783
,,36.889275
,,36.905675
,,36.919025
,,36.9346
,,36.9652
,,36.979675
,,36.996275
,,37.02965
,,37.0559
,,37.0783
,,37.112975
,,37.137725
,,37.184275
,,37.205125
,,37.247775
,,37.278175
,,37.307575
,,37.325625
,,37.340975
,,37.345975
,,37.355025
,,37.362075
,,37.380175
,,37.3845
,,37.39465
,,37.4118
,,37.4248
,,37.437175
,,37.450475
,,37.47095
,,37.4771
,,37.4891
,,37.516075
,,37.524675
,,37.531975
,,37.5429
,,37.5479
,,37.57685
,,37.59685
,,37.610925
,,37.618275
,,37.629775
,,37.636225
,,37.641525
,,37.6475
,,37.66125
,,37.677525
,,37.69545
,,37.705525
,,37.713725
,,37.7464
,,37.7553
,,37.763125
,,37.778925
,,37.80255
,,37.836275
,,37.8564
,,37.876375
,,37.896075
,,37.914375
,,37.926875
,,37.940025
,,37.953425
,,37.97095
,,37.988525
,,38.00745
,,38.025975
,,38.0526
,,38.06445
,,38.07405
,,38.08745
,,38.11155
,,38.124525
,,38.14305
,,38.16475
,,38.189075
,,38.2125
,,38.24525
,,38.276025
,,38.303325
,,38.3314
,,38.355375
,,38.375875
,,38.38795
,,38.406625
,,38.41105
,,38.41585
,,38.4203
,,38.42805
,,38.43185
,,38.4442
,,38.4604
,,38.4963
,,38.505975
,,38.513775
,,38.52175
,,38.530925
,,38.54135
,,38.556675
,,38.566775
,,38.576875
,,38.585225
,,38.598
,,38.623075
,,38.63705
,,38.65075
,,38.66815
,,38.686
,,38.6998
,,38.7449
,,38.786875
,,38.816275
,,38.850575
,,38.87895
,,38.9091
,,38.9339
,,38.957075
,,38.988075
,,39.01835
,,39.019725
,,39.0238
,,39.027025
,,39.030425
,,39.039125
,,39.0443
,,39.04915
,,39.057425
,,39.06435
,,39.103375
,,39.109275
,,39.118025
,,39.126925
,,39.13685
,,39.1465
,,39.154525
,,39.16375
,,39.170925
,,39.18285
,,39.188625
,,39.194725
,,39.222675
,,39.231075
,,39.240525
,,39.2561
,,39.262775
,,39.26885
,,39.2721
,,39.28465
,,39.2896
,,39.293775
,,39.298525
,,39.3092
,,39.3198
,,39.331575
,,39.33715
,,39.3478
,,39.352425
,,39.37
,,39.384625
,,39.395375
,,39.405025
,,39.422275
,,39.4298
,,39.4382
,,39.4496
,,39.4721
,,39.479775
,,39.4879
,,39.4967
,,39.503575
,,39.512025
,,39.518125
,,39.5435
,,39.569425
,,39.589525
,,39.606325
,,39.67035
,,39.712375
,,39.73535
,,39.772025
,,39.804975
,,39.826775
,,39.828425
,,39.837475
,,39.8427
,,39.849125
,,39.85925
,,39.86655
,,39.87625
,,39.892475
,,39.903975
,,39.935125
,,39.97625
,,39.99905
,,40.017025
,,40.032875
,,40.04175
,,40.049625
,,40.056575
,,40.064575
,,40.077625
,,40.095425
,,40.116325
,,40.135525
,,40.157625
,,40.181325
,,40.2
,,40.216125
,,40.232175
,,40.237975
,,40.250775
,,40.27375
,,40.28985
,,40.3007
,,40.309725
,,40.316625
,,40.322475
,,40.328725
,,40.339875
,,40.3447
,,40.349175
,,40.354125
,,40.35925
,,40.374975
,,40.400975
,,40.4096
,,40.416525
,,40.426925
,,40.435425
,,40.442075
,,40.467475
,,40.47375
,,40.47745
,,40.50955
,,40.521125
,,40.53625
,,40.552775
,,40.5692
,,40.60325
,,40.638575
,,40.66965
,,40.6948
,,40.7207
,,40.7395
,,40.77165
,,40.786075
,,40.79185
,,40.7982
,,40.819
,,40.8234
,,40.82825
,,40.832675
,,40.83625
,,40.839025
,,40.84515
,,40.848725
,,40.853475
,,40.85815
,,40.8702
,,40.883525
,,40.891925
,,40.89885
,,40.906325
,,40.912775
,,40.9186
,,40.924975
,,40.9315
,,40.941025
,,40.949025
,,40.978825
,,40.99815
,,41.013525
,,41.04405
,,41.069025
,,41.090325
,,41.12935
,,41.1454
,,41.149875
,,41.17615
,,41.187725
,,41.195675
,,41.20205
,,41.20675
,,41.21225
,,41.217
,,41.221525
,,41.230725
,,41.235825
,,41.240975
,,41.253725
,,41.260475
,,41.261925
,,41.276825
,,41.281325
,,41.291975
,,41.297375
,,41.307575
,,41.313725
,,41.318925
,,41.324525
,,41.3573
,,41.369275
,,41.37675
,,41.383225
,,41.402575
,,41.4266
,,41.4405
,,41.462925
,,41.48465
,,41.50605
,,41.551825
,,41.567725
,,41.58905
,,41.6103
,,41.617025
,,41.62325
,,41.628575
,,41.63725
,,41.658775
,,41.66585
,,41.676675
,,41.68485
,,41.693375
,,41.698225
,,41.7126
,,41.72585
,,41.733925
,,41.740025
,,41.765025
,,41.771125
,,41.78305
,,41.82675
,,41.840425
,,41.8596
,,41.911725
,,41.921225
,,41.9713
,,41.984825
,,42.018725
,,42.0275
,,42.03145
,,42.0371
,,42.0447
,,42.0557
,,42.0598
,,42.06755
,,42.07205
,,42.07635
,,42.0902
,,42.10235
,,42.1068
,,42.11505
,,42.12335
,,42.130775
,,42.137975
,,42.155
,,42.162075
,,42.17015
,,42.177975
,,42.185425
,,42.1919
,,42.196275
,,42.202375
,,42.20925
,,42.21665
,,42.231775
,,42.2387
,,42.2688
,,42.2842
,,42.30135
,,42.32165
,,42.343475
,,42.37445
,,42.405375
,,42.453475
,,42.49945
,,42.539175
,,42.572125
,,42.60515
,,42.64505
,,42.6571
,,42.66615
,,42.672275
,,42.677375
,,42.6822
,,42.685625
,,42.689375
,,42.693025
,,42.696225
,,42.7006
,,42.708175
,,42.716725
,,42.721075
,,42.74495
,,42.7531
,,42.7598
,,42.7658
,,42.77615
,,42.7773
,,42.78205
,,42.788875
,,42.7952
,,42.801125
,,42.814025
,,42.825075
,,42.8354
,,42.864675
,,42.8686
,,42.877475
,,42.900275
,,42.91825
,,42.93015
,,42.936675
,,42.946075
,,42.95325
,,42.96565
,,42.9772
,,42.98215
,,42.9874
,,42.993975
,,42.999825
,,43.016075
,,43.02655
,,43.030775
,,43.0359
,,43.047525
,,43.0584
,,43.068325
,,43.073375
,,43.0786
,,43.0855
,,43.09055
,,43.0982
,,43.104575
,,43.12215
,,43.1402
,,43.1508
,,43.1737
,,43.176275
,,43.1886
,,43.28315
,,43.31545
,,43.343525
,,43.3613
,,43.37555
,,43.38205
,,43.403575
,,43.417075
,,43.438275
,,43.442775
,,43.4484
,,43.45695
,,43.4746
,,43.478725
,,43.48245
,,43.487325
,,43.502075
,,43.521125
,,43.530575
,,43.539325
,,43.547425
,,43.559925
,,43.5701
,,43.58205
,,43.5929
,,43.604925
,,43.62075
,,43.63815
,,43.644025
,,43.669525
,,43.693675
,,43.712775
,,43.7342
,,43.745575
,,43.754425
,,43.76235
,,43.769375
,,43.7763
,,43.78225
,,43.787225
,,43.792925
,,43.79955
,,43.80545
,,43.810175
,,43.821425
,,43.833075
,,43.8379
,,43.85535
,,43.8614
,,43.871725
,,43.88245
,,43.891
,,43.9026
,,43.9122
,,43.930775
,,43.94065
,,43.9514
,,43.96525
,,43.98415
,,43.996375
,,44.013475
,,44.025825
,,44.043275
,,44.09285
,,44.109875
,,44.1556
,,44.1692
,,44.182075
,,44.194325
,,44.2025
,,44.211975
,,44.227225
,,44.2342
,,44.241975
,,44.251425
,,44.272675
,,44.313925
,,44.335625
,,44.369075
,,44.392775
,,44.425075
,,44.4444
,,44.456875
,,44.466925
,,44.4824
,,44.489525
,,44.496425
,,44.5217
,,44.54
,,44.547825
,,44.556275
,,44.581775
,,44.60515
,,44.613225
,,44.61955
,,44.62605
,,44.63285
,,44.657025
,,44.669575
,,44.6832
,,44.708675
,,44.718675
,,44.740725
,,44.754025
,,44.865725
,,44.895925
,,44.95905
,,44.969525
,,44.9775
,,44.984575
,,44.994975
,,45.00095
,,45.005275
,,45.010675
,,45.015875
,,45.019975
,,45.02895
,,45.032775
,,45.0398
,,45.056375
,,45.0616
,,45.063875
,,45.0729
,,45.08115
,,45.092375
,,45.100675
,,45.11035
,,45.128625
,,45.15585
,,45.161425
,,45.180525
,,45.1869
,,45.1977
,,45.211425
,,45.218925
,,45.243275
,,45.251
,,45.2698
,,45.29245
,,45.304025
,,45.31115
,,45.3172
,,45.325225
,,45.333325
,,45.344775
,,45.35405
,,45.365875
,,45.377375
,,45.4136
,,45.430525
,,45.467225
,,45.486675
,,45.505025
,,45.5213
,,45.544975
,,45.565575
,,45.578025
,,45.583275
,,45.596825
,,45.60225
,,45.614375
,,45.621775
,,45.6375
,,45.645475
,,45.662925
,,45.671825
,,45.68075
,,45.69105
,,45.710025
,,45.741525
,,45.7575
,,45.7761
,,45.801375
,,45.83295
,,45.8643
,,45.89
,,45.960475
,,45.974475
,,45.984575
,,45.99715
,,46.005325
,,46.011075
,,46.016575
,,46.02985
,,46.04005
,,46.041225
,,46.045075
,,46.071125
,,46.0763
,,46.077425
,,46.0835
,,46.1002
,,46.107
,,46.1241
,,46.1426
,,46.192775
,,46.214775
,,46.243175
,,46.273025
,,46.303125
,,46.328625
,,46.37425
,,46.42045
,,46.452325
,,46.47855
,,46.49695
,,46.505075
,,46.510575
,,46.517925
,,46.52845
,,46.53275
,,46.5371
,,46.54145
,,46.54525
,,46.549475
,,46.563025
,,46.580975
,,46.607275
,,46.61575
,,46.624075
,,46.63255
,,46.643225
,,46.66205
,,46.66835
,,46.674575
,,46.680425
,,46.69335
,,46.69655
,,46.70515
,,46.72235
,,46.7341
,,46.74725
,,46.759875
,,46.78575
,,46.81685
,,46.85045
,,46.8858
,,46.92345
,,46.954925
,,46.98
,,47.0057
,,47.014225
,,47.020525
,,47.031375
,,47.0398
,,47.0537
,,47.065725
,,47.105725
,,47.121675
,,47.135075
,,47.191125
,,47.204925
,,47.2243
,,47.2462
,,47.275725
,,47.309525
,,47.3465
,,47.380475
,,47.4367
,,47.4619
,,47.48885
,,47.510025
,,47.5261
,,47.534075
,,47.5374
,,47.54045
,,47.54455
,,47.55465
,,47.557675
,,47.56075
,,47.58185
,,47.588
,,47.5909
,,47.594
,,47.599075
,,47.616275
,,47.62415
,,47.668775
,,47.676975
,,47.6849
,,47.690775
,,47.69655
,,47.703275
,,47.7151
,,47.749675
,,47.7568
,,47.772275
,,47.782875
,,47.7995
,,47.8083
,,47.822825
,,47.830875
,,47.84285
,,47.87325
,,47.903275
,,47.9215
,,47.9362
,,47.953175
,,47.976425
,,48.0054
,,48.0362
,,48.073525
,,48.096675
,,48.141175
,,48.18045
,,48.20135
,,48.26615
,,48.315625
,,48.350975
,,48.369625
,,48.3881
,,48.40505
,,48.415275
,,48.423475
,,48.432125
,,48.4396
,,48.4529
,,48.4541
,,48.459725
,,48.482925
,,48.4925
,,48.4938
,,48.513125
,,48.532075
,,48.569125
,,48.589375
,,48.61165
,,48.6374
,,48.6583
,,48.6803
,,48.701175
,,48.72325
,,48.732175
,,48.74705
,,48.758975
,,48.77795
,,48.788
,,48.79745
,,48.802125
,,48.806925
,,48.812025
,,48.829875
,,48.83605
,,48.8429
,,48.848625
,,48.853825
,,48.864925
,,48.869975
,,48.8806
,,48.891425
,,48.899725
,,48.905125
,,48.91525
,,48.9275
,,48.94695
,,48.9578
,,48.96875
,,48.99025
,,49.009875
,,49.0375
,,49.05405
,,49.0722
,,49.08645
,,49.11185
,,49.135175
,,49.15135
,,49.162725
,,49.172075
,,49.179475
,,49.18565
,,49.196375
,,49.219975
,,49.2255
,,49.23
,,49.23565
,,49.248825
,,49.260125
,,49.265075
,,49.27785
,,49.285325
,,49.295925
,,49.30185
,,49.313
,,49.3183
,,49.324375
,,49.33195
,,49.3489
,,49.3569
,,49.382825
,,49.4005
,,49.4181
,,49.477
,,49.517375
,,49.5494
,,49.58395
,,49.62895
,,49.65315
,,49.657075
,,49.6625
,,49.6677
,,49.6719
,,49.676075
,,49.6811
,,49.685275
,,49.690025
,,49.6933
,,49.696075
,,49.709475
,,49.714775
,,49.7203
,,49.727575
,,49.735625
,,49.74465
,,49.752175
,,49.765225
,,49.771725
,,49.778125
,,49.784775
,,49.8061
,,49.818825
,,49.832575
,,49.87985
,,49.910025
,,49.92845
,,49.9536
,,49.97195
,,49.98675
,,50.00465
,,50.010625
,,50.0164
,,50.0215
,,50.026675
,,50.0313
,,50.03595
,,50.050775
,,50.0703
,,50.07525
,,50.08015
,,50.090125
,,50.095475
,,50.1137
,,50.15015
,,50.157225
,,50.16585
,,50.173425
,,50.184975
,,50.1903
,,50.207825
,,50.21305
,,50.22445
,,50.232975
,,50.243225
,,50.2447
,,50.262025
,,50.299525
,,50.319825
,,50.342475
,,50.409525
,,50.44565
,,50.473
,,50.499325
,,50.51535
,,50.52655
,,50.534875
,,50.5492
,,50.5554
,,50.560275
,,50.569875
,,50.57385
,,50.577725
,,50.5818
,,50.5897
,,50.593825
,,50.602025
,,50.616225
,,50.6412
,,50.647625
,,50.653675
,,50.66015
,,50.666775
,,50.674275
,,50.682825
,,50.6927
,,50.70145
,,50.713575
,,50.757925
,,50.7798
,,50.819625
,,50.82975
,,50.855875
,,50.886925
,,50.9062
,,50.927025
,,50.93315
,,50.935525
,,50.942475
,,50.94795
,,50.9536
,,50.96325
,,50.972575
,,50.982775
,,50.988525
,,51.004025
,,51.009175
,,51.022075
,,51.035225
,,51.043725
,,51.062975
,,51.0852
,,51.118775
,,51.127275
,,51.1294
,,51.1412
,,51.18495
,,51.2149
,,51.245975
,,51.300025
,,51.340575
,,51.371875
,,51.43775
,,51.483975
,,51.500625
,,51.502875
,,51.51065
,,51.51705
,,51.53265
,,51.548975
,,51.557375
,,51.5621
,,51.56775
,,51.600475
,,51.60665
,,51.62195
,,51.63445
,,51.6448
,,51.651625
,,51.664425
,,51.6706
,,51.676925
,,51.695125
,,51.70965
,,51.720125
,,51.726575
,,51.733725
,,51.7399
,,51.74935
,,51.756975
,,51.776275
,,51.78685
,,51.794825
,,51.8029
,,51.813225
,,51.825625
,,51.854725
,,51.8834
,,51.912975
,,51.926575
,,51.965525
,,51.9975
,,52.009175
,,52.01885
,,52.0325
,,52.03825
,,52.043875
,,52.05615
,,52.06195
,,52.066875
,,52.07225
,,52.07995
,,52.09915
,,52.11925
,,52.1317
,,52.14385
,,52.1541
,,52.1689
,,52.18395
,,52.2
,,52.253725
,,52.284775
,,52.32245
,,52.3677
,,52.397575
,,52.421175
,,52.44025
,,52.4482
,,52.4545
,,52.473425
,,52.477575
,,52.482525
,,52.49135
,,52.5027
,,52.50725
,,52.52825
,,52.544175
,,52.55195
,,52.56665
,,52.57315
,,52.581625
,,52.59795
,,52.612375
,,52.63005
,,52.66495
,,52.67655
,,52.703675
,,52.71795
,,52.737625
,,52.758725
,,52.7852
,,52.799375
,,52.80805
,,52.813775
,,52.81845
,,52.822775
,,52.82655
,,52.831925
,,52.83705
,,52.8521
,,52.8642
,,52.876075
,,52.890725
,,52.9756
,,53.00455
,,53.017225
,,53.027575
,,53.03265
,,53.04145
,,53.0458
,,53.0498
,,53.056675
,,53.0652
,,53.06935
,,53.0824
,,53.087825
,,53.0932
,,53.10395
,,53.128225
,,53.143375
,,53.16895
,,53.1769
,,53.184575
,,53.1919
,,53.214925
,,53.230375
,,53.237475
,,53.2511
,,53.262575
,,53.27165
,,53.287325
,,53.30365
,,53.3392
,,53.3501
,,53.3662
,,53.401775
,,53.46545
,,53.494775
,,53.564275
,,53.594275
,,53.62825
,,53.663
,,53.691
,,53.71985
,,53.738925
,,53.746925
,,53.75315
,,53.758425
,,53.7631
,,53.7674
,,53.771125
,,53.785925
,,53.78945
,,53.803075
,,53.807325
,,53.8116
,,53.816625
,,53.8219
,,53.825925
,,53.846
,,53.852075
,,53.860175
,,53.8684
,,53.876275
,,53.878375
,,53.88635
,,53.897325
,,53.919675
,,53.940825
,,53.947375
,,53.95945
,,53.96865
,,53.983975
,,53.9991
,,54.031825
,,54.06525
,,54.0956
,,54.1341
,,54.168175
,,54.20225
,,54.231475
,,54.25755
,,54.26635
,,54.271975
,,54.276875
,,54.281675
,,54.28545
,,54.2934
,,54.297675
,,54.30625
,,54.322225
,,54.3353
,,54.348875
,,54.377175
,,54.386525
,,54.397975
,,54.4122
,,54.426325
,,54.437875
,,54.44125
,,54.47115
,,54.480925
,,54.48945
,,54.4973
,,54.5067
,,54.516575
,,54.52805
,,54.5373
,,54.565675
,,54.576275
,,54.5873
,,54.6014
,,54.6162
,,54.6348
,,54.67385
,,54.707425
,,54.744025
,,54.778775
,,54.851
,,54.87545
,,54.892525
,,54.907125
,,54.9171
,,54.925675
,,54.934325
,,54.940925
,,54.947425
,,54.954475
,,54.961075
,,54.9725
,,54.988275
,,54.995525
,,55.0288
,,55.0374
,,55.04525
,,55.0525
,,55.065875
,,55.075875
,,55.08845
,,55.097775
,,55.106175
,,55.11605
,,55.12735
,,55.142125
,,55.160075
,,55.17625
,,55.22895
,,55.27335
,,55.306025
,,55.3498
,,55.358775
,,55.36705
,,55.386075
,,55.456575
,,55.472975
,,55.488175
,,55.516225
,,55.528725
,,55.54705
,,55.5852
,,55.606675
,,55.6348
,,55.6683
,,55.708525
,,55.7378
,,55.804825
,,55.8412
,,55.84695
,,55.851475
,,55.863775
,,55.87245
,,55.8771
,,55.883675
,,55.915325
,,55.92635
,,55.934925
,,55.945675
,,55.95635
,,55.9668
,,55.994525
,,55.9985
,,56.008125
,,56.020375
,,56.0411
,,56.052025
,,56.062525
,,56.077425
,,56.082275
,,56.09485
,,56.105475
,,56.119875
,,56.155525
,,56.189725
,,56.212175
,,56.23055
,,56.2568
,,56.285625
,,56.313925
,,56.3268
,,56.343875
,,56.380475
,,56.4192
,,56.44775
,,56.479625
,,56.505625
,,56.5317
,,56.545125
,,56.56345
,,56.5785
,,56.5928
,,56.605225
,,56.612125
,,56.667075
,,56.68145
,,56.70855
,,56.72355
,,56.7416
,,56.762125
,,56.8278
,,56.853875
,,56.874625
,,56.91055
,,56.951175
,,56.99275
,,57.01395
,,57.030475
,,57.047175
,,57.07295
,,57.0948
,,57.117
,,57.155975
,,57.190675
,,57.226725
,,57.25805
,,57.291075
,,57.317825
,,57.3334
,,57.343225
,,57.348525
,,57.35235
,,57.362575
,,57.376725
,,57.39605
,,57.40815
,,57.418925
,,57.432925
,,57.445425
,,57.4611
,,57.494775
,,57.519325
,,57.544425
,,57.573425
,,57.60275
,,57.637375
,,57.667325
,,57.702675
,,57.7276
,,57.75385
,,57.779425
,,57.810275
,,57.842475
,,57.8685
,,57.90595
,,57.9459
,,58.017875
,,58.04845
,,58.0661
,,58.0878
,,58.122725
,,58.146975
,,58.189175
,,58.2141
,,58.251425
,,58.282325
,,58.30695
,,58.332325
,,58.3467
,,58.351125
,,58.3751
,,58.38165
,,58.391075
,,58.400025
,,58.4116
,,58.4213
,,58.43585
,,58.462775
,,58.509425
,,58.53435
,,58.5835
,,58.616025
,,58.665675
,,58.702
,,58.73795
,,58.784175
,,58.8294
,,58.840775
,,58.849975
,,58.85955
,,58.870925
,,58.87535
,,58.887875
,,58.893375
,,58.902225
,,58.910375
,,58.914475
,,58.9302
,,58.93595
,,58.96575
,,58.9698
,,58.98035
,,58.9909
,,58.9952
,,59.020775
,,59.035175
,,59.044775
,,59.05065
,,59.092325
,,59.103575
,,59.123375
,,59.1448
,,59.16135
,,59.253775
,,59.288575
,,59.319175
,,59.345625
,,59.3594
,,59.366175
,,59.37225
,,59.3865
,,59.40155
,,59.403675
,,59.419975
,,59.4271
,,59.43805
,,59.4458
,,59.4525
,,59.491375
,,59.5037
,,59.51385
,,59.52395
,,59.550475
,,59.615025
,,59.642075
,,59.66735
,,59.68105
,,59.697
,,59.7183
,,59.758025
,,59.805275
,,59.8418
,,59.885175
,,59.914675
,,59.96715
,,60.029075
,,60.056125
,,60.08345
,,60.1012
,,60.120275
,,60.14445
,,60.1721
,,60.177325
,,60.224575
,,60.2397
,,60.267325
,,60.2745
,,60.284425
,,60.30265
,,60.369425
,,60.4082
,,60.460325
,,60.497025
,,60.512275
,,60.5219
,,60.5363
,,60.542775
,,60.54825
,,60.559
,,60.567925
,,60.573
,,60.5866
,,60.58885
,,60.600675
,,60.611
,,60.620575
,,60.6267
,,60.632525
,,60.639575
,,60.65085
,,60.659325
,,60.673675
,,60.68035
,,60.687025
,,60.6965
,,60.7058
,,60.7237
,,60.746975
,,60.759325
,,60.764075
,,60.7844
,,60.806325
,,60.827775
,,60.836775
,,60.8562
,,60.8993
,,60.901625
,,60.9045
,,60.955375
,,60.994825
,,61.013875
,,61.061375
,,61.086425
,,61.102875
,,61.11675
,,61.130975
,,61.1417
,,61.1514
,,61.1758
,,61.187975
,,61.2023
,,61.226925
,,61.2459
,,61.268525
,,61.294025
,,61.317525
,,61.341475
,,61.3701
,,61.4023
,,61.435325
,,61.457425
,,61.480325
,,61.524175
,,61.546975
,,61.596975
,,61.62715
,,61.656325
,,61.69315
,,61.7082
,,61.7283
,,61.758325
,,61.769875
,,61.77915
,,61.78875
,,61.806875
,,61.811825
,,61.8176
,,61.8222
,,61.826975
,,61.831675
,,61.836675
,,61.841275
,,61.846525
,,61.85165
,,61.8578
,,61.866075
,,61.87475
,,61.884975
,,61.893475
,,61.903875
,,61.91655
,,61.978025
,,62.00835
,,62.0472
,,62.07585
,,62.105475
,,62.12935
,,62.16015
,,62.165775
,,62.170925
,,62.181475
,,62.19075
,,62.201375
,,62.210025
,,62.214725
,,62.2197
,,62.23005
,,62.232825
,,62.23995
,,62.245125
,,62.25625
,,62.266525
,,62.28145
,,62.286975
,,62.29225
,,62.316125
,,62.3274
,,62.334875
,,62.3417
,,62.35365
,,62.364175
,,62.381525
,,62.449075
,,62.46815
,,62.480675
,,62.51035
,,62.518275
,,62.528375
,,62.5398
,,62.5846
,,62.6159
,,62.639925
,,62.6915
,,62.7058
,,62.7201
,,62.7369
,,62.7508
,,62.7589
,,62.7724
,,62.7792
,,62.813375
,,62.82325
,,62.832925
,,62.843675
,,62.85125
,,62.857925
,,62.875825
,,62.883575
,,62.8944
,,62.927025
,,62.950925
,,62.966425
,,62.99055
,,63.0161
,,63.04165
,,63.0665
,,63.101325
,,63.12305
,,63.145025
,,63.207825
,,63.2553
,,63.290725
,,63.32715
,,63.3398
,,63.3618
,,63.40675
,,63.46625
,,63.50335
,,63.54635
,,63.5829
,,63.616425
,,63.646675
,,63.6735
,,63.680125
,,63.68945
,,63.697325
,,63.70165
,,63.711675
,,63.730725
,,63.735625
,,63.740425
,,63.745275
,,63.7562
,,63.76805
,,63.7828
,,63.788775
,,63.800475
,,63.812825
,,63.8203
,,63.825925
,,63.84155
,,63.8648
,,63.87715
,,63.907225
,,63.9234
,,63.93325
,,63.941825
,,63.950375
,,63.96135
,,63.97745
,,63.997625
,,64.063875
,,64.093075
,,64.14715
,,64.15895
,,64.1674
,,64.17445
,,64.186275
,,64.19895
,,64.220725
,,64.23945
,,64.2482
,,64.2765
,,64.28775
,,64.30235
,,64.31335
,,64.329625
,,64.34675
,,64.3702
,,64.395925
,,64.408125
,,64.446225
,,64.49675
,,64.525775
,,64.562575
,,64.60065
,,64.643275
,,64.675975
,,64.70535
,,64.740425
,,64.7643
,,64.8095
,,64.8233
,,64.83235
,,64.840375
,,64.844225
,,64.847525
,,64.85495
,,64.862475
,,64.8781
,,64.883075
,,64.88805
,,64.8994
,,64.9282
,,64.94195
,,64.9475
,,64.9614
,,64.98375
,,65.006575
,,65.0214
,,65.042175
,,65.0526
,,65.062175
,,65.08655
,,65.100325
,,65.114925
,,65.13425
,,65.154225
,,65.220825
,,65.269025
,,65.30695
,,65.3486
,,65.3856
,,65.410175
,,65.42245
,,65.42875
,,65.43315
,,65.43795
,,65.443175
,,65.45195
,,65.4564
,,65.461425
,,65.46835
,,65.4725
,,65.481275
,,65.50295
,,65.531575
,,65.54165
,,65.5507
,,65.5601
,,65.60015
,,65.608725
,,65.65295
,,65.69375
,,65.71155
,,65.7289
,,65.745725
,,65.822125
,,65.852125
,,65.890575
,,65.924225
,,65.959175
,,65.98985
,,66.051
,,66.05755
,,66.0621
,,66.06735
,,66.0778
,,66.089875
,,66.096125
,,66.1107
,,66.139075
,,66.168775
,,66.18265
,,66.1915
,,66.203175
,,66.230275
,,66.238175
,,66.25095
,,66.254925
,,66.2715
,,66.2904
,,66.29925
,,66.313475
,,66.343125
,,66.3863
,,66.41365
,,66.490225
,,66.51605
,,66.53945
,,66.561075
,,66.591625
,,66.614175
,,66.634775
,,66.66725
,,66.695775
,,66.73025
,,66.7466
,,66.768325
,,66.78275
,,66.790225
,,66.7975
,,66.814325
,,66.821325
,,66.829175
,,66.867175
,,66.87995
,,66.89245
,,66.92045
,,66.961
,,66.97785
,,67.001725
,,67.0252
,,67.0561
,,67.09
,,67.122725
,,67.159225
,,67.181525
,,67.20955
,,67.226975
,,67.2327
,,67.23795
,,67.2475
,,67.253325
,,67.266475
,,67.273075
,,67.28815
,,67.29645
,,67.30295
,,67.31615
,,67.323825
,,67.332025
,,67.350225
,,67.3591
,,67.36875
,,67.377975
,,67.386175
,,67.397775
,,67.407
,,67.421375
,,67.4324
,,67.445375
,,67.457075
,,67.4693
,,67.48215
,,67.51315
,,67.532825
,,67.554625
,,67.594625
,,67.612525
,,67.64025
,,67.691175
,,67.720075
,,67.7554
,,67.82805
,,67.86195
,,67.863825
,,67.8766
,,67.890525
,,67.8979
,,67.9095
,,67.937375
,,67.9506
,,67.972925
,,67.994225
,,68.01365
,,68.0302
,,68.04485
,,68.07745
,,68.08935
,,68.117425
,,68.1294
,,68.1396
,,68.148
,,68.15525
,,68.1743
,,68.18365
,,68.19915
,,68.2145
,,68.233325
,,68.248875
,,68.2599
,,68.2764
,,68.29425
,,68.323125
,,68.351525
,,68.382225
,,68.4103
,,68.443
,,68.47145
,,68.50545
,,68.53565
,,68.56825
,,68.574
,,68.58005
,,68.58675
,,68.5925
,,68.60795
,,68.6129
,,68.625675
,,68.643075
,,68.651275
,,68.667325
,,68.672725
,,68.68
,,68.702225
,,68.715775
,,68.7229
,,68.729
,,68.734375
,,68.765
,,68.77185
,,68.777025
,,68.7836
,,68.798175
,,68.82285
,,68.830525
,,68.852775
,,68.878475
,,68.90795
,,68.937025
,,68.98955
,,69.015575
,,69.048825
,,69.0683
,,69.076725
,,69.08375
,,69.089675
,,69.09855
,,69.10715
,,69.11235
,,69.117925
,,69.12445
,,69.14325
,,69.15365
,,69.159475
,,69.184325
,,69.19865
,,69.205575
,,69.2219
,,69.224325
,,69.247925
,,69.2568
,,69.2717
,,69.2945
,,69.29555
,,69.3195
,,69.3436
,,69.36755
,,69.377525
,,69.411125
,,69.432425
,,69.506475
,,69.56265
,,69.583925
,,69.62295
,,69.654825
,,69.683325
,,69.691625
,,69.759325
,,69.78365
,,69.8226
,,69.851675
,,69.88375
,,69.91295
,,69.9509
,,69.969
,,69.982425
,,70.00355
,,70.011425
,,70.01945
,,70.038425
,,70.057075
,,70.082525
,,70.10895
,,70.11465
,,70.119575
,,70.127975
,,70.151675
,,70.169975
,,70.179525
,,70.188225
,,70.21165
,,70.21825
,,70.2379
,,70.257175
,,70.27285
,,70.31975
,,70.3306
,,70.339625
,,70.3641
,,70.3752
,,70.405375
,,70.4153
,,70.42925
,,70.4852
,,70.499
,,70.530275
,,70.564075
,,70.593775
,,70.64595
,,70.669525
,,70.69985
,,70.732925
,,70.769575
,,70.84885
,,70.857975
,,70.86605
,,70.87245
,,70.8777
,,70.891125
,,70.89965
,,70.92585
,,70.94375
,,70.968725
,,71.00095
,,71.06355
,,71.08175
,,71.10105
,,71.1266
,,71.187825
,,71.22155
,,71.2764
,,71.301925
,,71.328825
,,71.342675
,,71.355075
,,71.375975
,,71.3909
,,71.414525
,,71.429125
,,71.443375
,,71.468
,,71.5006
,,71.51805
,,71.5377
,,71.58905
,,71.600025
,,71.620825
,,71.65115
,,71.656425
,,71.677075
,,71.68965
,,71.7195
,,71.758625
,,71.783275
,,71.8202
,,71.8777
,,71.903575
,,71.946275
,,72.0072
,,72.026525
,,72.0553
,,72.095525
,,72.1507
,,72.17695
,,72.2305
,,72.247675
,,72.2689
,,72.274575
,,72.284575
,,72.31945
,,72.333575
,,72.34095
,,72.34735
,,72.3524
,,72.359
,,72.364875
,,72.37055
,,72.3751
,,72.41225
,,72.455225
,,72.4656
,,72.4837
,,72.51645
,,72.547275
,,72.576875
,,72.613625
,,72.63335
,,72.65945
,,72.70005
,,72.725525
,,72.7797
,,72.8103
,,72.83105
,,72.86005
,,72.87225
,,72.883175
,,72.8914
,,72.908075
,,72.91755
,,72.925975
,,72.99555
,,73.0008
,,73.014375
,,73.01805
,,73.02965
,,73.04035
,,73.0816
,,73.13805
,,73.442825
,,73.476975
,,73.484275
,,73.502825
,,73.51185
,,73.524425
,,73.5404
,,73.551425
,,73.564125
,,73.5761
,,73.594525
,,73.65635
,,73.692225
,,73.708475
,,73.72625
,,73.748475
,,73.775675
,,73.83345
,,73.87645
,,73.906325
,,73.920325
,,73.935625
,,73.967775
,,73.9897
,,73.99685
,,74.000225
,,74.0046
,,74.0224
,,74.0475
,,74.0577
,,74.074225
,,74.0893
,,74.096075
,,74.114175
,,74.1199
,,74.184475
,,74.2468
,,74.301325
,,74.31295
,,74.372925
,,74.410225
,,74.463475
,,74.56335
,,74.590225
,,74.734225
,,74.75195
,,74.761225
,,74.7744
,,74.78905
,,74.7958
,,74.8043
,,74.8083
,,74.868125
,,74.907025
,,75.08935
,,75.0953
,,75.127525
,,75.205475
,,75.281025
,,75.328325
,,75.339675
,,75.345375
,,75.36545
,,75.37735
,,75.4544
,,75.479975
,,75.51195
,,75.53625
,,75.575275
,,75.606775
,,75.6263
,,75.670525
,,75.6833
,,75.6925
,,75.707725
,,75.71245
,,75.719075
,,75.72365
,,75.742675
,,75.780925
,,75.80855
,,75.81485
,,75.84325
,,75.866425
,,75.872
,,75.90435
,,75.91545
,,75.926025
,,76.012025
,,76.03465
,,76.106425
,,76.14045
,,76.165275
,,76.197475
,,76.2054
,,76.210825
,,76.212375
,,76.215475
,,76.22295
,,76.241975
,,76.255625
,,76.277225
,,76.311925
,,76.35765
,,76.44175
,,76.4911
,,76.547025
,,76.593825
,,76.621975
,,76.65895
,,76.667225
,,76.68885
,,76.785625
,,76.787625
,,76.809275
,,76.867825
,,76.902775
,,76.9269
,,76.954175
,,77.057175
,,77.085975
,,77.092025
,,77.107475
,,77.1152
,,77.1266
,,77.13675
,,77.140025
,,77.179425
,,77.225475
,,77.27675
,,77.332325
,,77.342925
,,77.3521
,,77.3609
,,77.39135
,,77.4019
,,77.4295
,,77.43815
,,77.472625
,,77.519675
,,77.5495
,,77.55695
,,77.60965
,,77.612525
,,77.629675
,,77.703175
,,77.711625
,,77.74695
,,77.7675
,,77.79795
,,77.8822
,,77.932275
,,78.03255
,,78.042925
,,78.08375
,,78.10115
,,78.146325
,,78.218525
,,78.287025
,,78.3072
,,78.321275
,,78.353675
,,78.370125
,,78.415975
,,78.437925
,,78.44855
,,78.470375
,,78.486175
,,78.510425
,,78.522975
,,78.544425
,,78.5458
,,78.57695
,,78.61415
,,78.631725
,,78.64665
,,78.66895
,,78.67965
,,78.7877
,,78.83145
,,78.858875
,,78.9276
,,78.957625
,,78.992025
,,79.017725
,,79.026725
,,79.03965
,,79.04235
,,79.07165
,,79.080275
,,79.10715
,,79.127875
,,79.181625
,,79.249875
,,79.30465
,,79.340925
,,79.463625
,,79.50265
,,79.5254
,,79.57795
,,79.592675
,,79.651475
,,79.666625
,,79.687175
,,79.96085
,,79.978475
,,79.984375
,,80.044125
,,80.045175
,,80.0602
,,80.070125
,,80.094975
,,80.1068
,,80.260675
,,80.267225
,,80.291
,,80.3895
,,80.413975
,,80.513575
,,80.521925
,,80.5394
,,80.56885
,,80.622025
,,80.637125
,,80.6688
,,80.706425
,,80.7643
,,80.8227
,,80.872725
,,80.897225
,,80.913475
,,80.93275
,,80.963475
,,80.988325
,,81.0084
,,81.056125
,,81.07485
,,81.174725
,,81.2141
,,81.348925
,,81.373625
,,81.411375
,,81.4202
,,81.45615
,,81.461325
,,81.4915
,,81.504925
,,81.539325
,,81.563125
,,81.6173
,,81.62635
,,81.6817
,,81.71465
,,81.757575
,,81.8797
,,81.898075
,,81.925175
,,81.94525
,,81.95525
,,81.960725
,,81.9857
,,82.0567
,,82.087675
,,82.10755
,,82.114375
,,82.1164
,,82.1274
,,82.1954
,,82.2726
,,82.33645
,,82.37155
,,82.394975
,,82.421125
,,82.447025
,,82.480075
,,82.499275
,,82.59855
,,82.617625
,,82.638025
,,82.6625
,,82.884475
,,82.90995
,,82.983225
,,83.073275
,,83.0781
,,83.23435
,,83.265025
,,83.32385
,,83.36415
,,83.41355
,,83.497825
,,83.508825
,,83.566425
,,83.594
,,83.604925
,,83.6148
,,83.6313
,,83.643
,,83.65425
,,83.690175
,,83.699
,,83.72735
,,83.844975
,,83.8641
,,83.941075
,,83.996725
,,84.119675
,,84.1447
,,84.148425
,,84.168325
,,84.221625
,,84.251725
,,84.25915
,,84.286425
,,84.297075
,,84.3631
,,84.440875
,,84.530725
,,84.582675
,,84.586725
,,84.590775
,,84.629625
,,84.70095
,,84.802775
,,84.8315
,,84.838425
,,84.91695
,,84.92185
,,84.936525
,,84.99745
,,85.053275
,,85.07295
,,85.1317
,,85.165
,,85.24075
,,85.28475
,,85.295625
,,85.3485
,,85.365775
,,85.3851
,,85.41665
,,85.506375
,,85.552875
,,85.587
,,85.69805
,,85.858025
,,85.9043
,,85.919075
,,85.921575
,,86.00235
,,86.15335
,,86.217425
,,86.231075
,,86.252975
,,86.34775
,,86.61835
,,86.681
,,86.694625
,,86.804625
,,86.8122
,,86.9314
,,86.9575
,,86.97105
,,87.03175
,,87.14005
,,87.151875
,,87.161525
,,87.16655
,,87.277625
,,87.295175
,,87.398775
,,87.585625
,,87.656425
,,87.67455
,,87.694
,,87.7799
,,87.8396
,,87.901225
,,87.93465
,,87.94925
,,88.1934
,,88.274075
,,88.306625
,,88.37335
,,88.382975
,,88.45525
,,88.459125
,,88.467275
,,88.47475
,,88.511675
,,88.6456
,,88.7713
,,88.798225
,,88.8328
,,88.87495
,,88.8899
,,88.901425
,,88.911525
,,88.942125
,,89.230325
,,89.2505
,,89.317825
,,89.33175
,,89.37015
,,89.46595
,,89.580625
,,89.721975
,,89.77375
,,89.847575
,,89.895225
,,90.150025
,,90.157375
,,90.1884
,,90.25265
,,90.329075
,,90.341325
,,90.446875
,,90.481
,,90.5816
,,90.58875
,,90.632575
,,90.655375
,,90.66675
,,90.73195
,,90.75485
,,90.84205
,,90.9758
,,91.000725
,,91.00715
,,91.101725
,,91.189125
,,91.210125
,,91.239675
,,91.256425
,,91.286125
,,91.351075
,,91.358725
,,91.37365
,,91.3821
,,91.392225
,,91.498725
,,91.513
,,91.525075
,,91.57185
,,91.590625
,,91.6227
,,91.728025
,,91.748975
,,91.797525
,,91.810425
,,91.81705
,,91.87575
,,91.94
,,91.9681
,,92.027575
,,92.0401
,,92.046675
,,92.082675
,,92.105075
,,92.19215
,,92.195725
,,92.198875
,,92.225175
,,92.22805
,,92.238125
,,92.32345
,,92.32665
,,92.340825
,,92.5119
,,92.5608
,,92.602625
,,92.635825
,,92.65825
,,92.761025
,,92.773
,,92.8578
,,92.869675
,,92.9118
,,92.9784
,,93.03905
,,93.2246
,,93.298375
,,93.32505
,,93.41665
,,93.43575
,,93.48035
,,93.536625
,,93.730625
,,93.776275
,,93.783725
,,93.88835
,,93.908725
,,93.97125
,,94.0313
,,94.0376
,,94.0427
,,94.23095
,,94.255175
,,94.271175
,,94.288925
,,94.2977
,,94.32735
,,94.34575
,,94.35765
,,94.410625
,,94.4672
,,94.4765
,,94.488275
,,94.547525
,,94.747
,,94.791125
,,94.8089
,,94.817325
,,95.093175
,,95.14045
,,95.265875
,,95.2929
,,95.3234
,,95.33595
,,95.535925
,,95.580175
,,95.609075
,,95.621375
,,95.62445
,,95.63215
,,95.64135
,,95.73105
,,95.824025
,,95.8323
,,96.0782
,,96.13505
,,96.1708
,,96.245275
,,96.367625
,,96.60865
,,96.6224
,,96.62925
,,96.659775
,,96.67715
,,96.7137
,,96.850875
,,96.92025
,,97.0208
,,97.02985
,,97.03855
,,97.044475
,,97.063675
,,97.087475
,,97.0914
,,97.1084
,,97.1855
,,97.5709
,,97.598975
,,97.6381
,,97.7269
,,97.849075
,,97.9448
,,97.97505
,,98.02755
,,98.067325
,,98.0833
,,98.10985
,,98.1172
,,98.119225
,,98.18395
,,98.191125
,,98.241875
,,98.261275
,,98.353025
,,98.42195
,,98.6903
,,98.871075
,,98.9837
,,99.00445
,,99.037025
,,99.141225
,,99.2687
,,99.404
,,99.44855
,,99.518325
,,99.604625
,,99.64505
,,99.6772
,,99.72795
,,99.752825
,,99.7564
,,99.789275
,,99.79395
,,99.805325
,,99.9504
,,100.029075
,,100.167325
,,100.24445
,,100.25335
,,100.279425
,,100.312225
,,100.37985
,,100.40225
,,100.405525
,,100.4068
,,100.419625
,,100.426575
,,100.433825
,,100.444625
,,100.4656
,,100.472575
,,100.529675
,,100.636925
,,100.6531
,,100.727125
,,100.798675
,,100.82285
,,101.00285
,,101.0504
,,101.059225
,,101.117175
,,101.1228
,,101.244175
,,101.330875
,,101.3355
,,101.348625
,,101.361225
,,101.36585
,,101.384525
,,101.497425
,,101.721425
,,101.852475
,,101.901725
,,101.9199
,,101.9425
,,101.969175
,,102.0104
,,102.052625
,,102.08965
,,102.1931
,,102.200075
,,102.3365
,,102.4168
,,102.49895
,,102.5179
,,102.529
,,102.542575
,,102.5535
,,102.556875
,,102.654575
,,102.7753
,,102.78795
,,102.8525
,,102.860325
,,102.890625
,,103.173475
,,103.178625
,,103.184
,,103.40655
,,103.5575
,,103.5785
,,103.6009
,,103.680575
,,103.7223
,,103.781425
,,103.79715
,,103.8317
,,103.9332
,,103.961475
,,104.049625
,,104.152325
,,104.3408
,,104.34815
,,104.43055
,,104.541425
,,104.857825
,,104.889825
,,104.988925
,,105.096175
,,105.121525
,,105.17185
,,105.295725
,,105.3411
,,105.359875
,,105.372625
,,105.40615
,,105.4744
,,105.485075
,,105.5392
,,105.6124
,,105.629125
,,105.635675
,,105.85105
,,105.88075
,,106.2838
,,106.55185
,,106.576775
,,106.668625
,,106.762625
,,106.7814
,,106.787475
,,106.81085
,,106.815325
,,106.834775
,,106.884975
,,106.928125
,,106.929175
,,107.017725
,,107.04295
,,107.189
,,107.214325
,,107.30885
,,107.367
,,107.431025
,,107.46135
,,107.59285
,,107.79415
,,107.800525
,,107.8044
,,107.815975
,,107.823975
,,107.83115
,,107.8857
,,107.89545
,,107.905725
,,107.94665
,,107.954575
,,107.9944
,,108.03975
,,108.088125
,,108.1016
,,108.215325
,,108.32245
,,108.3855
,,108.493625
,,108.632575
,,108.649575
,,108.724525
,,108.978175
,,109.06595
,,109.139825
,,109.185175
,,109.195875
,,109.228025
,,109.836625
,,110.01495
,,110.031675
,,110.039725
,,110.077225
,,110.126525
,,110.234225
,,110.3293
,,110.4244
,,110.509825
,,110.519525
,,110.538175
,,110.567075
,,110.574325
,,110.653925
,,110.718125
,,110.75345
,,111.0368
,,111.0445
,,111.08035
,,111.115925
,,111.128725
,,111.340475
,,111.693025
,,111.74435
,,111.754975
,,112.006325
,,112.042425
,,112.053275
,,112.055725
,,112.134225
,,112.25905
,,112.404175
,,112.505925
,,112.567475
,,112.6053
,,112.661025
,,112.71205
,,112.98015
,,113.081525
,,113.1406
,,113.1842
,,113.197825
,,113.2885
,,113.347775
,,113.63905
,,113.64435
,,113.661925
,,113.683825
,,113.689925
,,113.69425
,,113.7989
,,113.804725
,,113.830925
,,113.986125
,,114.178375
,,114.2977
,,114.56215
,,114.602775
,,114.8856
,,114.912025
,,114.9351
,,115.197625
,,115.275025
,,115.3221
,,115.3484
,,115.3681
,,115.3781
,,115.460175
,,115.5205
,,115.529325
,,115.565775
,,115.578325
,,115.582425
,,115.62025
,,115.883975
,,116.19645
,,116.211325
,,116.236475
,,116.259975
,,116.297375
,,116.32655
,,116.4029
,,116.446825
,,116.53225
,,116.67475
,,116.6978
,,116.822525
,,116.825925
,,116.857925
,,116.932325
,,117.175975
,,117.26855
,,117.392375
,,117.40965
,,117.57315
,,117.68795
,,117.802775
,,117.815275
,,117.843575
,,117.852
,,118.060825
,,118.1829
,,118.209925
,,118.260375
,,118.278375
,,118.303125
,,118.310025
,,118.3659
,,118.439525
,,118.449425
,,118.540075
,,118.584575
,,118.678425
,,118.690275
,,118.76355
,,118.865
,,118.8726
,,118.906075
,,118.973925
,,119.044
,,119.072325
,,119.16835
,,119.211
,,119.2411
,,119.246825
,,119.2571
,,119.265975
,,119.269825
,,119.28055
,,119.2825
,,119.28765
,,119.30145
,,119.31135
,,119.322175
,,119.3344
,,119.345425
,,119.366825
,,119.735825
,,119.74745
,,119.748625
,,119.768575
,,119.7724
,,119.782575
,,119.8774
,,119.9421
,,119.973975
,,120.151675
,,120.19635
,,120.231
,,120.2569
,,120.269275
,,120.2996
,,120.3231
,,120.33615
,,120.36615
,,120.392225
,,120.4188
,,120.443325
,,120.521175
,,120.574575
,,120.7308
,,120.77825
,,120.7821
,,120.8402
,,120.871325
,,120.894725
,,120.94145
,,121.136775
,,121.1885
,,121.20725
,,121.234575
,,121.241475
,,121.24455
,,121.256425
,,121.2786
,,121.3251
,,121.335525
,,121.3416
,,121.35885
,,121.362725
,,121.37135
,,121.4276
,,121.499125
,,121.5064
,,121.63465
,,121.817725
,,121.8278
,,121.83215
,,121.856475
,,121.908675
,,121.914075
,,121.93905
,,121.975425
,,122.01325
,,122.056325
,,122.2433
,,122.248225
,,122.27685
,,122.28615
,,122.3036
,,122.337825
,,122.370475
,,122.413725
,,122.42305
,,122.459325
,,122.478075
,,122.537425
,,122.58195
,,122.697325
,,122.753725
,,122.81855
,,122.893975
,,123.27355
,,123.290325
,,123.30825
,,123.318775
,,123.41575
,,123.458975
,,123.548525
,,123.76005
,,123.820875
,,123.903725
,,123.957225
,,123.966425
,,123.9885
,,123.997725
,,124.0246
,,124.075075
,,124.0813
,,124.088575
,,124.150725
,,124.168575
,,124.19515
,,124.4768
,,124.50475
,,124.733375
,,124.7432
,,124.915825
,,125.0616
,,125.1371
,,125.2173
,,125.30025
,,125.40345
,,125.600025
,,125.654375
,,125.661625
,,125.673675
,,125.684125
,,125.697475
,,125.7276
,,125.779
,,125.97115
,,126.0916
,,126.152225
,,126.190925
,,126.2038
,,126.259525
,,126.27
,,126.40415
,,126.42135
,,126.474075
,,126.549875
,,126.751425
,,126.761975
,,126.894175
,,126.9914
,,127.0454
,,127.07155
,,127.123425
,,127.153575
,,127.201925
,,127.22975
,,127.3047
,,127.332525
,,127.356025
,,127.406925
,,127.4367
,,127.520125
,,127.529975
,,127.550875
,,127.626375
,,127.717175
,,127.964775
,,128.017425
,,128.0438
,,128.0699
,,128.104725
,,128.131725
,,128.1443
,,128.172525
,,128.206175
,,128.25215
,,128.2796
,,128.3612
,,128.406125
,,128.43435
,,128.442275
,,128.450675
,,128.491525
,,128.51555
,,128.5375
,,128.61005
,,128.613625
,,128.63645
,,128.64145
,,128.66675
,,128.8425
,,128.8826
,,128.932725
,,128.961225
,,129.003075
,,129.022675
,,129.040575
,,129.15565
,,129.231225
,,129.304725
,,129.394525
,,129.41765
,,129.428425
,,129.446675
,,129.5082
,,129.590675
,,129.6122
,,129.633625
,,129.6845
,,129.7059
,,129.724125
,,129.884975
,,129.96625
,,129.995825
,,130.026125
,,130.051775
,,130.302325
,,130.340575
,,130.351875
,,130.3563
,,130.3723
,,130.4489
,,130.50925
,,130.8694
,,130.876825
,,130.9201
,,130.938625
,,131.0563
,,131.31915
,,131.343925
,,131.371775
,,131.831475
,,131.8583
,,131.879525
,,131.920625
,,131.999775
,,132.02345
,,132.051625
,,132.22935
,,132.28105
,,132.3025
,,132.6006
,,132.62195
,,132.7013
,,132.797475
,,132.873275
,,132.874925
,,132.9863
,,133.032175
,,133.0604
,,133.17895
,,133.243975
,,133.24835
,,133.2534
,,133.2902
,,133.3184
,,133.446775
,,133.52825
,,133.609225
,,133.632775
,,133.693775
,,133.718825
,,133.743325
,,133.750375
,,133.778025
,,133.868975
,,133.977775
,,134.092
,,134.115525
,,134.134825
,,134.144725
,,134.147825
,,134.18605
,,134.222075
,,134.26785
,,134.323325
,,134.450675
,,134.4728
,,134.49985
,,134.50615
,,134.52295
,,134.585975
,,134.66805
,,134.832425
,,134.990675
,,134.994875
,,135.07735
,,135.089
,,135.099125
,,135.1053
,,135.12
,,135.162425
,,135.218925
,,135.260525
,,135.2692
,,135.27095
,,135.331175
,,135.356775
,,135.412
,,135.683475
,,135.7145
,,135.77095
,,135.8013
,,135.8277
,,135.8469
,,135.874125
,,135.884925
,,135.900425
,,135.90695
,,135.91845
,,135.9859
,,135.9919
,,136.019225
,,136.05025
,,136.1953
,,136.261425
,,136.2766
,,136.3604
,,136.3745
,,136.41325
,,136.610175
,,136.729675
,,136.785425
,,136.8245
,,137.167525
,,137.294775
,,137.297125
,,137.308125
,,137.4184
,,137.43365
,,137.457775
,,137.486575
,,137.596075
,,137.6294
,,137.6448
,,137.64805
,,137.694375
,,137.69815
,,137.70365
,,137.7448
,,137.75795
,,137.78065
,,137.8366
,,137.861225
,,137.8932
,,138.12935
,,138.174425
,,138.18555
,,138.19865
,,138.5751
,,138.6842
,,138.7898
,,138.876125
,,139.016325
,,139.07555
,,139.107125
,,139.1162
,,139.16715
,,139.1801
,,139.1885
,,139.22895
,,139.373925
,,139.581625
,,139.83815
,,140.20405
,,140.29465
,,140.32895
,,140.4765
,,140.55045
,,140.62305
,,140.816525
,,140.856525
,,140.878675
,,140.9381
,,141.112
,,141.13165
,,141.24185
,,141.545725
,,141.571125
,,141.611525
,,141.61345
,,141.62055
,,141.660775
,,141.679425
,,141.688075
,,141.716225
,,141.770225
,,141.79565
,,141.823325
,,141.97205
,,142.1537
,,142.17945
,,142.2156
,,142.31115
,,142.322775
,,142.4237
,,142.4878
,,142.557725
,,142.628025
,,142.769675
,,142.823125
,,142.854325
,,142.89365
,,142.909525
,,143.16
,,143.1668
,,143.17255
,,143.17865
,,143.256875
,,143.309825
,,143.348375
,,143.621525
,,143.667925
,,143.749025
,,143.750325
,,143.76445
,,143.77375
,,143.846575
,,144.40175
,,144.410475
,,144.645325
,,144.8904
,,145.013275
,,145.103975
,,145.130625
,,145.275275
,,145.389875
,,145.404625
,,145.52405
,,145.54725
,,145.894275
,,145.9199
,,145.939525
,,146.0137
,,146.0369
,,146.047475
,,146.279975
,,146.304725
,,146.3368
,,146.356425
,,146.477875
,,146.558825
,,146.72625
,,146.779825
,,146.8018
,,146.880375
,,147.020275
,,147.11405
,,147.12145
,,147.1919
,,147.592625
,,147.708725
,,148.026525
,,148.0352
,,148.041575
,,148.050575
,,148.07615
,,148.1335
,,148.1773
,,148.216225
,,148.2189
,,148.2248
,,148.34595
,,148.3527
,,148.37615
,,148.530225
,,148.618525
,,148.75
,,148.778775
,,148.793725
,,149.1417
,,149.16065
,,149.16795
,,149.275475
,,149.309125
,,149.344575
,,149.721475
,,149.7404
,,149.754925
,,149.7652
,,149.8368
,,149.85515
,,149.893275
,,150.273925
,,150.2939
,,150.4308
,,150.4984
,,150.557075
,,150.566875
,,150.62755
,,150.7643
,,150.77715
,,150.794425
,,150.841125
,,150.93585
,,151.148525
,,151.1566
,,151.183175
,,151.1879
,,151.210025
,,151.2127
,,151.223275
,,151.23025
,,151.24475
,,151.2915
,,151.302725
,,151.327375
,,151.353575
,,151.43145
,,151.5765
,,151.656725
,,151.678225
,,151.715725
,,151.7192
,,151.7315
,,151.755525
,,151.7582
,,151.81625
,,151.83165
,,152.02085
,,152.178775
,,152.25535
,,152.3891
,,152.441975
,,152.51185
,,152.5914
,,152.735275
,,152.744975
,,152.78915
,,152.800175
,,152.8089
,,152.86025
,,152.9003
,,153.17995
,,153.2131
,,153.22805
,,153.332775
,,153.3478
,,153.37
,,153.429875
,,153.602825
,,153.6875
,,153.75355
,,153.762675
,,153.7909
,,153.8517
,,153.860125
,,153.907275
,,154.0255
,,154.23635
,,154.303625
,,154.356625
,,154.358425
,,154.37465
,,154.451725
,,154.5917
,,154.660375
,,154.740225
,,154.836825
,,154.914225
,,155.006375
,,155.0435
,,155.170275
,,155.264425
,,155.426
,,155.535575
,,155.624975
,,155.6859
,,155.7307
,,155.7988
,,155.99175
,,156.321275
,,156.325975
,,156.366625
,,156.398925
,,156.4692
,,156.49105
,,156.880325
,,156.906825
,,156.926475
,,157.002225
,,157.443575
,,157.45495
,,157.496025
,,157.674825
,,157.7036
,,157.767025
,,157.83765
,,157.8514
,,157.8738
,,158.004475
,,158.25255
,,158.368875
,,158.473375
,,158.5431
,,158.567675
,,158.616375
,,158.64355
,,158.749925
,,158.86665
,,159.17075
,,159.3995
,,159.429575
,,159.49845
,,159.563025
,,159.6037
,,159.64355
,,159.6845
,,159.700525
,,159.7338
,,159.968325
,,159.970725
,,159.97935
,,159.989975
,,160.03915
,,160.057925
,,160.066975
,,160.1176
,,160.129
,,160.29015
,,160.559075
,,160.748075
,,160.830125
,,160.90225
,,161.030475
,,161.0391
,,161.114075
,,161.43385
,,161.58315
,,161.609075
,,161.6293
,,161.63975
,,161.86035
,,161.88435
,,161.89665
,,162.013425
,,162.023225
,,162.073125
,,162.0891
,,162.12885
,,162.14995
,,162.388275
,,162.4116
,,162.455775
,,162.4694
,,162.477375
,,162.535675
,,162.63935
,,162.710825
,,162.985
,,163.41855
,,163.44755
,,163.4593
,,163.545225
,,163.6886
,,163.7406
,,163.777375
,,163.800825
,,164.132275
,,164.431225
,,164.6338
,,164.775825
,,165.223175
,,165.278625
,,165.292675
,,165.33965
,,165.519
,,165.729875
,,165.807625
,,165.8556
,,165.910325
,,165.923175
,,165.95935
,,165.968125
,,166.215225
,,166.462125
,,166.485875
,,166.524925
,,166.72125
,,167.26535
,,167.60645
,,168.0725
,,168.117675
,,168.202075
,,168.2594
,,168.281875
,,168.4185
,,168.464425
,,168.511625
,,168.52185
,,168.64415
,,168.652575
,,169.180525
,,169.446225
,,169.65745
,,169.913525
,,169.936275
,,169.942125
,,169.959975
,,170.3998
,,170.415325
,,170.51875
,,170.728075
,,171.0119
,,171.07585
,,171.1744
,,171.4096
,,171.84355
,,171.866625
,,171.889625
,,171.992025
,,172.2017
,,172.222225
,,172.318025
,,172.689225
,,172.747775
,,172.771175
,,172.78595
,,172.79155
,,172.825425
,,172.8855
,,172.961375
,,172.991675
,,173.047475
,,173.219225
,,173.286675
,,173.580525
,,173.588325
,,173.642275
,,173.8734
,,173.909925
,,173.9179
,,173.95615
,,173.989625
,,174.0163
,,174.055225
,,174.2413
,,174.574475
,,174.6583
,,174.67235
,,174.954775
,,174.984425
,,174.994
,,175.00295
,,175.065825
,,175.0933
,,175.09465
,,175.173825
,,175.25495
,,175.321375
,,175.7563
,,175.939325
,,176.10125
,,176.10775
,,176.14325
,,176.1956
,,176.560375
,,176.659175
,,176.672975
,,176.76945
,,176.856175
,,177.110825
,,177.2
,,177.246375
,,177.305375
,,177.35285
,,177.381875
,,177.535125
,,177.775325
,,178.215225
,,178.340025
,,178.37585
,,178.385
,,178.426475
,,178.592475
,,179.05615
,,179.089125
,,179.134125
,,179.135275
,,179.146875
,,179.1683
,,179.208325
,,179.2183
,,179.4556
,,179.622375
,,180.050125
,,180.067125
