SPK_SPKC04b (inhib),SPK_SPKC07a (inhi),SPK_SPKC12a (inh),SPK_SPKC15b (inh)
0.383875,5.860925,0.383875,0.0845
1.16125,6.0849,1.161275,0.159
1.6682,10.863375,1.668225,0.258925
3.22065,12.743425,3.22065,0.2918
3.30865,13.43035,3.30865,0.339025
3.3935,25.529775,3.393525,0.35535
3.5111,25.58685,3.5111,0.432175
4.442275,26.27525,4.442275,0.494975
4.791675,28.693775,4.791675,0.55775
4.817675,28.8128,4.817675,0.7116
6.038025,28.97715,6.038025,0.91555
6.084875,29.2753,6.084875,0.98145
6.1327,29.402575,6.1327,1.02645
6.556725,29.741175,6.556725,1.1034
7.579925,30.834025,7.579925,1.14765
7.6179,30.989625,7.6179,1.1644
8.6771,31.025425,8.6771,1.18245
8.720125,32.60145,8.720125,1.2344
8.7407,33.254325,8.7407,1.3605
8.908375,33.408625,8.908375,1.5236
9.211425,33.5128,9.211425,1.728125
9.249925,33.539475,9.249925,1.793425
9.279125,34.1631,9.279125,1.8889
9.3169,34.250975,9.3169,1.9209
9.3701,34.682325,9.370125,1.953325
9.707325,34.835575,9.7073,2.079675
9.73965,36.27005,9.79135,2.112325
9.79135,36.3401,9.8301,2.1459
9.8301,37.895575,9.87335,2.214425
9.87335,37.926625,11.021325,2.37895
11.021325,37.9492,11.091,2.416475
11.090975,37.999125,11.48565,2.439775
11.485625,39.293675,11.797575,2.46425
11.79755,39.5126,12.71785,2.50085
12.71785,39.6346,12.7434,2.5443
12.7434,39.783375,13.42615,2.5878
13.42615,41.287475,13.4299,2.620825
13.429875,41.580475,13.45665,2.678925
13.45665,42.0718,13.5426,2.859675
13.5426,42.085475,13.889975,2.90305
13.88995,44.008375,13.9065,3.064425
13.9065,45.32985,13.9652,3.134775
13.965175,46.056575,15.22995,3.165975
15.22995,46.6835,16.172775,3.197425
16.172775,46.727475,16.689025,3.265425
16.689025,46.820675,16.835725,3.306125
16.835725,46.880725,17.16445,3.320875
17.16445,47.18925,18.01725,3.3532
18.01725,48.002725,18.045175,3.435475
18.045175,48.259075,18.0701,3.52135
18.0701,48.3809,18.2177,3.79225
18.217675,48.416075,18.353225,3.83005
18.353225,48.447775,18.79525,3.85315
18.79525,48.857925,18.814725,3.89475
18.814725,49.1949,19.1812,3.94815
19.1812,50.73795,19.273425,4.0109
19.273425,51.7468,20.33925,4.2923
20.339225,51.8885,20.37035,4.401875
20.370325,51.91655,20.390975,4.48385
20.390975,51.95685,20.520325,4.541575
20.520325,51.976775,20.808525,4.60315
20.8085,52.040225,20.8467,4.759425
20.8467,52.112,20.8928,4.789075
20.8928,52.4846,20.9259,4.80235
20.9259,52.9112,20.94785,4.84115
20.94785,53.27785,20.994275,4.93065
20.994275,53.32635,21.074925,4.968975
21.074925,53.3436,21.136975,5.03585
21.136975,54.1011,21.3754,5.14605
21.3754,54.16775,21.523925,5.26325
21.523925,54.247525,21.5785,5.4083
21.5785,54.423775,21.617525,5.4424
21.6175,54.537875,22.061825,5.5076
22.061825,54.578225,22.105775,5.5303
22.105775,54.6398,22.22445,5.6072
22.22445,54.65235,22.60325,5.666675
22.60325,54.8726,22.67445,5.68835
22.67445,55.020975,22.75555,5.820625
22.75555,55.201675,22.851825,5.860925
22.851825,55.2284,22.948275,5.94715
22.94825,55.613825,23.41025,5.981075
23.410225,55.670925,23.5427,6.028775
23.5427,56.6389,23.849275,6.265325
23.849275,56.85855,23.94075,6.319825
23.940725,56.941,25.33865,6.395175
25.338625,57.12845,25.354025,6.4975
25.354,60.39275,25.366175,6.523475
25.366175,60.75965,25.38635,6.553025
25.38635,61.922575,25.42335,6.5732
25.42335,62.4872,25.455825,6.618975
25.455825,63.10975,25.4911,6.646575
25.491075,63.186025,25.51235,6.681475
25.51235,63.215425,25.529725,6.83975
25.529725,63.33235,25.55935,7.0004
25.559375,64.20875,25.586825,7.06295
25.586825,64.358325,25.624125,7.090075
25.6241,64.6473,25.6652,7.1463
25.6652,64.78675,25.68675,7.1837
25.68675,65.1549,25.728575,7.32035
25.7014,65.206725,25.745,7.412275
25.72855,65.27965,25.772175,7.4562
25.744975,65.341725,25.8858,7.5021
25.77215,65.39195,26.158825,7.558725
25.8858,65.54885,26.181925,7.58375
26.1588,65.62825,26.25275,7.615875
26.181925,65.753775,26.30755,7.68015
26.25275,65.804825,26.4432,7.756775
26.30755,65.99295,26.53575,7.81605
26.443175,66.029025,26.61895,7.877925
26.53575,66.113125,26.673275,7.920775
26.573475,66.248275,26.7136,7.999325
26.61895,66.29805,26.767125,8.0505
26.673275,66.4317,26.811425,8.07165
26.7136,66.524475,26.825975,8.094
26.767125,66.7779,26.8692,8.138025
26.8114,67.1734,26.955775,8.18415
26.82595,67.223675,27.003225,8.222
26.8692,67.31135,27.04445,8.2823
26.95575,67.344425,27.122675,8.484525
27.0032,67.38755,27.16665,8.5459
27.04445,67.654875,27.217725,8.614175
27.122675,67.72465,27.264025,8.632925
27.16665,67.7483,27.29135,8.654225
27.217725,67.8565,27.3293,8.67745
27.264025,67.97,27.38025,8.691475
27.29135,68.573575,27.492025,8.704175
27.3293,68.921575,27.60105,8.718975
27.38025,68.978775,27.634525,8.752625
27.437175,69.0933,27.7305,8.896725
27.492,69.1471,27.78035,9.107775
27.566775,69.2025,27.805275,9.188575
27.60105,69.25305,27.82745,9.2551
27.6345,69.326075,27.8451,9.28175
27.7305,69.638725,27.859975,9.319075
27.780325,69.973375,27.86685,9.37885
27.805275,70.1183,27.8805,9.4486
27.82745,70.470375,27.888625,9.495875
27.8451,70.64005,27.91165,9.542425
27.859975,70.923825,27.929175,9.638875
27.86685,70.982875,27.982275,9.717325
27.8805,71.227525,28.019,9.7231
27.888625,71.582825,28.05715,9.79655
27.91165,71.9947,28.103825,9.867025
27.929175,72.045525,28.132375,9.915725
27.98225,72.1443,28.38385,10.4096
28.019,72.4908,28.423125,10.53045
28.05715,73.135575,28.457275,10.5697
28.07575,73.193175,28.4953,10.607225
28.103825,73.261725,28.66545,10.641275
28.132375,73.39285,28.69375,10.6718
28.38385,73.441525,28.729025,10.7432
28.423125,73.74065,28.76145,10.81215
28.457275,73.959725,28.803875,10.8634
28.495275,74.08065,28.812775,10.96995
28.66545,74.2054,28.8614,11.01125
28.69375,74.461575,28.884125,11.181875
28.729025,74.546125,28.911925,11.350425
28.76145,74.5713,28.965525,11.4458
28.803875,74.6013,28.977125,11.4691
28.81275,74.68385,29.091175,11.5438
28.8614,75.1131,29.15495,11.6087
28.884125,75.181475,29.275275,11.660825
28.911925,75.2169,29.3133,11.722075
28.9655,75.27275,29.40255,11.74985
28.977125,75.45445,29.74115,11.771575
29.091175,75.59815,29.842825,11.8025
29.15495,75.851775,29.878175,11.882475
29.275275,75.927,30.3818,12.024875
29.3133,76.741775,30.5553,12.1671
29.40255,77.07845,30.5803,12.20395
29.74115,77.101075,30.6531,12.465725
29.842825,77.44095,30.81525,12.555475
29.878175,77.491375,30.834,12.657625
30.3818,77.519825,30.8525,12.722225
30.4213,77.5538,30.87485,12.7472
30.5553,77.577125,30.9896,12.7795
30.5803,77.931,31.0254,12.886925
30.596875,77.938925,31.164975,13.039325
30.6531,77.96555,31.198575,13.107675
30.81525,78.046125,31.23835,13.213675
30.834,78.095,32.0574,13.27885
30.8525,78.381925,32.132725,13.2978
30.9896,78.48005,32.6014,13.334775
31.0254,78.65045,32.62355,13.430325
31.164975,79.37725,32.656725,13.551375
31.198575,80.585175,32.704975,13.744675
31.23835,80.64815,32.755325,13.835
32.0574,80.69675,32.84225,13.9251
32.1327,81.0318,33.0004,13.986375
32.6014,81.36115,33.2543,14.103975
32.62355,81.75625,33.4086,14.1938
32.656725,82.089925,33.512775,14.270775
32.704975,82.416925,33.53945,14.3171
32.755325,82.6499,33.7791,14.52395
32.842225,82.831075,34.163075,14.568225
33.000375,83.20905,34.250975,14.678725
33.254275,83.223275,34.682325,14.902225
33.408625,83.2804,34.7075,15.04635
33.512775,83.341025,34.835575,15.19065
33.53945,83.352575,36.249825,15.2126
33.7791,83.40655,36.27005,15.26975
34.163075,83.43355,36.2867,15.3358
34.250975,83.51115,36.3154,15.405575
34.682325,83.65865,36.3401,15.489475
34.7075,83.755,37.149625,15.534875
34.835575,83.8102,37.895575,15.60735
34.876425,84.233925,37.9266,15.64825
36.24985,84.2643,37.949175,15.6783
36.27005,84.302375,37.999125,15.88465
36.2867,84.35815,39.293675,16.0532
36.3154,84.630575,39.512575,16.1521
36.3401,84.71465,39.634575,16.173675
37.149625,84.805975,39.783375,16.228025
37.89555,85.494825,41.287475,16.260875
37.9266,85.8428,41.51165,16.37405
37.949175,86.23975,41.52155,16.399275
37.999125,87.332675,42.0718,16.486625
39.293675,87.4668,42.08545,16.517925
39.512575,87.9122,43.676225,16.537025
39.634575,88.4852,44.00835,16.65965
39.78335,88.571875,44.932925,16.75215
41.28745,88.663625,45.329825,16.7985
41.51165,88.815,45.9352,16.8181
41.52155,89.057,46.05655,16.84335
41.580475,89.09405,46.683475,16.89645
42.0718,89.121675,46.72745,17.03125
42.085475,89.15205,46.82065,17.06935
43.6762,89.30385,46.8807,17.16795
44.00835,89.3318,47.189225,17.332975
44.932925,89.64915,48.0027,17.4858
45.3298,89.700075,48.259075,17.5231
45.9352,89.75175,48.35405,17.561
46.05655,89.838475,48.380875,17.6328
46.683475,89.85715,48.416075,17.68805
46.72745,89.88415,48.44775,17.7711
46.82065,89.965425,48.4615,17.903725
46.8807,89.9853,48.8579,17.96675
47.189225,90.020625,49.0049,17.986925
48.002725,90.0927,49.194875,18.040575
48.259075,90.176575,50.737925,18.134325
48.35405,90.49695,51.746775,18.22095
48.380875,90.89955,51.8687,18.317675
48.416075,91.2814,51.88845,18.406175
48.447775,91.552325,51.8995,18.4868
48.4615,91.607,51.916525,18.58985
48.8579,91.6445,51.934125,18.7939
49.004875,92.426825,51.956825,18.822675
49.194875,92.88475,51.976775,18.857325
50.737925,93.024775,52.00605,18.958
51.746775,93.359425,52.0402,19.15135
51.8687,93.407275,52.112,19.1747
51.888475,93.507125,52.2133,19.20935
51.899525,93.8315,52.2929,19.3766
51.916525,93.8512,52.484575,19.44075
51.934125,93.882975,52.507825,19.5205
51.956825,93.929825,52.91115,19.55315
51.976775,94.293225,53.0265,19.590725
52.00605,94.604975,53.277825,19.64725
52.0402,94.661825,53.326325,19.787175
52.112,94.7403,53.343575,19.862875
52.2133,95.5258,53.3571,19.891
52.2929,95.92725,53.389575,19.911025
52.484575,95.99895,53.404175,19.972925
52.507825,96.2538,53.4507,20.117875
52.91115,96.341425,53.574475,20.150975
53.0265,97.13205,54.101075,20.22705
53.27785,97.80185,54.167725,20.2676
53.326325,98.371,54.2475,20.301825
53.3436,98.68505,54.423775,20.399775
53.3571,98.719975,54.53785,20.4463
53.389575,99.077225,54.578225,20.519425
53.404175,100.110825,54.60705,20.7101
53.4507,100.8628,54.639775,20.835425
53.574475,100.927425,54.652325,20.850175
54.1011,100.960275,54.872575,20.8844
54.247525,100.99535,55.020975,20.903175
54.423775,101.0452,55.201675,20.926725
54.53785,101.2028,55.228375,20.95975
54.578225,101.367475,55.247125,21.317275
54.639775,101.397775,55.34305,21.379275
54.652325,101.42885,55.6138,21.4911
54.872575,102.035725,55.6709,21.519025
55.020975,102.1291,55.72155,21.5612
55.201675,102.69145,56.6389,21.683875
55.228375,102.734625,56.85855,21.7266
55.247125,102.7673,56.941,21.9051
55.34305,102.808275,57.128425,22.012325
55.613825,102.895175,60.392725,22.078575
55.6709,103.158575,60.759625,22.1254
55.72155,103.24255,61.87435,22.178375
55.803,104.596675,61.92255,22.22965
56.6389,106.313675,62.487175,22.33285
56.85855,106.48085,62.553025,22.368
56.941,106.5907,63.109725,22.441975
57.128425,106.63635,63.186025,22.4729
60.392725,106.7107,63.215425,22.537725
60.759625,106.744925,63.301725,22.6045
61.87435,106.7813,63.33235,22.640375
61.92255,106.870575,64.20875,22.683825
62.487175,107.05805,64.3583,22.74375
62.553025,107.1345,64.42895,22.7779
63.109725,107.199825,64.647275,22.82995
63.186,107.75185,64.78675,22.874925
63.215425,107.885525,65.00175,22.937025
63.30175,107.961375,65.130925,23.0213
63.33235,108.3348,65.154875,23.121775
63.680175,108.434425,65.2067,23.163725
64.20875,108.661875,65.2595,23.197475
64.3583,109.161025,65.27965,23.355075
64.428975,109.64865,65.3417,23.387125
64.647275,110.59355,65.39195,23.421475
64.786725,110.6511,65.5488,23.5045
65.00175,110.8674,65.628225,23.5636
65.130925,111.14295,65.684175,23.652475
65.154875,111.161275,65.753725,23.725575
65.2067,112.50085,65.8048,23.836925
65.2595,112.620775,65.99295,23.876075
65.279625,112.645625,66.029,23.906225
65.341725,113.247025,66.1131,23.97655
65.39195,113.778175,66.248275,24.019
65.5488,114.39805,66.29805,24.060775
65.628225,114.4613,66.328075,24.10795
65.684175,114.489725,66.431675,24.145175
65.75375,114.537825,66.52445,24.228625
65.8048,114.55875,66.777875,24.267975
65.99295,114.607775,67.065925,24.337475
66.029,115.845425,67.173375,24.36995
66.1131,116.098875,67.22365,24.422475
66.248275,116.14265,67.311325,24.464325
66.29805,116.193975,67.3444,24.503975
66.328075,116.2536,67.3726,24.5584
66.431675,116.295025,67.387525,24.597475
66.52445,116.3983,67.42425,24.66095
66.77785,117.210925,67.59825,24.7058
67.0659,117.935075,67.65485,24.77305
67.1734,118.4687,67.685725,24.824575
67.223675,119.02105,67.724625,24.921375
67.311325,119.040475,67.74825,24.9613
67.3444,119.236275,67.8565,25.104575
67.3726,119.485175,67.97,25.13435
67.387525,119.55665,68.15145,25.157625
67.42425,120.096375,68.519625,25.23985
67.59825,120.15815,68.57355,25.321375
67.65485,120.245,68.92155,25.360875
67.685725,120.28485,68.97875,25.3876
67.724625,120.41625,69.040825,25.47985
67.748275,120.55205,69.060625,25.538125
67.8565,121.103275,69.093275,25.61325
67.97,121.16935,69.147075,25.671775
68.15145,122.307875,69.2025,25.693125
68.519625,122.60355,69.25305,25.722475
68.573525,122.668475,69.326075,25.783475
68.921575,123.37205,69.638725,25.827475
68.97875,123.421475,69.97335,26.27525
69.040825,123.4518,70.118275,26.28145
69.060625,123.5668,70.47035,26.34355
69.093275,123.828925,70.640025,26.39055
69.147075,123.879325,70.8467,26.452
69.2025,123.913175,70.9238,26.522025
69.25305,123.943675,70.98285,26.593375
69.326075,124.003025,71.2275,26.705375
69.638725,124.30185,71.5828,26.747275
69.973375,124.3756,71.994675,26.7772
70.118275,125.029,72.0455,26.846625
70.121125,125.138175,72.1443,26.96905
70.470375,125.78685,72.490775,27.05775
70.640025,126.10175,73.135575,27.0993
70.651475,126.148275,73.193175,27.124975
70.846675,126.542575,73.2617,27.2048
70.9238,126.605075,73.392825,27.3134
70.98285,126.631225,73.4415,27.598325
71.2275,126.6973,73.74065,27.683575
71.5828,126.775725,73.9597,27.864725
71.9947,127.068,74.08065,28.787875
72.045525,127.129425,74.205375,28.950225
72.144325,127.1542,74.46155,30.3948
72.480625,127.218525,74.546125,30.6182
72.490775,127.2862,74.5713,30.8321
73.135575,128.25715,74.601275,30.86515
73.193175,128.735825,75.113075,31.032575
73.261725,129.608925,75.18145,31.10195
73.39285,129.846275,75.216875,31.207025
73.441525,129.9215,75.27275,32.0527
73.74065,129.937925,75.45445,32.0958
73.959725,129.95565,75.59815,32.120925
74.08065,129.982825,75.851775,33.431925
74.205375,130.03015,76.741775,34.097175
74.46155,130.116425,77.078425,36.273825
74.546125,130.3465,77.10105,36.343075
74.571325,130.375875,77.440925,36.4975
74.601275,130.395075,77.5198,39.343175
74.68385,130.437975,77.553775,39.6471
75.1131,130.518925,77.577125,40.919875
75.18145,130.61805,77.931,41.209225
75.2169,130.7958,77.9389,41.490725
75.27275,131.1703,77.965525,41.5367
75.45445,131.6415,78.046125,43.641275
75.59815,131.67035,78.095,43.67585
75.851775,131.723,78.3819,43.994025
75.926975,132.006025,78.48005,44.876625
76.741775,132.063775,78.650425,44.981175
77.078425,132.106025,79.377225,45.0068
77.10105,132.471825,80.503975,45.29505
77.44095,132.88905,80.585175,45.389
77.49135,133.113275,80.648125,45.578975
77.5198,133.162975,80.696725,45.90355
77.553775,133.23215,81.0318,45.950525
77.577125,133.505425,81.36115,45.99255
77.9389,133.54825,81.756225,46.063825
77.96555,133.59635,82.089925,46.50485
78.046125,133.976225,82.416925,46.62425
78.095,134.2282,82.649875,46.6987
78.3819,134.295275,82.831075,46.738425
78.48005,134.64065,83.1796,46.777625
78.65045,134.68595,83.20905,46.891575
79.37725,134.7025,83.22325,47.173425
80.503975,135.17635,83.2804,47.21405
80.585175,135.666275,83.341025,47.293
80.648125,135.735525,83.352575,47.32105
81.0318,135.996175,83.40655,47.384275
81.36115,136.0307,83.433525,47.524325
82.089925,136.554775,83.51115,47.5582
82.416925,137.6806,83.65865,47.6064
82.649875,138.464575,83.755,47.6601
82.831075,138.541025,83.810175,47.73815
83.179625,139.02115,84.2339,47.76525
83.20905,139.053475,84.2643,47.810175
83.223275,139.111675,84.302375,47.9089
83.2804,139.150425,84.358125,47.941225
83.341025,139.277075,84.630575,47.998925
83.352575,139.4936,84.714625,48.122275
83.40655,139.6716,84.805975,48.214575
83.433525,140.09745,85.494825,48.2496
83.51115,140.236125,85.8428,48.2736
83.755,140.2536,86.23975,48.2944
83.8102,140.29945,87.332675,48.326675
84.233925,140.412575,87.4668,48.390525
84.2643,140.592375,87.9122,48.412825
84.302375,140.6955,88.4852,48.43115
84.35815,140.87645,88.57185,48.4877
84.630575,141.06855,88.6636,48.553025
84.714625,141.521575,88.815,48.820525
84.805975,142.313475,89.057,49.006925
85.494825,142.79135,89.09405,49.0577
85.8428,142.874125,89.121675,49.123675
86.23975,142.975275,89.152025,49.16935
87.332675,143.08905,89.303825,49.207325
87.4668,143.608775,89.3318,49.2825
87.9122,144.0791,89.64915,49.32325
88.4852,144.41515,89.70005,49.39995
88.57185,144.439875,89.751725,49.469225
88.6636,144.475925,89.83845,49.597075
88.815,144.898725,89.85715,49.645
89.056975,145.347325,89.884125,49.728025
89.094025,145.91595,89.965425,49.791025
89.121675,146.43,89.9853,49.885475
89.15205,146.54915,90.020625,49.916675
89.303825,146.76155,90.0927,49.97135
89.3318,147.0052,90.176575,50.0285
89.70005,147.054975,90.423075,50.0583
89.751725,148.1383,90.496925,50.11625
89.83845,148.4416,90.899525,50.1795
89.85715,148.483575,91.2814,50.30095
89.88415,148.63115,91.552325,50.352525
89.965425,149.053925,91.606975,50.4882
89.985325,149.357475,91.644475,50.540325
90.176575,149.8089,92.4268,50.6168
90.4231,149.8318,92.88475,50.7099
90.496925,149.894675,93.024775,50.7432
90.89955,149.92965,93.3594,50.8086
91.2814,149.95065,93.407275,50.837325
91.552325,150.0948,93.5071,50.873775
91.607,150.379525,93.831475,50.914725
91.6445,150.85635,93.8512,50.96235
92.426825,151.539675,93.882975,51.1917
93.024775,151.562425,93.929825,51.22755
93.3594,151.6244,94.293225,51.24875
93.407275,151.66865,94.604975,51.279175
93.5071,152.842325,94.6618,51.34755
93.831475,152.913475,94.7403,51.509075
93.882975,153.291575,95.179575,51.759125
93.929825,153.350525,95.525775,51.84145
94.293225,153.406275,95.92725,51.88185
94.604975,153.7651,95.998925,51.895525
94.740325,155.01445,96.253775,51.953025
95.17955,155.280375,96.3414,51.95815
95.5258,155.731625,96.984275,52.04515
95.99895,155.817125,97.13205,52.270575
96.253775,156.39645,97.801825,54.138475
96.3414,156.8024,98.371,56.362825
96.984275,156.835675,98.685025,60.362475
97.13205,157.53515,98.71995,61.87065
97.801825,157.961975,99.077225,62.451575
98.371,157.9839,100.1108,62.4842
98.68505,158.0109,100.862775,62.73335
98.71995,158.110675,100.89725,62.770125
99.077225,158.138225,100.927425,63.07235
100.1108,158.765675,100.96025,63.1143
100.8628,158.7868,100.99535,63.253575
100.9274,158.801925,101.0452,63.324275
100.96025,158.821575,101.2028,63.3622
100.99535,161.2663,101.36745,63.440675
101.0452,161.52235,101.397775,63.657375
101.2028,161.917375,101.42885,63.692625
101.36745,161.9403,102.0357,64.3538
101.397775,161.98805,102.691425,64.4429
101.42885,162.2391,102.734625,64.6654
102.035725,162.728075,102.767275,64.80915
102.129075,162.780925,102.808275,64.864225
102.691425,163.41675,102.89515,65.004125
102.734625,163.440075,103.15855,65.140825
102.767325,163.496775,103.24255,65.200875
102.808275,163.552675,104.59665,65.237075
102.895175,163.8691,106.31365,65.3127
103.15855,164.31135,106.48085,65.354625
103.24255,164.85665,106.5907,65.666075
104.59665,164.899625,106.7107,65.723325
106.313675,164.928475,106.7449,65.854675
106.48085,166.430075,106.7813,65.9558
106.5907,166.51625,106.87055,66.037125
106.7107,166.974575,107.058025,66.095825
106.744925,167.0765,107.10015,66.215325
106.7813,167.507,107.134475,66.27225
106.870575,168.128825,107.199825,66.3125
107.05805,168.182725,107.751825,66.4099
107.10015,168.726675,107.885525,66.471
107.1345,168.74975,107.96135,66.5978
107.199825,169.194975,108.334775,66.6243
107.75185,169.693325,108.4344,66.667
107.885525,169.743125,108.66185,66.743125
107.96135,169.761975,109.161,66.807325
108.3348,169.790575,109.64865,67.1079
108.4344,169.869575,110.59355,67.187975
108.661875,170.3211,110.651075,67.237675
109.161,170.35305,110.8674,67.335675
109.64865,170.8208,111.14295,67.37435
110.59355,170.8723,111.161275,67.5732
110.6511,172.535,111.2311,67.606275
110.867375,172.57955,112.50085,67.63675
111.161275,172.620175,112.620775,67.66305
111.2311,172.6291,112.6456,67.834375
112.50085,172.6572,113.247025,68.199975
112.620775,173.132875,113.77815,68.4581
112.645625,174.3356,114.39805,68.5119
113.247025,174.703025,114.461275,68.554175
113.77815,174.778525,114.4897,68.598875
114.39805,174.874675,114.537825,68.704275
114.461275,175.25405,114.55875,68.813525
114.489725,175.274275,114.6078,68.95125
114.55875,175.330025,115.845425,69.0011
114.607775,175.700375,116.098875,69.011275
115.84545,176.15155,116.14265,69.02585
116.0989,176.525975,116.193975,69.0469
116.14265,176.5682,116.2536,69.070475
116.253625,176.9565,116.295,69.115925
116.295,177.774525,116.3983,69.1657
117.210925,178.11725,117.2109,69.193475
117.935075,178.1827,117.935075,69.248375
118.4687,178.27145,118.468675,69.77275
119.02105,178.730975,119.02105,70.06075
119.040475,179.2327,119.040475,70.19445
119.236275,179.521275,119.236275,70.2763
119.485175,179.556475,119.485175,70.28935
119.55665,179.596475,119.55665,70.3482
120.0964,179.70065,120.096375,70.4889
120.11825,180.07475,120.11825,70.674475
120.158175,181.75315,120.15815,70.723075
120.244975,182.371575,120.244975,70.7685
120.28485,182.435175,120.28485,70.864975
120.416225,182.637325,120.416225,70.942075
120.55205,182.66125,120.55205,70.97805
121.10325,183.26635,121.10325,71.51955
121.169325,183.894675,121.169325,71.5602
122.603525,184.25305,122.30785,71.6958
122.66845,184.316,122.603525,71.74995
123.37205,184.36675,122.66845,71.96835
123.421475,184.3762,123.37205,71.98515
123.4518,184.403675,123.42145,72.009125
123.5668,184.488825,123.451775,72.04065
123.8289,185.395775,123.5668,72.1458
123.879325,185.838325,123.8289,72.21585
123.913175,187.58705,123.879325,72.40465
123.943675,188.37985,123.913175,72.5199
124.003025,188.45385,123.94365,72.604025
124.301825,188.556575,124.003025,72.67475
124.3756,188.682025,124.301825,72.702
125.029,189.547775,124.352975,72.722375
125.138175,189.831875,124.375575,72.852375
125.78685,189.993925,125.028975,72.939625
126.10175,190.039925,125.13815,73.028175
126.14825,190.047775,125.78685,73.106775
126.542575,190.06405,126.10175,73.223025
126.605075,190.0758,126.14825,73.23865
126.631225,190.1163,126.54255,73.337725
126.6973,190.15015,126.60505,73.38715
127.067975,190.169725,126.631225,73.432175
127.1294,190.25175,126.6973,73.79395
127.154175,190.2843,126.7757,73.891675
127.218525,190.305775,127.067975,73.95415
127.2862,190.737525,127.1294,74.05065
128.25715,190.861425,127.154175,74.1013
129.8463,190.93065,127.218525,74.174
129.9215,190.968775,127.2862,74.229425
129.937925,191.0264,128.257125,74.315425
129.95565,191.097525,128.7358,74.418525
129.982825,191.1341,129.608925,74.4537
130.03015,191.1552,129.846275,74.5131
130.116425,191.20135,129.9215,74.5436
130.3465,191.4049,129.937925,74.59165
130.3759,191.553025,129.955625,74.623025
130.3951,191.585725,129.982825,74.684675
130.438,191.651125,130.030125,74.730025
130.51895,191.672275,130.116425,75.177975
130.618025,191.716,130.346475,75.2427
130.795825,191.7587,130.375875,75.30605
131.1703,191.800075,130.395075,75.403775
131.6415,191.860525,130.437975,75.483
131.723,191.925,130.518925,75.54095
132.00605,191.975925,130.618025,75.59015
132.06375,192.004875,130.7958,75.60735
132.152875,192.04725,131.170275,75.69275
132.471825,192.078475,131.6415,75.8117
132.88905,192.220825,131.670325,75.848425
133.113275,192.247075,131.723,75.899175
133.162975,192.332425,132.006025,75.970875
133.23215,192.371975,132.06375,76.02415
133.505425,192.424475,132.106025,76.199875
133.54825,192.4807,132.152875,76.358
133.59635,192.681125,132.4718,76.485175
133.9762,194.155975,132.889025,76.529075
134.228175,194.181675,133.113275,76.578575
134.295275,194.2677,133.16295,76.627825
134.68595,194.69275,133.232125,76.687375
134.702475,194.80965,133.505425,76.7516
135.176325,194.9544,133.54825,76.818175
135.666275,195.476125,133.59635,76.853625
135.7355,195.56065,133.976225,76.894975
135.9882,195.57105,134.228175,76.9586
135.9962,195.6141,134.29525,77.026475
136.030675,195.639225,134.640625,77.05465
136.55475,195.652,134.685925,77.118925
136.805325,195.874675,134.702475,77.230325
137.680575,196.1829,135.176325,77.374375
138.464575,196.3053,135.666275,77.469875
138.541025,196.340825,135.7355,77.499275
139.02115,196.374825,135.996175,77.53185
139.053475,196.426775,136.030675,77.813225
139.11165,196.883425,136.55475,78.014025
139.150425,197.75065,136.805325,78.0352
139.20365,198.4691,137.680575,78.113725
139.277075,198.4892,138.464575,78.377525
139.4936,198.52845,138.541025,78.424375
139.6716,,139.02115,78.47285
140.09745,,139.05345,78.5243
140.236125,,139.11165,78.60815
140.253575,,139.150425,78.63025
140.29945,,139.20365,78.676025
140.592375,,139.27705,78.707025
140.6955,,139.493575,78.80955
140.876425,,139.6716,78.884025
141.06855,,140.09745,79.0498
141.521575,,140.2361,79.1238
142.313475,,140.253575,79.195225
142.79135,,140.299425,79.2595
142.975275,,140.41255,79.332675
143.08905,,140.592375,79.3933
143.60875,,140.6955,79.4722
144.0791,,140.876425,79.579475
144.415175,,141.068525,79.789925
144.439875,,141.52155,79.828525
144.475925,,142.31345,79.922375
144.8987,,142.79135,79.97345
144.935525,,142.8741,80.01675
145.347325,,142.975275,80.1476
145.91595,,143.089025,80.1794
146.429975,,143.60875,80.240125
146.54915,,144.0791,80.274225
146.76155,,144.415175,80.2973
147.0052,,144.439875,80.4185
147.054975,,144.475925,80.4801
147.327225,,144.8987,80.504125
148.1383,,144.935525,80.54535
148.48355,,144.9878,80.5594
148.63115,,145.347325,80.5812
149.053925,,145.91595,80.64765
149.3575,,146.429975,80.6933
149.8089,,146.54915,80.7281
149.8318,,146.76155,80.786875
149.95065,,147.005175,80.861025
150.0948,,147.05495,80.909825
150.379525,,147.327225,80.9726
150.85635,,148.1383,81.028925
151.539675,,148.4416,81.104525
151.562425,,148.48355,81.1446
151.5834,,148.631125,81.20195
152.842325,,149.053925,81.241825
152.913475,,149.3575,81.296525
153.291575,,149.8089,81.340425
153.350525,,149.831775,81.51785
153.406275,,149.89465,81.56765
153.7651,,149.92965,81.656225
155.01445,,149.95065,81.701725
155.280375,,150.094775,81.785625
155.731625,,150.379525,81.8579
155.8171,,150.856325,81.925025
156.396425,,151.53965,81.97535
156.802375,,151.5624,82.0464
156.835675,,151.5834,82.069675
157.535125,,151.6244,82.111325
157.96195,,151.668625,82.16585
157.983875,,152.842325,82.402475
158.010925,,152.91345,82.4576
158.110675,,153.291575,82.517475
158.138225,,153.350525,82.611325
158.765675,,153.40625,82.685
158.8019,,153.7651,82.775725
158.821575,,155.01445,82.810425
161.266275,,155.280375,82.832875
161.52235,,155.731625,82.8691
161.917375,,155.8171,82.915225
161.9403,,156.396425,82.97645
161.988075,,156.802375,83.046175
162.2391,,156.83565,83.11255
163.41675,,157.535125,83.1835
163.440075,,157.96195,83.210425
163.552675,,157.983875,83.228225
163.869075,,158.0109,83.285075
164.311325,,158.110675,83.33525
164.85665,,158.138225,83.3975
164.928475,,158.765675,83.523025
166.430075,,158.786775,83.6078
166.974575,,158.8019,83.700025
167.076525,,158.821575,83.738175
167.507,,161.266275,83.7613
168.12885,,161.522325,83.988275
168.182725,,161.91735,84.0456
168.72665,,161.940275,84.1009
168.74975,,161.98805,84.189675
169.194975,,162.2391,84.2283
169.6933,,162.780925,84.3208
169.76195,,163.416725,84.401175
169.79055,,163.44005,84.46615
169.869575,,163.496775,84.66275
170.3211,,163.552675,84.722975
170.35305,,163.869075,84.787525
170.820825,,164.311325,84.81045
172.534975,,164.856625,84.838275
172.57955,,164.899625,84.8887
172.6291,,164.928475,85.200875
172.6572,,166.43005,85.2505
173.132875,,166.516225,85.31115
174.3356,,166.974575,85.3566
174.703025,,167.0765,85.4031
174.778525,,167.506975,85.5402
174.874675,,168.128825,85.6979
175.25405,,168.182725,85.81345
175.274275,,168.72665,85.8588
175.330025,,168.74975,85.955125
175.700375,,169.194975,86.04695
176.113025,,169.6933,86.140375
176.151525,,169.743125,86.234525
176.568175,,169.76195,86.26135
176.9565,,169.79055,86.357425
177.77455,,169.869575,86.4313
178.11725,,170.3211,86.471075
178.1827,,170.35305,86.506475
178.27145,,170.8208,86.58325
178.731,,170.8723,86.607775
179.2327,,172.534975,86.9218
179.521275,,172.57955,86.954875
179.5565,,172.629075,87.051075
179.596475,,172.6572,87.15095
179.70065,,173.13285,87.18105
180.07475,,174.3356,87.204425
182.371575,,174.703025,87.26535
182.43515,,174.778525,87.322575
182.637325,,174.874675,87.375275
182.66125,,175.25405,87.416225
183.894675,,175.274275,87.49795
184.25305,,175.700375,87.661275
184.36675,,176.113025,87.828825
184.376175,,176.151525,87.8599
184.403675,,176.52595,87.887825
184.488825,,176.568175,87.9594
185.395775,,176.9565,87.982875
185.838325,,177.774525,88.068975
187.58705,,178.11725,88.193275
188.379825,,178.1827,88.29765
188.453875,,178.27145,88.38155
188.556575,,178.730975,88.482775
188.682025,,179.232675,88.576275
189.547775,,179.521275,88.613175
189.831875,,179.556475,88.649875
189.993925,,179.596475,88.691225
190.039925,,179.700625,88.72555
190.04775,,180.074725,88.749375
190.064075,,182.371575,88.8546
190.0758,,182.43515,88.9596
190.1163,,182.637325,89.041
190.15015,,182.661225,89.0791
190.1697,,183.26635,89.100075
190.251725,,183.894675,89.13955
190.305775,,184.253025,89.2754
190.73755,,184.316,89.4024
190.8614,,184.366725,89.6298
190.930625,,184.376175,89.668925
190.968775,,184.403675,89.6947
191.0975,,184.488825,89.80485
191.1341,,185.395775,89.8464
191.1552,,185.838325,89.873
191.20135,,187.58705,89.894
191.4049,,188.379825,89.967375
191.58575,,188.45385,90.02205
191.7587,,188.556575,90.091275
192.078475,,188.682,90.366425
192.424475,,189.547775,90.456675
194.181675,,189.831875,90.490125
194.230825,,189.9939,90.616325
194.267725,,190.039925,90.79315
194.692775,,190.04775,90.86655
194.809625,,190.06405,90.900175
194.954375,,190.0758,91.076275
195.476125,,190.1163,91.16005
195.56065,,190.15015,91.188775
195.6141,,190.1697,91.3988
195.874675,,190.25175,91.519375
196.88345,,190.284275,91.575975
197.750675,,190.305775,91.589925
198.489225,,190.737525,91.7464
,,190.8614,91.8719
,,190.930625,92.0132
,,190.968775,92.070425
,,191.0264,92.22045
,,191.0975,92.271225
,,191.1341,92.3566
,,191.1552,92.411925
,,191.20135,92.434575
,,191.4049,92.48175
,,191.553,92.70445
,,191.585725,92.803475
,,191.67225,92.845175
,,191.716,92.896875
,,191.758675,92.967725
,,191.80005,93.0103
,,191.860525,93.121775
,,191.925,93.157525
,,191.975925,93.1991
,,192.004875,93.368825
,,192.047225,93.45585
,,192.07845,93.522875
,,192.220825,93.572075
,,192.247075,93.694825
,,192.332425,93.770675
,,192.371975,93.79845
,,192.42445,93.820825
,,192.4807,93.8431
,,192.681125,93.8796
,,194.15595,94.07735
,,194.18165,94.17045
,,194.2308,94.268775
,,194.2677,94.3157
,,194.69275,94.354075
,,194.809625,94.451425
,,194.954375,94.499375
,,195.476125,94.567375
,,195.56065,94.588875
,,195.57105,94.6244
,,195.6141,94.663925
,,195.6392,94.736325
,,195.652,94.7928
,,195.874675,94.8363
,,196.3748,94.889275
,,196.42675,95.113625
,,196.883425,95.18115
,,197.75065,95.243425
,,198.4691,95.455725
,,198.4892,95.499725
,,198.528425,95.634275
,,,95.7077
,,,95.8226
,,,95.844325
,,,95.882575
,,,95.942125
,,,96.050075
,,,96.206425
,,,96.28175
,,,96.343175
,,,96.458625
,,,96.55545
,,,96.711375
,,,96.83005
,,,96.8666
,,,96.919825
,,,97.02015
,,,97.1264
,,,97.189375
,,,97.3312
,,,97.434525
,,,97.4767
,,,97.578125
,,,97.662375
,,,97.755625
,,,97.78555
,,,97.86805
,,,97.947325
,,,98.01765
,,,98.15605
,,,98.21355
,,,98.2465
,,,98.351875
,,,98.46475
,,,98.5068
,,,98.60025
,,,98.7065
,,,98.849925
,,,98.912975
,,,98.967575
,,,99.010725
,,,99.0617
,,,99.092875
,,,99.171575
,,,99.2648
,,,99.29475
,,,99.333125
,,,99.3634
,,,99.4212
,,,99.476
,,,99.501
,,,99.51875
,,,99.56435
,,,99.616575
,,,99.706125
,,,99.73355
,,,99.7729
,,,99.93695
,,,99.97475
,,,100.00915
,,,100.10705
,,,100.1346
,,,100.159875
,,,100.216225
,,,100.25865
,,,100.300275
,,,100.32865
,,,100.3811
,,,100.4493
,,,100.503175
,,,100.5608
,,,100.606625
,,,100.648475
,,,100.71465
,,,100.77645
,,,100.80835
,,,100.8397
,,,100.861225
,,,100.879775
,,,100.896775
,,,100.921975
,,,100.9491
,,,100.97265
,,,101.02225
,,,101.074125
,,,101.120125
,,,101.146525
,,,101.249
,,,101.38585
,,,101.450575
,,,101.5404
,,,101.60495
,,,101.633425
,,,101.670875
,,,101.983675
,,,102.046175
,,,102.164825
,,,102.2899
,,,102.366375
,,,102.43865
,,,102.5301
,,,102.618225
,,,102.65985
,,,102.722925
,,,102.807075
,,,102.903775
,,,103.1797
,,,103.3112
,,,103.5314
,,,103.567275
,,,103.6403
,,,103.76135
,,,103.88075
,,,103.95825
,,,104.00375
,,,104.080475
,,,104.203175
,,,104.2797
,,,104.39745
,,,104.50205
,,,104.573575
,,,104.599875
,,,104.653
,,,104.937475
,,,104.997975
,,,105.028875
,,,105.1352
,,,105.211975
,,,105.295775
,,,105.35535
,,,105.406925
,,,105.461225
,,,105.496975
,,,105.613075
,,,105.674375
,,,105.701675
,,,105.78165
,,,105.805525
,,,105.839625
,,,105.87
,,,105.939325
,,,106.10965
,,,106.168025
,,,106.280125
,,,106.314175
,,,106.357925
,,,106.4093
,,,106.57815
,,,106.60675
,,,106.8185
,,,106.950825
,,,107.03725
,,,107.093
,,,107.20105
,,,107.290175
,,,107.309175
,,,107.3456
,,,107.453925
,,,107.5539
,,,107.6088
,,,107.653775
,,,107.7078
,,,107.7489
,,,107.773525
,,,107.856525
,,,107.87355
,,,107.98365
,,,108.060675
,,,108.148275
,,,108.340475
,,,108.3738
,,,108.44755
,,,108.563725
,,,108.6181
,,,108.666725
,,,108.7663
,,,108.9411
,,,109.0836
,,,109.107075
,,,109.123575
,,,109.14065
,,,109.175825
,,,109.214
,,,109.2981
,,,109.5023
,,,109.7444
,,,109.8545
,,,109.96565
,,,110.027775
,,,110.1232
,,,110.1637
,,,110.26235
,,,110.384975
,,,110.5941
,,,110.628075
,,,110.649025
,,,110.67855
,,,110.72295
,,,110.8254
,,,110.90565
,,,111.029275
,,,111.13095
,,,111.154075
,,,111.1943
,,,111.225125
,,,111.249925
,,,111.30255
,,,111.410225
,,,111.478025
,,,111.58165
,,,111.665375
,,,111.7304
,,,111.855175
,,,111.893025
,,,111.981325
,,,112.0473
,,,112.1593
,,,112.262375
,,,112.381975
,,,112.42585
,,,112.44725
,,,112.484125
,,,112.515125
,,,112.550425
,,,112.61275
,,,112.717675
,,,112.93555
,,,113.050075
,,,113.083175
,,,113.1596
,,,113.189425
,,,113.251525
,,,113.287
,,,113.342525
,,,113.401625
,,,113.521775
,,,113.755675
,,,113.843425
,,,113.9195
,,,113.951875
,,,113.989275
,,,114.031825
,,,114.090525
,,,114.1734
,,,114.2757
,,,114.32785
,,,114.372575
,,,114.443575
,,,114.56165
,,,114.669225
,,,114.997525
,,,115.056675
,,,115.10265
,,,115.231375
,,,115.261625
,,,115.364475
,,,115.53805
,,,115.64355
,,,115.684
,,,115.795625
,,,116.079975
,,,116.109425
,,,116.181225
,,,116.23885
,,,116.346525
,,,116.6053
,,,116.627325
,,,116.665375
,,,116.73395
,,,116.802425
,,,116.818925
,,,116.86465
,,,117.007975
,,,117.195175
,,,117.2418
,,,117.28785
,,,117.3253
,,,117.359525
,,,117.56615
,,,117.671875
,,,117.71765
,,,117.74185
,,,117.780125
,,,117.868325
,,,118.156925
,,,118.196175
,,,118.303525
,,,118.35255
,,,118.37615
,,,118.411325
,,,118.4408
,,,118.492725
,,,118.73945
,,,118.788725
,,,118.8432
,,,118.891825
,,,118.992
,,,119.01115
,,,119.0262
,,,119.17525
,,,119.296525
,,,119.341275
,,,119.48995
,,,119.5819
,,,119.665175
,,,119.88415
,,,120.053175
,,,120.089125
,,,120.104
,,,120.12355
,,,120.156975
,,,120.201275
,,,120.293125
,,,120.385
,,,120.446025
,,,120.543275
,,,120.599575
,,,120.845075
,,,120.9208
,,,120.9922
,,,121.041325
,,,121.07215
,,,121.11825
,,,121.191525
,,,121.3153
,,,121.452775
,,,121.556025
,,,121.5796
,,,121.664525
,,,121.781075
,,,121.83445
,,,121.85435
,,,121.87945
,,,122.084225
,,,122.239875
,,,122.3658
,,,122.431925
,,,122.5122
,,,122.588825
,,,122.605125
,,,122.69185
,,,123.1229
,,,123.241375
,,,123.29285
,,,123.343775
,,,123.380925
,,,123.4131
,,,123.465025
,,,123.65045
,,,123.70605
,,,123.805675
,,,123.825675
,,,123.862825
,,,123.8888
,,,123.979025
,,,124.028275
,,,124.159875
,,,124.291825
,,,124.319725
,,,124.3645
,,,124.4026
,,,124.593775
,,,124.64215
,,,124.74765
,,,124.807775
,,,124.844675
,,,124.9718
,,,124.998825
,,,125.0626
,,,125.137075
,,,125.365575
,,,125.4433
,,,125.5037
,,,125.713425
,,,125.7458
,,,125.824125
,,,126.05575
,,,126.09405
,,,126.571575
,,,126.59755
,,,126.625275
,,,127.023925
,,,127.055825
,,,127.098075
,,,127.298775
,,,127.533225
,,,127.62025
,,,127.6672
,,,127.9891
,,,128.066875
,,,128.109775
,,,128.1799
,,,128.25335
,,,128.276
,,,128.57545
,,,128.639475
,,,128.67285
,,,128.6961
,,,128.7595
,,,128.843875
,,,128.954825
,,,129.0137
,,,129.047425
,,,129.146525
,,,129.182625
,,,129.254525
,,,129.30115
,,,129.32725
,,,129.355325
,,,129.4
,,,129.463075
,,,129.60585
,,,129.681675
,,,129.7471
,,,129.8419
,,,129.890625
,,,129.943675
,,,129.9737
,,,130.0394
,,,130.10225
,,,130.1238
,,,130.18845
,,,130.2476
,,,130.30185
,,,130.380325
,,,130.43405
,,,130.4802
,,,130.668275
,,,130.750225
,,,130.798925
,,,130.8284
,,,130.873375
,,,131.03745
,,,131.1565
,,,131.2358
,,,131.284475
,,,131.31155
,,,131.35275
,,,131.4245
,,,131.482375
,,,131.541125
,,,131.61925
,,,131.6634
,,,131.741625
,,,131.97065
,,,131.996975
,,,132.012875
,,,132.046925
,,,132.069425
,,,132.093075
,,,132.15235
,,,132.21165
,,,132.30585
,,,132.35935
,,,132.4403
,,,132.47355
,,,132.51075
,,,132.56345
,,,132.6564
,,,132.81195
,,,132.854675
,,,132.9172
,,,132.9473
,,,132.9965
,,,133.0385
,,,133.052175
,,,133.08555
,,,133.09785
,,,133.119625
,,,133.2023
,,,133.2577
,,,133.440975
,,,133.48995
,,,133.519075
,,,133.531375
,,,133.56085
,,,133.63975
,,,133.738375
,,,133.8042
,,,133.884
,,,134.068325
,,,134.139775
,,,134.307525
,,,134.444275
,,,134.605925
,,,134.630425
,,,134.6503
,,,134.6714
,,,134.698175
,,,134.7695
,,,135.050625
,,,135.08585
,,,135.1422
,,,135.1707
,,,135.266225
,,,135.354175
,,,135.519525
,,,135.559475
,,,135.592075
,,,135.613625
,,,135.6375
,,,135.6657
,,,135.693575
,,,135.716525
,,,135.773525
,,,135.963775
,,,135.99135
,,,136.00575
,,,136.070425
,,,136.1393
,,,136.472225
,,,136.54435
,,,136.556825
,,,136.603575
,,,136.6876
,,,136.7189
,,,136.882375
,,,137.088325
,,,137.203575
,,,137.26405
,,,137.284825
,,,137.374225
,,,137.417525
,,,137.4777
,,,137.536375
,,,137.613625
,,,137.649125
,,,137.71185
,,,137.740075
,,,137.93635
,,,138.000925
,,,138.04295
,,,138.13685
,,,138.249025
,,,138.276725
,,,138.344975
,,,138.423175
,,,138.498325
,,,138.544275
,,,138.597
,,,138.68415
,,,138.798475
,,,138.869675
,,,138.904875
,,,138.92975
,,,138.950975
,,,138.984475
,,,139.014225
,,,139.029675
,,,139.048425
,,,139.08195
,,,139.15465
,,,139.2035
,,,139.332725
,,,139.41575
,,,139.444125
,,,139.48075
,,,139.5254
,,,139.578725
,,,139.672175
,,,139.749425
,,,139.828025
,,,139.8719
,,,139.945225
,,,139.978825
,,,140.0016
,,,140.04315
,,,140.098175
,,,140.146625
,,,140.20025
,,,140.2326
,,,140.26285
,,,140.351375
,,,140.4167
,,,140.5094
,,,140.60955
,,,140.659625
,,,140.77355
,,,140.862725
,,,140.9883
,,,141.04
,,,141.06735
,,,141.096575
,,,141.25955
,,,141.342225
,,,141.462675
,,,141.494925
,,,141.514475
,,,141.52785
,,,141.5469
,,,141.575775
,,,141.746075
,,,141.817525
,,,141.87985
,,,141.982375
,,,142.081075
,,,142.21155
,,,142.25335
,,,142.2717
,,,142.298025
,,,142.348075
,,,142.390225
,,,142.481625
,,,142.61065
,,,142.6472
,,,142.703325
,,,142.79645
,,,142.820675
,,,142.836525
,,,142.8649
,,,142.905
,,,142.928825
,,,142.992475
,,,143.039525
,,,143.09965
,,,143.13415
,,,143.17025
,,,143.406025
,,,143.486175
,,,143.538975
,,,143.61805
,,,143.723025
,,,143.84035
,,,143.88325
,,,143.95225
,,,143.9959
,,,144.03715
,,,144.08095
,,,144.11655
,,,144.236675
,,,144.331425
,,,144.365925
,,,144.39295
,,,144.41955
,,,144.46035
,,,144.518875
,,,144.59195
,,,144.77145
,,,144.8996
,,,145.07635
,,,145.193575
,,,145.30915
,,,145.466875
,,,145.49005
,,,145.513675
,,,145.5494
,,,145.582225
,,,145.69855
,,,145.912625
,,,145.943225
,,,145.9617
,,,146.001425
,,,146.06225
,,,146.150975
,,,146.186275
,,,146.244475
,,,146.359975
,,,146.406125
,,,146.463525
,,,146.499675
,,,146.5262
,,,146.613975
,,,146.642875
,,,146.6843
,,,146.766125
,,,146.79865
,,,146.8199
,,,146.90565
,,,146.965075
,,,147.12265
,,,147.206675
,,,147.29485
,,,147.351975
,,,147.4074
,,,147.4544
,,,147.4942
,,,147.690325
,,,147.781325
,,,147.84425
,,,147.920225
,,,147.969425
,,,147.998825
,,,148.0335
,,,148.0557
,,,148.11135
,,,148.24885
,,,148.320525
,,,148.3613
,,,148.402925
,,,148.438825
,,,148.45885
,,,148.4862
,,,148.5169
,,,148.54645
,,,148.57795
,,,148.619775
,,,148.736425
,,,148.78615
,,,148.887425
,,,148.98695
,,,149.046625
,,,149.076525
,,,149.167
,,,149.202075
,,,149.315575
,,,149.35745
,,,149.5368
,,,149.58655
,,,149.631675
,,,149.6778
,,,149.707025
,,,149.752625
,,,149.78665
,,,149.800375
,,,149.824475
,,,149.838575
,,,149.847025
,,,149.862825
,,,149.891175
,,,149.959375
,,,149.990325
,,,150.0772
,,,150.17005
,,,150.246425
,,,150.34705
,,,150.383125
,,,150.40915
,,,150.500625
,,,150.58515
,,,150.8058
,,,150.8432
,,,150.8738
,,,150.9073
,,,151.1706
,,,151.26865
,,,151.346375
,,,151.45535
,,,151.527975
,,,151.544975
,,,151.570575
,,,151.7194
,,,151.79225
,,,151.988725
,,,152.09435
,,,152.326125
,,,152.457325
,,,152.633975
,,,152.709025
,,,152.7285
,,,152.76995
,,,152.82395
,,,152.846325
,,,152.9298
,,,152.968025
,,,153.0409
,,,153.103775
,,,153.187775
,,,153.29275
,,,153.328975
,,,153.56345
,,,153.6773
,,,153.716975
,,,153.795125
,,,154.129075
,,,154.2226
,,,154.4516
,,,154.8096
,,,154.878075
,,,154.9885
,,,155.05795
,,,155.159525
,,,155.198625
,,,155.3165
,,,155.433125
,,,155.469725
,,,155.559725
,,,155.746525
,,,155.783125
,,,155.83965
,,,155.9067
,,,156.091325
,,,156.194775
,,,156.21865
,,,156.350825
,,,156.37045
,,,156.39045
,,,156.414975
,,,156.45315
,,,156.524175
,,,156.57235
,,,156.64275
,,,156.689825
,,,156.7657
,,,156.799625
,,,156.82735
,,,156.85445
,,,156.890525
,,,156.937475
,,,156.9574
,,,156.988375
,,,157.024575
,,,157.061775
,,,157.156075
,,,157.292625
,,,157.365075
,,,157.409375
,,,157.46835
,,,157.49525
,,,157.52715
,,,157.545525
,,,157.571975
,,,157.82415
,,,157.855225
,,,157.920575
,,,157.956675
,,,157.98645
,,,158.059325
,,,158.21355
,,,158.540425
,,,158.599475
,,,158.65455
,,,158.697175
,,,158.740875
,,,158.76765
,,,158.789675
,,,158.8122
,,,158.834275
,,,159.0704
,,,159.14955
,,,159.239575
,,,159.28445
,,,159.430775
,,,159.513825
,,,159.554925
,,,159.6377
,,,159.66555
,,,159.742375
,,,159.83455
,,,160.102825
,,,160.1783
,,,160.266125
,,,160.294075
,,,160.340625
,,,160.363425
,,,160.393625
,,,160.42525
,,,160.60375
,,,160.657875
,,,160.72765
,,,160.779675
,,,160.8205
,,,160.910625
,,,160.9522
,,,161.045025
,,,161.073275
,,,161.178975
,,,161.239025
,,,161.255625
,,,161.338375
,,,161.409475
,,,161.71285
,,,161.7881
,,,161.815025
,,,161.846975
,,,161.8747
,,,161.896625
,,,161.95125
,,,162.262875
,,,162.30185
,,,162.400325
,,,162.46075
,,,162.546925
,,,162.624575
,,,162.68105
,,,162.716225
,,,162.740925
,,,162.80525
,,,162.8314
,,,162.8951
,,,163.074675
,,,163.161025
,,,163.24
,,,163.3014
,,,163.3243
,,,163.404875
,,,163.41935
,,,163.495375
,,,163.4968
,,,163.6527
,,,163.8312
,,,163.8713
,,,163.91445
,,,163.96895
,,,163.996325
,,,164.0427
,,,164.1106
,,,164.1696
,,,164.275725
,,,164.33055
,,,164.361425
,,,164.432225
,,,164.65775
,,,164.7009
,,,164.782125
,,,164.866725
,,,164.892375
,,,164.901125
,,,164.9239
,,,165.04445
,,,165.2424
,,,165.3091
,,,165.3218
,,,165.34145
,,,165.383975
,,,165.43515
,,,165.51965
,,,165.5575
,,,165.6782
,,,165.704825
,,,165.719725
,,,165.753525
,,,165.7845
,,,165.852825
,,,165.894275
,,,165.914175
,,,166.045875
,,,166.225525
,,,166.3342
,,,166.411925
,,,166.453475
,,,166.513825
,,,166.564425
,,,166.6139
,,,166.669525
,,,166.701675
,,,166.73225
,,,166.7641
,,,166.837875
,,,166.908525
,,,166.926175
,,,166.9497
,,,166.963125
,,,167.012325
,,,167.0463
,,,167.09695
,,,167.196775
,,,167.285
,,,167.3754
,,,167.4258
,,,167.461275
,,,167.602425
,,,167.6345
,,,167.675175
,,,167.74345
,,,167.8004
,,,167.8667
,,,168.07815
,,,168.1219
,,,168.149275
,,,168.177525
,,,168.245875
,,,168.279225
,,,168.297575
,,,168.32835
,,,168.378225
,,,168.60245
,,,168.667575
,,,168.7106
,,,168.731175
,,,168.7436
,,,168.759375
,,,168.7826
,,,168.85635
,,,168.887975
,,,168.938375
,,,169.01735
,,,169.056
,,,169.186775
,,,169.221275
,,,169.250925
,,,169.35175
,,,169.4231
,,,169.46685
,,,169.586825
,,,169.69115
,,,169.713025
,,,169.740525
,,,169.76145
,,,169.775275
,,,169.790575
,,,169.823375
,,,169.864
,,,170.294075
,,,170.338025
,,,170.784825
,,,170.83485
,,,171.78835
,,,171.89675
,,,172.0051
,,,172.048925
,,,172.170875
,,,172.241775
,,,172.455925
,,,172.5095
,,,172.52395
,,,172.539125
,,,172.552775
,,,172.569825
,,,172.667
,,,172.69195
,,,172.73205
,,,172.812775
,,,173.03155
,,,173.04895
,,,173.062125
,,,173.12015
,,,173.4307
,,,173.471725
,,,173.65875
,,,173.835475
,,,174.0533
,,,174.1672
,,,174.2319
,,,174.25195
,,,174.294175
,,,174.441925
,,,174.642575
,,,174.706425
,,,174.7305
,,,174.751675
,,,174.77645
,,,174.97945
,,,175.20185
,,,175.243025
,,,175.26765
,,,175.414225
,,,175.608025
,,,175.676675
,,,175.70605
,,,175.72485
,,,175.753175
,,,176.06265
,,,176.08865
,,,176.1104
,,,176.13385
,,,176.16485
,,,176.177575
,,,176.267175
,,,176.444975
,,,176.473725
,,,176.509875
,,,176.537525
,,,176.600075
,,,176.776075
,,,176.911925
,,,176.9809
,,,177.040275
,,,177.0805
,,,177.107475
,,,177.154475
,,,177.185375
,,,177.25905
,,,177.281
,,,177.36155
,,,177.4641
,,,177.56085
,,,177.584925
,,,177.613925
,,,177.651675
,,,177.720525
,,,177.814725
,,,177.87065
,,,177.938975
,,,178.023725
,,,178.0606
,,,178.10645
,,,178.1225
,,,178.16415
,,,178.212925
,,,178.317575
,,,178.3624
,,,178.407125
,,,178.526875
,,,178.5958
,,,178.648525
,,,178.678475
,,,178.693825
,,,178.728525
,,,178.739275
,,,178.774175
,,,178.87755
,,,178.976025
,,,179.07895
,,,179.22455
,,,179.29745
,,,179.369175
,,,179.423425
,,,179.445825
,,,179.5087
,,,179.5295
,,,179.556875
,,,179.5782
,,,179.621
,,,179.7867
,,,179.978275
,,,180.0317
,,,180.063325
,,,180.13115
,,,180.17165
,,,180.198225
,,,180.275275
,,,180.36545
,,,180.455625
,,,180.48075
,,,180.514075
,,,180.55965
,,,180.6873
,,,180.727575
,,,180.78875
,,,180.827275
,,,180.902825
,,,180.93515
,,,180.97445
,,,181.004475
,,,181.1367
,,,181.195975
,,,181.251725
,,,181.318475
,,,181.3656
,,,181.438125
,,,181.48235
,,,181.5447
,,,181.586075
,,,181.6341
,,,181.83855
,,,181.9334
,,,182.0686
,,,182.163425
,,,182.210475
,,,182.250225
,,,182.297925
,,,182.344475
,,,182.401025
,,,182.42165
,,,182.44245
,,,182.49885
,,,182.545725
,,,182.6352
,,,182.652975
,,,182.784625
,,,182.89335
,,,182.980625
,,,183.046275
,,,183.133825
,,,183.271075
,,,183.30785
,,,183.3637
,,,183.4201
,,,183.600275
,,,183.6521
,,,183.68455
,,,183.71355
,,,183.8077
,,,183.85595
,,,183.87875
,,,183.89965
,,,183.958825
,,,184.2193
,,,184.288725
,,,184.31725
,,,184.534775
,,,184.5808
,,,184.65125
,,,184.9163
,,,185.008375
,,,185.2116
,,,185.257325
,,,185.34015
,,,185.362725
,,,185.463175
,,,185.495725
,,,185.719075
,,,185.818625
,,,186.1823
,,,186.3318
,,,186.399075
,,,186.439725
,,,186.4974
,,,186.545925
,,,186.566375
,,,186.595975
,,,186.6535
,,,186.751925
,,,186.897625
,,,186.951625
,,,187.01075
,,,187.0319
,,,187.11285
,,,187.15875
,,,187.179425
,,,187.212925
,,,187.239525
,,,187.282
,,,187.3006
,,,187.415475
,,,187.46145
,,,187.557975
,,,187.5851
,,,187.607375
,,,187.766125
,,,187.8103
,,,187.89285
,,,187.950975
,,,188.067475
,,,188.1527
,,,188.192325
,,,188.248625
,,,188.282525
,,,188.304525
,,,188.3425
,,,188.37615
,,,188.414525
,,,188.477975
,,,188.53485
,,,188.589975
,,,188.6269
,,,188.695225
,,,189.01325
,,,189.441975
,,,189.5694
,,,189.7073
,,,189.836775
,,,189.866625
,,,189.9926
,,,190.037575
,,,190.0679
,,,191.4647
,,,191.60605
,,,192.006575
