SPK_SPKC02a,SPK_SPKC06a,SPK_SPKC12a,SPK_SPKC13b
3500.565325,3500.16675,3500.130775,3500.130825
3500.76125,3500.77915,3500.225925,3500.225975
3501.13325,3500.827675,3500.374675,3500.3747
3501.4041,3501.035725,3500.536775,3500.5368
3501.627675,3501.527475,3500.724825,3500.72485
3501.662325,3501.60905,3500.896825,3500.80345
3502.0434,3501.82055,3500.9277,3500.8969
3502.230425,3502.259,3501.02595,3500.92775
3502.533075,3502.280375,3501.355125,3501.026
3502.70045,3502.4901,3501.555875,3501.1622
3502.908525,3502.51615,3501.6046,3501.3552
3503.286175,3502.5496,3501.6381,3501.555925
3503.3719,3504.16015,3501.68305,3501.604675
3503.869725,3505.1173,3501.722175,3501.638175
3504.177425,3505.450175,3501.744175,3501.683075
3504.3597,3505.64225,3501.774325,3501.722225
3505.1428,3505.790275,3501.8419,3501.7442
3505.189925,3506.247375,3501.8703,3501.774375
3505.3485,3506.431,3501.902125,3501.84195
3505.358,3506.4994,3501.924,3501.870375
3505.585325,3506.5097,3501.943775,3501.90215
3505.688575,3509.140275,3501.9604,3501.924025
3505.8025,3509.90735,3501.974875,3501.94385
3506.428025,3510.77955,3501.99055,3501.960425
3507.009475,3511.10305,3502.0133,3501.990625
3507.287425,3511.53135,3502.01895,3502.0054
3507.476325,3511.870925,3502.027625,3502.013325
3507.546125,3511.933325,3502.039975,3502.018975
3507.902775,3512.733125,3502.05135,3502.02765
3508.1183,3512.864175,3502.0648,3502.051375
3508.1815,3512.94065,3502.099,3502.06485
3508.2953,3513.02105,3502.123475,3502.13715
3508.476425,3513.08925,3502.137125,3502.175475
3508.65295,3513.315375,3502.175425,3502.204025
3508.87745,3513.505675,3502.203975,3502.24255
3509.28475,3513.60985,3502.2425,3502.552825
3509.4198,3513.786675,3502.592475,3502.59255
3509.5664,3513.789125,3502.743475,3502.743525
3509.871225,3513.934075,3502.914875,3502.914925
3510.686725,3513.95595,3503.383125,3503.26985
3510.9975,3513.978875,3503.47925,3503.383175
3511.0839,3514.018225,3503.531925,3503.4793
3511.522125,3514.150025,3503.80265,3503.531975
3511.690925,3514.4239,3503.8713,3503.5911
3512.04135,3514.526975,3504.064425,3503.802675
3512.28525,3515.17225,3504.14015,3503.87135
3512.69025,3515.328625,3504.285375,3504.064475
3512.9473,3515.374175,3504.6269,3504.140175
3513.278925,3515.601225,3504.717125,3504.28545
3513.558475,3515.71385,3504.808775,3504.62695
3513.930525,3516.617575,3504.89345,3504.717175
3514.633625,3516.635475,3504.978975,3504.80885
3514.978075,3516.940875,3505.0071,3504.8935
3515.3461,3516.975625,3505.039975,3504.979025
3515.467425,3517.0127,3505.06595,3505.00715
3515.750375,3517.291725,3505.0954,3505.040025
3515.8218,3517.77445,3505.16425,3505.066
3515.934275,3518.2298,3505.206225,3505.095475
3516.073425,3518.2893,3505.24785,3505.1643
3516.221575,3518.32905,3505.285375,3505.206275
3516.3477,3518.35535,3505.321775,3505.247875
3516.772625,3518.9861,3505.342175,3505.285425
3517.020175,3519.367975,3505.3626,3505.321825
3517.28325,3519.4273,3505.391275,3505.3422
3517.810475,3519.479075,3505.40265,3505.362675
3518.14165,3520.1445,3505.41335,3505.3913
3518.26125,3520.2434,3505.4506,3505.402725
3518.41265,3520.355325,3505.4906,3505.413375
3519.029625,3520.508425,3505.5092,3505.450675
3519.085075,3520.63255,3505.528475,3505.49065
3519.495675,3520.9818,3505.55945,3505.509225
3519.883,3521.6488,3505.5656,3505.52855
3520.200425,3521.75055,3505.583,3505.5595
3521.139425,3521.7698,3505.622275,3505.622375
3521.996075,3521.96315,3505.650075,3505.6501
3522.0859,3522.9191,3505.690825,3505.728625
3522.258075,3523.1309,3505.72855,3505.7967
3522.3294,3523.365325,3505.7614,3505.832025
3522.340125,3523.570925,3505.796675,3505.895875
3522.872075,3524.490275,3505.83195,3505.951125
3523.1172,3524.61,3505.895825,3505.97435
3523.2483,3524.97895,3505.9511,3506.0401
3523.428575,3525.49335,3505.9743,3506.090325
3523.650975,3525.53005,3506.04005,3506.1629
3523.956725,3526.3961,3506.090275,3506.302075
3524.3084,3526.825075,3506.162925,3506.325475
3524.395775,3527.16875,3506.302025,3506.3481
3524.553375,3528.61135,3506.34805,3506.377325
3524.6346,3529.00925,3506.3773,3506.4192
3524.7583,3529.076375,3506.41915,3506.441225
3524.927925,3530.3576,3506.4412,3506.49105
3525.01345,3530.393575,3506.491,3506.520725
3525.270975,3531.613925,3506.52065,3506.633375
3525.393875,3532.549775,3506.633325,3506.725325
3525.436375,3534.205975,3506.725275,3506.852525
3525.596,3535.020875,3506.823,3506.90905
3525.751275,3535.35225,3506.8525,3506.93395
3525.8294,3536.575725,3506.909025,3506.9981
3526.222625,3536.77445,3506.933925,3507.03735
3526.622,3536.982625,3506.998025,3507.119725
3527.624725,3537.539025,3507.037325,3507.199175
3527.796475,3537.89635,3507.11965,3507.2713
3528.051775,3538.2313,3507.19915,3507.332525
3528.33265,3538.84505,3507.27125,3507.559975
3528.7224,3539.128525,3507.33245,3507.668225
3528.976675,3539.464375,3507.559925,3507.838275
3529.0519,3539.933075,3507.838225,3508.0215
3529.73745,3540.12335,3508.02145,3508.143925
3529.871475,3540.244125,3508.143875,3508.19925
3529.988975,3540.61965,3508.1992,3508.24815
3530.1933,3540.80895,3508.2481,3508.33115
3530.49155,3540.895375,3508.3311,3508.387275
3530.635175,3540.8989,3508.3872,3508.4962
3531.06385,3541.0971,3508.49615,3508.6374
3531.30525,3541.11755,3508.63735,3508.7006
3531.9394,3541.281425,3508.700575,3508.991425
3532.21955,3541.359525,3508.9914,3509.157425
3532.371225,3541.574825,3509.157375,3509.1954
3532.540325,3542.93485,3509.213075,3509.213125
3532.8246,3543.21995,3509.252175,3509.25225
3532.883025,3543.3619,3509.313875,3509.31395
3533.4625,3543.46535,3509.363975,3509.364025
3533.85475,3543.488,3509.4205,3509.4695
3534.519375,3543.5152,3509.46945,3509.514375
3534.706775,3543.634425,3509.514325,3509.5686
3534.9314,3543.76495,3509.56855,3509.64095
3535.134575,3544.800575,3509.6409,3509.710475
3535.270625,3545.2228,3509.710425,3509.80795
3535.861175,3545.4875,3509.807925,3509.8575
3536.068475,3545.729125,3509.86315,3509.8632
3536.20345,3545.83315,3509.9094,3509.90945
3536.299525,3545.86895,3509.941275,3509.941375
3536.421025,3545.940675,3510.009125,3510.0092
3537.298925,3546.060275,3510.0737,3510.073775
3537.398125,3546.17055,3510.097325,3510.097375
3537.4629,3546.1795,3510.1915,3510.19155
3537.536775,3547.5672,3510.269475,3510.26955
3537.75365,3547.83165,3510.318025,3510.318075
3538.229325,3548.207325,3510.411775,3510.41185
3538.471525,3548.28635,3510.486375,3510.4864
3538.7313,3548.316225,3510.533775,3510.533825
3538.848475,3548.40745,3510.63595,3510.636025
3539.177275,3548.69815,3510.6494,3510.64945
3539.543975,3548.948575,3510.701275,3510.701375
3539.803125,3549.0447,3510.7363,3510.73635
3540.250825,3549.137825,3510.8104,3510.8104
3540.309625,3549.78575,3510.846,3510.846075
3541.321,3549.87285,3510.909725,3510.9098
3541.371225,3549.935025,3510.95985,3510.9599
3541.7972,3550.006375,3510.9837,3510.983725
3541.905775,3550.408525,3511.06615,3511.06615
3542.066225,3550.49905,3511.106525,3511.1066
3542.299075,3550.63195,3511.136375,3511.13645
3542.635075,3550.761025,3511.224625,3511.224675
3542.8204,3550.9809,3511.263,3511.26305
3542.931675,3551.19525,3511.28515,3511.2852
3543.1913,3551.339425,3511.3126,3511.3127
3543.35475,3551.560075,3511.3344,3511.334425
3543.431225,3552.0413,3511.37155,3511.371575
3543.582175,3552.051925,3511.446575,3511.446625
3543.943675,3552.4982,3511.46755,3511.467575
3544.0691,3552.96075,3511.536675,3511.581375
3544.19975,3553.465725,3511.5813,3511.6472
3544.258925,3554.239075,3511.596975,3511.688075
3544.6922,3554.46485,3511.6472,3511.7187
3545.03695,3554.770875,3511.688025,3511.79565
3545.22205,3554.86445,3511.718625,3511.829775
3545.28685,3555.0703,3511.795625,3511.88575
3545.297975,3555.88485,3511.829725,3511.9224
3545.918125,3556.308125,3511.885675,3512.024275
3547.243625,3556.436825,3511.92235,3512.09215
3547.592175,3556.5173,3512.024225,3512.1694
3548.481275,3557.017775,3512.0921,3512.3658
3548.685175,3557.204975,3512.16935,3512.465825
3549.97565,3557.253,3512.3002,3512.523475
3550.30145,3557.482225,3512.36575,3512.5873
3550.5377,3557.53765,3512.465775,3512.6489
3551.056125,3557.5585,3512.587275,3512.7882
3551.735375,3557.7539,3512.648875,3512.814025
3552.14205,3557.966525,3512.788175,3512.907675
3552.37365,3558.319425,3512.814,3512.9591
3553.4759,3558.6836,3512.907625,3513.0058
3553.534475,3558.694725,3512.959075,3513.0241
3553.90645,3558.754175,3513.00575,3513.0389
3556.6492,3558.826575,3513.038825,3513.080575
3557.098,3558.905775,3513.080525,3513.148025
3557.66895,3558.99535,3513.147975,3513.283475
3557.766825,3559.178325,3513.28345,3513.31905
3557.9302,3559.65195,3513.319025,3513.37195
3558.0666,3559.67975,3513.371925,3513.431175
3558.508,3559.761025,3513.431125,3513.473
3558.66225,3560.550825,3513.4729,3513.5259
3559.55955,3561.908225,3513.52585,3513.553325
3560.180775,3561.927625,3513.553275,3513.61275
3561.089375,3562.168975,3513.59315,3513.684325
3561.8059,3562.265625,3513.612675,3513.71055
3562.2875,3563.642525,3513.6843,3513.73465
3562.52245,3564.402875,3513.710525,3513.772125
3562.534825,3565.827275,3513.7346,3513.83695
3562.611425,3566.098375,3513.772075,3513.87605
3562.887375,3566.736225,3513.836875,3513.909725
3563.74975,3567.050375,3513.876,3513.93355
3563.946875,3567.39025,3513.909675,3514.036675
3564.444325,3567.659575,3513.9335,3514.06975
3564.5016,3567.85595,3513.95615,3514.120325
3564.5738,3568.133075,3514.0366,3514.139675
3564.763325,3568.3481,3514.0697,3514.167225
3564.9168,3568.73365,3514.12025,3514.205675
3565.12495,3568.863925,3514.1396,3514.23185
3565.608475,3569.116525,3514.167225,3514.2457
3565.715625,3569.1798,3514.20565,3514.2563
3566.8776,3569.31145,3514.231775,3514.2794
3566.975875,3569.3332,3514.245675,3514.28585
3567.611675,3569.7609,3514.256225,3514.302325
3567.84695,3569.79735,3514.270925,3514.3142
3567.9412,3570.132,3514.279375,3514.345625
3568.186625,3570.2757,3514.285825,3514.366175
3568.282225,3570.3491,3514.30225,3514.421025
3568.32395,3570.89985,3514.314175,3514.43395
3568.405025,3571.00135,3514.321325,3514.459725
3568.685375,3571.025575,3514.345575,3514.4872
3568.9717,3571.1002,3514.36615,3514.556875
3569.0678,3571.1925,3514.38815,3514.607025
3569.4752,3571.2313,3514.394375,3514.689125
3569.727725,3571.307225,3514.421,3514.71275
3569.89115,3571.33795,3514.433875,3514.7511
3570.363375,3571.413375,3514.459725,3514.765175
3570.82645,3571.953375,3514.50115,3514.8008
3571.731175,3572.46275,3514.5399,3514.83445
3571.9283,3573.354575,3514.556875,3514.8749
3572.366075,3573.37975,3514.606925,3515.022075
3572.4858,3573.5842,3514.68905,3515.0334
3572.58485,3573.613875,3514.7127,3515.0547
3572.8071,3573.9971,3514.75105,3515.07705
3573.0326,3574.150975,3514.7651,3515.1382
3573.62145,3574.5453,3514.800725,3515.18605
3573.64775,3574.947075,3514.834425,3515.270325
3573.795525,3575.216475,3514.87485,3515.317375
3573.885325,3576.271175,3515.022,3515.361475
3574.459375,3576.28035,3515.03335,3515.568875
3574.6088,3576.373875,3515.054675,3515.587875
3575.386825,3576.69615,3515.077,3515.6326
3575.431825,3576.714675,3515.10885,3515.66535
3575.564625,3576.800225,3515.138175,3515.71485
3575.6477,3577.002075,3515.186,3515.720725
3575.711275,3577.4097,3515.215975,3515.770975
3576.491525,3577.60035,3515.27025,3515.8287
3576.947675,3577.74505,3515.3173,3515.89405
3577.025975,3578.274075,3515.361375,3515.938475
3577.5478,3578.482775,3515.394675,3516.006925
3578.134175,3578.620225,3515.478425,3516.070775
3578.4757,3578.814275,3515.5688,3516.107275
3579.010275,3578.8671,3515.58785,3516.127575
3579.108025,3579.3123,3515.63255,3516.1991
3579.135425,3579.528375,3515.665275,3516.2509
3579.16775,3579.6087,3515.7148,3516.2646
3579.8139,3579.811375,3515.770975,3516.34875
3579.973275,3579.8505,3515.80925,3516.377275
3581.288125,3581.0085,3515.828625,3516.627
3581.3181,3581.673475,3515.89395,3516.668725
3581.54255,3582.1567,3515.938375,3516.7025
3581.64355,3582.364725,3516.006875,3516.727425
3582.554225,3583.168,3516.0156,3516.740975
3583.471275,3583.241325,3516.07075,3516.78235
3583.588075,3583.685625,3516.107225,3516.804825
3584.555325,3583.89245,3516.127525,3516.856525
3584.772075,3585.64395,3516.19905,3516.907225
3585.847625,3585.842975,3516.2508,3517.09565
3585.870125,3586.2306,3516.26455,3517.1747
3586.14105,3586.510325,3516.3487,3517.263975
3586.434575,3586.577525,3516.377225,3517.347275
3586.748075,3586.74555,3516.5163,3517.5915
3587.291975,3587.193525,3516.62695,3517.66485
3587.35555,3587.538825,3516.6687,3517.9602
3587.744,3588.42805,3516.7025,3518.04245
3587.819325,3588.814975,3516.740925,3518.16445
3587.964825,3589.595325,3516.7823,3518.237425
3589.37455,3589.626775,3516.8048,3518.2791
3589.46635,3590.146675,3516.856475,3518.361625
3589.483275,3591.1692,3516.90715,3518.4056
3589.572475,3592.119875,3517.0956,3518.452375
3589.609675,3592.27685,3517.174675,3518.51635
3589.6568,3592.507575,3517.263875,3518.6826
3590.583575,3592.720875,3517.5148,3518.9111
3591.365575,3592.91315,3517.59145,3518.9637
3591.54985,3593.0255,3517.6648,3519.05655
3591.648225,3594.26665,3518.0424,3519.333425
3591.79,3594.297125,3518.164425,3519.431575
3591.934425,3594.3649,3518.2374,3519.71355
3591.96375,3594.54145,3518.27905,3519.788075
3592.286275,3594.63595,3518.361575,3519.872425
3592.42365,3594.72205,3518.40555,3520.00545
3592.787,3594.7873,3518.452325,3520.144225
3593.127875,3594.99005,3518.516275,3520.3097
3593.46955,3595.357725,3518.68255,3520.355
3593.8771,3595.479175,3518.911075,3520.410225
3594.253175,3595.619475,3519.0565,3520.44195
3594.721475,3595.67025,3519.333375,3520.498675
3594.945175,3596.2115,3519.713475,3520.7459
3595.04655,3596.518525,3519.788025,3520.835425
3595.59745,3596.831975,3519.872375,3521.3957
3595.79065,3596.87375,3520.0054,3521.483575
3596.276575,3597.384325,3520.144175,3521.562725
3596.5612,3597.7705,3520.30965,3521.61165
3596.797975,3598.23245,3520.354975,3521.63455
3597.298125,3599.09795,3520.41015,3521.675125
3597.60465,3600.12775,3520.44195,3521.7085
3598.44645,3600.4223,3520.498625,3521.791825
3598.8329,3600.4584,3520.745875,3521.8446
3599.2343,3600.929075,3520.835375,3521.8844
3599.363175,3601.041325,3521.3957,3521.9284
3599.7871,3601.173125,3521.483525,3522.03045
3600.132325,3601.299375,3521.562675,3522.0733
3600.538,3601.56315,3521.611575,3522.159525
3600.80825,3601.8577,3521.6345,3522.23515
3601.066675,3601.9632,3521.675075,3522.33975
3601.2007,3602.161125,3521.70845,3522.40075
3601.34195,3602.576925,3521.791775,3522.488125
3601.65665,3602.65,3521.84455,3522.533425
3601.6967,3603.017425,3521.884375,3522.560625
3602.368475,3603.24105,3521.928375,3522.634775
3602.6524,3603.269425,3522.0304,3522.706125
3602.730725,3603.839325,3522.07325,3522.8295
3603.009225,3604.02355,3522.1595,3522.9135
3603.25535,3604.13325,3522.3397,3523.057975
3603.51565,3604.18915,3522.4007,3523.107925
3603.682025,3604.21135,3522.488075,3523.159175
3604.43825,3604.222475,3522.533375,3523.260225
3604.53975,3604.26085,3522.5606,3523.346825
3605.4659,3604.691325,3522.634725,3523.39495
3605.73235,3604.766875,3522.70605,3523.4579
3605.9709,3605.958075,3522.829425,3523.523825
3606.5815,3606.13865,3522.913475,3523.582025
3607.873975,3606.426575,3523.0579,3523.633675
3608.637925,3606.80125,3523.107875,3523.771075
3609.49845,3606.878075,3523.159125,3523.85555
3609.551475,3606.9101,3523.2602,3523.96005
3609.707975,3607.141675,3523.3058,3524.027175
3609.8448,3607.265125,3523.346775,3524.19015
3610.404425,3607.618125,3523.394875,3524.27445
3610.959,3607.9117,3523.45785,3524.3561
3611.2014,3608.040275,3523.5238,3524.430825
3611.766425,3608.229725,3523.582,3524.4661
3612.007,3608.49665,3523.63365,3524.5639
3612.738,3608.525075,3523.686525,3524.815625
3613.333,3608.554375,3523.771025,3524.890475
3613.3702,3608.8928,3523.855525,3524.9525
3613.51385,3608.9186,3523.96,3525.065225
3614.104525,3609.0116,3524.027125,3525.162125
3614.7604,3609.169575,3524.190125,3525.227775
3615.2751,3610.09525,3524.2744,3525.256
3615.357775,3610.164625,3524.35605,3525.293575
3615.769375,3610.41675,3524.4661,3525.3878
3615.840075,3610.835375,3524.563875,3525.465
3616.646825,3611.477025,3524.815575,3525.5097
3616.87345,3611.5633,3524.890425,3525.56475
3617.018375,3611.612675,3524.952475,3525.59955
3617.671675,3611.826275,3525.06515,3525.634325
3618.246375,3611.968575,3525.162075,3525.672075
3618.888925,3612.01825,3525.227725,3525.709275
3619.05805,3612.16745,3525.25595,3525.858675
3619.0898,3612.270725,3525.293525,3525.90525
3619.16145,3612.43985,3525.3877,3525.975475
3619.19885,3612.54665,3525.464975,3526.0047
3619.378775,3612.6575,3525.509625,3526.03105
3619.56425,3613.183925,3525.564675,3526.062625
3619.888475,3613.3977,3525.5995,3526.1254
3620.034775,3614.54965,3525.63425,3526.178775
3620.2488,3614.73465,3525.672025,3526.308
3620.39835,3614.876775,3525.709225,3526.4565
3620.691225,3615.16925,3525.7268,3526.57855
3620.943275,3615.290275,3525.741925,3526.69165
3621.22655,3615.460725,3525.789425,3526.7638
3621.395525,3615.80765,3525.858625,3526.826575
3621.656625,3615.991875,3525.905225,3526.99675
3621.793425,3616.3652,3525.9754,3527.142675
3621.8362,3616.515825,3526.00465,3527.21045
3621.9101,3616.833875,3526.031,3527.22645
3622.063775,3616.891275,3526.06255,3527.23595
3622.412125,3616.9523,3526.1254,3527.2532
3622.4397,3617.0155,3526.17875,3527.255125
3622.8415,3617.245325,3526.30795,3527.26795
3622.9723,3617.424525,3526.456475,3527.28005
3623.003375,3617.58155,3526.5785,3527.3213
3623.100925,3617.6262,3526.691625,3527.389175
3623.421375,3617.648125,3526.763775,3527.43805
3623.9798,3617.691725,3526.826525,3527.481775
3624.1333,3618.080625,3526.996725,3527.678675
3624.26915,3618.242675,3527.142625,3527.72215
3624.451,3618.61915,3527.210375,3527.87065
3624.576375,3618.80035,3527.2264,3527.898825
3624.820225,3618.893325,3527.235925,3528.039475
3625.0081,3618.914675,3527.255075,3528.105175
3625.078025,3618.9198,3527.2679,3528.20085
3625.9718,3619.218775,3527.279975,3528.3218
3626.8769,3619.458325,3527.32125,3528.408325
3627.583575,3619.624775,3527.389125,3528.615125
3628.047625,3620.0615,3527.438,3528.823625
3628.44255,3620.449425,3527.48175,3528.85575
3629.422925,3620.596775,3527.625025,3528.896
3630.146675,3620.751975,3527.6786,3529.01095
3630.19905,3620.779275,3527.722125,3529.04815
3631.240925,3620.899,3527.7648,3529.09725
3631.364375,3620.954575,3527.806575,3529.12155
3631.3678,3621.979125,3527.8706,3529.310075
3631.7257,3622.084825,3527.898775,3529.336075
3632.06135,3622.75015,3528.039425,3529.358825
3632.374625,3623.53515,3528.105125,3529.3755
3632.832225,3623.8493,3528.2008,3529.427175
3632.89385,3624.164275,3528.32175,3529.45875
3633.1398,3624.604575,3528.4083,3529.614475
3633.39105,3625.032375,3528.61505,3529.878575
3633.7117,3625.476925,3528.823575,3530.01355
3634.008775,3625.750875,3528.8557,3530.09895
3634.399125,3626.7108,3528.920875,3530.198875
3634.72505,3628.19735,3528.984775,3530.23875
3634.90175,3628.212325,3529.0109,3530.35725
3635.509525,3628.76495,3529.048075,3530.4239
3635.9982,3629.1905,3529.0972,3530.576375
3636.530075,3629.590625,3529.12145,3530.622525
3636.74235,3629.608375,3529.16755,3530.662225
3637.233125,3630.184375,3529.31,3530.698075
3637.360275,3631.121,3529.336025,3530.7655
3637.51755,3633.556175,3529.35875,3530.8105
3637.572575,3633.8551,3529.37545,3530.87885
3638.267775,3633.942675,3529.427125,3530.964275
3638.5071,3635.3191,3529.4587,3531.216525
3638.629975,3635.7674,3529.614425,3531.304775
3638.692075,3636.577175,3529.8785,3531.382375
3638.88095,3636.664275,3530.0135,3531.431975
3639.154475,3637.25895,3530.098925,3531.48555
3639.31305,3637.6737,3530.1988,3531.544175
3639.348675,3638.202675,3530.23865,3531.567175
3639.409825,3638.36315,3530.357225,3531.663475
3639.581925,3638.87455,3530.423875,3531.72465
3639.8319,3639.319625,3530.57635,3531.776775
3639.874475,3640.9408,3530.622475,3531.820425
3639.953,3640.94585,3530.662175,3531.848025
3640.20095,3641.056575,3530.698025,3531.89205
3640.587425,3641.501,3530.731225,3532.04555
3640.637675,3641.8951,3530.76545,3532.0709
3641.066525,3641.9887,3530.81045,3532.112325
3641.24035,3642.125475,3530.878825,3532.1294
3641.303525,3642.51355,3530.964275,3532.292525
3641.6567,3643.1336,3531.2165,3532.36665
3641.76225,3643.538175,3531.3047,3532.43855
3641.903375,3643.6378,3531.382325,3532.54935
3644.771175,3644.8969,3531.43195,3532.677125
3646.116225,3645.6145,3531.4855,3532.757125
3646.4899,3646.108075,3531.54415,3532.82575
3647.0959,3646.74745,3531.567125,3532.9226
3647.16225,3647.4841,3531.663475,3532.98535
3647.38995,3647.71825,3531.7246,3533.012575
3647.670875,3647.84385,3531.7767,3533.10845
3648.10075,3647.959025,3531.820375,3533.479975
3648.380975,3648.20375,3531.847925,3533.591425
3648.5718,3648.95285,3531.892025,3533.6588
3648.88885,3649.938275,3532.045525,3533.826925
3649.4531,3650.16355,3532.12935,3533.9135
3650.6312,3650.305825,3532.292475,3534.0148
3651.361525,3650.358775,3532.3666,3534.0604
3652.2446,3651.931825,3532.5493,3534.08935
3652.6535,3653.20185,3532.677075,3534.109125
3653.652,3654.304675,3532.75705,3534.122775
3653.952525,3654.87005,3532.825725,3534.17655
3654.8993,3655.08425,3532.92255,3534.2143
3655.159975,3655.12325,3532.985325,3534.275325
3656.0401,3655.274025,3533.01255,3534.3696
3656.153025,3655.5547,3533.1084,3534.437225
3656.1595,3656.253,3533.16105,3534.485675
3656.36165,3656.430375,3533.4799,3534.686675
3656.511225,3656.580125,3533.546375,3534.76335
3656.942025,3657.378525,3533.5914,3534.8103
3657.2063,3657.388075,3533.65875,3534.855725
3657.67215,3658.000875,3533.71235,3534.916875
3657.8322,3658.24585,3533.82685,3535.020475
3658.02445,3659.24975,3533.91345,3535.1918
3658.266675,3659.598925,3534.01475,3535.246925
3658.710725,3659.976175,3534.060325,3535.29045
3659.06255,3660.907475,3534.0893,3535.309625
3659.411575,3660.968925,3534.10905,3535.646325
3659.559625,3660.98975,3534.12275,3535.853075
3659.74345,3661.362925,3534.159525,3535.88475
3660.2094,3661.563175,3534.17645,3536.040525
3660.293825,3661.85895,3534.21425,3536.187225
3660.4452,3662.412375,3534.229675,3536.26395
3660.7001,3662.657825,3534.275275,3536.358575
3661.24475,3662.81545,3534.36955,3536.3876
3661.336325,3662.953125,3534.437175,3536.4253
3661.656175,3662.97185,3534.4856,3536.455575
3662.062075,3664.1406,3534.6866,3536.50655
3662.23585,3664.473375,3534.7633,3536.561075
3662.326275,3664.753925,3534.81025,3536.622675
3662.443725,3665.540575,3534.855675,3536.709625
3662.768325,3665.69195,3534.916825,3536.7751
3663.13535,3665.82415,3535.020425,3536.810775
3663.295975,3665.872275,3535.191725,3536.853675
3663.31935,3666.984525,3535.24685,3536.9285
3663.486825,3667.103175,3535.290375,3536.9602
3663.753975,3667.136775,3535.309575,3537.03325
3665.805925,3667.4516,3535.5415,3537.08225
3666.054725,3668.171225,3535.646275,3537.12
3666.6687,3668.189925,3535.853025,3537.15985
3667.1151,3669.11295,3535.884675,3537.21405
3667.5,3669.236,3536.0405,3537.242975
3667.769225,3669.547825,3536.1872,3537.29755
3668.047,3669.686725,3536.2639,3537.321175
3669.112425,3669.7067,3536.3585,3537.355975
3669.639175,3669.959825,3536.387575,3537.4348
3670.422525,3670.097275,3536.425225,3537.462225
3670.81265,3670.22465,3536.455525,3537.492175
3671.345375,3670.613325,3536.506475,3537.539375
3671.752525,3670.645675,3536.56105,3537.609375
3671.926175,3670.751125,3536.62265,3537.667025
3672.341925,3670.82525,3536.709575,3537.7463
3672.4466,3670.841075,3536.775025,3537.8127
3673.2991,3671.154875,3536.8107,3537.8673
3673.378075,3671.25905,3536.8536,3538.007075
3673.526375,3671.810975,3536.92845,3538.05385
3674.0013,3672.802925,3536.9602,3538.060875
3674.9671,3673.62215,3537.002025,3538.109
3676.425575,3673.825175,3537.033175,3538.18105
3676.4553,3674.20605,3537.082225,3538.27485
3677.327625,3674.6431,3537.119975,3538.347975
3677.4763,3675.33045,3537.159825,3538.4215
3677.768675,3675.420825,3537.214,3538.49385
3678.168,3675.531,3537.242925,3538.646225
3678.27605,3675.749775,3537.2975,3538.739925
3678.44645,3675.98125,3537.321125,3538.84465
3678.456975,3676.448625,3537.3559,3538.8509
3678.50575,3676.801075,3537.43475,3538.964475
3679.447475,3676.8392,3537.4622,3539.047025
3679.608275,3677.456225,3537.4921,3539.154125
3679.72855,3677.45825,3537.539325,3539.18995
3680.058425,3677.48795,3537.609325,3539.2513
3680.709025,3677.535925,3537.666975,3539.356825
3681.1351,3677.64015,3537.705875,3539.366275
3681.344425,3677.802475,3537.74625,3539.4204
3681.4913,3678.2697,3537.812625,3539.47895
3681.8092,3678.521625,3537.867275,3539.565225
3682.407625,3678.836775,3537.95285,3539.589625
3682.81115,3679.146375,3538.00705,3539.62845
3683.14895,3679.285725,3538.053825,3539.664825
3683.261175,3679.567475,3538.108975,3539.768225
3683.5883,3679.713675,3538.181,3539.804325
3683.806175,3680.02625,3538.2748,3539.808525
3683.91195,3680.4102,3538.347925,3539.842475
3684.118475,3680.6068,3538.421475,3539.8588
3684.6418,3681.267225,3538.493825,3539.91215
3685.401075,3683.33105,3538.646175,3539.9585
3685.50265,3683.89365,3538.739875,3540.0072
3685.740725,3684.674625,3538.8446,3540.025275
3685.75325,3686.012775,3538.964425,3540.0372
3685.89725,3686.0192,3539.046975,3540.094525
3685.899475,3686.35155,3539.154075,3540.11465
3687.36995,3686.398125,3539.1899,3540.1287
3687.607375,3686.4971,3539.25125,3540.146
3687.7884,3686.9845,3539.356775,3540.16375
3688.254625,3687.373,3539.42035,3540.2457
3688.447075,3687.428125,3539.478925,3540.321925
3688.7476,3687.602225,3539.565175,3540.41175
3688.8749,3688.43285,3539.589625,3540.51035
3689.311625,3688.88525,3539.6284,3540.5472
3689.3955,3689.562775,3539.664775,3540.624475
3689.908925,3689.583825,3539.768175,3540.752025
3690.116475,3689.587525,3539.804275,3540.774425
3690.277275,3689.82625,3539.8424,3540.819575
3690.6079,3689.9496,3539.858775,3540.859975
3690.6729,3690.07065,3539.9121,3540.89515
3690.932725,3690.109775,3539.95845,3540.980525
3691.078475,3690.283075,3540.007125,3541.004425
3691.3475,3690.3118,3540.0252,3541.097375
3691.481425,3690.57295,3540.037175,3541.121225
3691.77295,3690.697825,3540.094475,3541.140025
3692.15465,3691.01615,3540.114575,3541.1587
3692.2065,3691.641825,3540.12865,3541.18635
3692.393425,3691.844575,3540.1459,3541.222725
3692.511125,3692.341325,3540.1637,3541.24635
3692.74605,3693.4019,3540.203425,3541.273275
3692.8837,3693.529575,3540.245675,3541.304075
3692.9813,3693.632575,3540.32185,3541.32085
3693.14935,3694.28495,3540.411725,3541.33485
3693.256075,3694.3178,3540.5103,3541.359125
3693.357725,3694.463925,3540.547175,3541.382575
3693.407375,3695.146275,3540.624425,3541.46015
3693.4938,3695.222175,3540.751975,3541.5018
3693.5303,3695.4154,3540.774375,3541.50995
3694.007375,3696.65985,3540.819525,3541.5891
3694.347075,3697.1264,3540.859925,3541.614075
3694.454575,3697.742525,3540.895125,3541.642825
3694.6268,3697.9878,3540.913375,3541.71765
3694.883075,3698.320675,3540.980475,3541.750325
3695.094375,3698.61015,3541.00435,3541.7799
3695.32375,3698.635375,3541.097325,3541.808
3695.933225,3698.7098,3541.1212,3541.8942
3696.12015,3698.906725,3541.13995,3541.93345
3696.3299,3698.94505,3541.15865,3541.97045
3696.411425,3699.38735,3541.1863,3542.027275
3697.235575,3699.40635,3541.22265,3542.114225
3697.55995,3699.523675,3541.2463,3542.163125
3697.805,3699.6979,3541.273275,3542.233475
3698.000825,3699.822725,3541.304025,3542.2922
3698.053775,,3541.32085,3542.321925
3698.06075,,3541.33485,3542.40455
3698.146675,,3541.3591,3542.41415
3698.482425,,3541.382525,3542.441475
3699.298675,,3541.4108,3542.473775
3699.4362,,3541.42965,3542.52885
,,3541.46015,3542.620275
,,3541.5018,3542.66505
,,3541.509925,3542.702275
,,3541.589025,3542.734275
,,3541.614075,3542.7886
,,3541.642775,3542.810975
,,3541.7176,3542.81215
,,3541.7503,3542.995
,,3541.77985,3543.027175
,,3541.807975,3543.067375
,,3541.894175,3543.0905
,,3541.933375,3543.111
,,3541.9704,3543.179625
,,3542.02725,3543.2285
,,3542.114175,3543.2603
,,3542.1631,3543.28265
,,3542.233425,3543.310825
,,3542.292175,3543.34435
,,3542.321875,3543.38415
,,3542.404475,3543.4037
,,3542.414125,3543.430575
,,3542.441425,3543.4394
,,3542.473725,3543.477325
,,3542.528825,3543.549775
,,3542.6203,3543.5681
,,3542.665,3543.602525
,,3542.702225,3543.641275
,,3542.734225,3543.653525
,,3542.78855,3543.7142
,,3542.810925,3543.805275
,,3542.88935,3543.81645
,,3542.994925,3543.851575
,,3543.02715,3543.919175
,,3543.0673,3543.958
,,3543.090475,3544.00315
,,3543.11095,3544.0603
,,3543.179575,3544.1105
,,3543.228425,3544.227375
,,3543.260275,3544.26755
,,3543.2826,3544.3638
,,3543.310775,3544.40175
,,3543.344325,3544.419175
,,3543.3841,3544.459525
,,3543.40365,3544.488025
,,3543.430525,3544.520475
,,3543.439375,3544.54815
,,3543.477375,3544.596
,,3543.502025,3544.646575
,,3543.549725,3544.692575
,,3543.568075,3544.7271
,,3543.6025,3544.757675
,,3543.641225,3544.840825
,,3543.65345,3544.86545
,,3543.71415,3544.8774
,,3543.755725,3545.0311
,,3543.7811,3545.08345
,,3543.805225,3545.13345
,,3543.8164,3545.20495
,,3543.851525,3545.3433
,,3543.91915,3545.404775
,,3543.95795,3545.462275
,,3544.0031,3545.50105
,,3544.060275,3545.5563
,,3544.11045,3545.59475
,,3544.227325,3545.6458
,,3544.26755,3545.6894
,,3544.3638,3545.739575
,,3544.4017,3545.7784
,,3544.41915,3545.796675
,,3544.43555,3545.811025
,,3544.459525,3545.849575
,,3544.48805,3545.890675
,,3544.52045,3545.92375
,,3544.5481,3545.9625
,,3544.595975,3545.98295
,,3544.64655,3546.03805
,,3544.692525,3546.04665
,,3544.72705,3546.091575
,,3544.7577,3546.140825
,,3544.783425,3546.161075
,,3544.840775,3546.211375
,,3544.8654,3546.27135
,,3544.877375,3546.36505
,,3544.91155,3546.403225
,,3544.9827,3546.481775
,,3545.031075,3546.505275
,,3545.083425,3546.60175
,,3545.1334,3546.6227
,,3545.20495,3546.71135
,,3545.25075,3546.7308
,,3545.29755,3546.7794
,,3545.343225,3546.883975
,,3545.404725,3546.948975
,,3545.462175,3546.978425
,,3545.500975,3547.0167
,,3545.55625,3547.054425
,,3545.594725,3547.178775
,,3545.64575,3547.255175
,,3545.6894,3547.31055
,,3545.739525,3547.3384
,,3545.778325,3547.356375
,,3545.796625,3547.40075
,,3545.811,3547.439475
,,3545.849525,3547.472525
,,3545.890625,3547.51615
,,3545.923675,3547.63375
,,3545.96245,3547.7255
,,3545.98295,3547.7809
,,3546.003925,3547.81135
,,3546.018075,3547.988575
,,3546.046625,3548.032
,,3546.071925,3548.072325
,,3546.0915,3548.214175
,,3546.14075,3548.2683
,,3546.1611,3548.3417
,,3546.21135,3548.41655
,,3546.271325,3548.444425
,,3546.305,3548.498875
,,3546.365,3548.5712
,,3546.403175,3548.6429
,,3546.481775,3548.70775
,,3546.50525,3548.7351
,,3546.601675,3548.763575
,,3546.62265,3548.7929
,,3546.7113,3548.830525
,,3546.73075,3548.865525
,,3546.7794,3548.9004
,,3546.883875,3548.959575
,,3546.948925,3549.011175
,,3546.97835,3549.05355
,,3547.016675,3549.1022
,,3547.05435,3549.21935
,,3547.0941,3549.282425
,,3547.12905,3549.32165
,,3547.1787,3549.3765
,,3547.255175,3549.418775
,,3547.310525,3549.483125
,,3547.356325,3549.576475
,,3547.400675,3549.765875
,,3547.439425,3549.83635
,,3547.472475,3549.87495
,,3547.5161,3550.062575
,,3547.6337,3550.144125
,,3547.725475,3550.2648
,,3547.780875,3550.3643
,,3547.8113,3550.5513
,,3547.85965,3550.637
,,3547.90525,3550.731775
,,3547.988525,3550.779025
,,3548.03195,3550.85295
,,3548.072275,3550.90455
,,3548.21415,3550.9983
,,3548.268275,3551.051725
,,3548.34165,3551.08935
,,3548.416525,3551.164375
,,3548.4444,3551.2495
,,3548.4988,3551.277225
,,3548.537125,3551.369625
,,3548.571175,3551.50455
,,3548.6429,3551.5299
,,3548.7077,3551.6696
,,3548.735075,3551.721275
,,3548.79285,3551.758375
,,3548.830475,3551.834775
,,3548.86545,3551.88665
,,3548.90035,3551.962225
,,3548.959575,3552.142375
,,3548.98165,3552.23975
,,3549.011125,3552.31845
,,3549.0535,3552.38675
,,3549.10215,3552.44855
,,3549.15715,3552.5016
,,3549.2193,3552.601375
,,3549.28235,3552.7421
,,3549.3216,3552.77005
,,3549.376475,3552.78445
,,3549.418725,3552.82925
,,3549.48305,3552.85425
,,3549.526975,3552.882775
,,3549.576425,3552.925475
,,3549.722425,3552.96745
,,3549.7658,3553.091525
,,3549.8363,3553.20695
,,3549.8749,3553.3136
,,3550.0625,3553.3568
,,3550.144125,3553.4654
,,3550.22605,3553.51315
,,3550.26475,3553.51705
,,3550.364275,3553.560525
,,3550.439,3553.635425
,,3550.55125,3553.732875
,,3550.63695,3553.804975
,,3550.73175,3553.9426
,,3550.77895,3554.0529
,,3550.8529,3554.0821
,,3550.9045,3554.128475
,,3550.998275,3554.172475
,,3551.0517,3554.2426
,,3551.0893,3554.298325
,,3551.164325,3554.337775
,,3551.27715,3554.43525
,,3551.369575,3554.482075
,,3551.50445,3554.57515
,,3551.52985,3554.62505
,,3551.66955,3554.709725
,,3551.72125,3554.7705
,,3551.75835,3554.84445
,,3551.834725,3554.9455
,,3551.886625,3555.0035
,,3551.9622,3555.093775
,,3552.1423,3555.1345
,,3552.239725,3555.2374
,,3552.318375,3555.2512
,,3552.386675,3555.3034
,,3552.4485,3555.374675
,,3552.5016,3555.414975
,,3552.60135,3555.5429
,,3552.667075,3555.612625
,,3552.74205,3555.667375
,,3552.77,3555.707775
,,3552.7844,3555.783375
,,3552.82925,3555.862575
,,3552.854225,3555.9397
,,3552.882725,3556.0255
,,3552.925425,3556.116475
,,3552.967375,3556.151375
,,3553.091475,3556.17765
,,3553.2069,3556.211425
,,3553.31355,3556.302425
,,3553.356775,3556.354025
,,3553.465325,3556.406175
,,3553.51315,3556.43
,,3553.56045,3556.44575
,,3553.63535,3556.50955
,,3553.73285,3556.595025
,,3553.80495,3556.673
,,3553.94255,3556.717725
,,3554.05285,3556.750125
,,3554.08205,3556.84795
,,3554.128425,3556.87755
,,3554.172425,3556.894425
,,3554.24255,3556.915775
,,3554.298275,3556.9286
,,3554.337725,3556.949725
,,3554.386575,3556.959875
,,3554.4352,3556.970475
,,3554.482,3556.97915
,,3554.575125,3556.993025
,,3554.624975,3557.02905
,,3554.7097,3557.0696
,,3554.77045,3557.12055
,,3554.8444,3557.275675
,,3554.94545,3557.335825
,,3555.003425,3557.356025
,,3555.0937,3557.43735
,,3555.134425,3557.4576
,,3555.23735,3557.505175
,,3555.30335,3557.556275
,,3555.37465,3557.622325
,,3555.414925,3557.66245
,,3555.54285,3557.719675
,,3555.612575,3557.74845
,,3555.6673,3557.7768
,,3555.707725,3557.82445
,,3555.783325,3557.89365
,,3555.862525,3557.9525
,,3555.93965,3558.022625
,,3556.025475,3558.077825
,,3556.1164,3558.159475
,,3556.151325,3558.1997
,,3556.177625,3558.22325
,,3556.211375,3558.24405
,,3556.3024,3558.25845
,,3556.406125,3558.273
,,3556.4457,3558.2913
,,3556.5095,3558.342175
,,3556.594975,3558.362975
,,3556.67295,3558.406975
,,3556.717675,3558.457325
,,3556.750075,3558.4867
,,3556.809275,3558.505575
,,3556.8479,3558.53935
,,3556.8775,3558.570375
,,3556.8944,3558.58485
,,3556.92855,3558.688275
,,3556.9497,3558.7252
,,3556.959825,3558.759525
,,3556.97045,3558.7949
,,3556.97915,3558.8164
,,3556.993,3558.87645
,,3557.00395,3559.013725
,,3557.01555,3559.057175
,,3557.069575,3559.08695
,,3557.120525,3559.121425
,,3557.2756,3559.174125
,,3557.356,3559.20345
,,3557.4373,3559.254275
,,3557.457575,3559.276275
,,3557.5051,3559.296275
,,3557.556225,3559.3149
,,3557.591875,3559.44555
,,3557.62225,3559.465
,,3557.662425,3559.471825
,,3557.719625,3559.4824
,,3557.748425,3559.488
,,3557.776775,3559.5485
,,3557.824375,3559.60425
,,3557.89365,3559.67595
,,3557.952475,3559.7051
,,3558.0226,3559.77975
,,3558.077775,3559.82465
,,3558.159425,3559.8578
,,3558.199675,3559.933125
,,3558.223175,3559.9598
,,3558.244025,3560.0225
,,3558.2584,3560.08025
,,3558.273,3560.188575
,,3558.29125,3560.222475
,,3558.30355,3560.252725
,,3558.30945,3560.369075
,,3558.342075,3560.396625
,,3558.36295,3560.4556
,,3558.406925,3560.509675
,,3558.427275,3560.5488
,,3558.457275,3560.594475
,,3558.486675,3560.675975
,,3558.505525,3560.693575
,,3558.570275,3560.71255
,,3558.584775,3560.7495
,,3558.600475,3560.82615
,,3558.624575,3560.86665
,,3558.64835,3560.88405
,,3558.6882,3560.974225
,,3558.725175,3560.998475
,,3558.7595,3561.017475
,,3558.794775,3561.0304
,,3558.81635,3561.062225
,,3558.876325,3561.10925
,,3558.90795,3561.1958
,,3559.013675,3561.26535
,,3559.03965,3561.2946
,,3559.0869,3561.316725
,,3559.1214,3561.37385
,,3559.1741,3561.423175
,,3559.203375,3561.4704
,,3559.254175,3561.519325
,,3559.27625,3561.5709
,,3559.296225,3561.660825
,,3559.314875,3561.698
,,3559.326075,3561.73905
,,3559.37775,3561.77925
,,3559.414225,3561.8343
,,3559.445525,3561.940725
,,3559.46495,3561.9982
,,3559.471775,3562.041725
,,3559.487975,3562.089225
,,3559.49875,3562.1222
,,3559.508625,3562.2302
,,3559.514825,3562.34355
,,3559.548475,3562.394325
,,3559.604175,3562.417725
,,3559.628725,3562.485025
,,3559.6759,3562.503325
,,3559.705075,3562.5195
,,3559.7438,3562.571
,,3559.779625,3562.6109
,,3559.8246,3562.631975
,,3559.857725,3562.66775
,,3559.933125,3562.70205
,,3559.960625,3562.816325
,,3560.022475,3562.856225
,,3560.0802,3562.917625
,,3560.097625,3562.94725
,,3560.129575,3563.0722
,,3560.188525,3563.126425
,,3560.222425,3563.16115
,,3560.252625,3563.20595
,,3560.299025,3563.244375
,,3560.320675,3563.278125
,,3560.369,3563.354025
,,3560.3966,3563.419075
,,3560.455575,3563.5856
,,3560.47405,3563.630775
,,3560.509675,3563.684125
,,3560.5488,3563.826825
,,3560.5705,3563.875475
,,3560.594425,3563.922075
,,3560.675925,3563.99945
,,3560.693525,3564.036525
,,3560.7125,3564.11895
,,3560.749425,3564.206325
,,3560.8074,3564.2466
,,3560.826075,3564.2756
,,3560.84765,3564.406975
,,3560.86655,3564.44405
,,3560.883975,3564.518975
,,3560.9368,3564.554775
,,3560.9552,3564.649225
,,3560.97415,3564.75975
,,3560.998425,3564.814925
,,3561.0174,3564.8932
,,3561.03035,3564.973275
,,3561.062175,3565.009775
,,3561.109225,3565.046975
,,3561.1958,3565.228975
,,3561.2124,3565.289275
,,3561.2653,3565.364775
,,3561.274975,3565.46875
,,3561.294525,3565.495975
,,3561.316675,3565.512675
,,3561.326175,3565.525375
,,3561.348625,3565.58745
,,3561.37375,3565.688575
,,3561.423125,3565.711275
,,3561.470325,3565.726625
,,3561.519225,3565.7531
,,3561.5483,3565.920975
,,3561.570825,3565.95225
,,3561.6107,3566.012275
,,3561.6608,3566.09585
,,3561.697975,3566.118025
,,3561.739025,3566.1533
,,3561.779175,3566.166325
,,3561.83425,3566.173925
,,3561.8689,3566.190975
,,3561.888675,3566.247525
,,3561.9407,3566.280525
,,3561.99815,3566.305575
,,3562.04165,3566.322375
,,3562.089175,3566.39115
,,3562.122175,3566.4412
,,3562.1647,3566.454925
,,3562.20075,3566.492575
,,3562.23015,3566.511025
,,3562.2675,3566.527475
,,3562.34345,3566.538225
,,3562.39425,3566.55745
,,3562.4177,3566.6061
,,3562.4484,3566.645575
,,3562.484975,3566.669125
,,3562.50325,3566.6903
,,3562.51945,3566.724325
,,3562.57095,3566.912575
,,3562.61085,3567.032225
,,3562.66765,3567.047075
,,3562.70205,3567.083025
,,3562.733125,3567.124825
,,3562.816275,3567.1656
,,3562.8562,3567.20285
,,3562.8962,3567.252825
,,3562.917575,3567.28975
,,3562.947225,3567.30685
,,3563.072125,3567.33385
,,3563.205925,3567.505275
,,3563.244325,3567.570225
,,3563.278075,3567.616725
,,3563.35395,3567.677775
,,3563.419,3567.7377
,,3563.502325,3567.77525
,,3563.585525,3567.79435
,,3563.630725,3567.83565
,,3563.68405,3567.8611
,,3563.777625,3567.939075
,,3563.826775,3567.967875
,,3563.875425,3568.0284
,,3563.922025,3568.078825
,,3563.9994,3568.1542
,,3564.03645,3568.207175
,,3564.1189,3568.231
,,3564.20625,3568.308625
,,3564.246575,3568.347775
,,3564.275525,3568.3837
,,3564.3576,3568.411525
,,3564.406925,3568.4139
,,3564.443975,3568.451925
,,3564.4891,3568.454125
,,3564.5189,3568.491075
,,3564.554725,3568.545975
,,3564.594675,3568.634675
,,3564.6492,3568.692475
,,3564.6845,3568.735875
,,3564.70985,3568.881325
,,3564.759625,3568.935
,,3564.814875,3568.9872
,,3564.852275,3569.03265
,,3564.89315,3569.116975
,,3564.973225,3569.1362
,,3565.0097,3569.174025
,,3565.046925,3569.225925
,,3565.090375,3569.251175
,,3565.146425,3569.34305
,,3565.191425,3569.383075
,,3565.22895,3569.41135
,,3565.2892,3569.5616
,,3565.326625,3569.609225
,,3565.364775,3569.7478
,,3565.393125,3569.86145
,,3565.42835,3569.891475
,,3565.4687,3569.93195
,,3565.495925,3570.100875
,,3565.512625,3570.154625
,,3565.5253,3570.200475
,,3565.5623,3570.2634
,,3565.587325,3570.31015
,,3565.61135,3570.3762
,,3565.63175,3570.433275
,,3565.6769,3570.442725
,,3565.688525,3570.456
,,3565.71125,3570.537025
,,3565.726575,3570.57945
,,3565.753025,3570.63365
,,3565.7749,3570.674475
,,3565.804425,3570.76385
,,3565.833125,3570.826
,,3565.843675,3570.84985
,,3565.920925,3570.910925
,,3565.952225,3570.959
,,3566.07375,3571.00995
,,3566.0958,3571.09185
,,3566.11795,3571.121225
,,3566.15325,3571.171625
,,3566.1663,3571.225775
,,3566.173875,3571.2818
,,3566.19095,3571.33885
,,3566.247525,3571.38765
,,3566.28045,3571.40845
,,3566.3055,3571.443225
,,3566.32235,3571.471475
,,3566.3911,3571.533275
,,3566.441175,3571.5825
,,3566.454925,3571.62505
,,3566.492525,3571.6439
,,3566.511,3571.672975
,,3566.5274,3571.751275
,,3566.53815,3571.807375
,,3566.5574,3571.857775
,,3566.587225,3571.965625
,,3566.60605,3572.035175
,,3566.645525,3572.10985
,,3566.669125,3572.161025
,,3566.690275,3572.194075
,,3566.724275,3572.302725
,,3566.9125,3572.34065
,,3567.032175,3572.420725
,,3567.047025,3572.61965
,,3567.083,3572.6616
,,3567.1248,3572.7029
,,3567.165525,3572.764525
,,3567.202825,3572.92895
,,3567.252775,3573.030775
,,3567.289675,3573.258525
,,3567.3068,3573.3548
,,3567.333825,3573.450175
,,3567.43075,3573.521425
,,3567.46515,3573.583825
,,3567.5053,3573.664475
,,3567.546575,3573.7015
,,3567.5702,3573.80615
,,3567.616675,3573.823075
,,3567.65125,3573.83545
,,3567.677775,3573.853475
,,3567.737625,3573.86715
,,3567.775225,3573.9016
,,3567.7943,3573.9113
,,3567.815375,3573.95465
,,3567.83565,3574.008625
,,3567.8611,3574.04925
,,3567.89555,3574.117675
,,3567.93905,3574.172775
,,3567.967775,3574.309225
,,3568.02835,3574.32735
,,3568.0586,3574.352125
,,3568.0788,3574.371775
,,3568.154125,3574.3923
,,3568.207125,3574.48105
,,3568.230975,3574.5974
,,3568.308575,3574.613075
,,3568.34775,3574.927725
,,3568.383575,3574.9786
,,3568.411475,3575.01875
,,3568.425325,3575.056725
,,3568.4541,3575.095475
,,3568.49105,3575.1182
,,3568.54595,3575.166925
,,3568.6013,3575.20575
,,3568.63465,3575.49615
,,3568.69245,3575.541375
,,3568.735875,3575.6055
,,3568.830775,3575.678975
,,3568.881275,3575.72985
,,3568.934975,3575.96965
,,3568.98715,3576.038525
,,3569.03265,3576.128475
,,3569.070825,3576.2539
,,3569.11695,3576.5019
,,3569.136175,3576.594625
,,3569.17395,3576.6823
,,3569.225925,3576.7567
,,3569.2511,3576.829125
,,3569.29615,3576.869775
,,3569.343025,3576.983175
,,3569.38305,3577.052075
,,3569.4113,3577.15875
,,3569.485775,3577.190325
,,3569.5615,3577.237775
,,3569.609225,3577.312
,,3569.7478,3577.352575
,,3569.811,3577.3945
,,3569.861425,3577.438525
,,3569.891425,3577.556625
,,3569.931875,3577.605975
,,3570.0182,3577.6249
,,3570.100825,3577.627975
,,3570.154625,3577.6551
,,3570.200475,3577.69165
,,3570.26335,3577.744625
,,3570.310125,3577.804275
,,3570.376125,3577.907175
,,3570.456,3577.98315
,,3570.537,3578.028075
,,3570.5794,3578.11685
,,3570.633625,3578.18575
,,3570.67445,3578.222025
,,3570.722825,3578.33295
,,3570.763825,3578.383075
,,3570.82595,3578.4304
,,3570.849775,3578.4692
,,3570.9109,3578.53375
,,3570.95895,3578.60395
,,3571.0099,3578.6676
,,3571.091825,3578.715675
,,3571.121175,3578.74935
,,3571.1716,3578.804075
,,3571.225725,3578.821975
,,3571.28175,3578.8429
,,3571.33885,3578.89155
,,3571.3876,3578.947
,,3571.424025,3579.009075
,,3571.4432,3579.080525
,,3571.4714,3579.12065
,,3571.508175,3579.1956
,,3571.5333,3579.411325
,,3571.582475,3579.467475
,,3571.62505,3579.572825
,,3571.64385,3579.660125
,,3571.6729,3579.76165
,,3571.73225,3579.911375
,,3571.75125,3579.966475
,,3571.7768,3580.02965
,,3571.8073,3580.094375
,,3571.8577,3580.13255
,,3571.911875,3580.17455
,,3571.9656,3580.1985
,,3572.03515,3580.2317
,,3572.109825,3580.264625
,,3572.160975,3580.378025
,,3572.19405,3580.50685
,,3572.3027,3580.58225
,,3572.340625,3580.631425
,,3572.42065,3580.8072
,,3572.6196,3580.90595
,,3572.661525,3580.985075
,,3572.702825,3581.00255
,,3572.7645,3581.285425
,,3572.8202,3581.458825
,,3572.9289,3581.54785
,,3573.03075,3581.635475
,,3573.258475,3581.7525
,,3573.35475,3581.790775
,,3573.450125,3581.821425
,,3573.521375,3581.83345
,,3573.58375,3581.879
,,3573.664425,3581.928625
,,3573.7015,3581.968625
,,3573.7777,3582.054175
,,3573.8061,3582.108725
,,3573.823025,3582.251175
,,3573.835425,3582.2855
,,3573.84295,3582.2977
,,3573.85345,3582.3159
,,3573.8671,3582.346675
,,3573.87305,3582.384275
,,3573.901525,3582.418875
,,3573.9113,3582.614975
,,3573.9191,3582.7082
,,3573.954625,3582.7417
,,3573.9666,3582.76715
,,3573.981025,3582.7981
,,3574.049225,3582.826175
,,3574.07915,3582.907975
,,3574.093975,3582.93855
,,3574.11765,3582.95665
,,3574.17275,3583.07145
,,3574.195925,3583.129175
,,3574.22535,3583.180525
,,3574.24775,3583.20925
,,3574.2687,3583.252025
,,3574.29285,3583.296175
,,3574.3092,3583.337375
,,3574.352175,3583.39315
,,3574.3717,3583.4599
,,3574.3923,3583.4959
,,3574.481,3583.522675
,,3574.5974,3583.56825
,,3574.613,3583.595825
,,3574.927675,3583.629775
,,3574.978575,3583.679775
,,3575.018675,3583.748325
,,3575.056625,3583.767525
,,3575.09545,3583.781175
,,3575.118125,3583.8257
,,3575.166875,3583.84785
,,3575.205675,3583.8814
,,3575.250575,3583.9224
,,3575.30325,3584.002925
,,3575.3551,3584.06765
,,3575.496125,3584.135175
,,3575.54135,3584.2128
,,3575.605375,3584.241875
,,3575.67895,3584.342425
,,3575.7298,3584.388925
,,3575.783225,3584.497025
,,3575.8103,3584.538875
,,3575.896175,3584.580325
,,3575.9363,3584.635775
,,3575.9696,3584.7979
,,3576.038475,3584.9038
,,3576.1284,3585.08605
,,3576.25385,3585.089975
,,3576.34815,3585.17635
,,3576.3755,3585.289375
,,3576.50185,3585.367775
,,3576.59455,3585.431925
,,3576.682225,3585.531475
,,3576.756625,3585.6511
,,3576.829075,3585.6861
,,3576.8697,3585.71535
,,3576.931525,3585.73975
,,3576.983125,3585.805275
,,3577.052025,3585.8423
,,3577.158675,3585.87265
,,3577.19025,3585.905775
,,3577.2377,3585.9827
,,3577.31195,3586.047275
,,3577.35255,3586.152275
,,3577.39445,3586.222375
,,3577.438475,3586.386225
,,3577.5566,3586.440075
,,3577.605925,3586.531575
,,3577.624825,3586.59735
,,3577.65505,3587.032025
,,3577.691575,3587.080275
,,3577.744575,3587.20365
,,3577.8042,3587.3794
,,3577.907125,3587.5332
,,3577.9831,3587.62
,,3578.028025,3587.684275
,,3578.1168,3587.774875
,,3578.1857,3587.83715
,,3578.222025,3587.97425
,,3578.2653,3588.04585
,,3578.332925,3588.09005
,,3578.382975,3588.1211
,,3578.4303,3588.173775
,,3578.469175,3588.1989
,,3578.533725,3588.21735
,,3578.603925,3588.24205
,,3578.66755,3588.259325
,,3578.715625,3588.280675
,,3578.7493,3588.31675
,,3578.821925,3588.40035
,,3578.89155,3588.424875
,,3578.94695,3588.4469
,,3579.0247,3588.473175
,,3579.080475,3588.4889
,,3579.120625,3588.516475
,,3579.195575,3588.537725
,,3579.41125,3588.5735
,,3579.4674,3588.6102
,,3579.5728,3588.643975
,,3579.660075,3588.6943
,,3579.9113,3588.74935
,,3579.96645,3588.828325
,,3580.0296,3588.90625
,,3580.0943,3588.947825
,,3580.1325,3588.987275
,,3580.174525,3589.0588
,,3580.198425,3589.0889
,,3580.23165,3589.135775
,,3580.264575,3589.1556
,,3580.296725,3589.182675
,,3580.378,3589.203775
,,3580.506825,3589.2439
,,3580.535675,3589.25545
,,3580.58225,3589.277675
,,3580.631375,3589.31825
,,3580.80715,3589.365175
,,3580.905925,3589.39035
,,3581.002475,3589.413675
,,3581.2854,3589.466825
,,3581.458775,3589.50885
,,3581.547825,3589.536725
,,3581.635425,3589.5624
,,3581.752475,3589.6143
,,3581.79075,3589.6604
,,3581.8334,3589.69835
,,3581.87895,3589.770275
,,3581.928575,3589.7811
,,3581.9686,3589.7841
,,3582.054125,3589.94715
,,3582.1087,3590.014875
,,3582.25115,3590.1516
,,3582.28545,3590.225475
,,3582.297675,3590.26955
,,3582.315875,3590.300525
,,3582.3466,3590.336375
,,3582.384275,3590.382075
,,3582.41885,3590.418025
,,3582.4558,3590.509825
,,3582.6149,3590.58335
,,3582.708125,3590.723775
,,3582.74165,3590.7908
,,3582.767125,3590.888225
,,3582.798075,3590.967675
,,3582.826175,3591.0285
,,3582.907925,3591.1644
,,3582.938525,3591.2224
,,3582.9566,3591.29175
,,3583.0714,3591.3939
,,3583.12915,3591.4469
,,3583.180475,3591.518925
,,3583.2092,3591.662775
,,3583.251975,3591.776275
,,3583.29615,3591.93425
,,3583.3373,3592.01105
,,3583.393125,3592.068775
,,3583.42945,3592.112
,,3583.459825,3592.186375
,,3583.49585,3592.243275
,,3583.522625,3592.28585
,,3583.5682,3592.333675
,,3583.595775,3592.358875
,,3583.629775,3592.4359
,,3583.67975,3592.50605
,,3583.716475,3592.591625
,,3583.748275,3592.619875
,,3583.7675,3592.700275
,,3583.78115,3592.739075
,,3583.825675,3592.864125
,,3583.8478,3592.9463
,,3583.8814,3593.005875
,,3583.9227,3593.0497
,,3584.00285,3593.251825
,,3584.067575,3593.32735
,,3584.13515,3593.37675
,,3584.2127,3593.451875
,,3584.24185,3593.485625
,,3584.34235,3593.5303
,,3584.3889,3593.554775
,,3584.496975,3593.5559
,,3584.53885,3593.571175
,,3584.580275,3593.584425
,,3584.6357,3593.593175
,,3584.797825,3593.594725
,,3584.90375,3593.611225
,,3585.086025,3593.645775
,,3585.176275,3593.668325
,,3585.2894,3593.6826
,,3585.367725,3593.715
,,3585.431875,3593.7374
,,3585.531425,3593.82695
,,3585.651125,3593.90785
,,3585.686025,3593.970525
,,3585.7153,3594.052425
,,3585.739725,3594.18825
,,3585.805225,3594.313725
,,3585.842275,3594.4035
,,3585.8726,3594.4669
,,3585.905725,3594.53985
,,3585.982675,3594.6319
,,3586.047225,3594.674175
,,3586.152175,3594.7392
,,3586.22235,3594.836925
,,3586.386225,3594.8954
,,3586.53155,3594.944975
,,3586.5973,3594.96955
,,3587.031975,3595.0562
,,3587.080225,3595.187275
,,3587.15395,3595.3028
,,3587.20365,3595.41445
,,3587.37935,3595.4577
,,3587.53315,3595.529225
,,3587.619975,3595.6735
,,3587.684225,3595.8033
,,3587.7748,3595.8765
,,3587.8371,3596.068075
,,3587.9742,3596.129525
,,3588.012475,3596.294075
,,3588.0458,3596.343275
,,3588.089975,3596.58135
,,3588.121025,3596.61075
,,3588.151425,3596.65615
,,3588.17375,3596.72375
,,3588.1989,3596.7432
,,3588.217275,3596.7705
,,3588.2593,3596.797725
,,3588.280625,3596.826525
,,3588.316725,3596.8395
,,3588.4003,3596.8835
,,3588.42485,3596.907325
,,3588.44685,3596.95475
,,3588.473225,3596.971025
,,3588.48885,3597.0203
,,3588.5164,3597.08835
,,3588.5377,3597.17005
,,3588.573375,3597.270225
,,3588.610175,3597.483625
,,3588.6439,3597.5238
,,3588.694275,3597.610875
,,3588.749325,3597.6648
,,3588.8283,3597.79775
,,3588.906225,3597.865325
,,3588.9872,3597.93975
,,3589.058725,3598.0095
,,3589.08885,3598.070825
,,3589.135725,3598.21955
,,3589.15555,3598.2363
,,3589.182625,3598.33305
,,3589.2037,3598.4225
,,3589.2554,3598.48735
,,3589.277625,3598.5377
,,3589.3182,3598.620675
,,3589.365125,3598.688875
,,3589.3903,3598.77
,,3589.41365,3598.841075
,,3589.46675,3598.897175
,,3589.508725,3598.929325
,,3589.536675,3598.959575
,,3589.56235,3598.992425
,,3589.61425,3599.0312
,,3589.660325,3599.0477
,,3589.698275,3599.075725
,,3589.74715,3599.10355
,,3589.770225,3599.1494
,,3589.78405,3599.230075
,,3589.947075,3599.280675
,,3590.014875,3599.3431
,,3590.078925,3599.38755
,,3590.15155,3599.427625
,,3590.2254,3599.4486
,,3590.269525,3599.5292
,,3590.30045,3599.5837
,,3590.336325,3599.660325
,,3590.38205,3599.7168
,,3590.417975,3599.7834
,,3590.509775,3599.969975
,,3590.583275,3600.01825
,,3590.723725,3600.078325
,,3590.790725,3600.122875
,,3590.88815,3600.158
,,3590.967575,3600.227325
,,3591.0284,3600.32355
,,3591.164325,3600.37055
,,3591.222375,3600.418375
,,3591.2917,3600.488125
,,3591.393875,3600.5842
,,3591.44685,3600.66975
,,3591.51885,3600.7204
,,3591.6627,3600.776375
,,3591.776225,3600.837175
,,3591.8495,3600.9043
,,3591.934225,3600.990225
,,3592.011,3601.05165
,,3592.0687,3601.098875
,,3592.11195,3601.131325
,,3592.186325,3601.17275
,,3592.243225,3601.1923
,,3592.333625,3601.222975
,,3592.358875,3601.273925
,,3592.435875,3601.35235
,,3592.506025,3601.4974
,,3592.591575,3601.644625
,,3592.700225,3601.7027
,,3592.739025,3601.736725
,,3592.86405,3601.797025
,,3592.946275,3601.826325
,,3593.005825,3601.86185
,,3593.25175,3601.906225
,,3593.288575,3601.962875
,,3593.3273,3601.989975
,,3593.376725,3602.025075
,,3593.451825,3602.051975
,,3593.485575,3602.086575
,,3593.504175,3602.130925
,,3593.53025,3602.168225
,,3593.555825,3602.2215
,,3593.5711,3602.2588
,,3593.584425,3602.27495
,,3593.59315,3602.332825
,,3593.61115,3602.382725
,,3593.6457,3602.3943
,,3593.668275,3602.4728
,,3593.68255,3602.524325
,,3593.714925,3602.5618
,,3593.737325,3602.6052
,,3593.826875,3602.637
,,3593.87315,3602.6828
,,3593.907825,3602.72755
,,3593.970475,3602.766875
,,3594.052375,3602.827775
,,3594.116625,3602.85035
,,3594.18825,3602.924975
,,3594.313675,3602.98315
,,3594.403425,3603.0215
,,3594.466875,3603.05645
,,3594.53975,3603.0929
,,3594.631875,3603.1418
,,3594.67415,3603.211575
,,3594.73915,3603.24225
,,3594.8369,3603.263575
,,3594.89535,3603.2933
,,3594.944925,3603.33035
,,3595.05615,3603.41865
,,3595.187225,3603.446075
,,3595.30275,3603.474375
,,3595.4144,3603.4895
,,3595.4576,3603.518175
,,3595.529175,3603.59225
,,3595.7101,3603.639225
,,3595.80325,3603.6589
,,3595.876475,3603.70615
,,3596.068,3603.81705
,,3596.129475,3603.840425
,,3596.22825,3603.8847
,,3596.343225,3603.949525
,,3596.43795,3604.0218
,,3596.581325,3604.056825
,,3596.6107,3604.179525
,,3596.6561,3604.37185
,,3596.7237,3604.379325
,,3596.743125,3604.52515
,,3596.77045,3604.553875
,,3596.797675,3604.573425
,,3596.826475,3604.6946
,,3596.839475,3604.772275
,,3596.883475,3604.848225
,,3596.9073,3604.906125
,,3596.95475,3604.927675
,,3596.971,3604.942725
,,3597.02025,3605.0383
,,3597.04935,3605.169425
,,3597.0883,3605.221025
,,3597.17,3605.294225
,,3597.270175,3605.4512
,,3597.483575,3605.486325
,,3597.523775,3605.50545
,,3597.61085,3605.5348
,,3597.66475,3605.577125
,,3597.7977,3605.58715
,,3597.865275,3605.6079
,,3597.9397,3605.620525
,,3598.009475,3605.6304
,,3598.070775,3605.71005
,,3598.12175,3605.756775
,,3598.236275,3605.8143
,,3598.333025,3605.88015
,,3598.42245,3605.906025
,,3598.4873,3605.95405
,,3598.53765,3605.998525
,,3598.620625,3606.01115
,,3598.68885,3606.043825
,,3598.769975,3606.12785
,,3598.841025,3606.162175
,,3598.89715,3606.2414
,,3598.92925,3606.335375
,,3598.959525,3606.442825
,,3598.9924,3606.559025
,,3599.03115,3606.612275
,,3599.04765,3606.63685
,,3599.07565,3606.792775
,,3599.1035,3606.820125
,,3599.14935,3606.941025
,,3599.230075,3606.9988
,,3599.280625,3607.0516
,,3599.343075,3607.081775
,,3599.38745,3607.124075
,,3599.427575,3607.14615
,,3599.44855,3607.209675
,,3599.529125,3607.340825
,,3599.58365,3607.418825
,,3599.660275,3607.519075
,,3599.71675,3607.550625
,,3599.78335,3607.77995
,,3599.8357,3607.87155
,,3599.96995,3607.89745
,,3600.018175,3607.91115
,,3600.0783,3607.936175
,,3600.1228,3607.96095
,,3600.157975,3607.992475
,,3600.22725,3608.019825
,,3600.277775,3608.0516
,,3600.323525,3608.085225
,,3600.3705,3608.140875
,,3600.418325,3608.25925
,,3600.4881,3608.28415
,,3600.520825,3608.3361
,,3600.5842,3608.3528
,,3600.669725,3608.391775
,,3600.720375,3608.39935
,,3600.776325,3608.526
,,3600.837175,3608.7096
,,3600.9043,3608.798125
,,3600.990125,3608.893325
,,3601.051575,3608.918225
,,3601.098825,3608.984375
,,3601.131325,3609.017125
,,3601.172725,3609.111375
,,3601.192275,3609.148575
,,3601.22295,3609.191825
,,3601.2739,3609.23445
,,3601.352325,3609.281025
,,3601.4292,3609.316625
,,3601.49735,3609.44785
,,3601.62305,3609.509025
,,3601.64455,3609.550275
,,3601.702675,3609.5931
,,3601.736675,3609.6936
,,3601.796975,3609.715675
,,3601.826275,3609.73915
,,3601.8618,3609.7816
,,3601.9062,3609.81565
,,3601.9296,3609.85975
,,3601.9628,3609.898375
,,3601.98995,3610.042125
,,3602.02505,3610.087025
,,3602.051925,3610.14865
,,3602.0865,3610.206425
,,3602.1309,3610.27035
,,3602.168175,3610.343625
,,3602.221425,3610.433725
,,3602.258775,3610.588875
,,3602.274925,3610.64395
,,3602.33275,3610.681775
,,3602.382675,3610.749875
,,3602.4437,3610.779475
,,3602.472825,3610.86545
,,3602.52425,3610.897475
,,3602.561775,3610.9292
,,3602.60515,3610.961575
,,3602.63695,3611.03275
,,3602.68275,3611.109875
,,3602.727525,3611.14355
,,3602.76685,3611.1735
,,3602.82775,3611.2425
,,3602.8503,3611.27315
,,3602.924925,3611.361625
,,3602.983125,3611.49425
,,3603.02145,3611.577525
,,3603.0564,3611.665975
,,3603.0929,3611.69425
,,3603.141775,3611.773175
,,3603.2115,3611.81135
,,3603.242225,3611.8914
,,3603.263525,3611.957775
,,3603.29325,3612.03625
,,3603.3303,3612.079475
,,3603.4186,3612.134025
,,3603.446075,3612.167225
,,3603.489475,3612.2761
,,3603.518125,3612.29575
,,3603.5922,3612.365325
,,3603.639175,3612.40625
,,3603.658875,3612.470525
,,3603.7061,3612.493275
,,3603.817,3612.531675
,,3603.8404,3612.5647
,,3603.88465,3612.56875
,,3603.94945,3612.592125
,,3604.000425,3612.62665
,,3604.021725,3612.700925
,,3604.056775,3612.783375
,,3604.08125,3612.8502
,,3604.179475,3612.8737
,,3604.2283,3612.92185
,,3604.25185,3612.974125
,,3604.294375,3612.999075
,,3604.345375,3613.024625
,,3604.37175,3613.05615
,,3604.393225,3613.1071
,,3604.45615,3613.278675
,,3604.50255,3613.381875
,,3604.52505,3613.3831
,,3604.55385,3613.705975
,,3604.57335,3613.73285
,,3604.60645,3613.7798
,,3604.626,3613.848475
,,3604.652125,3613.896275
,,3604.694525,3613.9167
,,3604.717525,3614.101325
,,3604.772225,3614.1888
,,3604.848175,3614.2759
,,3604.906075,3614.544
,,3604.927575,3614.6143
,,3604.942625,3614.6641
,,3604.984725,3614.6952
,,3605.038225,3614.815
,,3605.08445,3614.85355
,,3605.169375,3614.9286
,,3605.221,3614.955975
,,3605.294225,3615.02975
,,3605.38505,3615.096275
,,3605.4521,3615.1398
,,3605.486275,3615.171125
,,3605.5054,3615.19835
,,3605.5347,3615.262525
,,3605.5771,3615.5839
,,3605.5871,3615.665275
,,3605.595725,3615.7249
,,3605.607825,3615.7788
,,3605.620475,3615.8257
,,3605.6303,3615.866625
,,3605.65045,3616.003975
,,3605.6717,3616.05065
,,3605.677725,3616.105575
,,3605.70995,3616.15675
,,3605.756725,3616.162825
,,3605.773875,3616.216375
,,3605.79,3616.232275
,,3605.81425,3616.26405
,,3605.852675,3616.3111
,,3605.8801,3616.343175
,,3605.905975,3616.3608
,,3605.953975,3616.387
,,3605.998475,3616.409675
,,3606.0111,3616.44545
,,3606.043775,3616.466925
,,3606.0673,3616.490575
,,3606.1278,3616.49945
,,3606.1621,3616.537075
,,3606.241375,3616.57225
,,3606.29815,3616.581325
,,3606.3353,3616.605625
,,3606.3729,3616.625675
,,3606.442775,3616.6576
,,3606.55895,3616.66885
,,3606.612225,3616.742375
,,3606.63675,3616.78015
,,3606.7927,3616.79885
,,3606.820075,3616.82475
,,3606.877725,3616.879725
,,3606.940975,3616.943925
,,3606.998725,3617.048825
,,3607.05155,3617.110375
,,3607.0817,3617.146775
,,3607.100125,3617.175975
,,3607.124025,3617.185675
,,3607.14615,3617.2284
,,3607.165675,3617.274225
,,3607.2096,3617.295175
,,3607.257375,3617.3131
,,3607.28995,3617.33155
,,3607.379525,3617.41325
,,3607.418775,3617.43505
,,3607.47585,3617.4812
,,3607.51905,3617.53175
,,3607.550575,3617.546775
,,3607.61285,3617.558875
,,3607.70155,3617.640875
,,3607.779875,3617.657025
,,3607.825125,3617.6902
,,3607.872675,3617.704425
,,3607.8974,3617.735375
,,3607.911125,3617.793325
,,3607.936125,3617.85225
,,3607.960875,3617.887375
,,3607.9924,3617.9602
,,3608.019775,3617.98245
,,3608.039875,3618.027825
,,3608.051525,3618.079825
,,3608.08515,3618.0878
,,3608.113075,3618.1317
,,3608.1408,3618.26345
,,3608.16135,3618.2925
,,3608.1677,3618.397925
,,3608.1737,3618.4628
,,3608.19245,3618.508625
,,3608.198075,3618.55655
,,3608.204625,3618.613025
,,3608.213075,3618.641525
,,3608.222275,3618.65605
,,3608.25025,3618.6995
,,3608.259125,3618.7476
,,3608.26975,3618.786025
,,3608.284125,3618.812925
,,3608.301575,3619.0506
,,3608.322875,3619.106375
,,3608.3283,3619.1716
,,3608.336075,3619.25375
,,3608.34515,3619.3065
,,3608.352775,3619.42055
,,3608.372375,3619.45455
,,3608.39935,3619.51415
,,3608.40775,3619.55025
,,3608.4154,3619.678575
,,3608.44055,3619.71745
,,3608.461075,3619.7419
,,3608.48385,3619.7907
,,3608.525925,3619.957375
,,3608.542975,3620.0329
,,3608.5781,3620.061025
,,3608.594375,3620.14
,,3608.669775,3620.250225
,,3608.70955,3620.321375
,,3608.79805,3620.4673
,,3608.893225,3620.52855
,,3608.9182,3620.58125
,,3608.9844,3620.619625
,,3609.017075,3620.649375
,,3609.1113,3620.68375
,,3609.148525,3620.71915
,,3609.19175,3620.757375
,,3609.2344,3620.7966
,,3609.28095,3620.85315
,,3609.3166,3620.877725
,,3609.355525,3620.949375
,,3609.447775,3621.012925
,,3609.50895,3621.1557
,,3609.550175,3621.21505
,,3609.593025,3621.224475
,,3609.63085,3621.26385
,,3609.6936,3621.343025
,,3609.715625,3621.41695
,,3609.7391,3621.6503
,,3609.78155,3621.699425
,,3609.815625,3621.839175
,,3609.859675,3621.94675
,,3609.89835,3622.01825
,,3610.042075,3622.0918
,,3610.087,3622.165825
,,3610.1486,3622.224075
,,3610.206425,3622.326675
,,3610.2703,3622.3957
,,3610.343575,3622.62905
,,3610.39025,3622.71195
,,3610.43365,3622.851625
,,3610.58885,3622.973325
,,3610.610875,3623.066325
,,3610.643925,3623.26725
,,3610.681725,3623.410875
,,3610.7498,3623.561125
,,3610.77945,3623.666475
,,3610.8654,3623.697975
,,3610.897475,3623.727475
,,3610.929125,3623.8887
,,3610.961525,3623.976375
,,3611.032725,3624.021125
,,3611.109825,3624.023175
,,3611.14355,3624.35665
,,3611.173425,3624.464625
,,3611.2425,3624.5082
,,3611.273075,3624.54455
,,3611.361575,3624.599175
,,3611.433775,3624.63385
,,3611.494225,3624.672375
,,3611.5775,3624.70625
,,3611.665975,3624.78905
,,3611.6942,3624.868275
,,3611.7444,3624.92615
,,3611.773125,3625.0776
,,3611.891375,3625.226975
,,3611.934825,3625.3928
,,3611.957675,3625.526075
,,3612.0362,3625.613275
,,3612.079475,3625.7272
,,3612.134,3625.7726
,,3612.1672,3625.854175
,,3612.27605,3625.900575
,,3612.2957,3625.998875
,,3612.365275,3626.1212
,,3612.406175,3626.26925
,,3612.430625,3626.38045
,,3612.470475,3626.6069
,,3612.49325,3626.654775
,,3612.531625,3626.74335
,,3612.564675,3626.854575
,,3612.592075,3627.102525
,,3612.626625,3627.24235
,,3612.700875,3627.302625
,,3612.7833,3627.41095
,,3612.873675,3627.667025
,,3612.9218,3627.836425
,,3612.974075,3627.98185
,,3612.999025,3628.11545
,,3613.024625,3628.195175
,,3613.05615,3628.2093
,,3613.107025,3628.26535
,,3613.14475,3628.3083
,,3613.17915,3628.3787
,,3613.204425,3628.422575
,,3613.2374,3628.533625
,,3613.2786,3628.614925
,,3613.38185,3628.70725
,,3613.44135,3628.764525
,,3613.47855,3628.842575
,,3613.5639,3628.90835
,,3613.6512,3628.9857
,,3613.7059,3629.0615
,,3613.732825,3629.113525
,,3613.779775,3629.256825
,,3613.84845,3629.364125
,,3613.916625,3629.410375
,,3613.972125,3629.503575
,,3614.1013,3629.6888
,,3614.18875,3629.9021
,,3614.27585,3630.02535
,,3614.54395,3630.0972
,,3614.614225,3630.235925
,,3614.66405,3630.2702
,,3614.695175,3630.314925
,,3614.814975,3630.424775
,,3614.8535,3630.50555
,,3614.92855,3630.6121
,,3614.955925,3630.6476
,,3615.029675,3630.6631
,,3615.0962,3630.68825
,,3615.13975,3630.71015
,,3615.198275,3630.763275
,,3615.262425,3630.8388
,,3615.58385,3630.89285
,,3615.665225,3630.9574
,,3615.724875,3631.008925
,,3615.778775,3631.057975
,,3615.825625,3631.215675
,,3615.866575,3631.275175
,,3616.00395,3631.361275
,,3616.050625,3631.402275
,,3616.105525,3631.48635
,,3616.1628,3631.656275
,,3616.216375,3631.796225
,,3616.232225,3631.8314
,,3616.264025,3631.893225
,,3616.28635,3631.966325
,,3616.31105,3631.998075
,,3616.32255,3632.054
,,3616.360775,3632.177925
,,3616.38695,3632.263575
,,3616.40965,3632.386375
,,3616.445375,3632.452225
,,3616.4669,3632.499625
,,3616.4905,3632.706475
,,3616.499425,3632.793925
,,3616.5124,3632.8399
,,3616.537025,3633.074075
,,3616.5478,3633.137225
,,3616.559775,3633.25245
,,3616.572225,3633.357725
,,3616.581325,3633.42825
,,3616.59485,3633.513975
,,3616.605575,3633.5834
,,3616.625625,3633.632425
,,3616.6323,3633.801625
,,3616.657525,3633.83905
,,3616.6688,3633.898725
,,3616.742325,3633.968675
,,3616.780075,3634.122825
,,3616.79885,3634.193825
,,3616.8247,3634.284675
,,3616.879675,3634.339025
,,3616.943875,3634.353
,,3617.048825,3634.373
,,3617.11035,3634.39505
,,3617.14675,3634.411775
,,3617.185675,3634.4324
,,3617.228325,3634.4658
,,3617.274175,3634.479025
,,3617.29515,3634.500625
,,3617.313025,3634.51935
,,3617.331525,3634.534925
,,3617.4132,3634.566225
,,3617.435025,3634.590875
,,3617.48115,3634.60085
,,3617.531675,3634.6204
,,3617.546725,3634.677325
,,3617.55885,3634.701575
,,3617.579425,3634.7353
,,3617.640825,3634.7975
,,3617.6901,3634.8747
,,3617.704425,3634.93695
,,3617.735325,3634.98765
,,3617.7933,3635.05325
,,3617.852225,3635.181075
,,3617.8873,3635.262125
,,3617.96015,3635.301925
,,3617.9824,3635.31845
,,3618.027775,3635.34485
,,3618.07975,3635.384375
,,3618.131675,3635.407525
,,3618.263425,3635.447175
,,3618.292475,3635.494275
,,3618.347925,3635.51745
,,3618.3979,3635.573125
,,3618.46275,3635.631325
,,3618.508575,3635.90605
,,3618.55655,3635.959825
,,3618.61295,3636.030725
,,3618.641475,3636.1176
,,3618.656,3636.2965
,,3618.69945,3636.460275
,,3618.7475,3636.5272
,,3618.785975,3636.6086
,,3618.8129,3636.666775
,,3619.050575,3636.7644
,,3619.106325,3636.850425
,,3619.17155,3636.905025
,,3619.253675,3636.9658
,,3619.306425,3637.04715
,,3619.4205,3637.16265
,,3619.4545,3637.268975
,,3619.514075,3637.4456
,,3619.550225,3637.606875
,,3619.7174,3637.721525
,,3619.74185,3637.812325
,,3619.790675,3637.990975
,,3619.843,3638.2105
,,3619.957325,3638.261025
,,3620.03285,3638.267525
,,3620.06095,3638.312725
,,3620.13995,3638.38665
,,3620.2502,3638.431825
,,3620.321325,3638.474025
,,3620.46725,3638.58385
,,3620.528525,3638.6167
,,3620.581225,3638.63575
,,3620.619575,3638.6585
,,3620.649325,3638.691475
,,3620.683675,3638.726075
,,3620.719075,3638.783125
,,3620.757325,3638.817625
,,3620.796575,3638.86955
,,3620.8531,3638.90125
,,3620.877675,3639.0123
,,3620.949325,3639.0875
,,3621.012875,3639.129675
,,3621.155625,3639.409475
,,3621.22445,3639.52715
,,3621.26375,3639.5722
,,3621.34295,3639.679625
,,3621.416875,3639.7391
,,3621.650225,3639.7893
,,3621.699375,3639.812975
,,3621.83915,3639.86275
,,3621.9467,3639.9069
,,3622.0182,3639.960375
,,3622.09175,3639.98235
,,3622.1658,3640.00955
,,3622.224025,3640.057325
,,3622.32665,3640.124325
,,3622.39565,3640.197475
,,3622.629,3640.237775
,,3622.7119,3640.258625
,,3622.851625,3640.27885
,,3622.97325,3640.2887
,,3623.066275,3640.32555
,,3623.2672,3640.344975
,,3623.410825,3640.356825
,,3623.561075,3640.367025
,,3623.624275,3640.391725
,,3623.666425,3640.417725
,,3623.697925,3640.4554
,,3623.7274,3640.5442
,,3623.88865,3640.58055
,,3623.9763,3640.596375
,,3624.021025,3640.605275
,,3624.356575,3640.660275
,,3624.46455,3640.69555
,,3624.50815,3640.746925
,,3624.5445,3640.818175
,,3624.599175,3640.861025
,,3624.6338,3640.9404
,,3624.67235,3640.985925
,,3624.7062,3641.025575
,,3624.78895,3641.1036
,,3624.86825,3641.112625
,,3624.92605,3641.12775
,,3625.0775,3641.149425
,,3625.226925,3641.157325
,,3625.392775,3641.18605
,,3625.526025,3641.19315
,,3625.613225,3641.218325
,,3625.72715,3641.27505
,,3625.772525,3641.3309
,,3625.85415,3641.35815
,,3625.900475,3641.374075
,,3625.998825,3641.401875
,,3626.12115,3641.4388
,,3626.2692,3641.4909
,,3626.38045,3641.547175
,,3626.51885,3641.599175
,,3626.60685,3641.621075
,,3626.654725,3641.635725
,,3626.743325,3641.6711
,,3626.854525,3641.683975
,,3627.024725,3641.72965
,,3627.10245,3641.7409
,,3627.2423,3641.759775
,,3627.3026,3641.7858
,,3627.4109,3641.8421
,,3627.66695,3641.88985
,,3627.836375,3641.912
,,3627.9818,3642.082725
,,3628.1154,3642.11515
,,3628.195125,3642.2308
,,3628.2653,3642.257225
,,3628.308275,3642.298825
,,3628.378675,3642.3239
,,3628.42255,3642.358075
,,3628.48425,3642.439075
,,3628.533575,3642.489175
,,3628.614875,3642.847425
,,3628.707225,3642.90795
,,3628.764425,3642.9802
,,3628.842525,3643.060175
,,3628.908275,3643.149475
,,3628.98565,3643.1704
,,3629.06145,3643.193025
,,3629.11345,3643.21715
,,3629.2568,3643.251025
,,3629.364075,3643.28715
,,3629.410325,3643.35285
,,3629.50355,3643.3823
,,3629.68875,3643.457
,,3629.902025,3643.4807
,,3630.0253,3643.53875
,,3630.09715,3643.57275
,,3630.235875,3643.607975
,,3630.2701,3643.71395
,,3630.3149,3643.76515
,,3630.35785,3643.799125
,,3630.4247,3643.84725
,,3630.5055,3643.968675
,,3630.612075,3644.008475
,,3630.64755,3644.04865
,,3630.688175,3644.155175
,,3630.7101,3644.222525
,,3630.763225,3644.262825
,,3630.838725,3644.325325
,,3630.8928,3644.4251
,,3630.95735,3644.5726
,,3631.008875,3644.6473
,,3631.05795,3644.660425
,,3631.215625,3644.7053
,,3631.2751,3644.7429
,,3631.361225,3644.810575
,,3631.402225,3644.849175
,,3631.4863,3644.94335
,,3631.542625,3645.03155
,,3631.6562,3645.130825
,,3631.796175,3645.2918
,,3631.83135,3645.357375
,,3631.8932,3645.42415
,,3631.9663,3645.472325
,,3631.99805,3645.489575
,,3632.053975,3645.504225
,,3632.17785,3645.521625
,,3632.263525,3645.53715
,,3632.3863,3645.5509
,,3632.45215,3645.601675
,,3632.49955,3645.6395
,,3632.5352,3645.670425
,,3632.620325,3645.699475
,,3632.706425,3645.7222
,,3632.79385,3645.764325
,,3632.83985,3645.798475
,,3633.074025,3645.871575
,,3633.13715,3645.910125
,,3633.2524,3646.1257
,,3633.35765,3646.263975
,,3633.428175,3646.580275
,,3633.51395,3646.654225
,,3633.583375,3646.79615
,,3633.632375,3646.874375
,,3633.80155,3646.9309
,,3633.839025,3647.013425
,,3633.898675,3647.076275
,,3633.968625,3647.1318
,,3634.122775,3647.28515
,,3634.193775,3647.347525
,,3634.284625,3647.3984
,,3634.33895,3647.46005
,,3634.352975,3647.521675
,,3634.37295,3647.541725
,,3634.394975,3647.5712
,,3634.411725,3647.644725
,,3634.43235,3647.7039
,,3634.465725,3647.74995
,,3634.478975,3647.8175
,,3634.500575,3648.23275
,,3634.5193,3648.3321
,,3634.534825,3648.41015
,,3634.566175,3648.463075
,,3634.5908,3648.5337
,,3634.600825,3648.57385
,,3634.6203,3648.597275
,,3634.653525,3648.6211
,,3634.660675,3648.65865
,,3634.67725,3648.69995
,,3634.70155,3648.77055
,,3634.735275,3648.81305
,,3634.79745,3648.888575
,,3634.874575,3648.97285
,,3634.93685,3648.992325
,,3634.987575,3649.074625
,,3635.181,3649.1184
,,3635.2621,3649.16455
,,3635.3184,3649.187
,,3635.3448,3649.28375
,,3635.3843,3649.3367
,,3635.407475,3649.4098
,,3635.447125,3649.481525
,,3635.494225,3649.570175
,,3635.517425,3649.59895
,,3635.5731,3649.693925
,,3635.631275,3649.7583
,,3635.90605,3649.860475
,,3635.9598,3650.00845
,,3636.03065,3650.09755
,,3636.117525,3650.1878
,,3636.29645,3650.30545
,,3636.36115,3650.4741
,,3636.460225,3650.499
,,3636.527125,3650.554075
,,3636.666725,3650.662925
,,3636.764375,3650.7299
,,3636.850375,3650.826625
,,3636.905,3650.981425
,,3636.965725,3651.083875
,,3637.047075,3651.141275
,,3637.162575,3651.2764
,,3637.268925,3651.378825
,,3637.445575,3651.437775
,,3637.60685,3651.497625
,,3637.721475,3651.55305
,,3637.8123,3651.57395
,,3637.990925,3651.6182
,,3638.210475,3651.672275
,,3638.260975,3651.722575
,,3638.31265,3651.75995
,,3638.386575,3651.814175
,,3638.431725,3651.8621
,,3638.473975,3651.9019
,,3638.583775,3652.045675
,,3638.616675,3652.147375
,,3638.635675,3652.23865
,,3638.65845,3652.3308
,,3638.691425,3652.367025
,,3638.726,3652.429925
,,3638.783075,3652.515025
,,3638.817625,3652.60045
,,3638.869475,3652.660175
,,3638.901225,3652.8832
,,3639.0123,3652.9919
,,3639.04415,3653.095825
,,3639.08745,3653.1357
,,3639.12965,3653.324275
,,3639.2696,3653.367325
,,3639.409425,3653.413975
,,3639.5271,3653.522575
,,3639.57215,3653.61895
,,3639.679575,3653.67035
,,3639.739075,3653.86845
,,3639.789275,3653.9059
,,3639.812925,3654.027275
,,3639.862675,3654.060975
,,3639.906825,3654.1179
,,3639.9603,3654.20605
,,3639.9823,3654.299525
,,3640.009525,3654.428225
,,3640.0573,3654.54105
,,3640.082925,3654.65395
,,3640.12425,3654.811375
,,3640.197425,3655.0955
,,3640.23775,3655.194075
,,3640.25855,3655.2723
,,3640.2788,3655.43595
,,3640.2886,3655.4885
,,3640.299775,3655.558825
,,3640.325475,3655.591425
,,3640.34495,3655.620175
,,3640.3568,3655.657175
,,3640.36705,3655.7055
,,3640.391675,3655.739975
,,3640.41765,3655.826925
,,3640.455325,3655.9144
,,3640.54415,3655.955225
,,3640.58055,3656.039975
,,3640.596325,3656.127925
,,3640.60525,3656.2426
,,3640.660225,3656.3222
,,3640.695525,3656.438475
,,3640.746875,3656.6286
,,3640.818125,3656.75615
,,3640.861,3656.968325
,,3640.940375,3656.9982
,,3640.985875,3657.0168
,,3641.025525,3657.03925
,,3641.0374,3657.079075
,,3641.05245,3657.159075
,,3641.0687,3657.21485
,,3641.0811,3657.24725
,,3641.10355,3657.26775
,,3641.11255,3657.31555
,,3641.124675,3657.3404
,,3641.1493,3657.377275
,,3641.157325,3657.423675
,,3641.186025,3657.453075
,,3641.193075,3657.504625
,,3641.21825,3657.53525
,,3641.27505,3657.6172
,,3641.33085,3657.661625
,,3641.358125,3657.815875
,,3641.37405,3657.952925
,,3641.40185,3657.99515
,,3641.41475,3658.083025
,,3641.438725,3658.14325
,,3641.49085,3658.184975
,,3641.547125,3658.255525
,,3641.5991,3658.2895
,,3641.621025,3658.322075
,,3641.6357,3658.38355
,,3641.671075,3658.41005
,,3641.68395,3658.478575
,,3641.7296,3658.501025
,,3641.740875,3658.552125
,,3641.752225,3658.5837
,,3641.759725,3658.62755
,,3641.78575,3658.754325
,,3641.84205,3658.816825
,,3641.889825,3658.88755
,,3641.912,3658.920125
,,3641.983775,3658.954025
,,3642.08265,3658.968225
,,3642.115125,3658.991875
,,3642.232225,3659.042
,,3642.257175,3659.0605
,,3642.298775,3659.07545
,,3642.323875,3659.090925
,,3642.358025,3659.1253
,,3642.439025,3659.150875
,,3642.489125,3659.18095
,,3642.847375,3659.222925
,,3642.9079,3659.2566
,,3642.980125,3659.355925
,,3643.060125,3659.4088
,,3643.149425,3659.61015
,,3643.17035,3659.65735
,,3643.192925,3659.78945
,,3643.217075,3659.84445
,,3643.25095,3659.878625
,,3643.278275,3659.92045
,,3643.32465,3659.965425
,,3643.3528,3660.013825
,,3643.38225,3660.1487
,,3643.45695,3660.2004
,,3643.480675,3660.22625
,,3643.538725,3660.256675
,,3643.5727,3660.283425
,,3643.607925,3660.315425
,,3643.640425,3660.341225
,,3643.685225,3660.375975
,,3643.7139,3660.42905
,,3643.765075,3660.4658
,,3643.799075,3660.515725
,,3643.847225,3660.562525
,,3643.968625,3660.60535
,,3644.00845,3660.6454
,,3644.0486,3660.6743
,,3644.155125,3660.738025
,,3644.2225,3660.79005
,,3644.262775,3660.827175
,,3644.32525,3660.8534
,,3644.38515,3660.940725
,,3644.425075,3660.968
,,3644.572575,3661.0076
,,3644.647225,3661.052725
,,3644.70525,3661.086475
,,3644.742875,3661.13745
,,3644.81055,3661.174225
,,3644.84915,3661.2137
,,3644.9433,3661.267025
,,3645.0315,3661.3459
,,3645.130725,3661.41555
,,3645.2918,3661.518375
,,3645.357325,3661.54545
,,3645.4241,3661.56665
,,3645.472275,3661.597825
,,3645.489525,3661.6076
,,3645.50415,3661.6321
,,3645.521575,3661.645275
,,3645.537125,3661.6595
,,3645.550825,3661.69815
,,3645.601625,3661.71255
,,3645.63945,3661.74785
,,3645.670325,3661.771525
,,3645.69945,3661.84385
,,3645.72215,3661.8714
,,3645.740425,3661.91415
,,3645.764275,3661.917975
,,3645.79845,3661.9447
,,3645.87155,3662.026775
,,3645.910075,3662.050075
,,3646.004475,3662.070375
,,3646.12565,3662.117375
,,3646.263925,3662.153625
,,3646.58025,3662.165875
,,3646.654175,3662.167975
,,3646.796075,3662.271
,,3646.8743,3662.2902
,,3646.93085,3662.340875
,,3647.013375,3662.35925
,,3647.131725,3662.409775
,,3647.285125,3662.500875
,,3647.34745,3662.5625
,,3647.39835,3662.59695
,,3647.45995,3662.65215
,,3647.52165,3662.670675
,,3647.54165,3662.704525
,,3647.571175,3662.797325
,,3647.64465,3662.839925
,,3647.703875,3662.8838
,,3647.749875,3662.927325
,,3647.81745,3662.973825
,,3648.232675,3663.012325
,,3648.33205,3663.0474
,,3648.4101,3663.066475
,,3648.463,3663.1066
,,3648.533625,3663.130625
,,3648.573825,3663.233125
,,3648.597175,3663.290175
,,3648.62105,3663.31425
,,3648.658625,3663.401275
,,3648.6999,3663.49965
,,3648.770525,3663.527525
,,3648.813,3663.5851
,,3648.8885,3663.6066
,,3648.99225,3663.671925
,,3649.074575,3663.736
,,3649.118375,3663.763025
,,3649.164475,3663.824425
,,3649.186925,3663.89755
,,3649.23605,3663.9587
,,3649.283675,3664.011125
,,3649.33665,3664.066925
,,3649.40975,3664.0912
,,3649.481475,3664.2213
,,3649.570075,3664.258275
,,3649.598875,3664.3244
,,3649.693875,3664.38495
,,3649.75825,3664.426275
,,3649.860425,3664.460675
,,3650.0084,3664.5411
,,3650.097525,3664.57775
,,3650.305375,3664.620675
,,3650.361925,3664.6418
,,3650.47405,3664.6764
,,3650.4989,3664.72385
,,3650.554025,3664.78405
,,3650.729875,3664.8177
,,3650.8266,3664.840275
,,3650.981375,3665.008125
,,3651.08385,3665.050575
,,3651.1412,3665.09475
,,3651.27635,3665.152175
,,3651.37875,3665.196425
,,3651.437725,3665.21355
,,3651.497575,3665.251525
,,3651.553,3665.3087
,,3651.573925,3665.3717
,,3651.61815,3665.4128
,,3651.67225,3665.5093
,,3651.72255,3665.576375
,,3651.7599,3665.6077
,,3651.8141,3665.6304
,,3651.8406,3665.699525
,,3651.86205,3665.7596
,,3651.90185,3665.8057
,,3652.04565,3665.838275
,,3652.1473,3665.860625
,,3652.2386,3665.88275
,,3652.33075,3665.919775
,,3652.36695,3666.07745
,,3652.429875,3666.134625
,,3652.51495,3666.16385
,,3652.60045,3666.183675
,,3652.660125,3666.218325
,,3652.69925,3666.2354
,,3652.88315,3666.2697
,,3652.99185,3666.3013
,,3653.095775,3666.342175
,,3653.135675,3666.37265
,,3653.19765,3666.406525
,,3653.251425,3666.45555
,,3653.324225,3666.492425
,,3653.367275,3666.5571
,,3653.41395,3666.599825
,,3653.471975,3666.636425
,,3653.52255,3666.675475
,,3653.6189,3666.718925
,,3653.670275,3666.749425
,,3653.78205,3666.7749
,,3653.8684,3666.802975
,,3653.90585,3666.829875
,,3653.958225,3666.868625
,,3654.02725,3666.883
,,3654.06095,3666.918225
,,3654.11785,3666.970775
,,3654.206,3667.002525
,,3654.2995,3667.1066
,,3654.428175,3667.1805
,,3654.541,3667.20695
,,3654.6539,3667.21655
,,3654.8113,3667.25095
,,3655.095475,3667.282575
,,3655.194025,3667.319925
,,3655.272225,3667.443975
,,3655.3288,3667.49745
,,3655.4359,3667.527725
,,3655.48845,3667.555525
,,3655.5588,3667.589025
,,3655.591325,3667.659925
,,3655.62015,3667.6845
,,3655.657125,3667.74565
,,3655.7054,3667.763375
,,3655.73995,3667.79105
,,3655.8268,3667.841475
,,3655.914375,3667.928675
,,3655.9552,3667.975875
,,3656.039925,3668.001475
,,3656.127875,3668.03655
,,3656.242575,3668.078775
,,3656.3221,3668.097075
,,3656.4384,3668.14905
,,3656.62855,3668.1897
,,3656.7561,3668.2174
,,3656.968275,3668.262625
,,3657.016775,3668.304625
,,3657.0392,3668.332
,,3657.078975,3668.3685
,,3657.11485,3668.400675
,,3657.159,3668.426225
,,3657.214825,3668.487075
,,3657.24725,3668.52285
,,3657.267725,3668.538875
,,3657.3155,3668.6049
,,3657.34035,3668.64245
,,3657.37725,3668.691775
,,3657.42365,3668.7286
,,3657.453025,3668.7406
,,3657.5046,3668.7969
,,3657.53515,3668.87955
,,3657.61715,3668.902375
,,3657.661575,3668.922
,,3657.69975,3668.939525
,,3657.81585,3668.9984
,,3657.9529,3669.0323
,,3657.995125,3669.0847
,,3658.083025,3669.13715
,,3658.1432,3669.154275
,,3658.18495,3669.197225
,,3658.255475,3669.264175
,,3658.289475,3669.348725
,,3658.322,3669.37075
,,3658.3835,3669.390975
,,3658.409975,3669.562325
,,3658.43895,3669.7018
,,3658.47855,3669.728
,,3658.500975,3669.848225
,,3658.5521,3669.87265
,,3658.583675,3669.90325
,,3658.6275,3669.9227
,,3658.6902,3669.95695
,,3658.754275,3670.0853
,,3658.816775,3670.126075
,,3658.8515,3670.146525
,,3658.887525,3670.232675
,,3658.920075,3670.25305
,,3658.953975,3670.2727
,,3658.9682,3670.28105
,,3658.99185,3670.2956
,,3659.021775,3670.32565
,,3659.04195,3670.351125
,,3659.060475,3670.3735
,,3659.075425,3670.420525
,,3659.0909,3670.444275
,,3659.10855,3670.49475
,,3659.1293,3670.517525
,,3659.15085,3670.612925
,,3659.165625,3670.63625
,,3659.180925,3670.66925
,,3659.22285,3670.6755
,,3659.25655,3670.7247
,,3659.305675,3670.7911
,,3659.3559,3670.821225
,,3659.408725,3670.8349
,,3659.533075,3670.840275
,,3659.6101,3670.889975
,,3659.657325,3670.910825
,,3659.692575,3670.9347
,,3659.752525,3670.95105
,,3659.7894,3670.9716
,,3659.844425,3670.9869
,,3659.878575,3671.021025
,,3659.9204,3671.063925
,,3659.9654,3671.1136
,,3660.0138,3671.14055
,,3660.05155,3671.155925
,,3660.14865,3671.183675
,,3660.200375,3671.198225
,,3660.226175,3671.23365
,,3660.25665,3671.240675
,,3660.28335,3671.271975
,,3660.31535,3671.286725
,,3660.34125,3671.357725
,,3660.375925,3671.41185
,,3660.429025,3671.441025
,,3660.465725,3671.51225
,,3660.515675,3671.55375
,,3660.562475,3671.606575
,,3660.6053,3671.724675
,,3660.64535,3671.818375
,,3660.67425,3671.8633
,,3660.738,3671.94395
,,3660.789975,3671.96735
,,3660.827125,3672.001425
,,3660.853375,3672.091075
,,3660.90775,3672.1608
,,3660.940725,3672.17845
,,3660.96795,3672.217675
,,3661.00755,3672.26405
,,3661.052675,3672.296375
,,3661.086425,3672.299525
,,3661.1374,3672.393925
,,3661.174175,3672.491175
,,3661.21365,3672.531975
,,3661.266975,3672.61715
,,3661.34585,3672.77035
,,3661.415525,3672.815575
,,3661.545425,3672.853125
,,3661.566625,3672.895425
,,3661.5978,3673.0172
,,3661.607575,3673.094625
,,3661.632,3673.190275
,,3661.6452,3673.25255
,,3661.65945,3673.28575
,,3661.68455,3673.32715
,,3661.6981,3673.361
,,3661.716875,3673.420775
,,3661.734525,3673.4545
,,3661.747825,3673.4961
,,3661.771475,3673.53035
,,3661.797175,3673.566325
,,3661.8438,3673.58035
,,3661.871375,3673.65
,,3661.9141,3673.66955
,,3661.94465,3673.6901
,,3662.0267,3673.706175
,,3662.05005,3673.751175
,,3662.057075,3673.797275
,,3662.070275,3673.8468
,,3662.08145,3673.91595
,,3662.1173,3673.9469
,,3662.1536,3674.001025
,,3662.1658,3674.0185
,,3662.203225,3674.06265
,,3662.236225,3674.131225
,,3662.270975,3674.164075
,,3662.29015,3674.25055
,,3662.340825,3674.3443
,,3662.359225,3674.473175
,,3662.4097,3674.529175
,,3662.4341,3674.7288
,,3662.500825,3674.77335
,,3662.5193,3674.850875
,,3662.562425,3674.91895
,,3662.596925,3674.958925
,,3662.65205,3675.066725
,,3662.67065,3675.117025
,,3662.70445,3675.1604
,,3662.797275,3675.2325
,,3662.839875,3675.305525
,,3662.88375,3675.424825
,,3662.92725,3675.57615
,,3662.973775,3675.701125
,,3663.012275,3675.752475
,,3663.04735,3675.78435
,,3663.066475,3675.853825
,,3663.106525,3675.90465
,,3663.130625,3675.952575
,,3663.196175,3675.9846
,,3663.233075,3676.041175
,,3663.31425,3676.077325
,,3663.3325,3676.138725
,,3663.369375,3676.1802
,,3663.401175,3676.21075
,,3663.440825,3676.22275
,,3663.4648,3676.259725
,,3663.4997,3676.311975
,,3663.52755,3676.377375
,,3663.585075,3676.4241
,,3663.6065,3676.462175
,,3663.67185,3676.50295
,,3663.735975,3676.569275
,,3663.763025,3676.59635
,,3663.8244,3676.609325
,,3663.897525,3676.6398
,,3663.9587,3676.675525
,,3664.01105,3676.716325
,,3664.066875,3676.744175
,,3664.1346,3676.76395
,,3664.22125,3676.776775
,,3664.258225,3676.83875
,,3664.32435,3676.86205
,,3664.348825,3676.891275
,,3664.3849,3676.9057
,,3664.426275,3676.947875
,,3664.460675,3677.008225
,,3664.498525,3677.02585
,,3664.541075,3677.04255
,,3664.577675,3677.06105
,,3664.620625,3677.08705
,,3664.64175,3677.103425
,,3664.6764,3677.143425
,,3664.723775,3677.174025
,,3664.783975,3677.19105
,,3664.817625,3677.1977
,,3664.84025,3677.2125
,,3664.9325,3677.21835
,,3664.9703,3677.2321
,,3665.008075,3677.313625
,,3665.050525,3677.383825
,,3665.0946,3677.4318
,,3665.15215,3677.450525
,,3665.1964,3677.495075
,,3665.213525,3677.581375
,,3665.25145,3677.61785
,,3665.30865,3677.6498
,,3665.37165,3677.7294
,,3665.40155,3677.77085
,,3665.41275,3677.82795
,,3665.50925,3677.852175
,,3665.576275,3677.873975
,,3665.60765,3677.876275
,,3665.630375,3677.91795
,,3665.699525,3677.936825
,,3665.759525,3678.053225
,,3665.78245,3678.077775
,,3665.8057,3678.1255
,,3665.83825,3678.1452
,,3665.860525,3678.1893
,,3665.8827,3678.23465
,,3665.91975,3678.25695
,,3665.96125,3678.260375
,,3666.03585,3678.4857
,,3666.0774,3678.54745
,,3666.1346,3678.7534
,,3666.163825,3678.772575
,,3666.183625,3678.81655
,,3666.2183,3678.83295
,,3666.23535,3678.86375
,,3666.26965,3678.882825
,,3666.301225,3678.94525
,,3666.342175,3679.058075
,,3666.3726,3679.086
,,3666.40645,3679.122225
,,3666.455425,3679.16265
,,3666.4924,3679.236325
,,3666.557075,3679.295375
,,3666.599775,3679.417925
,,3666.6364,3679.44385
,,3666.67545,3679.574925
,,3666.7189,3679.596625
,,3666.749375,3679.638625
,,3666.77485,3679.66445
,,3666.80295,3679.712475
,,3666.829825,3679.802475
,,3666.86855,3679.88315
,,3666.9182,3679.938225
,,3666.9707,3679.96625
,,3667.002425,3679.992925
,,3667.07965,3680.02555
,,3667.1066,3680.102025
,,3667.147875,3680.137875
,,3667.18045,3680.191175
,,3667.206875,3680.203175
,,3667.25095,3680.240025
,,3667.319925,3680.26125
,,3667.375575,3680.282175
,,3667.443975,3680.365725
,,3667.49735,3680.459725
,,3667.52765,3680.484075
,,3667.55545,3680.660325
,,3667.588975,3680.692475
,,3667.614875,3680.791875
,,3667.65985,3680.82715
,,3667.684425,3680.958675
,,3667.724675,3680.993225
,,3667.7456,3681.073275
,,3667.763275,3681.120725
,,3667.790975,3681.1238
,,3667.8194,3681.163525
,,3667.8414,3681.2962
,,3667.882375,3681.399625
,,3667.902,3681.478825
,,3667.92865,3681.674675
,,3667.951725,3681.754925
,,3667.97585,3681.818
,,3668.001375,3681.922875
,,3668.0365,3681.994325
,,3668.07875,3682.121875
,,3668.097025,3682.176675
,,3668.148975,3682.22915
,,3668.1896,3682.282925
,,3668.21735,3682.34
,,3668.23225,3682.38035
,,3668.262525,3682.4434
,,3668.3046,3682.4939
,,3668.331975,3682.55745
,,3668.368475,3682.7248
,,3668.400625,3682.98515
,,3668.426175,3683.16015
,,3668.470675,3683.22365
,,3668.487025,3683.2793
,,3668.5228,3683.347625
,,3668.538825,3683.379925
,,3668.5762,3683.44935
,,3668.604875,3683.530925
,,3668.62255,3683.600825
,,3668.6424,3683.69095
,,3668.66075,3683.789375
,,3668.691725,3683.882925
,,3668.728575,3683.94345
,,3668.740625,3684.018875
,,3668.8413,3684.204875
,,3668.90235,3684.265925
,,3668.921925,3684.33125
,,3668.939475,3684.463525
,,3668.966025,3684.536025
,,3668.9984,3684.5853
,,3669.032225,3684.6521
,,3669.084675,3684.73835
,,3669.137075,3684.796425
,,3669.154275,3684.862725
,,3669.19715,3684.930275
,,3669.264175,3684.976925
,,3669.3191,3685.00165
,,3669.348625,3685.029625
,,3669.3707,3685.0617
,,3669.390975,3685.11015
,,3669.449175,3685.173775
,,3669.507275,3685.302725
,,3669.5623,3685.345725
,,3669.701775,3685.462
,,3669.72795,3685.60875
,,3669.796075,3685.669625
,,3669.848175,3685.757925
,,3669.87255,3685.8195
,,3669.9032,3685.84025
,,3669.922625,3685.9139
,,3669.956925,3686.029525
,,3669.9927,3686.091325
,,3670.0641,3686.1209
,,3670.08525,3686.14465
,,3670.12605,3686.168175
,,3670.146525,3686.240675
,,3670.23265,3686.260425
,,3670.253,3686.28585
,,3670.272625,3686.32765
,,3670.280975,3686.359725
,,3670.295525,3686.3978
,,3670.3256,3686.441375
,,3670.351125,3686.47705
,,3670.373475,3686.539775
,,3670.403225,3686.579975
,,3670.444275,3686.6529
,,3670.49475,3686.726725
,,3670.517475,3686.7991
,,3670.6129,3686.8623
,,3670.636225,3686.9328
,,3670.67545,3686.997875
,,3670.72465,3687.181875
,,3670.791,3687.23225
,,3670.821225,3687.311575
,,3670.84025,3687.4284
,,3670.863625,3687.5614
,,3670.889925,3687.63975
,,3670.910775,3687.67035
,,3670.9347,3687.736875
,,3670.951,3687.787725
,,3670.971575,3687.822125
,,3670.986875,3687.844175
,,3671.020975,3687.861275
,,3671.06395,3687.9003
,,3671.093,3687.934725
,,3671.1136,3687.95355
,,3671.140525,3687.970775
,,3671.1559,3687.9975
,,3671.1982,3688.03635
,,3671.210925,3688.0616
,,3671.2336,3688.16015
,,3671.2406,3688.227275
,,3671.2719,3688.31425
,,3671.309325,3688.38755
,,3671.35765,3688.4326
,,3671.441025,3688.501925
,,3671.512225,3688.544475
,,3671.553675,3688.58185
,,3671.60655,3688.6242
,,3671.724625,3688.6607
,,3671.8183,3688.774675
,,3671.8632,3688.79485
,,3671.9439,3688.83325
,,3671.96735,3688.91885
,,3672.00145,3688.9446
,,3672.028875,3688.97835
,,3672.062925,3689.027825
,,3672.091,3689.044075
,,3672.1358,3689.065475
,,3672.160775,3689.099875
,,3672.217625,3689.147275
,,3672.264075,3689.1996
,,3672.299525,3689.31325
,,3672.33155,3689.370075
,,3672.37445,3689.388525
,,3672.393825,3689.413325
,,3672.4911,3689.42185
,,3672.531925,3689.452775
,,3672.6171,3689.482675
,,3672.69175,3689.49805
,,3672.770325,3689.55085
,,3672.8155,3689.583175
,,3672.85305,3689.599425
,,3672.8954,3689.662625
,,3672.9479,3689.688425
,,3673.017125,3689.702525
,,3673.056125,3689.717925
,,3673.094575,3689.75905
,,3673.14715,3689.791475
,,3673.190225,3689.810575
,,3673.2525,3689.834225
,,3673.285725,3689.863725
,,3673.327125,3689.88995
,,3673.36095,3689.91935
,,3673.420725,3689.95635
,,3673.45445,3689.992
,,3673.49605,3690.0241
,,3673.5303,3690.07025
,,3673.5663,3690.092675
,,3673.5803,3690.129775
,,3673.64995,3690.180075
,,3673.6695,3690.23485
,,3673.690075,3690.27025
,,3673.706125,3690.28885
,,3673.73625,3690.353825
,,3673.75115,3690.37185
,,3673.78825,3690.3876
,,3673.8213,3690.4175
,,3673.8467,3690.483875
,,3673.894625,3690.537475
,,3673.9159,3690.6439
,,3673.94685,3690.687175
,,3674.000975,3690.731725
,,3674.018475,3690.7765
,,3674.062625,3690.809575
,,3674.131175,3690.8728
,,3674.164025,3690.89795
,,3674.2505,3690.943725
,,3674.34425,3690.967975
,,3674.473175,3691.06565
,,3674.529125,3691.08835
,,3674.72875,3691.119725
,,3674.773325,3691.155675
,,3674.811375,3691.240675
,,3674.8508,3691.33525
,,3674.893,3691.355
,,3674.9189,3691.39895
,,3674.958875,3691.4175
,,3674.98275,3691.506275
,,3675.066675,3691.5261
,,3675.11695,3691.577575
,,3675.160425,3691.599475
,,3675.23245,3691.641525
,,3675.305475,3691.76155
,,3675.424775,3691.8364
,,3675.5761,3691.899525
,,3675.7011,3691.9568
,,3675.75245,3692.022375
,,3675.7843,3692.062475
,,3675.8538,3692.1044
,,3675.904625,3692.145775
,,3675.95255,3692.19895
,,3675.98455,3692.2086
,,3676.04115,3692.250525
,,3676.0773,3692.31095
,,3676.1387,3692.3669
,,3676.18015,3692.460925
,,3676.210675,3692.487075
,,3676.222725,3692.5019
,,3676.259675,3692.542125
,,3676.311925,3692.62475
,,3676.350225,3692.641825
,,3676.37735,3692.720025
,,3676.42405,3692.8563
,,3676.462125,3692.87515
,,3676.483575,3692.9851
,,3676.5029,3693.020825
,,3676.54455,3693.14465
,,3676.569225,3693.25995
,,3676.596375,3693.2974
,,3676.60925,3693.330375
,,3676.6397,3693.375175
,,3676.675475,3693.5298
,,3676.716325,3693.89395
,,3676.74415,3694.04735
,,3676.7639,3694.099125
,,3676.776725,3694.2473
,,3676.810875,3694.328025
,,3676.838725,3694.3737
,,3676.861975,3694.40235
,,3676.891275,3694.441175
,,3676.90565,3694.49245
,,3677.0082,3694.58875
,,3677.025875,3694.70955
,,3677.04255,3694.7562
,,3677.061,3694.810025
,,3677.087,3694.846425
,,3677.10335,3694.92135
,,3677.143375,3694.95905
,,3677.163725,3695.023475
,,3677.174,3695.0575
,,3677.181625,3695.278175
,,3677.190975,3695.31805
,,3677.19765,3695.34925
,,3677.212425,3695.374025
,,3677.218325,3695.392975
,,3677.2321,3695.435725
,,3677.24215,3695.4513
,,3677.253125,3695.46655
,,3677.305775,3695.50745
,,3677.38375,3695.55105
,,3677.431775,3695.628775
,,3677.45045,3695.7258
,,3677.495025,3695.7718
,,3677.58125,3696.00855
,,3677.617825,3696.1489
,,3677.64975,3696.235375
,,3677.6869,3696.3009
,,3677.729375,3696.396375
,,3677.770775,3696.47395
,,3677.827925,3696.50945
,,3677.852125,3696.5582
,,3677.876275,3696.59595
,,3677.9179,3696.6689
,,3677.9368,3696.794425
,,3677.976475,3696.954525
,,3678.064,3697.11605
,,3678.125475,3697.1519
,,3678.145175,3697.3134
,,3678.189275,3697.34075
,,3678.234625,3697.369275
,,3678.2604,3697.400575
,,3678.4857,3697.424225
,,3678.5474,3697.440775
,,3678.7534,3697.456125
,,3678.77255,3697.496125
,,3678.816525,3697.571975
,,3678.8329,3697.6009
,,3678.882775,3697.748125
,,3678.9151,3697.835375
,,3678.945225,3697.921975
,,3679.011125,3697.968675
,,3679.05805,3698.0115
,,3679.08595,3698.0431
,,3679.1222,3698.10085
,,3679.162525,3698.170325
,,3679.201875,3698.202775
,,3679.236225,3698.25385
,,3679.295325,3698.27635
,,3679.443825,3698.312375
,,3679.574825,3698.333325
,,3679.5966,3698.3653
,,3679.638575,3698.39835
,,3679.664375,3698.465
,,3679.71245,3698.49725
,,3679.731725,3698.545075
,,3679.760525,3698.56585
,,3679.8024,3698.643775
,,3679.8831,3698.686675
,,3679.9662,3698.728775
,,3679.992875,3698.74975
,,3680.02545,3698.7745
,,3680.10195,3698.83575
,,3680.137825,3698.86805
,,3680.1911,3698.89545
,,3680.20315,3698.9588
,,3680.24,3698.97555
,,3680.261225,3698.99525
,,3680.282125,3699.012625
,,3680.315975,3699.07735
,,3680.36565,3699.1079
,,3680.45965,3699.19345
,,3680.484,3699.224025
,,3680.660275,3699.269775
,,3680.692475,3699.291575
,,3680.791825,3699.354825
,,3680.82715,3699.423
,,3680.8978,3699.450625
,,3680.958625,3699.483525
,,3680.993225,3699.523925
,,3681.073275,3699.5521
,,3681.12065,3699.573125
,,3681.163475,3699.5952
,,3681.2962,3699.61925
,,3681.3412,3699.662825
,,3681.399575,3699.731925
,,3681.4473,3699.77325
,,3681.4788,3699.7968
,,3681.6241,3699.901025
,,3681.674625,
,,3681.754825,
,,3681.817925,
,,3681.892025,
,,3681.92285,
,,3681.994275,
,,3682.121775,
,,3682.176625,
,,3682.28285,
,,3682.339925,
,,3682.380325,
,,3682.44335,
,,3682.493825,
,,3682.557425,
,,3682.72475,
,,3682.832575,
,,3682.9851,
,,3683.160075,
,,3683.223625,
,,3683.279225,
,,3683.34755,
,,3683.379875,
,,3683.449325,
,,3683.5309,
,,3683.6008,
,,3683.69095,
,,3683.789275,
,,3683.882875,
,,3683.943425,
,,3684.018825,
,,3684.20485,
,,3684.26585,
,,3684.33125,
,,3684.463475,
,,3684.535975,
,,3684.65205,
,,3684.738325,
,,3684.7964,
,,3684.8627,
,,3684.930225,
,,3684.9769,
,,3685.001625,
,,3685.029575,
,,3685.061675,
,,3685.1101,
,,3685.173725,
,,3685.30265,
,,3685.3457,
,,3685.461975,
,,3685.6087,
,,3685.6696,
,,3685.7579,
,,3685.8402,
,,3685.913825,
,,3686.0295,
,,3686.0913,
,,3686.12085,
,,3686.144625,
,,3686.168125,
,,3686.20475,
,,3686.2406,
,,3686.25225,
,,3686.2858,
,,3686.327575,
,,3686.3597,
,,3686.397775,
,,3686.44135,
,,3686.477,
,,3686.5397,
,,3686.579925,
,,3686.652875,
,,3686.72665,
,,3686.799025,
,,3686.9327,
,,3686.997825,
,,3687.181825,
,,3687.2322,
,,3687.31155,
,,3687.42835,
,,3687.561375,
,,3687.6397,
,,3687.670325,
,,3687.7368,
,,3687.787675,
,,3687.8441,
,,3687.861175,
,,3687.900225,
,,3687.9347,
,,3687.9535,
,,3687.970725,
,,3687.99745,
,,3688.036275,
,,3688.06155,
,,3688.083875,
,,3688.12745,
,,3688.1601,
,,3688.190525,
,,3688.2272,
,,3688.314225,
,,3688.3875,
,,3688.43255,
,,3688.501875,
,,3688.544425,
,,3688.581775,
,,3688.624125,
,,3688.709875,
,,3688.774625,
,,3688.794775,
,,3688.83325,
,,3688.918825,
,,3688.94455,
,,3688.978325,
,,3689.02775,
,,3689.04405,
,,3689.09985,
,,3689.147225,
,,3689.19955,
,,3689.290675,
,,3689.313225,
,,3689.37005,
,,3689.388475,
,,3689.41325,
,,3689.452725,
,,3689.498075,
,,3689.522,
,,3689.55085,
,,3689.5831,
,,3689.599475,
,,3689.62025,
,,3689.62745,
,,3689.66255,
,,3689.6884,
,,3689.702475,
,,3689.717875,
,,3689.759025,
,,3689.791425,
,,3689.81055,
,,3689.834175,
,,3689.863725,
,,3689.889925,
,,3689.90835,
,,3689.919275,
,,3689.956325,
,,3689.991975,
,,3690.0241,
,,3690.052225,
,,3690.070275,
,,3690.0926,
,,3690.12975,
,,3690.180025,
,,3690.2348,
,,3690.270225,
,,3690.288825,
,,3690.315125,
,,3690.3538,
,,3690.37175,
,,3690.387625,
,,3690.41745,
,,3690.435275,
,,3690.483825,
,,3690.616275,
,,3690.643875,
,,3690.6871,
,,3690.73165,
,,3690.776525,
,,3690.80955,
,,3690.87275,
,,3690.89795,
,,3690.9437,
,,3690.96795,
,,3691.0656,
,,3691.088325,
,,3691.1197,
,,3691.15565,
,,3691.2406,
,,3691.30735,
,,3691.335175,
,,3691.354925,
,,3691.39885,
,,3691.417425,
,,3691.525975,
,,3691.577575,
,,3691.59945,
,,3691.64145,
,,3691.761525,
,,3691.83635,
,,3691.89945,
,,3691.9567,
,,3692.0223,
,,3692.0624,
,,3692.104325,
,,3692.145725,
,,3692.198925,
,,3692.250475,
,,3692.310875,
,,3692.36685,
,,3692.4609,
,,3692.487,
,,3692.50185,
,,3692.542075,
,,3692.6247,
,,3692.641825,
,,3692.719925,
,,3692.803375,
,,3692.856225,
,,3692.8751,
,,3692.91815,
,,3692.928575,
,,3692.985075,
,,3693.02075,
,,3693.055125,
,,3693.1219,
,,3693.1446,
,,3693.196025,
,,3693.2599,
,,3693.297375,
,,3693.330325,
,,3693.375125,
,,3693.402625,
,,3693.529775,
,,3693.8939,
,,3694.247225,
,,3694.32795,
,,3694.37365,
,,3694.4023,
,,3694.441125,
,,3694.4924,
,,3694.5887,
,,3694.7095,
,,3694.756175,
,,3694.809975,
,,3694.846325,
,,3694.921325,
,,3694.959,
,,3695.0234,
,,3695.057475,
,,3695.2781,
,,3695.318025,
,,3695.349225,
,,3695.374,
,,3695.392925,
,,3695.43565,
,,3695.466525,
,,3695.507425,
,,3695.551,
,,3695.570175,
,,3695.62875,
,,3695.725775,
,,3695.771725,
,,3696.0085,
,,3696.1018,
,,3696.148925,
,,3696.23535,
,,3696.30085,
,,3696.3516,
,,3696.396325,
,,3696.473925,
,,3696.50945,
,,3696.558175,
,,3696.595875,
,,3696.668875,
,,3696.79435,
,,3696.9545,
,,3697.115975,
,,3697.15185,
,,3697.31335,
,,3697.340725,
,,3697.369175,
,,3697.4005,
,,3697.424175,
,,3697.45605,
,,3697.49605,
,,3697.525475,
,,3697.571925,
,,3697.60085,
,,3697.633175,
,,3697.68265,
,,3697.748075,
,,3697.767775,
,,3697.835325,
,,3697.9219,
,,3697.968675,
,,3698.011475,
,,3698.04305,
,,3698.100725,
,,3698.170275,
,,3698.202775,
,,3698.253925,
,,3698.2763,
,,3698.31235,
,,3698.365225,
,,3698.3983,
,,3698.420875,
,,3698.46495,
,,3698.497225,
,,3698.54505,
,,3698.5658,
,,3698.6161,
,,3698.643675,
,,3698.68655,
,,3698.728725,
,,3698.74965,
,,3698.77445,
,,3698.8357,
,,3698.868,
,,3698.895425,
,,3698.9489,
,,3698.95875,
,,3698.975525,
,,3698.9952,
,,3699.0126,
,,3699.037225,
,,3699.077325,
,,3699.10785,
,,3699.14215,
,,3699.1934,
,,3699.223975,
,,3699.2697,
,,3699.29155,
,,3699.322975,
,,3699.354825,
,,3699.422975,
,,3699.4506,
,,3699.483475,
,,3699.5239,
,,3699.55205,
,,3699.573025,
,,3699.595125,
,,3699.619225,
,,3699.66275,
,,3699.7319,
,,3699.77315,
,,3699.796775,
,,3699.900975,
