SPK_SPKC02a,SPK_SPKC09a,SPK_SPKC13a
0.056425,0.174775,1.419225
0.513175,0.2463,2.278775
0.58115,0.51225,2.63825
0.64545,0.651475,2.709875
1.4138,0.723025,2.800925
1.49205,0.748475,2.966025
1.5257,0.9311,3.438975
1.985175,1.464575,3.5243
2.41745,1.50855,3.774175
2.4316,1.601925,3.8756
2.536175,1.649025,4.031475
2.693875,1.9626,4.101725
3.0685,2.280925,4.781075
3.58815,2.47995,4.830575
3.65425,2.5153,4.873
4.1272,2.65965,4.92335
4.457775,2.844575,5.358725
4.51545,2.933775,5.61355
4.623525,3.3083,6.5088
5.272975,3.402375,6.54185
5.378275,3.5565,6.602025
5.578975,3.57535,6.64995
5.793625,3.8815,6.997575
6.248125,4.010325,7.105975
6.31565,4.12495,7.1792
6.35485,4.58715,7.438925
6.7005,4.691775,7.610325
6.949925,4.735075,8.262725
6.98595,4.8238,8.37775
7.0924,4.990725,8.467875
7.7044,5.2341,9.19855
8.26105,5.40185,9.443875
8.3258,5.587025,9.4804
8.382075,5.681925,9.58245
8.8585,5.807625,9.6775
8.91485,5.828075,9.7561
9.40585,5.83205,9.87825
9.4295,6.075775,9.9495
9.464175,6.374925,9.999125
10.008025,6.4171,10.26175
10.076775,6.44995,10.5015
10.70055,6.946625,10.610725
11.18415,7.339025,10.654425
11.277825,7.62275,10.86905
11.91245,7.79725,11.35475
12.539425,8.066725,11.4747
12.791,8.085475,11.552425
12.83405,8.351025,11.9354
13.490175,8.457725,12.02915
13.9331,8.514825,12.2211
14.011775,8.73115,12.6971
14.6109,8.823125,12.971
14.872075,8.87475,13.161
14.890775,9.0618,13.285325
15.993375,9.215175,13.3832
16.13775,9.6187,13.747475
17.195325,9.829975,13.784475
17.3109,10.015725,13.83225
17.6502,10.130425,13.93375
18.194275,10.264475,14.32175
18.6646,10.3146,14.567025
18.914925,10.3451,15.157925
19.100125,10.366775,15.248475
19.122125,10.470475,15.2848
19.2846,10.619375,15.31065
19.34845,10.771675,15.56605
19.766025,11.382425,16.118775
19.797475,11.42055,16.1987
20.331275,11.64995,16.48855
20.381375,11.8133,16.67985
20.628075,11.846875,16.717725
20.72065,11.911425,16.7677
21.295375,12.366875,17.124325
21.72365,12.3952,17.324775
21.83805,12.52055,18.45625
22.048875,12.67975,18.838875
22.1865,12.93645,18.8597
22.281625,13.2113,18.902175
22.5993,13.44645,19.021825
22.633975,13.4804,19.165525
23.017925,13.5526,19.272475
23.40295,13.94525,19.40405
23.4419,14.025325,19.440325
24.146725,14.303625,19.588775
24.859625,14.41215,19.622725
24.991475,14.484575,19.8127
25.43525,14.529025,20.016525
25.493775,14.620025,20.082425
26.297725,14.825975,20.10115
26.44015,14.99625,20.1403
26.950775,15.174225,20.234375
27.0896,15.460625,20.3232
27.3435,15.51085,20.419875
27.3868,15.604575,20.476325
27.99675,15.620575,20.639125
28.05875,15.698275,20.79
28.963875,15.803125,21.02395
28.990525,15.849475,21.111375
29.466725,15.86915,21.208975
29.5816,15.922825,21.29405
29.9123,16.073525,21.522325
29.96245,16.20195,21.672725
29.980275,16.347125,21.769875
30.450175,16.44635,21.87455
30.489925,16.560675,21.90895
31.05235,16.57745,21.96215
31.457525,16.671475,21.97895
31.533875,16.72805,22.093675
31.636375,16.85755,22.1477
31.9576,17.128825,22.206175
32.7054,17.206675,22.291375
32.80765,17.245575,22.351975
33.335575,17.287825,22.407825
33.38125,17.3102,22.519025
33.878975,17.4617,22.69165
34.45195,17.481775,22.708925
34.86035,17.60985,22.7239
34.923125,17.728125,22.766275
35.9843,17.756525,22.790075
36.06785,17.780175,22.8487
36.6581,17.7979,22.8786
36.704225,17.858275,23.022425
36.8648,17.968925,23.0339
37.341525,18.0224,23.100975
37.7876,18.084125,23.1554
38.132425,18.116275,23.2207
38.1803,18.152825,23.477825
38.712575,18.216375,23.528675
38.81405,18.25585,23.577575
39.16035,18.382425,23.69805
39.54545,18.412875,23.7629
39.5717,18.441775,23.7912
40.0073,18.5015,23.9859
40.028775,18.52905,24.030925
40.903425,18.603525,24.1189
40.972825,18.73755,24.383875
41.10205,18.81035,24.43625
41.7672,18.824125,24.448775
41.80475,18.8809,24.552175
41.93775,18.908275,24.5734
42.6922,18.989625,24.65455
43.11425,19.0495,24.714325
43.163675,19.0614,24.7734
43.59495,19.094875,24.8692
43.647725,19.2233,24.960375
44.202825,19.25925,25.0004
44.2974,19.301775,25.040025
44.358125,19.3805,25.08335
44.7485,19.518975,25.0979
45.2533,19.594525,25.129325
45.636775,19.764375,25.227675
45.66785,19.798,25.405525
46.142125,19.83615,25.43565
46.26075,19.848375,25.4718
46.58435,19.969325,25.641975
46.601175,20.122075,25.664275
46.933125,20.15745,25.713675
46.99795,20.282225,25.8314
47.46145,20.298725,25.870525
47.530325,20.302525,25.9881
47.6055,20.322975,26.106675
48.001625,20.462,26.2251
48.041575,20.4835,26.294375
48.472825,20.5582,26.422825
48.536475,20.615,26.564725
48.91725,20.63465,26.644425
48.959075,20.720725,26.663925
49.0137,20.90485,26.7246
49.421675,20.929575,26.901325
49.5179,20.934275,26.990475
49.8471,21.00815,27.0446
49.909675,21.0489,27.104575
50.064025,21.229975,27.131425
50.6081,21.286425,27.1458
50.977225,21.400175,27.1758
51.041175,21.43485,27.214075
51.429225,21.5348,27.272075
51.507,21.5449,27.3368
51.53625,21.557325,27.3765
52.093975,21.662725,27.407425
52.148175,21.6972,27.4307
52.798475,21.73125,27.56915
53.7872,21.813925,27.644975
55.335575,21.946225,27.654975
55.790425,22.21725,27.67005
56.661825,22.261375,27.737725
56.712475,22.28025,27.75345
57.4322,22.491575,27.817925
57.4699,22.58025,27.8959
58.90485,22.62305,28.1145
59.390475,22.6569,28.222925
59.525425,22.6847,28.288025
60.27695,22.789375,28.377275
60.355425,22.880925,28.51375
60.47825,22.955325,28.6067
60.706575,22.99,28.6391
61.211,23.086025,28.728075
61.846875,23.10875,28.833025
61.900625,23.132675,28.8885
62.0279,23.152025,28.94365
62.4985,23.165,28.9753
62.961675,23.249725,29.035075
63.0625,23.27085,29.1184
63.42035,23.46165,29.204775
63.780175,23.553575,29.234575
64.372225,23.567425,29.246175
65.747075,23.60545,29.427325
65.80525,23.67435,29.47185
66.640725,23.758525,29.62865
66.731275,24.137925,29.730525
67.1777,24.2355,29.73925
67.261425,24.391475,29.76715
68.02755,24.5339,29.821625
68.101475,24.56675,29.9636
68.192025,24.689575,30.010725
68.613,24.831475,30.032725
68.972225,24.89055,30.080525
69.00875,24.941425,30.1089
69.44355,25.058775,30.1424
69.83885,25.123625,30.392025
70.303125,25.291425,30.42335
70.327325,25.414775,30.551275
71.194225,25.5007,30.5696
71.25455,25.541025,30.644
71.6132,25.59175,30.68885
71.637975,25.725275,30.7694
71.777625,25.74605,30.89005
72.1144,25.754725,31.095875
72.1405,25.781475,31.1892
73.066225,25.929875,31.1981
73.095225,25.95865,31.225425
73.637975,25.988325,31.437475
73.6709,26.0257,31.493775
74.164575,26.046925,31.617675
74.2222,26.10925,31.68365
74.62535,26.152625,31.741425
74.668475,26.27615,31.884925
75.542225,26.387725,31.976825
76.067275,26.556125,32.012725
76.09485,26.621325,32.21115
76.595425,26.6485,32.236225
76.7228,26.69195,32.2855
77.454225,26.756975,32.3691
77.6916,26.8521,32.393125
77.716,26.8786,32.40155
77.873225,26.9097,32.40365
78.29855,26.981375,32.471275
78.34625,27.013025,32.4885
78.799525,27.096825,32.6095
78.857725,27.1283,32.8005
79.321125,27.208575,32.8629
79.348025,27.3023,32.87925
79.85905,27.369225,32.907375
79.93435,27.562825,32.929275
80.3968,27.622475,32.956625
80.483775,27.798825,32.962
81.1902,27.922975,32.989225
81.229225,27.955675,33.0393
81.755125,28.0777,33.142675
81.784825,28.111075,33.29605
82.28685,28.23775,33.36765
82.412125,28.308175,33.51465
83.139775,28.379225,33.62
83.4651,28.40825,33.80965
83.539775,28.49125,33.8483
83.733575,28.56275,33.876425
83.787275,28.608425,33.953525
84.25945,28.678075,33.9579
84.764325,28.79155,34.029625
85.26885,28.826225,34.15335
85.345675,28.8662,34.196475
85.75885,28.930525,34.649125
85.85525,28.988825,34.753125
86.0212,29.0106,34.783425
86.733625,29.054525,34.8531
87.255425,29.063325,35.047975
87.325475,29.110475,35.06875
87.935525,29.1837,35.353375
87.99325,29.273125,35.47225
89.013275,29.53955,35.49165
89.778975,29.569475,35.521175
89.8798,29.6913,35.57355
91.056875,29.719025,35.608025
91.545925,29.799125,35.67085
91.652175,29.8614,35.9246
91.7329,30.006575,35.9808
92.2544,30.025575,36.057825
92.790675,30.0468,36.1853
92.8341,30.1007,36.19855
93.38425,30.11605,36.2124
93.902325,30.29855,36.22185
94.2653,30.331225,36.239725
94.7449,30.421425,36.2757
95.293575,30.534525,36.325325
95.408425,30.54915,36.35545
95.462975,30.69025,36.4566
95.507775,30.723575,36.4818
96.07835,30.73255,36.50255
96.1538,30.812675,36.692875
96.626925,30.842175,36.75575
96.780075,31.0505,36.789275
97.428675,31.075125,36.847125
98.05095,31.0945,37.0192
99.346025,31.120775,37.04915
99.640925,31.217575,37.1264
99.7161,31.26085,37.15915
100.334375,31.2814,37.410725
100.914875,31.38275,37.47025
101.247025,31.493975,37.532125
101.39145,31.51625,37.58145
102.118,31.6146,37.6252
102.140725,31.6223,37.693
102.61515,31.6572,37.76255
103.08815,31.7757,37.83285
103.151825,31.805275,37.868225
103.458425,31.83495,38.012425
103.5075,31.9479,38.05105
103.50885,31.991725,38.071325
103.958225,32.049175,38.1172
104.072075,32.123825,38.18175
104.079875,32.30425,38.241825
104.445425,32.423975,38.295575
104.500225,32.443125,38.536125
104.853975,32.47165,38.6077
104.938275,32.494425,38.737725
105.3918,32.560575,38.791025
105.587525,32.593825,38.896375
105.6256,32.672425,38.942675
105.8154,32.7044,38.984775
106.30405,32.737425,39.080575
106.696,32.786125,39.1796
106.93825,32.8256,39.25375
107.129025,32.86565,39.407425
107.212025,32.8897,39.48685
107.299725,33.018475,39.570175
107.4924,33.2311,39.913325
107.870625,33.31835,40.060625
107.940975,33.371275,40.156775
108.67145,33.416525,40.18455
109.0644,33.443625,40.253775
109.104675,33.49255,40.320475
109.496625,33.6308,40.340375
109.712375,33.652775,40.388325
110.197425,33.730675,40.4355
110.2299,33.85345,40.51945
110.659975,33.94025,40.599175
110.75755,33.963,40.617675
111.717,34.00815,40.7267
111.888975,34.03225,40.825875
112.648125,34.04155,40.931975
112.7433,34.088,41.10135
113.765875,34.122525,41.141825
114.25325,34.135475,41.219125
114.467375,34.157975,41.238175
114.484875,34.17525,41.25065
115.2125,34.2036,41.302075
115.26335,34.233375,41.41045
115.55885,34.372175,41.515175
116.111225,34.441825,41.5817
116.295825,34.519325,41.632375
116.96885,34.6179,41.64175
117.5881,34.688025,41.680825
117.625375,34.718875,41.6912
118.33585,34.7734,41.805975
118.379325,34.846425,41.844275
118.529,34.9627,41.883875
119.2925,34.979075,41.949575
119.5226,35.015925,42.02555
119.602675,35.092475,42.0534
120.5896,35.1441,42.15415
120.690025,35.179525,42.2172
120.813125,35.21785,42.304
121.4587,35.3797,42.42185
121.595,35.4455,42.55995
121.691,35.4861,42.647075
121.98325,35.6873,42.712125
122.0419,35.716525,42.743125
122.1914,35.73875,42.810525
122.232475,35.783475,42.88875
122.270475,36.105425,42.9405
122.731575,36.171,43.08795
122.775425,36.204125,43.1264
123.1003,36.249575,43.23745
123.855925,36.353975,43.284725
124.009925,36.4067,43.3149
124.350875,36.60995,43.38175
124.74975,36.69535,43.493425
124.8599,36.728775,43.52335
125.550075,36.77145,43.582625
125.64845,36.799925,43.6424
126.740275,36.812725,43.744625
126.92325,36.832925,43.8136
127.045525,36.952925,43.861875
127.107,36.977675,43.91545
127.60395,37.0235,43.987125
127.643175,37.033775,44.025925
127.737425,37.089375,44.071575
128.158,37.162025,44.106125
128.204675,37.3188,44.12555
129.28695,37.3339,44.142175
129.359525,37.368975,44.172375
129.811575,37.4854,44.223775
129.937025,37.514175,44.237425
130.008975,37.607225,44.269675
130.22515,37.667225,44.31355
130.79875,37.74735,44.3629
131.243075,37.855525,44.381825
131.278,37.889525,44.428425
131.467725,37.959725,44.463575
132.11645,37.990525,44.482475
132.376,38.140925,44.5053
132.6132,38.248225,44.5547
132.700425,38.317225,44.602
132.829725,38.33975,44.63565
133.411325,38.36145,44.675075
133.445725,38.37895,44.71305
133.5807,38.43615,44.748625
133.6119,38.534475,44.771275
134.84965,38.757675,44.773325
135.6667,38.7832,44.856625
135.939725,38.804075,44.8755
136.451675,38.847475,45.0972
136.8738,38.874375,45.137325
137.0103,38.9247,45.263575
137.275725,39.12705,45.3163
137.310775,39.1508,45.34945
137.46385,39.184475,45.3607
138.4691,39.2008,45.456225
139.121325,39.2279,45.542475
139.489925,39.3639,45.595925
139.592125,39.463375,45.6337
140.0815,39.51295,45.666025
140.131375,39.5355,45.7144
140.26345,39.551125,45.78465
140.70725,39.639775,45.870075
140.7434,39.6409,45.952925
140.8007,39.696,45.973375
141.711275,39.750875,46.03385
142.312025,39.8893,46.110725
142.788825,39.9597,46.2007
142.87125,40.094525,46.214
143.365975,40.11465,46.267025
144.094375,40.13835,46.343
144.12945,40.2897,46.355725
144.7296,40.3146,46.4393
145.3463,40.376925,46.506825
146.373475,40.49145,46.511575
146.913,40.606075,46.588325
147.46285,40.650725,46.6402
147.6516,40.788325,46.699225
148.061375,40.83055,46.7269
148.56375,40.98815,46.8676
148.696025,41.027325,46.90945
148.731825,41.054525,47.041775
149.34645,41.0818,47.258275
149.3515,41.1894,47.293125
149.943175,41.2074,47.3253
150.0432,41.280775,47.39345
150.0443,41.29605,47.7645
150.63715,41.3146,47.92335
150.66895,41.38775,47.95815
150.758725,41.425475,48.133425
151.223925,41.5099,48.159475
151.316175,41.540225,48.227875
151.36965,41.661125,48.328125
151.849525,41.6765,48.345075
151.980725,41.81665,48.38525
152.843475,41.896875,48.424775
153.193825,41.935475,48.46305
154.0118,41.9575,48.5884
154.088525,41.9976,48.603925
154.295375,42.0801,48.62275
155.567025,42.133175,48.74045
155.847825,42.191725,48.765025
155.89335,42.365925,48.855325
156.798225,42.3952,48.955675
157.2187,42.47495,49.043825
157.568125,42.58595,49.07765
157.66775,42.60885,49.138675
158.4227,42.6349,49.177025
158.423875,42.654325,49.19775
158.690225,42.6634,49.2311
158.81565,42.768225,49.395675
159.277025,42.80075,49.5112
159.31305,42.894875,49.537175
159.7688,43.08925,49.5957
159.823175,43.180475,49.8038
159.9355,43.195925,49.90605
159.9984,43.367075,49.9941
160.2964,43.408825,50.167175
160.401025,43.60955,50.3734
160.88435,43.8016,50.485425
160.9206,43.93395,50.5728
161.755,44.03255,50.58505
162.284775,44.14745,50.69115
162.90625,44.21585,50.8251
163.05585,44.26995,50.841125
163.425275,44.453025,50.877025
164.171175,44.618925,50.89735
164.997825,44.779675,50.98275
165.69605,44.847125,51.260975
165.740125,44.8589,51.341725
165.8386,44.888125,51.46755
165.914975,45.081825,51.5218
166.33305,45.1193,51.602275
166.3668,45.269525,51.7068
166.6488,45.290375,51.735775
166.706225,45.4077,51.7563
167.115525,45.4558,51.823575
167.166575,45.761425,51.904925
167.296775,45.9195,51.9838
168.36795,45.93945,52.248125
168.437425,45.976325,52.263475
168.774325,46.0096,52.2849
168.79185,46.0419,52.322125
169.414975,46.09125,52.360425
169.810925,46.147575,52.4538
170.19335,46.18935,52.470225
170.65775,46.209025,52.55285
170.7295,46.39355,52.674575
171.215975,46.514825,52.71645
171.279275,46.5991,52.741375
171.7062,46.6192,53.1034
171.725725,46.697425,53.160625
172.188525,46.82715,53.17885
173.189025,46.865425,53.21655
173.244475,46.989075,53.2206
173.405075,47.04995,53.320925
173.8109,47.137525,53.354925
173.84745,47.24125,53.3935
174.31225,47.286375,53.436075
174.842825,47.33205,53.537875
175.115325,47.414275,53.56525
175.63435,47.5174,53.6155
176.42035,47.58525,53.68915
176.47735,47.618425,53.710225
177.12105,47.64915,53.8415
177.488225,47.7022,53.889
177.5495,47.7216,54.140175
178.057975,47.762375,54.1814
178.1291,47.864125,54.39995
178.4448,47.920775,54.46135
178.482525,48.173675,54.507375
179.275225,48.201,54.5842
179.9253,48.286725,54.644075
180.294775,48.35445,54.7013
180.432125,48.388675,54.74745
180.487825,48.5206,54.7856
180.50975,48.546575,54.97525
181.167525,48.572575,55.14065
181.627275,48.5941,55.186475
182.315025,48.6162,55.280325
182.90635,48.62335,55.3919
183.0391,48.907675,55.450075
183.087125,49.0222,55.480425
183.587175,49.0331,55.5142
184.0394,49.0551,55.540975
184.218625,49.118025,55.637225
184.561175,49.14975,55.673625
184.61145,49.21655,55.804
185.314275,49.236325,55.82175
185.47485,49.391475,55.98625
186.312375,49.431025,56.016375
186.39045,49.5353,56.04925
186.46235,49.5761,56.2256
186.6969,49.602175,56.2685
187.527675,49.648575,56.3024
188.26995,49.670925,56.34655
188.777625,49.9585,56.4845
188.9739,50.0517,56.4909
189.101775,50.070575,56.574575
189.1385,50.3466,56.61275
189.22745,50.567625,56.68655
190.03945,50.5757,56.74145
190.105975,50.596625,56.8149
190.599475,50.753375,56.951075
190.70045,50.931525,56.9826
191.04425,50.9618,57.129
191.698925,51.38425,57.2826
191.787375,51.40795,57.330125
192.4598,51.480325,57.41405
192.512825,51.577125,57.5071
193.38745,51.59405,57.5396
193.431425,51.638625,57.545475
194.135675,51.6951,57.5821
194.205575,51.994275,57.639075
194.720075,52.034075,57.6655
195.121225,52.082,57.68015
195.15905,52.152275,57.71895
195.76245,52.19865,57.8651
195.782625,52.3223,57.932675
196.387275,52.366875,58.016725
196.83925,52.470025,58.067175
197.238625,52.5119,58.1137
197.301625,52.601925,58.119475
197.964625,52.61435,58.13345
198.134725,52.678175,58.220175
198.50475,52.825725,58.30815
198.850775,52.88855,58.367425
198.867275,53.11735,58.431975
198.9102,53.2104,58.55825
199.061675,53.256525,58.61455
199.799325,53.2808,58.682675
200.29885,53.346525,58.99725
200.3357,53.40255,59.076875
200.948975,53.45245,59.09235
201.018175,53.615625,59.122225
201.5971,53.640475,59.144375
201.680675,53.67485,59.2219
201.9215,53.75645,59.304025
202.248575,53.8619,59.356975
202.73275,53.904675,59.3801
203.4856,53.954125,59.406975
203.500375,54.239125,59.4262
204.391375,54.292825,59.4538
204.894825,54.35145,59.571725
205.396975,54.4765,59.6131
205.80285,54.539675,59.750125
205.8776,54.629275,59.77115
206.6204,54.677675,59.826225
206.710325,54.70785,59.857275
206.982025,54.797975,59.8768
207.0597,55.016,59.932375
208.0776,55.3137,59.979475
208.57655,55.389875,60.061775
208.932175,55.402075,60.085875
208.970575,55.4136,60.145325
210.148125,55.5165,60.175
,55.6988,60.2326
,55.771275,60.251
,55.805225,60.278375
,55.82235,60.418425
,55.8885,60.638125
,56.147175,60.63955
,56.35835,60.7384
,56.4415,60.790425
,56.490725,60.885675
,56.5811,60.9009
,56.635375,60.929125
,56.6672,61.26395
,56.779625,61.360075
,56.8158,61.41285
,56.890475,61.481775
,56.9306,61.6527
,57.041575,61.702775
,57.1329,61.920575
,57.2167,62.14945
,57.552375,62.220525
,57.571775,62.3173
,57.57295,62.44725
,57.860575,62.74635
,57.903275,62.786825
,57.9709,63.088575
,57.9974,63.142975
,58.0223,63.218725
,58.33415,63.28865
,58.393375,63.383425
,58.421475,63.452625
,58.4399,63.479575
,58.532375,63.54175
,58.57025,63.557975
,58.655475,63.59185
,58.763,63.6247
,58.842575,63.637375
,58.930775,63.792875
,58.951175,63.8742
,58.996925,64.044125
,59.0144,64.1616
,59.058025,64.32915
,59.1387,64.3378
,59.213625,64.455375
,59.3008,64.561825
,59.503025,64.57625
,59.695025,64.70595
,59.742475,64.766175
,59.876575,64.7689
,59.89145,64.848525
,59.9926,64.873675
,60.03495,65.06015
,60.080375,65.144625
,60.2635,65.202625
,60.53035,65.21355
,60.605475,65.298725
,60.716925,65.37915
,60.7291,65.3949
,60.756225,65.4517
,60.810875,65.578725
,60.8824,65.616075
,60.94715,65.64495
,60.976,65.690075
,61.06965,65.754825
,61.213725,65.80355
,61.303075,65.893775
,61.401275,65.928075
,61.460375,65.938375
,61.49735,66.0089
,61.5216,66.16095
,61.56835,66.1928
,61.593775,66.2303
,61.667825,66.28055
,61.9254,66.504625
,61.970625,66.5079
,61.991925,66.5932
,62.003,66.63565
,62.008475,66.660075
,62.018,66.6739
,62.06345,66.748025
,62.2298,66.8167
,62.291925,66.9668
,62.320225,66.988725
,62.3672,67.042275
,62.39935,67.10695
,62.464175,67.14675
,62.50835,67.310975
,62.613,67.45945
,62.674425,67.4842
,62.7383,67.6318
,62.805475,67.6603
,62.8534,67.700425
,62.938975,67.7126
,63.025075,67.74425
,63.058025,67.771475
,63.134525,68.0426
,63.158125,68.06145
,63.176075,68.1606
,63.336425,68.2812
,63.408975,68.49065
,63.4418,68.526275
,63.48245,68.5808
,63.60095,68.61505
,63.7592,68.656875
,63.7969,68.6977
,63.963275,68.931575
,64.30885,68.9622
,64.566175,68.989325
,64.6469,69.069125
,64.682325,69.1177
,64.836075,69.1396
,65.04145,69.258025
,65.0681,69.43155
,65.1395,69.518825
,65.2052,69.56565
,65.342425,69.62755
,65.5702,69.701025
,65.60345,69.784275
,65.6291,69.819325
,65.7331,69.838975
,65.76695,69.931975
,65.814725,70.040375
,65.924,70.198625
,65.94435,70.282825
,66.00885,70.32055
,66.1518,70.35425
,66.254175,70.39165
,66.351875,70.433375
,66.356625,70.456625
,66.4018,70.486875
,66.474125,70.74745
,66.506675,70.776625
,66.69775,70.872125
,66.77545,70.897025
,66.794275,70.95015
,66.846975,70.961775
,67.0775,71.08775
,67.1072,71.263025
,67.135,71.4081
,67.242975,71.68055
,67.291675,71.781125
,67.3308,71.85605
,67.389575,71.931475
,67.444725,71.94725
,67.74445,72.025025
,67.802675,72.049475
,68.12535,72.2567
,68.170875,72.2893
,68.20305,72.30715
,68.226225,72.329425
,68.2583,72.426525
,68.2903,72.48715
,68.324025,72.699075
,68.586875,72.77675
,68.610625,72.898625
,68.627125,72.9299
,68.799025,73.070025
,68.962625,73.109775
,68.99585,73.298775
,69.10355,73.311
,69.369525,73.344875
,69.45605,73.3885
,69.5189,73.425525
,69.58975,73.4522
,69.67985,73.485
,69.826075,73.5174
,69.9486,73.686925
,70.256625,73.767725
,70.3726,73.7829
,70.3856,73.92125
,70.412375,73.950175
,70.457875,74.040075
,70.526625,74.16845
,70.612075,74.220825
,70.738625,74.30245
,70.76625,74.375925
,70.798075,74.3938
,70.82435,74.448175
,70.892925,74.513025
,70.912975,74.6746
,70.939575,74.786775
,71.0238,74.907525
,71.125425,75.0121
,71.18195,75.025875
,71.320975,75.187475
,71.3508,75.2208
,71.4472,75.485525
,71.47535,75.6045
,71.498375,75.6465
,71.57355,75.73125
,71.595775,75.76555
,71.701925,75.8431
,71.76705,75.915575
,71.8466,75.930675
,71.882775,76.07815
,71.8963,76.103425
,72.013125,76.15145
,72.043675,76.2149
,72.078575,76.295425
,72.12055,76.31685
,72.2161,76.362725
,72.244225,76.38955
,72.3705,76.5242
,72.645925,76.540625
,72.702775,76.570225
,72.721875,76.70875
,72.7923,76.734075
,72.818675,76.810075
,72.93765,76.8113
,73.00385,76.9284
,73.0618,76.96475
,73.114475,77.0308
,73.164725,77.08895
,73.174,77.10495
,73.20035,77.421475
,73.2267,77.48095
,73.404725,77.608325
,73.431825,77.666325
,73.5177,77.730625
,73.586925,77.76685
,73.649625,77.799475
,73.7728,77.830875
,73.8213,77.8664
,74.1129,77.980375
,74.241275,78.001025
,74.428325,78.030425
,74.47835,78.0847
,74.5089,78.326525
,74.600625,78.3471
,74.637125,78.3744
,75.183825,78.3966
,75.242225,78.4323
,75.28315,78.455375
,75.313325,78.579125
,75.5994,78.6927
,75.653025,78.699775
,75.722275,78.705925
,75.7764,78.7463
,75.8001,78.825725
,76.0114,78.84335
,76.046425,78.9025
,76.186675,79.1338
,76.372875,79.261275
,76.4264,79.37675
,76.45675,79.51995
,76.496075,79.603525
,76.67615,79.662775
,76.725275,79.68875
,76.752475,79.786675
,76.797325,79.8198
,76.850525,79.846275
,76.944375,79.901525
,77.1183,80.04825
,77.15285,80.14405
,77.399,80.213725
,77.751675,80.2654
,77.775075,80.29475
,77.890975,80.4354
,77.970225,80.52885
,78.107025,80.596975
,78.133025,80.600725
,78.3915,80.64675
,78.4186,80.707825
,78.609475,80.766775
,78.726675,80.793175
,78.822525,80.88305
,78.8663,80.887475
,78.972825,80.908025
,78.995625,80.9159
,79.068025,80.925875
,79.1227,81.09675
,79.24145,81.45995
,79.26105,81.4899
,79.34105,81.5665
,79.381325,81.592875
,79.466,81.66065
,79.487625,81.761975
,79.532825,81.8187
,79.850025,81.84075
,80.14945,81.941175
,80.20555,81.98225
,80.47085,82.13645
,80.528625,82.212
,80.839175,82.24085
,80.86305,82.271575
,80.8861,82.309325
,80.9262,82.368575
,80.952825,82.42525
,81.03515,82.4839
,81.13795,82.572875
,81.17005,82.6458
,81.241925,82.769275
,81.278325,82.846375
,81.368625,82.971425
,81.375525,83.051375
,81.42315,83.1171
,81.608225,83.2378
,81.682225,83.244175
,81.7197,83.2708
,81.867475,83.380625
,81.9414,83.495625
,82.01975,83.600775
,82.0439,83.623675
,82.304725,83.850175
,82.40025,83.972375
,82.41335,84.0875
,82.4688,84.139025
,82.591675,84.165025
,82.675475,84.227275
,82.813675,84.2615
,83.016625,84.28795
,83.06315,84.567025
,83.0955,84.68155
,83.22605,84.771375
,83.256625,84.814
,83.491925,84.861525
,83.536875,85.0637
,83.61165,85.09825
,83.664,85.148925
,83.6967,85.1844
,83.72585,85.296525
,83.8441,85.489725
,83.96125,85.830825
,83.98405,85.905025
,84.023225,85.91285
,84.0713,85.986525
,84.102775,86.025425
,84.5001,86.108475
,84.508575,86.146925
,84.78915,86.164075
,84.880375,86.200625
,85.097575,86.228575
,85.23055,86.318525
,85.2644,86.3376
,85.326625,86.63225
,85.355725,86.67505
,85.388125,86.707075
,85.4201,86.81665
,85.523675,86.991125
,85.548225,87.016925
,85.549975,87.07795
,85.615675,87.245775
,85.711825,87.262175
,85.808125,87.322775
,86.054075,87.402675
,86.0939,87.747675
,86.135225,87.876075
,86.193025,87.892525
,86.209375,87.954875
,86.2604,88.00415
,86.4167,88.211725
,86.438825,88.2231
,86.49755,88.39205
,86.5929,88.4273
,86.646075,88.4609
,86.785725,88.606125
,86.9199,88.71415
,86.972625,88.7272
,87.085475,88.75025
,87.2381,88.804425
,87.288825,88.893275
,87.59385,88.993325
,87.608275,89.030925
,87.626725,89.19465
,87.695625,89.35365
,87.734275,89.385875
,87.854425,89.41945
,87.911,89.54125
,88.01245,89.744475
,88.082575,89.7724
,88.212425,89.82255
,88.435775,89.9381
,88.49045,89.96185
,88.52245,89.9983
,88.57375,90.120725
,88.7237,90.163975
,88.762175,90.214225
,88.785775,90.267075
,88.919425,90.298425
,89.04035,90.56695
,89.10815,90.599125
,89.1336,90.693525
,89.413225,90.755675
,89.48825,90.814925
,89.5182,90.839225
,89.54315,90.953125
,89.90405,91.035875
,89.98245,91.05745
,90.034025,91.1054
,90.045275,91.286275
,90.068675,91.4279
,90.13015,91.4796
,90.1637,91.4844
,90.4683,91.51445
,90.505175,91.66985
,90.5252,91.693375
,90.581625,91.7562
,90.74445,91.77505
,90.780225,91.82875
,90.895075,91.8617
,90.93895,92.017175
,91.20505,92.0881
,91.387825,92.152575
,91.5138,92.17575
,91.59865,92.202175
,91.762725,92.25515
,91.7874,92.3373
,91.829025,92.353025
,91.852025,92.4077
,92.132325,92.445325
,92.221,92.491875
,92.2387,92.765475
,92.27655,92.84025
,92.316075,92.915975
,92.338225,92.941775
,92.3874,92.9851
,92.4833,93.039325
,92.520525,93.065025
,92.646125,93.11505
,92.69165,93.151025
,92.7878,93.16935
,92.825525,93.2724
,92.850275,93.3064
,92.87305,93.350975
,92.97655,93.36075
,93.0009,93.4388
,93.084525,93.47255
,93.161325,93.49815
,93.3275,93.51925
,93.3537,93.544875
,93.39325,93.63395
,93.45185,93.66285
,93.61415,93.728225
,93.660075,93.77745
,93.715175,93.807925
,93.74735,93.98205
,93.970125,94.2432
,94.184,94.318475
,94.4512,94.4942
,94.626525,94.5648
,94.69785,94.66225
,94.737775,94.678875
,94.83455,94.713475
,94.867625,94.7941
,95.086225,94.8104
,95.142425,94.84655
,95.16455,94.881125
,95.203875,95.077175
,95.3195,95.178825
,95.4862,95.4036
,95.556725,95.617775
,95.666925,95.639725
,95.8652,95.710475
,95.8988,95.82245
,96.023675,96.0018
,96.1613,96.099875
,96.2902,96.126175
,96.63105,96.274
,96.824375,96.32
,96.892575,96.49495
,97.053475,96.5568
,97.323775,96.675025
,97.3601,96.72375
,97.397475,96.760975
,97.53115,96.7968
,97.6289,96.889175
,97.735125,96.93255
,97.84725,96.995
,97.92115,97.044525
,97.95335,97.05635
,98.146975,97.148425
,98.28575,97.2674
,98.370175,97.339625
,98.520475,97.359275
,98.5323,97.408575
,98.605275,97.44415
,98.7183,97.511
,98.7393,97.537325
,98.954075,97.706625
,99.019475,97.83255
,99.250125,97.866425
,99.2777,97.91545
,99.48495,98.016525
,99.59085,98.1114
,99.6168,98.223075
,99.778975,98.2934
,99.8446,98.35095
,99.8967,98.503825
,99.907325,98.634825
,99.9439,98.776125
,100.01375,98.79335
,100.128725,98.84645
,100.32125,98.9053
,100.503425,98.993725
,100.522,99.027475
,100.539075,99.06425
,100.5638,99.13865
,100.670575,99.26675
,100.7254,99.2999
,100.794425,99.383475
,100.88275,99.609875
,101.039875,99.627025
,101.05175,99.815775
,101.111625,99.8963
,101.13305,100.1486
,101.31545,100.206
,101.372325,100.2621
,101.3859,100.370575
,101.4358,100.424575
,101.468075,100.563375
,101.51335,100.7332
,101.55885,100.749675
,101.6946,100.779325
,101.791875,100.829625
,102.086475,100.983775
,102.1628,101.12595
,102.220475,101.221875
,102.265175,101.25925
,102.365175,101.308575
,102.3947,101.34135
,102.43745,101.493
,102.4841,101.5039
,102.5812,101.549875
,102.651175,101.577025
,102.683675,101.59935
,102.74345,101.760525
,102.827625,101.9193
,102.894275,102.0314
,102.974925,102.36085
,103.1934,102.40895
,103.4551,102.459975
,103.517425,102.49655
,103.629,102.586375
,103.750375,102.659125
,103.7859,102.7061
,103.881475,102.77265
,103.97105,102.8066
,104.064925,102.861725
,104.13635,102.8695
,104.160125,102.93505
,104.18175,102.95025
,104.2906,103.0941
,104.69285,103.148125
,104.8349,103.178275
,104.879625,103.306025
,104.96475,103.3451
,105.017375,103.464775
,105.046125,103.486475
,105.120575,103.640875
,105.13625,103.6703
,105.29065,103.82135
,105.32255,103.89925
,105.357725,103.96235
,105.386125,104.0662
,105.396875,104.1134
,105.42915,104.318875
,105.4546,104.377575
,105.684325,104.510325
,105.721125,104.566325
,106.080425,104.654575
,106.10905,104.7289
,106.371275,104.75325
,106.433375,104.785825
,106.66095,104.823125
,106.6835,104.9197
,106.8105,104.978075
,106.852,105.109725
,106.895975,105.18825
,107.06,105.226125
,107.083125,105.36455
,107.226975,105.595125
,107.287825,105.6126
,107.449975,105.657575
,107.483525,105.688375
,107.654825,105.82255
,107.857275,105.862875
,107.8987,105.89405
,108.012075,105.967525
,108.10755,106.0335
,108.1294,106.0728
,108.1637,106.16005
,108.4647,106.16815
,108.5597,106.3646
,108.645,106.40475
,108.8295,106.43195
,108.921175,106.904725
,109.13225,107.025625
,109.3016,107.06545
,109.323025,107.07615
,109.6509,107.10645
,109.67815,107.152325
,109.708825,107.2917
,109.740625,107.318625
,109.758775,107.3833
,109.79865,107.425875
,109.973025,107.54385
,110.3462,107.635025
,110.42345,107.664675
,110.43545,107.71195
,110.57635,107.850625
,110.640275,107.877725
,110.73825,108.034425
,110.778,108.0754
,110.8102,108.1658
,110.81535,108.1917
,110.89585,108.22025
,110.9449,108.257475
,111.0033,108.263675
,111.0721,108.337225
,111.166475,108.3462
,111.2435,108.43125
,111.259675,108.4705
,111.577825,108.5475
,111.596675,108.56395
,111.634,108.679225
,111.7078,108.8327
,111.953375,108.8594
,111.99715,108.9307
,112.124225,108.9806
,112.158875,109.0096
,112.2349,109.025925
,112.337575,109.13175
,112.56815,109.233475
,112.784025,109.303275
,112.866975,109.37155
,112.9099,109.421275
,112.936975,109.478675
,113.042325,109.53225
,113.2547,109.540075
,113.43395,109.596125
,113.804025,109.6668
,113.829825,109.75585
,113.84665,109.919725
,113.9326,109.93415
,113.962725,110.01815
,114.043175,110.062975
,114.235925,110.19355
,114.338475,110.2927
,114.496825,110.33175
,114.69955,110.441225
,114.771325,110.4988
,114.916725,110.52265
,115.286025,110.61795
,115.316175,110.644725
,115.415075,110.726075
,115.493875,110.7981
,115.575725,110.821075
,115.59175,110.857525
,115.61755,110.939725
,115.67955,110.98175
,115.7052,111.034775
,115.804075,111.089675
,115.866625,111.1135
,116.024575,111.191575
,116.11485,111.243325
,116.190775,111.265475
,116.207225,111.291675
,116.3045,111.323675
,116.511025,111.34565
,116.761375,111.4319
,116.789125,111.513175
,116.856875,111.53735
,116.925625,111.565775
,117.095775,111.576925
,117.219975,111.622675
,117.308075,111.670075
,117.37855,111.713125
,117.441,111.768425
,117.567825,111.790125
,117.649375,111.842775
,117.691325,111.86905
,117.746125,112.060725
,117.787125,112.135325
,117.88635,112.156175
,117.9128,112.210075
,118.21555,112.248125
,118.24065,112.33565
,118.268925,112.422075
,118.652575,112.470875
,118.86895,112.61025
,118.99385,112.751925
,119.23825,112.92425
,119.293575,112.930975
,119.333475,113.04355
,119.4644,113.16695
,119.491675,113.239
,119.51825,113.315175
,119.70915,113.3657
,119.741625,113.40185
,119.924975,113.4212
,120.1712,113.4814
,120.19185,113.502975
,120.23325,113.613025
,120.318325,113.717875
,120.339225,113.861825
,120.3727,113.9045
,120.48475,114.0201
,120.60295,114.08565
,121.075175,114.136675
,121.1774,114.2046
,121.204125,114.22305
,121.425175,114.2972
,121.47425,114.396175
,121.56905,114.453475
,121.590775,114.491175
,121.610875,114.507225
,121.744875,114.56935
,121.76375,114.603325
,121.798925,114.6253
,121.85265,114.763875
,121.951725,114.77265
,121.9695,114.796875
,122.046125,114.864675
,122.076275,115.007275
,122.267725,115.107375
,122.36025,115.1174
,122.40035,115.1557
,122.4942,115.2386
,122.72115,115.2786
,122.76585,115.35395
,122.9113,115.45785
,123.096125,115.53705
,123.35835,115.564025
,123.405725,115.613825
,123.44225,115.67345
,123.5539,115.78445
,123.685325,115.8949
,123.7571,116.023425
,123.935775,116.076975
,124.0237,116.335525
,124.218125,116.368475
,124.251225,116.7914
,124.3844,116.878125
,124.420525,117.0319
,124.487775,117.1599
,124.564275,117.207325
,124.6864,117.22645
,124.748325,117.310975
,124.802425,117.335775
,124.867025,117.3824
,124.9324,117.436825
,124.95225,117.532525
,125.0181,117.602275
,125.1114,117.654125
,125.239825,117.6604
,125.536775,117.7314
,125.755475,117.797675
,125.780225,117.827925
,125.8185,117.846475
,125.84985,117.899125
,126.02235,117.923875
,126.13985,117.9605
,126.1581,117.987725
,126.50885,118.02215
,126.6258,118.0773
,126.801575,118.150975
,126.85755,118.1654
,127.028925,118.320025
,127.203425,118.3552
,127.297475,118.462775
,127.40675,118.60975
,127.689725,118.638025
,127.796425,118.6527
,127.822175,119.0024
,127.838925,119.0352
,127.8694,119.104325
,127.893425,119.19745
,127.985625,119.252875
,128.105075,119.325375
,128.137625,119.391975
,128.202825,119.465
,128.230725,119.586175
,128.2597,119.62855
,128.43755,119.6359
,128.61255,119.6725
,128.641925,119.775025
,128.775475,119.823825
,128.814025,119.880225
,128.846625,119.894625
,128.9666,119.951125
,129.0541,119.98425
,129.1007,120.0064
,129.12945,120.08725
,129.158225,120.215275
,129.181075,120.246975
,129.23755,120.305125
,129.393425,120.427475
,129.584825,120.6723
,129.775325,120.795725
,129.89275,120.9125
,130.098875,120.960275
,130.2078,121.0635
,130.326875,121.091
,130.3478,121.124025
,130.43445,121.193675
,130.521075,121.29345
,130.6491,121.3255
,130.687975,121.396075
,130.78665,121.4611
,130.9608,121.53245
,130.9947,121.573175
,131.12595,121.594925
,131.146675,121.64725
,131.179825,121.666425
,131.2033,121.683325
,131.389025,121.800875
,131.469425,121.86725
,131.592275,121.89055
,131.683825,121.919375
,131.711925,121.933275
,131.785475,122.00065
,131.907,122.0621
,132.0333,122.146675
,132.0681,122.347
,132.154075,122.385675
,132.219075,122.447625
,132.375425,122.476625
,132.482325,122.49015
,132.5406,122.6033
,132.5586,122.617025
,132.631825,122.61875
,132.67085,122.70075
,132.69815,122.74165
,132.745575,122.909
,132.752375,122.92035
,132.80615,123.008225
,132.838975,123.0823
,132.90385,123.186025
,133.010075,123.270925
,133.0887,123.29655
,133.1235,123.3685
,133.1422,123.4615
,133.45185,123.4949
,133.535075,123.58035
,133.564925,123.605375
,133.594425,123.6477
,133.739825,123.6687
,133.81005,123.7574
,133.88825,124.0038
,134.012125,124.01675
,134.032525,124.077825
,134.0847,124.154375
,134.1945,124.203125
,134.275675,124.267425
,134.4543,124.28865
,134.4739,124.436775
,134.658875,124.46135
,134.76335,124.548325
,134.815675,124.577225
,134.989075,124.605225
,135.008175,124.6349
,135.046,124.663725
,135.14865,124.7356
,135.26885,124.7575
,135.322475,124.7765
,135.363825,124.799625
,135.429375,124.829325
,135.7433,124.89715
,135.778025,124.949425
,135.911225,124.9639
,135.94445,125.0978
,136.130875,125.340675
,136.221375,125.440925
,136.331825,125.4968
,136.4408,125.519425
,136.46335,125.576225
,136.4952,125.63305
,136.519975,125.691125
,136.613725,125.7641
,136.737,125.89915
,136.746325,125.9186
,136.860975,126.0394
,136.887525,126.072425
,136.93845,126.142975
,136.949325,126.23705
,136.97685,126.259325
,137.053875,126.3039
,137.148125,126.4032
,137.263125,126.441225
,137.300775,126.499375
,137.34405,126.65115
,137.37695,126.687775
,137.394025,126.69585
,137.45305,126.811425
,137.551675,126.9888
,137.572625,127.055775
,137.620375,127.101775
,137.702175,127.151575
,137.826875,127.2189
,137.9563,127.452625
,137.97595,127.492225
,137.9996,127.516075
,138.0385,127.55565
,138.111575,127.6793
,138.274125,127.733425
,138.397,127.791725
,138.428275,127.8643
,138.466375,127.87985
,138.525825,127.89935
,138.533775,127.9513
,138.576975,127.9893
,138.696975,128.054075
,138.770775,128.094725
,139.0271,128.124625
,139.054425,128.2451
,139.080725,128.4186
,139.1174,128.4953
,139.14405,128.58755
,139.313625,128.655775
,139.38195,128.706875
,139.423,128.76775
,139.45435,128.7939
,139.487175,128.916775
,139.66465,128.94625
,139.729,129.117725
,139.740625,129.1809
,139.810225,129.2199
,139.840625,129.3953
,139.96235,129.484825
,139.9722,129.49985
,140.0214,129.553125
,140.1594,129.711175
,140.196325,129.723975
,140.2774,129.771825
,140.30525,129.7945
,140.3458,129.82725
,140.434975,129.849425
,140.53565,129.876675
,140.824625,129.96705
,140.89565,130.077825
,140.92385,130.320675
,140.940025,130.36335
,140.957875,130.436675
,140.997225,130.7169
,141.0326,130.9133
,141.058575,131.1487
,141.27505,131.380425
,141.306775,131.446775
,141.3331,131.52855
,141.576675,131.578025
,141.66835,131.639775
,141.75515,131.697025
,141.819175,131.7714
,141.848425,131.837225
,141.998625,131.97485
,142.0426,132.264425
,142.131275,132.437975
,142.297175,132.446325
,142.32485,132.515375
,142.432725,132.547925
,142.49525,132.637
,142.527525,132.729275
,142.578375,132.775775
,142.6288,132.8153
,142.8061,132.8959
,142.939175,132.95815
,142.956975,133.04175
,143.013625,133.1188
,143.05455,133.285925
,143.12395,133.4404
,143.26785,133.5647
,143.2872,133.63445
,143.300575,133.80005
,143.3396,133.919025
,143.500025,133.97435
,143.6454,134.035675
,143.66715,134.061675
,143.693,134.0658
,143.902825,134.218625
,143.9484,134.249325
,144.085225,134.3166
,144.108275,134.38685
,144.190675,134.463525
,144.273025,134.510925
,144.3339,134.626675
,144.373625,134.660475
,144.5772,134.709625
,144.622125,134.815625
,144.66385,134.96055
,144.69965,134.97835
,144.765975,135.026275
,144.89155,135.159225
,144.9601,135.177825
,144.99655,135.2383
,145.037275,135.3508
,145.1374,135.3791
,145.2376,135.460575
,145.268875,135.69445
,145.308625,135.77745
,145.44605,135.8286
,145.520125,135.834375
,145.5817,135.871275
,145.63605,135.88695
,145.659225,135.978725
,145.73495,136.140375
,145.927575,136.169925
,146.083775,136.2196
,146.128975,136.3308
,146.224225,136.415125
,146.264825,136.5956
,146.28515,136.7282
,146.328525,136.772525
,146.468825,136.831025
,146.477925,136.86075
,146.598,136.883725
,146.687925,136.9096
,146.76305,136.91265
,146.77985,136.949025
,146.817125,136.9652
,146.884975,137.1631
,146.976825,137.1922
,147.017725,137.3473
,147.077575,137.41585
,147.127425,137.5306
,147.191675,137.64085
,147.227525,137.77065
,147.2775,137.7979
,147.3172,137.9204
,147.434075,137.935025
,147.609625,138.0108
,147.7329,138.043325
,147.755925,138.09055
,147.786525,138.14075
,147.968825,138.21805
,147.984,138.284675
,148.098125,138.388525
,148.118075,138.6146
,148.159575,138.68025
,148.1787,138.794225
,148.211125,138.843925
,148.217275,138.9401
,148.272875,138.96115
,148.29995,139.026525
,148.3472,139.082625
,148.4083,139.1097
,148.443575,139.1344
,148.464875,139.3469
,148.782625,139.4332
,148.804225,139.587275
,148.862525,139.625075
,148.903125,139.65945
,149.04645,139.67225
,149.17155,139.7732
,149.234025,139.916825
,149.2989,139.949675
,149.433225,139.9854
,149.468325,140.2359
,149.4991,140.37135
,149.52965,140.3878
,149.589675,140.4528
,149.668125,140.51975
,149.79595,140.570375
,149.826175,140.60485
,149.85175,140.7776
,149.98685,140.8712
,150.021275,140.97475
,150.056325,140.97945
,150.075375,141.01335
,150.1024,141.0145
,150.123175,141.019025
,150.351325,141.293725
,150.371275,141.3061
,150.385975,141.34565
,150.512525,141.477425
,150.58155,141.55825
,150.694825,141.646175
,150.730775,141.68475
,150.793475,141.725725
,150.84785,141.76345
,150.887875,142.0079
,150.913425,142.234
,150.92965,142.3408
,150.9413,142.413025
,151.045675,142.43645
,151.267,142.45275
,151.3387,142.53045
,151.44795,142.597275
,151.47425,142.6425
,151.64685,142.908675
,151.68155,143.018575
,151.782375,143.053875
,151.901925,143.193725
,151.927325,143.30285
,151.95545,143.5119
,152.09905,143.63905
,152.164925,143.68035
,152.204525,143.831825
,152.2361,143.866
,152.309475,143.92285
,152.46735,144.00985
,152.521425,144.054275
,152.60225,144.133225
,152.6666,144.213375
,152.725325,144.23175
,152.77225,144.240825
,153.0153,144.389125
,153.060375,144.404025
,153.10805,144.43535
,153.2341,144.643975
,153.279175,144.70565
,153.3581,144.81205
,153.45115,144.88385
,153.49295,144.931
,153.561425,144.978075
,153.578825,145.009825
,153.590925,145.02625
,153.663225,145.2587
,153.764425,145.3585
,153.897925,145.3774
,153.92765,145.471775
,153.958375,145.487475
,154.103075,145.613875
,154.132775,145.6666
,154.175275,145.854575
,154.29475,145.955575
,154.371425,145.974125
,154.51675,146.0164
,154.6072,146.144275
,154.651375,146.377875
,154.68465,146.387025
,154.72725,146.4206
,154.778625,146.44325
,154.815575,146.536975
,154.853925,146.60735
,154.891375,146.7169
,154.926025,146.80505
,155.1056,146.924775
,155.2737,147.08465
,155.376675,147.1173
,155.394025,147.129675
,155.4523,147.1381
,155.468675,147.3394
,155.59035,147.3779
,155.769025,147.525875
,155.7987,147.618025
,155.8396,147.70975
,155.86915,147.83055
,156.03945,147.85685
,156.09455,147.87625
,156.2794,147.939475
,156.31795,147.947175
,156.3644,148.117625
,156.4354,148.1309
,156.5341,148.2196
,156.572575,148.313925
,156.62675,148.446075
,156.868925,148.48425
,157.1219,148.527525
,157.286275,148.728775
,157.525075,148.84395
,157.6038,148.8958
,157.793625,148.921975
,158.251125,148.950875
,158.377675,149.049525
,158.5055,149.099225
,158.57165,149.146625
,159.2963,149.164275
,159.861675,149.21865
,159.95395,149.40705
,160.057625,149.54035
,160.487775,149.61045
,160.594975,149.9626
,160.746475,150.0057
,160.7943,150.0638
,160.87955,150.116225
,160.8956,150.2715
,161.007275,150.29715
,161.02575,150.317575
,161.40455,150.350275
,161.429,150.494325
,161.462725,150.702925
,161.500075,150.7568
,162.08795,151.017025
,162.1265,151.0986
,162.445225,151.179225
,162.87635,151.2681
,162.975225,151.2874
,163.08795,151.4192
,163.228125,151.487775
,163.9101,151.5248
,164.155175,151.574925
,164.2689,151.6111
,164.467975,151.675425
,165.44735,151.732375
,166.031625,151.819575
,166.30735,151.852925
,166.725275,151.91625
,167.12505,151.930325
,167.1616,152.015475
,167.204875,152.130525
,167.22595,152.383075
,167.654375,152.412925
,167.80805,152.59025
,168.029525,152.646725
,168.344125,152.700925
,168.65465,152.784775
,168.86385,152.804225
,169.184925,152.8439
,169.32625,152.864
,169.7451,152.895575
,170.3372,153.147775
,170.4021,153.189
,171.297725,153.2996
,171.70585,153.37125
,171.846275,153.394875
,171.89335,153.4137
,172.020925,153.45845
,172.3662,153.476875
,172.492,153.50575
,172.601075,153.857575
,173.253575,153.9155
,173.389075,153.955225
,173.676175,154.045075
,173.7841,154.0678
,174.022775,154.107
,174.603025,154.166975
,175.112175,154.21635
,175.124325,154.235125
,175.18935,154.2667
,175.9752,154.27985
,176.641525,154.3026
,176.7851,154.32775
,177.2874,154.3383
,177.577025,154.628625
,177.677375,154.793675
,177.787,154.795525
,177.942775,155.050925
,178.03345,155.106325
,178.596875,155.422925
,178.84085,155.494675
,179.0343,155.604875
,179.81315,155.721775
,179.959,155.756575
,180.7142,155.800225
,180.9072,155.83215
,180.912575,155.84415
,181.1093,155.894025
,181.2555,155.936975
,181.469675,156.034725
,181.54865,156.103075
,181.652275,156.16405
,181.70495,156.31195
,181.962475,156.337675
,182.213075,156.41035
,182.40895,156.5531
,182.489425,156.798475
,182.6064,156.92525
,182.63235,157.057725
,182.6739,157.161625
,183.263775,157.18725
,183.307925,157.334125
,183.66225,157.384275
,184.200925,157.651
,184.226525,157.768775
,184.769525,157.83195
,184.774025,157.883775
,184.864625,157.916
,185.030375,157.925775
,185.11745,157.95825
,185.36755,158.334975
,185.4681,158.622075
,186.25955,158.654825
,186.60625,158.6607
,186.7268,158.697875
,187.398875,158.787825
,187.5958,158.800775
,187.65135,159.1248
,187.675875,159.148375
,187.995475,159.2045
,188.022825,159.539525
,188.370225,159.694225
,189.446325,159.7163
,190.108325,159.772575
,190.244475,159.825775
,190.37955,159.860125
,190.540325,160.024975
,190.922625,160.147875
,190.95465,160.284875
,191.0878,160.312075
,191.5045,160.594775
,191.872475,160.84995
,192.286425,160.85245
,192.2983,160.927525
,192.386375,161.03945
,192.45895,161.04405
,192.606625,161.0719
,193.165725,161.1057
,193.2144,161.23495
,193.3579,161.29565
,193.670025,161.495325
,193.936525,161.54745
,194.076925,161.568325
,194.14685,161.63135
,194.14925,161.762475
,194.611825,162.22285
,195.16465,162.265175
,195.176825,162.397575
,195.18545,162.4872
,195.28955,162.5837
,195.59735,162.8599
,195.639075,162.889775
,195.7152,163.076625
,195.73915,163.078325
,195.85125,163.144825
,196.67085,163.21735
,197.35065,163.3229
,197.842325,163.3476
,197.984175,163.54415
,198.160125,163.5484
,198.3623,163.643875
,198.5277,163.702075
,198.670475,163.7698
,198.809,163.947775
,199.073925,163.994225
,199.21825,164.066925
,199.237825,164.147275
,199.277575,164.163175
,199.508325,164.200025
,199.73515,164.4824
,199.78845,164.4918
,199.92465,164.52355
,200.656625,164.5553
,201.15195,164.574425
,201.27985,164.820675
,201.300275,164.940075
,201.447475,164.975225
,201.5577,165.0786
,201.854475,165.145225
,202.0057,165.30405
,202.115425,165.43035
,202.15075,165.454725
,202.178275,165.4758
,203.092275,165.48455
,203.41215,165.5034
,203.83425,165.607825
,205.091975,165.6659
,205.4078,165.901325
,205.608375,165.9317
,205.91615,165.9493
,206.49895,165.997275
,207.155475,166.054525
,207.5027,166.13555
,208.48195,166.152525
,208.62755,166.360225
,208.65555,166.411175
,209.406225,166.433025
,209.553025,166.470525
,210.15205,166.543275
,,166.581475
,,166.603875
,,166.844175
,,166.929375
,,166.942375
,,166.9535
,,167.014325
,,167.137325
,,167.24505
,,167.246075
,,167.25145
,,167.30515
,,167.3978
,,167.473025
,,167.580225
,,167.589925
,,167.657325
,,167.789775
,,167.808375
,,167.82035
,,167.8339
,,167.860775
,,168.067775
,,168.28805
,,168.34995
,,168.417275
,,168.435475
,,168.534075
,,168.540325
,,168.7365
,,168.864125
,,168.9706
,,168.976675
,,169.006775
,,169.16465
,,169.188875
,,169.215475
,,169.3553
,,169.446775
,,169.55885
,,169.58925
,,169.60195
,,169.77165
,,169.7874
,,169.83175
,,169.929575
,,169.949475
,,169.99935
,,170.05275
,,170.0614
,,170.1398
,,170.197525
,,170.26555
,,170.4024
,,170.699875
,,170.7825
,,170.842075
,,170.849525
,,170.865025
,,171.013825
,,171.05945
,,171.115
,,171.150325
,,171.248075
,,171.3017
,,171.319775
,,171.3579
,,171.407275
,,171.4825
,,171.71275
,,171.781125
,,171.789375
,,171.82695
,,171.847975
,,171.895525
,,172.154975
,,172.2102
,,172.438325
,,172.4677
,,172.64825
,,172.698125
,,172.7355
,,173.0623
,,173.122425
,,173.155325
,,173.2541
,,173.280625
,,173.5075
,,173.763025
,,173.969425
,,174.112625
,,174.22765
,,174.2435
,,174.2782
,,174.290725
,,174.3236
,,174.496875
,,174.525675
,,174.570175
,,174.580925
,,174.605325
,,174.7357
,,174.9559
,,175.037525
,,175.079625
,,175.090475
,,175.123525
,,175.136425
,,175.2666
,,175.3447
,,175.386275
,,175.43455
,,175.49395
,,175.516425
,,175.541275
,,175.56495
,,175.581075
,,175.621225
,,175.7741
,,175.80205
,,175.842975
,,175.8481
,,175.89555
,,175.977475
,,176.0679
,,176.10165
,,176.12825
,,176.241275
,,176.3859
,,176.533325
,,176.5675
,,176.624175
,,176.7389
,,176.88035
,,176.9799
,,177.0021
,,177.1864
,,177.21185
,,177.2782
,,177.403725
,,177.44095
,,177.4561
,,177.53335
,,177.5651
,,177.59005
,,177.712125
,,177.72955
,,177.770425
,,177.963875
,,177.99865
,,178.044425
,,178.10475
,,178.124325
,,178.2932
,,178.32425
,,178.453725
,,178.545875
,,178.558525
,,178.580375
,,178.79405
,,178.821575
,,178.8717
,,179.083275
,,179.09715
,,179.172575
,,179.273075
,,179.27895
,,179.313675
,,179.330075
,,179.369075
,,179.4118
,,179.48135
,,179.5285
,,179.5598
,,179.5731
,,179.714075
,,179.7416
,,179.757625
,,179.85055
,,179.87705
,,179.9831
,,180.15455
,,180.177525
,,180.2701
,,180.27355
,,180.672025
,,180.77795
,,180.866675
,,181.15385
,,181.32845
,,181.44675
,,181.4672
,,181.635425
,,181.820975
,,181.83025
,,182.01025
,,182.074425
,,182.0835
,,182.291575
,,182.336025
,,182.390325
,,182.404
,,182.411675
,,182.4173
,,182.429075
,,182.522275
,,182.553375
,,182.6618
,,182.706725
,,182.75395
,,182.772125
,,183.13625
,,183.163725
,,183.189325
,,183.204925
,,183.2664
,,183.3166
,,183.360925
,,183.402475
,,183.6084
,,183.72215
,,183.795525
,,183.8558
,,184.2628
,,184.573575
,,184.6028
,,184.6256
,,184.7529
,,184.86195
,,184.992575
,,185.16455
,,185.359575
,,185.38885
,,185.42495
,,185.5578
,,185.6895
,,185.7029
,,185.75145
,,185.80355
,,185.884925
,,185.93305
,,185.946375
,,185.98535
,,186.0394
,,186.17395
,,186.201725
,,186.23365
,,186.2442
,,186.32645
,,186.405675
,,186.594425
,,186.7299
,,186.939525
,,187.044225
,,187.1191
,,187.138475
,,187.166475
,,187.2989
,,187.362275
,,187.59335
,,187.784725
,,187.954625
,,188.041575
,,188.093325
,,188.12455
,,188.309925
,,188.401625
,,188.523025
,,188.62455
,,188.860075
,,188.9178
,,188.980925
,,189.0173
,,189.05015
,,189.1026
,,189.199775
,,189.30555
,,189.40485
,,189.4495
,,189.52185
,,189.536025
,,189.595075
,,189.64855
,,189.754125
,,189.88445
,,190.1531
,,190.169775
,,190.20865
,,190.420625
,,190.48645
,,190.5269
,,190.63485
,,190.676925
,,190.70615
,,190.775925
,,190.822475
,,190.87885
,,191.05445
,,191.078875
,,191.1151
,,191.212875
,,191.2576
,,191.290275
,,191.64875
,,191.729475
,,191.7705
,,191.78025
,,191.82465
,,191.8557
,,191.90425
,,192.054225
,,192.1501
,,192.155125
,,192.258075
,,192.261675
,,192.419475
,,192.439225
,,192.492625
,,192.507825
,,192.593075
,,192.6504
,,192.6851
,,192.694325
,,192.70785
,,192.7177
,,192.7492
,,192.7703
,,193.063925
,,193.4182
,,193.57225
,,193.647625
,,193.65845
,,193.6829
,,193.802725
,,193.852775
,,193.933375
,,193.975975
,,193.983
,,194.30295
,,194.36155
,,194.391075
,,194.4589
,,194.586375
,,194.63935
,,194.6495
,,194.6672
,,194.9276
,,195.02325
,,195.1399
,,195.163625
,,195.252025
,,195.3474
,,195.359725
,,195.38015
,,195.416
,,195.652775
,,195.72525
,,195.80125
,,195.809475
,,195.89625
,,195.914925
,,196.014825
,,196.174775
,,196.1776
,,196.2745
,,196.29475
,,196.31495
,,196.462825
,,196.638375
,,196.7529
,,196.825825
,,196.851575
,,196.861425
,,196.961225
,,197.018125
,,197.134125
,,197.354125
,,197.438375
,,197.478925
,,197.498875
,,197.53045
,,197.56645
,,197.584525
,,197.7585
,,197.820725
,,197.854925
,,198.096475
,,198.211125
,,198.21475
,,198.225
,,198.3782
,,198.44945
,,198.5344
,,198.58025
,,198.643575
,,198.6935
,,198.754525
,,198.90675
,,199.055675
,,199.1575
,,199.200975
,,199.2463
,,199.344975
,,199.44275
,,199.44435
,,199.652975
,,199.662675
,,199.727
,,199.81195
,,199.8362
,,199.941125
,,200.02405
,,200.2104
,,200.26465
,,200.335475
,,200.35775
,,200.50605
,,200.5187
,,200.618625
,,200.69985
,,200.80235
,,200.9249
,,200.95535
,,201.0761
,,201.103175
,,201.1188
,,201.34255
,,201.4775
,,201.8867
,,201.9873
,,202.073825
,,202.096925
,,202.153675
,,202.2273
,,202.36635
,,202.572725
,,202.701425
,,202.994675
,,203.018525
,,203.05505
,,203.074975
,,203.08275
,,203.11585
,,203.141625
,,203.14795
,,203.208825
,,203.31725
,,203.325675
,,203.3582
,,203.5942
,,203.867825
,,203.919675
,,203.923775
,,203.933275
,,203.94845
,,203.98915
,,204.140325
,,204.321075
,,204.584175
,,204.6527
,,204.858575
,,204.93295
,,204.9953
,,205.0544
,,205.0658
,,205.271225
,,205.3097
,,205.4024
,,205.4066
,,205.411625
,,205.60185
,,206.082725
,,206.13295
,,206.2727
,,206.288425
,,206.29755
,,206.31715
,,206.33085
,,206.378075
,,206.45825
,,206.488025
,,206.651
,,206.722175
,,206.75165
,,206.79785
,,206.90005
,,206.94755
,,207.018125
,,207.064975
,,207.205825
,,207.3906
,,207.423575
,,207.4641
,,207.58835
,,207.634625
,,207.64695
,,207.73675
,,207.9152
,,207.98685
,,208.01885
,,208.081475
,,208.101175
,,208.15845
,,208.37995
,,208.612575
,,208.6357
,,208.673825
,,208.89165
,,208.90685
,,209.214175
,,209.2389
,,209.34355
,,209.36185
,,209.3721
,,209.42175
,,209.42375
,,209.43165
,,209.4375
,,209.479
,,209.506375
,,209.586575
,,209.654525
,,209.73955
,,209.752325
,,209.783875
,,209.794675
,,209.88615
,,209.916825
,,210.018875
,,210.07715
,,210.1465
