SPK_SPKC10a,SPK_SPKC11a,SPK_SPKC11c,SPK_SPKC13a
150.34965,151.266775,150.1192,150.6379
150.456575,151.599375,150.16795,150.794075
150.746725,152.044725,150.1833,150.820275
150.97695,152.2263,150.238675,152.722025
151.11565,152.455175,150.255275,153.25335
151.2501,153.9814,150.5191,154.452975
151.266725,154.325675,150.625875,154.876925
151.493825,154.5197,151.08555,155.304075
151.5994,154.5915,151.2283,156.012
152.04475,154.754425,151.62535,157.412575
152.092,155.318325,151.776475,157.442775
152.44495,155.43425,151.977375,157.47885
152.4552,156.559375,152.024725,157.678575
152.5587,156.85285,152.16255,157.943525
153.36315,157.034275,152.482625,158.36215
153.393625,157.31335,153.202725,159.2838
153.40505,158.05315,153.4916,160.55435
153.763275,158.7649,153.747225,160.9257
153.811325,158.862875,153.93285,162.137875
153.8327,160.69895,154.0082,162.725925
153.928775,161.0415,154.0796,163.2414
153.9814,161.800925,154.316,164.63635
153.99825,162.577875,154.358025,165.35475
154.20495,163.309325,154.861425,165.87725
154.32565,163.4308,155.052025,165.908625
154.4527,163.45745,155.24435,166.509675
154.51965,165.2842,155.33415,167.37855
154.64935,166.98145,155.52475,167.509675
155.0353,167.801275,155.896575,168.1044
155.178625,167.990425,156.007175,168.31135
155.308625,168.94625,156.22865,168.679125
155.3183,169.12765,156.2429,169.200075
155.434225,169.43245,156.3682,169.446575
155.512625,169.965775,156.40435,169.471675
155.52345,171.091375,156.566225,169.519975
155.855925,173.642625,156.649425,169.5565
156.07475,173.819925,156.865475,169.675525
156.25965,174.48415,157.073,169.890525
156.312125,174.50875,157.2594,170.104575
156.4366,174.612625,157.35905,170.227375
156.559325,174.633425,157.469525,170.291175
156.638875,174.715425,157.615325,170.312425
156.653075,174.75505,157.67605,170.357225
156.7801,174.807775,157.822425,170.419625
156.852825,175.40435,157.8551,170.4972
156.861325,176.966575,158.05105,170.6343
156.86665,178.669625,158.234,170.647525
156.8736,181.341075,158.3685,171.15705
156.9199,181.74195,158.6293,171.457975
157.16775,182.075775,158.80705,171.47715
157.26195,183.49665,158.949175,171.5551
157.333675,184.818525,159.231475,171.7429
157.37195,186.197075,159.481625,171.9315
157.4107,186.234425,159.624425,172.02705
157.438975,187.128625,159.733625,172.0932
157.6078,187.3899,160.0399,172.6785
157.878325,187.80785,160.066925,173.2664
157.921025,188.696025,160.1164,173.2857
157.930175,189.0122,160.8039,173.3846
159.220525,191.692475,160.91005,175.4523
159.284425,192.987925,161.0346,175.604
159.301075,193.68775,161.409525,175.961
159.559375,195.757625,161.5557,176.069175
159.670425,195.893275,161.785425,176.1961
159.692575,198.211725,161.830225,176.35755
159.82325,199.305225,162.028425,176.5915
159.922375,199.573575,162.07625,176.67595
160.2554,199.6885,162.113375,176.91845
160.698925,200.9495,162.26185,177.686675
160.754425,201.2427,162.721825,177.7874
160.911125,202.381525,162.815875,177.948525
161.0415,203.982275,162.902975,178.861975
161.061475,205.105525,162.9309,178.9566
161.0834,206.193925,163.07415,178.985725
161.3404,206.653575,163.264475,179.469025
161.838425,210.1536,163.3272,179.816725
162.866325,211.923575,163.406575,179.8675
162.901525,214.336325,163.58055,179.996425
162.956975,214.837725,163.598225,180.209225
163.026425,215.820025,164.021275,180.6522
163.059075,216.29805,164.27105,180.82805
163.212225,216.42635,164.33095,180.868475
163.30525,219.9067,164.504975,180.8881
163.309325,220.0765,164.667725,181.115825
163.4574,221.14805,164.737725,181.172
163.5601,222.279525,165.0935,181.345575
163.61885,223.67655,165.186425,181.5335
163.656025,224.3848,165.386025,181.87055
163.767875,224.839175,165.477725,182.096925
163.80045,225.87745,165.85065,182.2865
163.89455,227.684325,165.9372,182.44095
163.9136,229.19685,166.027825,182.456075
163.9412,229.996825,166.121175,182.45795
163.97865,231.352525,166.491825,182.601525
163.989075,234.6021,166.538475,182.643525
164.1461,236.39105,166.565775,182.9839
164.6011,245.4983,166.598125,183.391875
165.270425,246.0216,166.6631,183.673075
166.0046,248.856375,167.00515,183.799
166.477525,251.1023,167.156775,184.0782
166.4936,251.85315,167.269325,184.158125
166.54735,254.978575,167.31155,184.39225
166.819425,256.164025,167.498,184.775775
166.914775,256.222675,167.544975,184.8295
167.218025,258.382,167.620675,184.9908
167.35905,261.914175,168.297075,185.293675
167.374675,263.083175,168.335125,185.561125
167.397625,263.633075,168.666975,185.922925
167.592675,264.56925,168.9107,185.968225
167.6886,268.9964,169.0366,186.01715
167.727525,269.5917,169.07705,186.141675
167.8013,270.207025,169.10965,186.450575
167.8565,272.96585,169.152875,186.6354
168.509675,273.276875,169.17935,187.12305
169.1706,278.93695,169.348225,187.5775
169.238125,283.447125,169.438825,187.5883
169.252025,284.0636,169.45645,188.851925
169.2889,285.063525,169.47875,188.955
169.39375,285.93985,169.523875,188.9808
169.401025,286.279475,169.55965,189.416725
169.4134,287.104975,169.60035,190.5075
169.423125,287.89965,169.634575,190.674425
169.4511,288.274475,169.7106,191.23325
169.457725,288.30665,169.738525,191.660425
169.50435,290.13485,170.0701,192.414875
169.639825,291.124925,170.30725,192.479125
169.659075,293.4746,170.485075,192.49615
169.72395,294.4066,170.620775,192.51195
169.7325,296.2427,170.668625,192.5977
169.7681,297.425425,170.68865,193.12275
169.793325,304.5832,170.89695,193.1982
169.830775,306.7075,171.1316,193.275125
169.85105,307.581225,171.227325,193.332225
169.89375,307.60715,171.25905,193.446175
169.936725,,171.271575,193.726025
169.96575,,171.3923,194.116225
169.97415,,171.47045,194.828
169.993575,,171.487725,195.0406
170.051725,,171.603575,195.22885
170.082825,,171.6693,195.337925
170.13285,,171.728575,195.747925
170.178925,,171.84195,195.81115
170.19405,,171.940375,197.45165
170.216775,,171.973775,197.627975
170.244,,172.13725,197.707625
170.254875,,172.496925,197.930775
170.31155,,172.66,198.656275
170.32065,,172.691625,198.734175
170.40435,,172.8735,199.16025
170.434125,,172.910925,199.233
170.46295,,173.26395,199.999925
170.558475,,173.288025,200.158075
170.56785,,173.30985,200.3044
170.6377,,173.614525,200.78835
170.6451,,173.6925,201.04235
170.71315,,174.24085,201.521875
170.78155,,174.30045,201.715725
170.831825,,174.343875,201.796275
170.841,,174.475725,201.981125
170.88315,,174.557375,202.125875
170.9016,,174.7403,202.669225
170.9466,,174.893725,202.800175
170.98175,,174.967575,203.4055
171.0172,,175.10185,203.571925
171.134575,,175.278725,203.610825
171.1547,,175.48445,203.6245
171.28855,,175.501125,203.6761
171.3097,,175.53315,203.9152
171.39465,,175.824375,204.594
171.41395,,175.970725,204.614025
171.425575,,176.01885,204.817275
171.438475,,176.223375,204.903675
171.4578,,176.2572,205.122175
171.486625,,176.27275,205.15535
171.50655,,176.372125,205.23485
171.52465,,176.54095,205.40625
171.657575,,176.54975,205.46655
171.67885,,176.62765,205.4862
171.7467,,176.720725,205.62475
171.7734,,176.801,205.776875
171.78485,,176.9114,205.8078
171.81415,,176.93545,206.063575
171.867525,,177.076125,206.194775
171.969525,,177.109875,206.566925
172.07855,,177.238925,206.574075
172.10485,,177.362925,206.68135
172.236225,,177.412275,206.90695
172.247975,,177.468825,207.0271
172.270875,,177.5286,207.70305
172.310975,,177.530375,207.75865
172.411475,,177.62835,207.930175
172.4363,,177.787375,207.963675
172.469,,177.82555,208.07635
172.493,,177.856125,208.112625
172.51255,,177.895725,209.07165
172.5417,,177.975375,209.635575
172.553775,,178.037175,209.7296
172.583725,,178.1201,210.367125
172.5921,,178.160625,210.449525
172.6132,,178.296175,210.567475
172.724725,,178.333425,210.625925
172.86055,,178.47565,210.71655
172.876225,,178.497475,212.02695
172.927175,,178.5865,213.263275
172.949025,,178.6204,213.3783
172.96885,,178.7526,214.7415
173.00565,,178.873225,214.762875
173.0367,,178.9041,214.805275
173.055775,,179.14225,214.956875
173.0808,,179.1743,215.234525
173.120775,,179.2663,215.24465
173.16355,,179.3173,217.450025
173.177325,,179.444175,217.5607
173.19205,,179.4906,217.917725
173.2179,,179.5226,218.410975
173.242175,,179.622675,218.91225
173.25985,,179.728025,219.4318
173.33655,,179.752425,220.81755
173.393075,,179.799175,221.41695
173.414175,,179.88575,225.21275
173.4315,,180.076625,225.274975
173.4559,,180.142725,225.423575
173.488225,,180.156075,225.55755
173.4975,,180.309825,226.1764
173.704525,,180.333725,226.50625
173.785,,180.405325,226.662075
173.9611,,180.416325,227.561475
174.162575,,180.493975,227.707325
174.1737,,180.66745,227.822525
174.4279,,180.7168,228.690475
174.484125,,180.75215,228.896875
174.612575,,180.90845,229.13045
174.7154,,180.97535,229.137025
174.742875,,181.021925,229.299875
174.755025,,181.255125,229.48535
174.8078,,181.44715,230.13615
174.9745,,181.50465,230.5105
175.19255,,181.61355,231.32515
175.40435,,181.675675,231.77085
175.72475,,181.770525,231.851625
175.7652,,181.9629,232.12295
175.780375,,182.000725,232.319775
175.869325,,182.019025,232.65465
175.893225,,182.052875,232.82135
175.940675,,182.1855,233.463975
175.994725,,182.3448,234.1164
176.00955,,182.5474,234.758275
176.067625,,182.59915,234.91065
176.123175,,182.64985,235.098375
176.1377,,182.711725,235.87635
176.199025,,182.762275,236.328425
176.225225,,182.853875,236.84705
176.304825,,182.923,238.861625
176.318,,183.12335,239.0353
176.3457,,183.256625,239.12745
176.3659,,183.32915,239.93395
176.422325,,183.393525,240.562275
176.4569,,183.457325,240.8115
176.52155,,183.605925,241.36765
176.539525,,183.6625,241.86915
176.550675,,183.6673,242.107425
176.656025,,183.72735,242.534725
176.67925,,183.7462,242.698175
176.710725,,183.84395,242.87625
176.793025,,183.90395,243.457525
176.840275,,183.941875,243.5462
176.978225,,184.01075,245.152675
177.015375,,184.119975,245.198525
177.055575,,184.30675,245.409
177.1108,,184.365525,246.270525
177.1865,,184.412625,246.410375
177.206025,,184.425875,246.5377
177.243975,,184.451375,246.730375
177.257175,,184.49815,246.79845
177.282075,,184.75995,247.3575
177.319175,,184.8049,247.559225
177.352875,,184.815875,247.694775
177.36095,,184.836525,247.7447
177.37475,,184.92165,247.8431
177.411125,,184.957925,248.2308
177.4328,,185.03675,248.827
177.47655,,185.3821,248.901775
177.4973,,185.431725,248.948325
177.524925,,185.468575,249.04155
177.584525,,185.514925,249.5119
177.702125,,185.54555,249.62165
177.74775,,185.704925,249.736475
177.8067,,185.744875,249.807925
177.844975,,185.985825,249.829425
177.98125,,186.1224,249.83615
177.99505,,186.2452,249.943975
178.108325,,186.54965,249.954975
178.122675,,186.575225,249.96835
178.214125,,186.753175,250.26165
178.324725,,186.796275,250.52915
178.3407,,186.9201,250.6405
178.351125,,186.999825,251.364375
178.53735,,187.15755,251.7523
178.610475,,187.30835,252.032925
178.669575,,187.495325,252.92805
178.820875,,187.526975,253.0219
178.97045,,187.527975,253.232025
179.09135,,187.553525,253.9845
179.11075,,187.60905,254.359
179.122975,,187.6597,254.466975
179.16205,,187.7645,254.869225
179.1845,,187.772575,255.3136
179.2139,,187.87815,255.563975
179.229375,,187.913875,255.689275
179.2405,,187.9485,256.1664
179.314825,,188.022525,257.5544
179.329675,,188.20695,257.9568
179.34775,,188.325275,258.4659
179.41515,,188.388225,258.647125
179.433675,,188.6133,259.16505
179.453525,,188.647475,259.19455
179.487475,,188.86765,259.41225
179.52545,,189.0868,259.477775
179.54795,,189.13685,259.654625
179.627075,,189.2375,259.9299
179.697375,,189.310125,260.041125
179.710875,,189.375325,260.562
179.754025,,189.4269,261.302125
179.77885,,189.4652,261.47695
179.7944,,189.5408,261.865225
179.812375,,189.699025,262.438475
179.826175,,190.0559,262.9336
179.840275,,190.146025,263.0288
179.849375,,190.277825,264.004975
179.866775,,190.3347,264.0576
179.874775,,190.34285,264.5057
179.902475,,190.418175,265.340775
179.910775,,190.4397,265.38875
179.929725,,190.593425,265.6352
179.95685,,190.968125,265.7257
179.982175,,191.004525,265.775525
180.008475,,191.09,266.033775
180.025475,,191.129425,267.009675
180.09405,,191.236125,270.773075
180.154575,,191.27015,271.3099
180.170825,,191.37605,271.43885
180.204475,,191.42985,272.19015
180.252025,,191.4456,272.751625
180.265475,,191.61865,272.894875
180.2717,,191.95885,273.083825
180.31445,,192.055225,273.117875
180.390475,,192.1208,273.13145
180.43085,,192.1654,273.200025
180.439925,,192.3054,273.30775
180.465475,,192.3599,273.521425
180.47555,,192.475075,273.7129
180.570425,,192.600225,274.2521
180.614825,,192.79115,274.283625
180.7355,,192.84355,274.514475
180.896525,,193.0634,274.759575
180.906975,,193.174225,274.8404
180.9282,,193.3374,274.8728
180.9684,,193.48045,275.06605
181.046975,,193.549175,275.1206
181.15035,,193.5781,275.1507
181.182525,,193.6479,275.1639
181.230225,,193.710925,275.3144
181.266575,,193.75265,275.502525
181.2773,,193.7752,275.87185
181.29965,,193.96865,275.94765
181.3225,,194.063125,276.22825
181.341075,,194.11835,276.381075
181.516825,,194.333,276.489225
181.576075,,194.3635,276.506475
181.663425,,194.470025,276.7048
181.680925,,194.5973,277.95935
181.706,,194.6784,278.2901
181.7214,,194.7274,278.333175
181.732575,,194.8283,278.488725
181.741925,,194.97455,278.749375
181.76945,,195.02275,280.857225
181.787225,,195.061025,281.30415
181.868725,,195.08305,281.761
181.8903,,195.1953,281.843025
181.912075,,195.24845,282.31815
181.924075,,195.533275,282.8392
181.959525,,195.567025,282.997
181.971575,,195.690525,283.15825
181.981025,,195.73895,283.65635
182.01415,,195.784825,283.69145
182.0421,,195.83945,284.392375
182.103675,,196.0987,284.4596
182.1157,,196.453625,284.587225
182.15905,,196.72725,284.639225
182.18815,,196.771425,284.950725
182.293425,,196.8419,284.96085
182.3407,,196.890325,284.9931
182.3595,,197.054525,285.004675
182.3756,,197.211675,285.13265
182.4577,,197.549625,285.7847
182.471725,,197.633925,285.976125
182.612175,,198.012725,286.53995
182.766875,,198.04585,286.626175
182.79835,,198.088925,286.78115
182.96605,,198.152425,286.9993
183.031575,,198.34225,287.07865
183.090775,,198.366025,287.3628
183.107625,,198.559775,287.472875
183.166025,,198.838025,287.60885
183.222475,,198.918675,288.076225
183.3252,,198.95785,288.301525
183.338275,,199.089225,288.6833
183.389425,,199.260675,288.713975
183.425925,,199.329475,288.9598
183.49665,,199.4036,289.072225
183.6242,,199.52925,289.293625
183.649025,,199.716825,289.392575
183.783825,,199.78705,289.479575
183.80735,,199.8147,289.57475
183.89455,,199.99005,289.60335
183.936325,,200.023475,289.664725
183.96715,,200.03155,289.735
184.001775,,200.089775,289.91865
184.020625,,200.15685,290.030925
184.09865,,200.2169,290.14275
184.157925,,200.384675,290.416875
184.283375,,200.47645,290.492625
184.323675,,200.78515,290.608825
184.395525,,200.848875,290.65335
184.4447,,200.868775,290.7001
184.863475,,200.9677,290.9272
184.955525,,200.975725,290.947175
185.057375,,201.385425,291.0243
185.140975,,201.42175,291.081
185.25665,,201.4955,291.105
185.313575,,201.7692,291.408725
185.366675,,201.82685,291.463
185.47315,,201.850675,292.11235
185.4932,,201.973425,292.7841
185.529425,,202.0782,292.9837
185.5877,,202.11265,293.00215
185.6032,,202.299225,293.2734
185.671,,202.396675,293.555825
185.70885,,202.460375,293.7395
185.766425,,202.489925,293.783
185.800875,,202.556725,293.8205
185.81545,,202.653175,294.1944
185.8651,,202.810075,294.301625
185.8842,,202.898325,294.7283
185.94125,,202.996525,294.8099
185.9586,,203.0223,295.15525
186.026075,,203.075,295.433075
186.19705,,203.096825,295.7832
186.27905,,203.14695,295.874175
186.3539,,203.187675,295.8925
186.387675,,203.24375,295.9651
186.4926,,203.27685,296.059575
186.522725,,203.339575,296.275475
186.533575,,203.434625,296.969875
186.595975,,203.502875,297.003675
186.608,,203.608625,297.226625
186.6142,,203.6251,297.879075
186.771025,,203.683675,297.960325
186.813375,,203.71585,297.9974
187.019,,203.740925,298.066575
187.03595,,203.790075,298.41235
187.098325,,203.903125,299.13425
187.128625,,204.032175,299.370325
187.136475,,204.20085,299.398275
187.15995,,204.248975,299.65715
187.315575,,204.57605,299.73475
187.389925,,204.606225,299.998475
187.48815,,204.646675,300.01605
187.510325,,204.7455,300.083925
187.807925,,204.800925,300.100075
187.951675,,204.91415,300.40385
188.036275,,205.006975,301.205325
188.13625,,205.015125,301.347175
188.159775,,205.171575,301.51535
188.359975,,205.260775,301.534025
188.377575,,205.31985,302.432825
188.44155,,205.44965,302.75625
188.5055,,205.53005,302.7944
188.538375,,205.68415,302.8455
188.597225,,205.7969,303.171725
188.696025,,205.90975,303.1895
188.760825,,205.98745,303.312675
188.9283,,206.014525,303.35275
189.02265,,206.13365,303.41065
189.041125,,206.2058,303.631775
189.1083,,206.26195,304.08515
189.476575,,206.366725,304.110675
189.60035,,206.51535,304.175075
189.648675,,206.52665,304.2902
189.75315,,206.585725,304.95885
189.9656,,206.7635,304.9912
190.1627,,207.003775,305.584475
190.2073,,207.052875,305.62685
190.25895,,207.119525,305.8395
190.300675,,207.158275,305.9276
190.313575,,207.2469,306.0893
190.32645,,207.2835,306.21675
190.50715,,207.386075,306.609825
190.67615,,207.4423,306.63655
190.7451,,207.59175,306.805325
190.7621,,207.69515,306.8732
190.78435,,207.719675,308.03135
190.9942,,207.779225,308.561225
191.017975,,207.8013,308.9222
191.091325,,207.822225,309.101725
191.1042,,207.922675,
191.125875,,208.1413,
191.158825,,208.17775,
191.17065,,208.196725,
191.186075,,208.2526,
191.299725,,208.2839,
191.435125,,208.349075,
191.629575,,208.53415,
191.682,,208.68425,
192.051325,,208.854575,
192.29425,,208.87885,
192.304425,,208.93515,
192.3187,,208.96615,
192.383825,,209.0866,
192.408425,,209.121025,
192.451775,,209.1418,
192.491675,,209.167725,
192.766475,,209.20325,
192.874525,,209.3799,
192.89465,,209.436775,
192.9377,,209.49595,
193.04405,,209.52365,
193.0958,,209.65165,
193.145575,,209.70395,
193.36235,,209.74665,
193.393175,,209.7863,
193.413525,,209.994775,
193.58815,,210.07005,
193.666925,,210.289375,
193.687775,,210.339425,
193.71205,,210.47075,
193.7208,,210.8372,
193.75095,,210.89965,
193.959225,,211.00825,
193.97155,,211.213575,
194.0184,,211.416975,
194.030275,,211.432775,
194.074725,,211.47315,
194.206925,,211.717775,
194.49565,,211.73275,
194.5332,,211.84875,
194.55335,,212.1396,
194.56725,,212.177175,
194.690475,,212.340375,
194.741375,,212.384375,
195.2163,,212.4344,
195.225175,,212.518,
195.238475,,212.65435,
195.363175,,212.80105,
195.572075,,212.986325,
196.439725,,213.051075,
196.48395,,213.232425,
197.43385,,213.31455,
197.442575,,213.45605,
197.555125,,213.48295,
197.824975,,213.5566,
198.2312,,213.745975,
198.43355,,214.2462,
198.472025,,214.4284,
198.5516,,214.4862,
198.715175,,214.526225,
198.7285,,214.594325,
198.750725,,214.6444,
198.8466,,214.795825,
198.8959,,215.26465,
199.0585,,215.299725,
199.5209,,215.4419,
199.565625,,215.477075,
199.671975,,215.56905,
199.688475,,215.62015,
200.027925,,215.6946,
200.076275,,215.884275,
200.085975,,216.154775,
200.13105,,216.26505,
200.408125,,216.876675,
200.7656,,216.989625,
200.783125,,217.078075,
200.83505,,217.23475,
200.899825,,217.26155,
200.9426,,217.39875,
200.949475,,217.650125,
201.24265,,218.0099,
201.274025,,218.058,
201.81755,,218.196975,
201.8594,,218.6068,
201.940025,,218.8258,
202.301575,,219.09015,
202.333075,,219.142125,
202.39815,,219.287775,
202.468575,,219.54045,
202.68135,,219.6085,
202.70925,,219.872425,
202.808025,,220.1112,
202.862075,,220.270575,
202.92325,,220.353675,
202.971325,,220.481825,
202.987075,,220.64455,
202.998525,,220.74265,
203.023425,,220.833975,
203.039575,,220.975625,
203.059925,,221.228425,
203.09305,,221.288,
203.1903,,221.503125,
203.2667,,221.6105,
203.293375,,221.638,
203.34215,,221.843725,
203.37435,,221.97165,
203.38965,,222.018875,
203.4249,,222.077,
203.439675,,222.25395,
203.466925,,222.789875,
203.476275,,222.81825,
203.48835,,223.051575,
203.4987,,223.29685,
203.54925,,223.3662,
203.56315,,223.6387,
203.607175,,223.82575,
203.70655,,223.913625,
203.752825,,223.930775,
203.835075,,223.970825,
203.874325,,224.0222,
203.904075,,224.359475,
203.93255,,224.4116,
203.94905,,224.5956,
203.98225,,224.656675,
204.0144,,224.807075,
204.055475,,224.86255,
204.064675,,224.887625,
204.10745,,225.229375,
204.133025,,225.262825,
204.1989,,225.276075,
204.478425,,225.4055,
204.526,,225.542175,
204.60025,,225.575025,
204.71815,,225.623075,
204.7806,,225.6443,
204.80625,,225.7854,
204.852075,,225.969375,
204.887875,,226.06595,
204.949,,226.17165,
204.96155,,226.2055,
204.969925,,226.2363,
204.984525,,226.3324,
205.018175,,226.388625,
205.056,,226.61365,
205.105475,,226.91805,
205.1924,,226.9487,
205.243825,,226.991625,
205.2675,,227.434925,
205.29255,,227.5251,
205.316,,227.6743,
205.372125,,227.94055,
205.4059,,228.000625,
205.555225,,228.07485,
205.642725,,228.180175,
205.676625,,228.1951,
205.6991,,228.372375,
205.7257,,229.019475,
205.82065,,229.110775,
205.958025,,229.2232,
205.984,,229.48155,
206.0325,,229.8161,
206.056,,230.066975,
206.0702,,230.45485,
206.0821,,230.4611,
206.1325,,230.499575,
206.1515,,230.51225,
206.193875,,230.721625,
206.204475,,230.9311,
206.215425,,231.28915,
206.22935,,231.36735,
206.2828,,231.5208,
206.324875,,231.5296,
206.494775,,231.8179,
206.555725,,232.29915,
206.581275,,232.438425,
206.59435,,232.4844,
206.6056,,232.6681,
206.6198,,232.735825,
206.6535,,232.791075,
206.67645,,233.04035,
206.719575,,233.0535,
206.7856,,233.340625,
206.8388,,233.433475,
206.892475,,233.486875,
206.9419,,233.5487,
206.96065,,233.8611,
206.982175,,234.11195,
206.992275,,234.1489,
207.012925,,234.162625,
207.2709,,234.298925,
207.374325,,234.62895,
207.419625,,234.755675,
207.563,,235.0767,
207.586975,,235.162875,
207.62325,,235.239125,
207.6446,,235.267225,
207.6632,,235.31065,
207.6959,,235.4301,
207.7581,,235.672125,
207.769275,,235.7579,
207.79065,,235.77715,
207.8325,,236.144225,
207.8451,,236.4147,
207.910725,,236.4498,
207.921575,,236.78875,
208.00865,,236.8451,
208.037675,,237.007925,
208.06385,,237.320025,
208.099325,,237.806475,
208.1123,,237.8462,
208.175725,,237.966875,
208.19225,,238.119125,
208.2095,,238.6808,
208.29495,,238.689075,
208.3184,,238.900575,
208.3787,,239.121625,
208.421075,,239.519975,
208.438875,,239.54625,
208.51835,,240.104275,
208.601475,,240.16255,
208.63915,,240.632825,
208.653175,,241.6591,
208.671625,,241.681275,
208.690975,,241.72065,
208.7473,,242.48795,
208.780775,,242.5404,
208.80335,,242.610075,
208.82285,,242.9042,
208.840875,,242.9213,
208.857525,,243.126925,
208.86675,,243.267875,
208.87505,,243.62065,
208.88355,,243.940375,
208.8927,,244.1951,
208.921,,244.34165,
208.9581,,244.592525,
209.000675,,244.779175,
209.028775,,244.8676,
209.05785,,245.1605,
209.143925,,245.261975,
209.1641,,245.3126,
209.1823,,245.46755,
209.195375,,245.554675,
209.22685,,245.6399,
209.296025,,245.67925,
209.334525,,245.7032,
209.3572,,245.77295,
209.383525,,245.977025,
209.395075,,246.020225,
209.410625,,246.08825,
209.464675,,246.366325,
209.556575,,247.035825,
209.7454,,247.2872,
209.7588,,247.38625,
209.846075,,247.443,
209.90975,,247.4813,
209.9922,,247.57625,
210.0638,,247.720375,
210.1041,,247.774825,
210.11895,,248.152,
210.153575,,248.174475,
210.21055,,248.251075,
210.544975,,248.2845,
210.567225,,248.357475,
210.599975,,248.384525,
210.62065,,248.48495,
210.790525,,248.616675,
211.62005,,248.65175,
211.705825,,248.9471,
211.8569,,248.997925,
211.92355,,249.162125,
211.9908,,249.1856,
212.0599,,249.1914,
212.11365,,249.23245,
212.4616,,249.360625,
212.482375,,249.3819,
212.4911,,249.4481,
212.59175,,249.516075,
213.22125,,249.7058,
213.564325,,249.7358,
213.6438,,249.8347,
213.790225,,250.120725,
213.946425,,250.231975,
213.9772,,250.275425,
214.049525,,250.3752,
214.215225,,250.564325,
214.268475,,250.623075,
214.288025,,250.7097,
214.3815,,250.95635,
214.4829,,251.018225,
214.674725,,251.1825,
214.805075,,251.2233,
214.998075,,251.41195,
215.06555,,251.50065,
215.1388,,251.569575,
215.18555,,251.615475,
215.3333,,251.684275,
215.57395,,251.878025,
216.053275,,251.910825,
216.20995,,251.93735,
216.25625,,251.9467,
216.298025,,252.26775,
216.80745,,252.63225,
216.829,,252.684775,
216.860675,,252.743825,
217.2909,,253.0465,
217.336475,,253.3271,
217.38315,,253.404325,
217.62885,,253.4371,
217.671325,,253.485475,
217.723675,,253.508275,
217.885775,,253.53195,
218.5133,,254.0658,
219.04235,,254.165575,
219.42625,,254.24725,
219.864925,,254.348975,
219.89345,,254.404575,
220.0765,,254.645025,
220.272625,,254.99495,
220.456325,,255.04065,
220.893725,,255.42245,
221.01135,,255.472725,
221.044825,,255.64085,
221.32215,,255.678225,
221.809875,,255.7397,
222.160425,,255.847075,
222.360475,,256.1699,
222.38415,,256.3214,
223.207125,,256.526925,
223.62865,,256.627575,
223.6428,,256.654,
223.6957,,256.7714,
223.8441,,256.9006,
223.88015,,256.969025,
224.212275,,257.051475,
224.31045,,257.103375,
224.3848,,257.2691,
224.448975,,257.3195,
224.46985,,257.3743,
224.495575,,258.110675,
224.565575,,258.1502,
224.742275,,258.270825,
224.858975,,258.317825,
224.962625,,258.444675,
225.02,,258.60405,
225.2614,,259.01785,
225.284225,,259.16595,
225.5285,,259.273175,
225.684225,,259.348175,
225.702425,,259.513925,
225.877425,,259.5359,
225.95035,,259.666475,
225.976925,,259.700625,
226.0236,,259.96125,
226.08285,,260.225475,
226.387025,,260.53975,
226.4733,,260.73605,
226.71205,,260.8172,
226.836,,260.8576,
226.890575,,261.0219,
227.2969,,261.122375,
227.5671,,261.18315,
227.6843,,261.50945,
227.810375,,261.58685,
227.915975,,261.652025,
228.1575,,261.778325,
228.1752,,261.79965,
228.29555,,261.905125,
228.52255,,261.925125,
229.1201,,262.0206,
229.1968,,262.063,
229.797775,,262.2186,
229.970825,,262.261875,
230.2347,,262.376625,
230.248625,,262.726525,
230.438825,,262.906225,
230.44905,,262.9533,
231.352525,,263.2041,
231.5076,,263.307425,
231.522775,,263.4165,
231.6963,,263.500075,
231.9091,,263.569975,
231.96595,,263.846525,
232.271925,,264.056225,
232.5166,,264.085775,
232.5616,,264.107925,
232.626425,,264.146975,
232.642325,,264.2542,
232.64845,,264.79875,
232.925175,,264.8317,
233.307525,,264.88095,
233.3156,,264.9082,
234.2153,,265.359125,
234.5108,,265.462325,
234.602075,,265.717825,
234.62655,,265.92405,
234.731975,,266.029775,
235.100175,,266.137825,
235.1164,,266.360275,
235.149475,,266.47865,
235.21705,,266.491875,
235.646425,,266.74055,
235.9936,,266.8493,
236.007375,,266.987675,
236.324825,,267.14595,
236.39105,,267.19355,
236.893425,,267.286675,
236.9775,,267.33215,
237.114225,,267.4792,
237.22705,,267.586725,
237.4247,,267.659775,
237.61215,,267.8954,
238.607625,,267.925725,
239.3373,,268.226975,
239.879025,,268.29505,
240.005825,,268.3765,
240.150325,,268.46785,
240.58645,,268.5442,
241.226125,,269.0095,
241.241775,,269.158375,
242.31515,,269.2735,
242.5636,,269.511675,
242.9289,,269.679775,
243.0677,,269.7516,
243.279075,,269.877325,
243.840825,,269.951075,
244.19685,,270.181275,
244.600325,,270.6819,
244.7102,,270.7329,
245.163775,,270.771175,
245.21205,,270.80755,
245.247925,,271.00805,
245.422675,,271.360625,
245.585825,,271.518425,
245.76265,,271.631025,
245.910225,,271.937225,
245.990625,,271.971175,
246.021625,,272.027,
246.291425,,272.052525,
246.44425,,272.43795,
246.47445,,272.52945,
246.7157,,272.6405,
246.73145,,272.730975,
246.852875,,272.79515,
247.140175,,272.837225,
247.18335,,272.8755,
247.563075,,272.997475,
247.605875,,273.12295,
247.812925,,273.1589,
247.954325,,273.184475,
248.202675,,273.25335,
248.564525,,273.30545,
248.8563,,273.43705,
248.87945,,273.50415,
248.88935,,273.5203,
248.9201,,273.5367,
249.0075,,273.591925,
249.047975,,273.676025,
249.1112,,273.702175,
249.18675,,273.7809,
249.198275,,273.835025,
249.229375,,273.9034,
249.30395,,274.175,
249.31795,,274.275,
249.357275,,274.3033,
249.38045,,274.31965,
249.428625,,274.468625,
249.452925,,274.5165,
249.540025,,274.560125,
249.555775,,274.5919,
249.57055,,274.649675,
249.61545,,274.70475,
249.63245,,274.72915,
249.9545,,274.814425,
249.997075,,274.97405,
250.106425,,275.0972,
250.11885,,275.150675,
250.191375,,275.17375,
250.285975,,275.232225,
250.309425,,275.267075,
250.3199,,275.388125,
250.328325,,275.460425,
250.35165,,275.467925,
250.407425,,275.609725,
250.448725,,275.66245,
250.506975,,275.750075,
250.5219,,275.88825,
250.538075,,275.895175,
250.5721,,275.920225,
250.6472,,275.9738,
250.9058,,276.09085,
250.937875,,276.1502,
251.102275,,276.2765,
251.118525,,276.317975,
251.157425,,276.48925,
251.206325,,276.53115,
251.25045,,276.58105,
251.2872,,276.613375,
251.33765,,276.6709,
251.43105,,276.68245,
251.456,,276.71295,
251.508975,,276.767675,
251.551175,,276.8261,
251.566825,,276.8724,
251.62305,,276.944075,
251.637875,,276.985225,
251.6624,,277.112625,
251.764975,,277.3092,
251.816975,,277.3697,
251.853125,,277.4404,
251.869675,,277.4925,
251.898925,,277.532725,
252.06945,,277.571475,
252.121325,,277.657525,
252.162025,,277.701375,
252.19175,,277.826525,
252.233925,,277.84915,
252.245475,,277.8672,
252.296325,,277.937875,
252.40795,,278.030825,
252.5612,,278.09335,
252.639075,,278.1734,
252.6749,,278.248,
252.68285,,278.284325,
252.7854,,278.332425,
252.9429,,278.43285,
253.018075,,278.482075,
253.071775,,278.515175,
253.083725,,278.582375,
253.1088,,278.63685,
253.282,,278.7534,
253.63885,,278.98495,
253.683325,,279.055225,
253.8394,,279.09665,
254.204975,,279.12785,
254.4834,,279.187275,
254.627875,,279.242325,
254.824125,,279.311825,
254.891475,,279.59105,
254.9455,,279.839975,
255.04795,,280.186375,
255.1068,,280.261675,
255.283,,280.3973,
255.314575,,280.46005,
255.357775,,280.5607,
255.4985,,280.578525,
255.62925,,280.8557,
255.661675,,280.989175,
255.778625,,281.0337,
255.842075,,281.08435,
255.8557,,281.1351,
255.894375,,281.18335,
256.0042,,281.232775,
256.391225,,281.382975,
256.53125,,281.5077,
256.572775,,281.60685,
256.925075,,281.659425,
257.051475,,281.683725,
257.06265,,281.72105,
257.251925,,281.94095,
257.31325,,281.9705,
257.482225,,282.0774,
257.897225,,282.30065,
257.985275,,282.5408,
258.1766,,282.618175,
258.211875,,282.67015,
258.325525,,282.738175,
258.46195,,282.775775,
258.47785,,282.820525,
258.580575,,282.85145,
258.6117,,282.901125,
258.7145,,282.94315,
258.93105,,282.990775,
259.032275,,283.0618,
259.138875,,283.08115,
259.22065,,283.148475,
259.287,,283.203975,
259.3592,,283.230825,
259.4232,,283.34125,
259.7018,,283.381975,
259.778625,,283.540575,
259.9579,,283.725875,
259.9863,,283.76725,
259.995025,,283.799875,
260.036125,,283.8262,
260.084975,,283.870225,
260.105875,,283.88825,
260.14505,,283.99235,
260.163575,,284.019425,
260.21455,,284.092275,
260.236175,,284.166,
260.543375,,284.217225,
260.841675,,284.2713,
260.936625,,284.318275,
261.026375,,284.34965,
261.331575,,284.388425,
261.476075,,284.464825,
261.7278,,284.685375,
261.9141,,284.715125,
262.022475,,284.768575,
262.045,,284.89645,
262.2174,,284.924925,
262.2743,,284.9532,
262.39975,,285.013275,
262.443025,,285.137725,
262.477475,,285.303675,
262.541475,,285.39485,
262.6649,,285.418025,
262.87865,,285.422675,
262.996825,,285.430425,
263.014975,,285.499075,
263.034675,,285.730925,
263.059,,285.7528,
263.1059,,285.782125,
263.13265,,285.871025,
263.262975,,286.13805,
263.2839,,286.636675,
263.312475,,286.8715,
263.32675,,286.893375,
263.441775,,287.07865,
263.483925,,287.179125,
263.742925,,287.3387,
263.85345,,287.407425,
263.904825,,287.581725,
264.000325,,287.6473,
264.054225,,287.66625,
264.35635,,287.685625,
264.446575,,287.753725,
264.562975,,287.871225,
264.6095,,288.087575,
264.650775,,288.14915,
264.839875,,288.185075,
264.94835,,288.234025,
264.967375,,288.3321,
265.1543,,288.379275,
265.3184,,288.4807,
265.356975,,288.762725,
265.497825,,288.931025,
265.651525,,288.977275,
265.790825,,289.062875,
265.870825,,289.08735,
265.9151,,289.291125,
266.054425,,289.4596,
266.304175,,289.514175,
266.3821,,289.94995,
266.911875,,289.963325,
266.9453,,290.01825,
266.97965,,290.10425,
267.162525,,290.203275,
267.1715,,290.348825,
267.70985,,290.419925,
267.972325,,290.456375,
268.07015,,290.5077,
268.136975,,290.5195,
268.654525,,290.5566,
268.9964,,290.5958,
269.23215,,290.675375,
269.321125,,290.756775,
269.68645,,290.825575,
270.709975,,290.982925,
270.727925,,291.080925,
271.8972,,291.1656,
271.966,,291.351975,
272.026925,,291.396325,
272.069975,,291.4471,
272.20455,,291.50535,
272.29985,,291.570375,
272.695075,,291.73345,
272.752575,,291.758225,
272.7788,,291.82065,
272.86355,,291.8694,
272.96595,,291.89735,
273.036225,,291.95065,
273.09625,,291.977025,
273.110025,,292.040525,
273.1169,,292.088575,
273.181775,,292.221525,
273.223525,,292.290675,
273.276825,,292.357,
273.3215,,292.47165,
273.375675,,292.507075,
273.4801,,292.55315,
273.534875,,292.57865,
273.569175,,292.6102,
273.61335,,292.677375,
273.65605,,292.707125,
273.672075,,292.73635,
273.682125,,292.769025,
273.69325,,292.790775,
273.70205,,292.898775,
273.89655,,292.944275,
273.98995,,292.957275,
274.011825,,293.101175,
274.028625,,293.23305,
274.047875,,293.27675,
274.0664,,293.293475,
274.082175,,293.29555,
274.095925,,293.490675,
274.259025,,293.514975,
274.268825,,293.541775,
274.3154,,293.592925,
274.40215,,293.612325,
274.455275,,293.7181,
274.50515,,293.84365,
274.5657,,293.866075,
274.71665,,293.91965,
274.767975,,294.036725,
274.863025,,294.07195,
274.884175,,294.1057,
275.166075,,294.185225,
275.2287,,294.196175,
275.245475,,294.216775,
275.31485,,294.310975,
275.367125,,294.381725,
275.4773,,294.4654,
275.7352,,294.612625,
275.8113,,294.8771,
275.97245,,294.919275,
275.97375,,294.970925,
276.12705,,294.9967,
276.238825,,295.007475,
276.26615,,295.13195,
276.66375,,295.277875,
276.755275,,295.37415,
276.76545,,295.426675,
276.8699,,295.604975,
276.954175,,295.83735,
277.13885,,295.89005,
277.348075,,295.960125,
277.3583,,296.13925,
277.62065,,296.232575,
277.65085,,296.321275,
277.7052,,296.429475,
277.7292,,296.463075,
277.808675,,296.476,
277.83865,,296.5034,
277.863075,,296.6297,
277.9028,,296.6958,
277.927625,,296.9411,
277.945425,,297.050225,
277.959175,,297.070325,
278.138675,,297.12795,
278.215025,,297.23715,
278.23835,,297.42335,
278.31975,,297.582325,
278.362125,,297.66145,
278.51695,,297.806825,
278.70875,,297.89915,
278.904775,,298.119725,
278.9369,,298.228825,
279.11555,,298.284925,
279.48185,,298.448825,
279.620625,,298.53875,
279.817975,,298.58815,
279.85815,,298.61475,
280.369175,,298.751325,
280.436775,,298.785975,
280.792575,,298.8266,
280.843675,,298.869575,
281.011825,,298.9919,
281.23115,,299.022175,
281.284475,,299.118125,
281.324175,,299.1605,
281.38525,,299.207475,
281.4581,,299.245675,
281.515475,,299.274425,
281.6131,,299.2996,
281.743525,,299.40365,
281.79675,,299.531775,
281.888,,299.596875,
281.92085,,299.892525,
281.942075,,300.117425,
282.002975,,300.242375,
282.042125,,300.359275,
282.097625,,300.497525,
282.111625,,300.6161,
282.252375,,300.69505,
282.27915,,300.743775,
282.3255,,300.8593,
282.3806,,300.9061,
282.3901,,301.02165,
282.437225,,301.203875,
282.5779,,301.22955,
282.6131,,301.238875,
282.6826,,301.2878,
282.704925,,301.420875,
282.815675,,301.4563,
282.909675,,301.493325,
283.01295,,301.520975,
283.058675,,301.535875,
283.096525,,301.58855,
283.152375,,301.6896,
283.201875,,301.738275,
283.22065,,301.7834,
283.34435,,301.809775,
283.3672,,302.163725,
283.447125,,302.19045,
283.490075,,302.204525,
283.525825,,302.26245,
283.5756,,302.53325,
283.646375,,302.5731,
283.679425,,302.866575,
283.686975,,302.9397,
283.693125,,303.002,
283.774325,,303.028,
283.8523,,303.075775,
283.88675,,303.21525,
283.9054,,303.372975,
283.9844,,303.4228,
284.015275,,303.466975,
284.0358,,303.705475,
284.042425,,303.707,
284.063525,,303.7914,
284.256575,,303.961975,
284.27765,,303.9919,
284.30175,,304.04155,
284.33655,,304.079275,
284.408925,,304.11285,
284.434875,,304.196475,
284.4663,,304.2477,
284.58815,,304.398825,
284.6722,,304.581525,
284.727125,,304.71495,
284.761675,,304.79345,
284.774975,,304.989775,
284.7903,,305.16415,
284.829175,,305.195675,
284.85485,,305.210975,
284.8709,,305.2516,
284.8976,,305.437625,
284.9262,,305.6334,
284.934375,,305.657425,
284.94295,,305.7311,
285.020175,,305.77815,
285.0635,,305.839525,
285.0857,,306.049775,
285.10215,,306.1294,
285.1144,,306.36735,
285.1477,,306.451,
285.20835,,306.511525,
285.227125,,306.650525,
285.258425,,306.669675,
285.2835,,306.69005,
285.325525,,306.8605,
285.34135,,307.1138,
285.36995,,307.14745,
285.422625,,307.27695,
285.50245,,307.322,
285.5159,,307.53445,
285.553925,,307.65125,
285.80395,,307.674975,
285.818,,307.80465,
285.895025,,307.974675,
285.928275,,308.021675,
285.939925,,308.199825,
286.01365,,308.2203,
286.02075,,308.345925,
286.0594,,308.763125,
286.087675,,308.802475,
286.2551,,308.83485,
286.4223,,309.05715,
286.531325,,,
286.54285,,,
286.565325,,,
286.585075,,,
286.6067,,,
286.98475,,,
287.0871,,,
287.104975,,,
287.23,,,
287.3151,,,
287.89965,,,
288.043775,,,
288.076025,,,
288.09575,,,
288.140625,,,
288.191775,,,
288.216575,,,
288.27445,,,
288.306575,,,
288.515325,,,
288.58215,,,
288.615825,,,
288.640325,,,
288.689525,,,
288.704025,,,
288.739025,,,
288.920025,,,
289.084,,,
289.1073,,,
289.121875,,,
289.263925,,,
289.284825,,,
289.294675,,,
289.324275,,,
289.365525,,,
289.3896,,,
289.424025,,,
289.482025,,,
289.510925,,,
289.52455,,,
289.549775,,,
289.591775,,,
289.706325,,,
289.741625,,,
289.86855,,,
289.89435,,,
289.913875,,,
289.9228,,,
289.94745,,,
289.96335,,,
290.154175,,,
290.212175,,,
290.2287,,,
290.286425,,,
290.30135,,,
290.341475,,,
290.514825,,,
290.579625,,,
290.694175,,,
290.7704,,,
290.7788,,,
290.8964,,,
290.947075,,,
290.99425,,,
291.045225,,,
291.08535,,,
291.12495,,,
291.23775,,,
291.26345,,,
291.292425,,,
291.303275,,,
291.330475,,,
291.373325,,,
291.395275,,,
291.40675,,,
291.4459,,,
291.481575,,,
291.5117,,,
291.5248,,,
291.54245,,,
291.57405,,,
291.589675,,,
291.6351,,,
291.6965,,,
291.719925,,,
291.7266,,,
291.75915,,,
291.78535,,,
291.7971,,,
291.8242,,,
291.87065,,,
292.03115,,,
292.048425,,,
292.081625,,,
292.149525,,,
292.1923,,,
292.218675,,,
292.461975,,,
292.47685,,,
292.49105,,,
292.50325,,,
292.51725,,,
292.55,,,
292.57415,,,
292.59105,,,
292.621575,,,
292.631325,,,
292.649225,,,
292.665,,,
292.68205,,,
292.707775,,,
292.751225,,,
292.838,,,
292.8839,,,
292.93795,,,
292.993475,,,
293.0219,,,
293.088375,,,
293.165475,,,
293.184175,,,
293.31725,,,
293.33325,,,
293.37245,,,
293.47465,,,
293.501225,,,
293.513875,,,
293.547375,,,
293.7627,,,
293.79155,,,
293.808525,,,
293.83055,,,
293.882275,,,
293.944675,,,
293.989975,,,
294.0159,,,
294.081225,,,
294.124625,,,
294.148825,,,
294.211075,,,
294.241975,,,
294.286325,,,
294.33245,,,
294.35585,,,
294.37165,,,
294.458225,,,
294.483275,,,
294.513475,,,
294.546475,,,
294.743,,,
294.770525,,,
294.808125,,,
294.860525,,,
294.9329,,,
294.9881,,,
295.001475,,,
295.0398,,,
295.069325,,,
295.0825,,,
295.21295,,,
295.321075,,,
295.436675,,,
295.4456,,,
295.47525,,,
295.82105,,,
295.89215,,,
296.1014,,,
296.1514,,,
296.407025,,,
296.502125,,,
296.5951,,,
296.70355,,,
296.783525,,,
296.79945,,,
296.867475,,,
296.952,,,
297.183175,,,
297.196175,,,
297.30305,,,
297.4254,,,
297.461275,,,
297.49735,,,
297.510525,,,
297.5579,,,
297.567,,,
297.719575,,,
297.794325,,,
297.98605,,,
298.00455,,,
298.139825,,,
298.2398,,,
298.379375,,,
298.549575,,,
298.5736,,,
298.593525,,,
298.656,,,
298.733425,,,
298.742275,,,
298.798375,,,
298.848775,,,
298.898625,,,
298.919625,,,
298.936375,,,
298.94695,,,
298.962775,,,
298.977675,,,
299.025375,,,
299.04335,,,
299.06495,,,
299.0819,,,
299.119375,,,
299.17335,,,
299.350475,,,
299.367625,,,
299.384525,,,
299.397925,,,
299.49465,,,
299.50245,,,
299.605075,,,
299.675675,,,
299.739075,,,
299.78375,,,
299.81025,,,
299.891325,,,
299.952475,,,
299.979825,,,
299.9884,,,
300.11205,,,
300.14115,,,
300.220725,,,
300.24985,,,
300.317,,,
300.3718,,,
300.38935,,,
300.398925,,,
300.41295,,,
300.465025,,,
300.492425,,,
300.588675,,,
300.71955,,,
300.862375,,,
300.878625,,,
300.913475,,,
301.01995,,,
301.169075,,,
301.185375,,,
301.207625,,,
301.313,,,
301.323975,,,
301.4872,,,
301.495925,,,
301.533825,,,
301.5918,,,
301.665575,,,
301.770575,,,
301.951425,,,
301.989475,,,
302.1361,,,
302.155675,,,
302.191475,,,
302.40955,,,
302.43025,,,
302.46465,,,
302.5675,,,
302.649025,,,
302.663275,,,
302.7259,,,
302.80675,,,
302.821825,,,
302.925575,,,
303.0939,,,
303.107225,,,
303.129175,,,
303.221825,,,
303.276225,,,
303.3537,,,
303.4734,,,
303.70695,,,
303.7328,,,
303.7451,,,
303.7867,,,
303.9294,,,
304.0934,,,
304.20835,,,
304.2413,,,
304.28555,,,
304.49205,,,
304.5832,,,
304.6835,,,
304.736075,,,
304.784775,,,
304.8311,,,
305.04135,,,
305.1972,,,
305.315625,,,
305.474725,,,
305.54695,,,
305.6715,,,
305.820875,,,
306.0399,,,
306.10375,,,
306.161775,,,
306.365925,,,
306.420875,,,
306.453875,,,
306.518375,,,
306.54845,,,
306.628325,,,
306.640725,,,
306.662125,,,
306.7074,,,
306.8462,,,
306.871325,,,
307.15995,,,
307.285975,,,
307.334025,,,
307.371525,,,
307.383625,,,
307.4652,,,
307.487775,,,
307.6071,,,
307.63405,,,
307.653375,,,
307.6805,,,
307.7314,,,
307.8792,,,
307.902075,,,
308.069075,,,
308.085475,,,
308.09775,,,
308.19195,,,
308.433725,,,
308.44825,,,
308.511475,,,
308.5332,,,
308.6935,,,
308.713525,,,
308.97965,,,
