SPK_SPKC04a (late exc?),SPK_SPKC04b (inhi/exc),SPK_SPKC05a (exc/inhi)
1.158625,0.001425,1.2706
1.59025,0.05705,2.4425
1.856725,0.151925,2.543625
2.0401,0.260225,3.2414
2.6215,0.281225,3.2445
2.82375,0.2951,3.522475
3.415575,0.318875,3.802025
3.670275,0.344675,4.4994
3.915775,0.46285,4.55215
4.57905,0.500075,4.65815
4.8533,0.5639,5.246825
5.270275,0.588575,5.5467
7.69775,0.610675,5.668325
8.288275,0.65845,6.275575
8.695675,0.683025,6.318025
9.1981,0.7202,6.396525
9.2341,0.82625,6.8457
9.328725,0.8607,7.055275
9.4423,0.9268,8.02685
9.779175,0.946625,8.109975
10.5612,0.9695,8.69715
10.7383,1.005625,8.818625
10.860625,1.076175,8.864525
11.320825,1.16165,10.10525
11.536925,1.219625,11.287775
11.626425,1.295,11.9789
12.02525,1.335425,12.2367
12.5075,1.36865,12.524175
12.627475,1.48025,12.839025
12.84185,1.543625,12.9197
12.9238,1.567,12.943225
13.49625,1.60735,12.94875
13.866375,1.668925,12.9553
14.268675,1.682725,12.9586
14.4688,1.696325,12.99555
14.9077,1.7189,13.053025
15.25575,1.735825,13.120175
15.474,1.8517,13.4156
15.659575,1.8811,13.542025
16.256925,1.9195,13.612125
16.3806,1.955875,13.73465
17.395925,2.00075,14.871075
17.539325,2.03525,14.949775
17.834875,2.0821,15.001025
17.94045,2.101025,15.579875
18.0775,2.12785,16.1091
18.244825,2.151025,16.412825
18.428425,2.183275,16.413875
18.53435,2.232575,17.014225
18.697,2.31685,17.24765
18.958825,2.378075,17.704025
19.2348,2.4455,17.9209
19.26215,2.461625,18.03775
19.28685,2.47685,18.29915
19.37255,2.504625,18.5329
19.592575,2.607675,18.593925
20.52215,2.630625,18.956425
21.256075,2.641375,19.033425
21.628925,2.668425,19.8681
21.69745,2.6899,20.099425
23.1629,2.712,20.945475
23.273725,2.772,21.440475
23.420175,2.87925,21.5324
23.4793,2.92885,21.89055
23.710375,2.9969,22.012025
23.80545,3.037725,22.48195
23.82645,3.08335,22.759475
23.915775,3.132625,22.8204
24.01535,3.18055,24.0978
24.41215,3.2209,24.152575
25.866225,3.24675,24.1614
26.372275,3.270725,24.243025
26.475725,3.3277,24.327025
28.003625,3.361025,24.34735
28.0747,3.39735,24.41525
29.19025,3.42855,24.59085
29.500475,3.452,24.817575
30.0237,3.476425,25.131775
30.607825,3.5127,25.221775
30.7476,3.57775,25.6644
30.807875,3.615975,26.891025
31.574975,3.673375,26.981775
31.64715,3.71095,27.1677
32.60115,3.759275,27.170675
32.645525,3.790525,27.173725
32.78405,3.8126,27.5168
33.410475,3.87485,27.6068
34.653025,3.91735,27.733175
35.034675,3.97705,28.125725
35.082725,4.028175,28.2282
35.179775,4.10195,28.3212
35.460575,4.1325,28.5016
36.115325,4.162875,28.649625
37.036175,4.18455,28.700275
37.1618,4.2081,29.059475
37.357,4.2315,29.298825
37.6279,4.2601,29.38305
37.704175,4.373125,29.73475
37.88655,4.3888,29.80905
38.1489,4.39935,29.8933
38.314375,4.421225,30.2896
38.515525,4.4441,30.340625
38.592275,4.476425,30.40655
40.714875,4.50015,30.501075
41.000025,4.54795,30.600075
41.730425,4.593675,30.961625
41.9849,4.67525,31.0043
44.13665,4.803575,31.124075
44.508475,4.84215,31.171125
44.94795,4.9002,31.26825
45.276225,4.971425,31.36595
45.7104,5.041975,31.55655
45.994725,5.07215,31.561275
46.729275,5.1468,32.347825
46.75535,5.19145,32.9198
46.88985,5.313375,32.95115
47.2664,5.358025,32.98985
47.40605,5.4199,33.425425
47.50545,5.44955,33.861075
47.56805,5.474325,35.29445
47.70565,5.497975,35.836925
47.8594,5.51315,35.8742
48.140475,5.527125,35.8832
48.7607,5.655225,35.92145
48.9171,5.698375,35.971725
49.589475,5.736875,35.9875
49.85445,5.7918,36.0725
50.012,5.870775,36.223475
50.7,5.909325,36.284725
50.7421,5.99895,36.506
51.1086,6.05565,36.5349
51.7352,6.094225,36.6031
52.326125,6.125425,36.641925
53.211975,6.149525,36.764925
53.500675,6.184325,36.891375
53.890725,6.292675,36.987625
54.48105,6.35185,37.08585
54.571025,6.371325,37.16555
54.81765,6.40455,37.265475
55.0415,6.4336,37.545875
55.1233,6.470925,37.6147
55.185525,6.486525,37.731675
55.231175,6.504525,37.9211
55.3965,6.527875,38.311675
55.4342,6.675725,38.4841
55.571925,6.71,38.73265
55.9289,6.749475,39.261125
55.98595,6.793675,39.53945
56.435225,6.81465,39.56635
56.525025,6.875925,39.571925
56.587525,6.9115,39.610425
57.1982,6.9444,39.794225
57.3648,6.969975,39.93505
57.648625,6.9848,40.1857
57.869275,7.0155,40.289075
57.955325,7.0434,40.678925
58.0557,7.10485,40.748125
59.66685,7.196775,41.01395
59.9854,7.2193,41.189725
60.221825,7.2434,41.33625
60.7602,7.297775,41.3932
60.7999,7.319975,41.41755
61.032025,7.372175,41.4913
61.357775,7.390575,41.592875
61.408475,7.4539,41.7612
61.72065,7.4735,41.8165
62.005,7.500425,41.8717
62.8942,7.5246,41.9395
62.967125,7.549725,42.0615
63.124875,7.59355,42.4004
63.481725,7.615,42.457
63.62645,7.639725,42.491625
63.7111,7.6938,42.9448
63.799675,7.73985,42.96275
63.971425,7.7688,43.2791
64.352625,7.892175,43.6082
64.62875,7.9221,43.62535
64.841275,7.963175,43.954175
64.87915,8.01015,44.11935
65.256825,8.0324,44.1385
65.780075,8.066225,44.145
66.639925,8.097675,44.610375
66.899225,8.1095,45.243525
67.159375,8.139675,45.6376
67.2852,8.184075,45.674625
67.578725,8.202225,46.1617
67.704975,8.2377,46.17
67.900125,8.262225,46.253475
68.008825,8.3001,46.35545
68.1208,8.336,46.38795
68.1598,8.362625,46.909825
69.0919,8.427325,47.04585
70.318975,8.4653,47.4409
70.358,8.4868,47.49165
70.7572,8.512025,47.87455
70.941875,8.557,48.0638
71.100575,8.56735,48.07705
71.313125,8.601525,48.08325
71.485475,8.621425,48.09165
71.59085,8.6444,48.131425
71.91415,8.683825,48.1972
72.237275,8.714925,48.2292
72.294375,8.761625,48.5851
72.6484,8.930275,48.93635
72.987625,8.98975,49.54215
73.16305,9.0969,49.764325
73.371525,9.147225,52.573975
73.7474,9.182675,53.015675
74.8084,9.2486,53.34555
75.5845,9.305975,53.365425
75.798025,9.356725,53.79295
75.891,9.433325,53.866525
75.96525,9.496575,53.8832
76.170875,9.54105,53.887275
77.191525,9.579275,53.922475
77.2872,9.651875,53.96765
78.312925,9.6757,54.0062
78.9306,9.708825,54.0329
79.15305,9.7447,54.074175
79.5581,9.79145,54.3726
80.06785,9.8484,54.421825
80.224025,9.9045,54.5787
80.4817,9.92675,54.749875
80.5432,9.970325,55.01845
80.945475,10.01485,55.194325
80.9829,10.1173,55.299325
81.071275,10.1834,55.8096
81.17475,10.20295,55.84985
81.3392,10.246475,55.8773
81.35955,10.2917,56.24235
81.41315,10.3336,56.399175
81.73035,10.363775,56.506325
81.855775,10.431575,56.70885
82.271025,10.455325,56.829725
82.3668,10.515375,57.084175
82.612275,10.5423,57.6704
82.642475,10.582375,57.82615
82.87855,10.61285,58.969625
83.59825,10.6692,59.060175
84.123075,10.715875,59.559025
84.14445,10.743325,60.250725
84.3817,10.79055,60.5151
84.44735,10.8156,60.5338
84.8996,10.839,60.79545
84.982625,10.86285,61.019675
85.226375,10.876825,61.04755
85.631875,10.88725,61.068475
85.94145,10.94905,61.115425
86.801475,10.9672,61.15955
87.228,10.989875,61.2527
87.601925,11.016375,61.267325
88.71835,11.098275,61.3454
89.814725,11.188575,61.5257
90.07245,11.20565,61.698425
90.1446,11.2242,61.79685
90.3436,11.242925,61.932725
90.768125,11.287775,62.3872
91.287775,11.315425,62.4245
91.6638,11.361575,62.49375
91.9394,11.387375,62.6482
92.110425,11.44165,62.837325
92.325675,11.466275,62.875
92.460325,11.48945,62.8898
92.524725,11.51425,63.472925
92.715325,11.542225,63.602475
92.800325,11.642325,63.68665
93.35865,11.682925,63.7453
93.993625,11.69765,63.871
94.031825,11.727975,64.227725
94.233075,11.750825,64.3049
94.33295,11.8281,64.4149
94.460075,11.934375,64.5355
94.66085,11.9932,64.63485
94.7623,12.0175,64.961175
95.026925,12.033325,65.11755
95.369025,12.052475,65.390775
95.448875,12.069725,65.466725
96.182975,12.120875,65.647675
96.52455,12.141175,65.740625
96.7514,12.16765,65.842925
96.90405,12.2256,65.9663
97.01995,12.263275,66.10735
97.5213,12.2905,66.2374
97.66075,12.3416,66.400325
97.971525,12.372325,66.597825
98.631875,12.39965,66.987475
98.752,12.465425,67.041125
99.264075,12.511825,67.33545
99.682875,12.553975,67.4829
99.737575,12.5848,67.630675
99.856,12.63765,67.7351
100.36205,12.69035,67.828225
100.617075,12.7999,67.881275
101.62845,12.82825,67.950025
101.99245,12.8727,68.0407
102.28985,12.935075,68.137725
102.4975,12.94885,68.264125
102.668175,13.03055,68.2692
102.7356,13.0541,68.272275
103.6896,13.07175,68.414825
104.091525,13.135925,68.5025
104.16735,13.225325,68.518725
104.249675,13.265825,68.637225
104.449225,13.318325,68.8305
104.5832,13.339175,68.9293
104.793375,13.363375,69.03935
105.27665,13.3918,69.21395
105.365925,13.416,69.366525
105.665,13.441825,69.570475
106.3405,13.477125,69.733425
107.000125,13.505575,70.0328
107.10785,13.5801,70.248375
107.202275,13.6541,70.438575
107.42905,13.7062,70.532875
107.542225,13.739775,70.712375
107.955675,13.764925,71.35865
108.236325,13.800125,71.382125
108.32805,13.8222,71.42155
108.548475,13.859425,71.4723
108.67,13.917125,71.505
108.90105,13.9476,71.854375
109.152175,13.9908,71.9417
109.27875,14.026375,71.974925
109.6642,14.0654,72.22865
110.09265,14.113525,72.47105
110.22635,14.17525,72.720175
110.37645,14.225025,73.2453
110.7618,14.257725,73.4893
111.0862,14.27465,73.552125
111.1081,14.30815,74.12745
111.309675,14.330675,74.165025
111.388925,14.353475,74.1948
111.4432,14.41405,74.236225
111.538925,14.445725,74.278475
111.6668,14.478025,74.539125
111.953775,14.49725,74.7228
112.2573,14.517,74.91295
112.308525,14.530975,75.3783
113.004975,14.583275,75.8392
113.172175,14.61535,76.0079
113.176,14.6542,76.029475
113.27715,14.7276,76.050275
113.282575,14.75225,76.118575
113.687125,14.780675,76.304
113.99875,14.826075,76.39705
114.121225,14.864575,76.58685
114.42155,14.902275,76.95565
115.403725,14.969875,77.14695
115.5133,15.066925,77.256575
115.713325,15.077275,77.289225
115.905275,15.1012,77.656725
115.97165,15.157975,77.782525
116.70435,15.192,77.8398
116.7596,15.222175,78.29035
116.901825,15.245825,78.3604
117.095625,15.288,78.7465
117.249175,15.306875,78.8189
117.36975,15.35825,78.84525
117.765425,15.38635,79.1205
117.80625,15.40715,79.238325
117.962575,15.441775,79.302675
119.018475,15.470425,79.368925
119.3829,15.55255,79.379875
119.5099,15.57875,79.38175
119.5856,15.6275,79.6922
119.654575,15.65445,79.78325
120.06755,15.706525,79.9112
120.13725,15.747175,80.198725
120.8444,15.791225,80.239325
121.02175,15.819425,80.55635
121.179225,15.8275,80.602125
121.3235,15.8625,80.6825
121.786475,15.890425,80.966875
121.851475,15.92915,81.006625
121.885725,16.033825,81.009525
122.208275,16.056125,81.322325
122.8454,16.0822,81.343125
122.8869,16.11905,81.73905
122.95725,16.14085,81.8433
123.061425,16.155375,81.910525
123.06905,16.180675,82.0975
123.23955,16.192525,82.10655
123.285675,16.2105,82.1083
123.321125,16.2248,82.5439
123.368,16.25325,82.992375
123.4398,16.2877,83.419975
123.597275,16.316475,83.4597
123.829025,16.333,83.814975
123.864775,16.446525,83.95205
123.922675,16.4699,83.996875
124.04275,16.525375,84.010275
124.179925,16.598675,84.0316
124.85195,16.633675,84.51865
125.010775,16.7349,84.570475
125.202325,16.76425,87.053625
125.26945,16.792775,87.912075
125.371625,16.881525,88.194625
125.5863,16.968475,88.220725
125.824025,17.00745,88.27435
126.19185,17.06035,88.846225
126.27235,17.097,90.190275
126.39385,17.140225,90.354775
126.54485,17.190225,90.712675
126.6351,17.215725,94.9313
126.6659,17.3017,95.009875
126.699675,17.345775,96.220475
126.951,17.380025,98.384775
126.9924,17.40705,100.379625
127.201375,17.424125,100.846825
127.2248,17.457825,102.204575
127.48525,17.5515,102.508475
127.749975,17.585175,103.39145
127.9605,17.61625,105.689625
128.006875,17.640725,107.716
128.153575,17.6683,107.77925
128.405375,17.687725,107.782725
128.72205,17.703825,107.82445
128.8728,17.7312,107.842475
128.955175,17.78835,107.9807
129.36985,17.90955,108.272575
129.408175,17.94295,108.28515
129.554475,17.980475,109.13625
130.15805,18.0083,110.510775
130.427125,18.02185,110.87235
130.541325,18.0492,111.052475
130.597775,18.068225,111.356625
130.909475,18.08475,111.7434
131.012075,18.097575,111.811525
131.27005,18.11815,113.192975
131.324925,18.133775,113.210975
131.4043,18.14965,113.89785
131.55765,18.171325,113.9011
132.168025,18.237675,114.82975
132.8145,18.29305,114.8498
133.20825,18.334975,118.782125
133.243425,18.35785,120.488325
133.629725,18.367675,120.9391
133.7631,18.386175,121.360775
133.8217,18.401675,121.548725
134.483325,18.433375,121.6666
134.7493,18.4661,122.529225
134.99025,18.490925,122.8226
135.321025,18.5064,123.16105
135.922025,18.522475,123.6525
136.2563,18.546725,124.16045
136.497075,18.576775,124.171325
136.667125,18.599675,124.7887
136.699275,18.6261,125.297425
137.49665,18.64465,126.3431
138.01905,18.67695,128.344775
138.222325,18.682225,129.62275
138.289525,18.7027,130.410875
138.37225,18.75995,130.4387
138.50855,18.84795,130.4772
138.954725,18.89365,131.4247
139.28885,19.032175,131.961825
139.353325,19.05695,132.071025
139.581325,19.075825,132.882125
139.6934,19.101725,134.08985
140.173175,19.1453,134.83065
140.270025,19.254425,134.91545
140.8921,19.29005,135.624975
140.904925,19.319525,135.725125
140.971275,19.3545,136.32115
141.171475,19.4011,136.401825
141.2102,19.478875,136.445725
141.36975,19.527075,136.62215
141.421975,19.5555,136.656425
141.504875,19.595225,136.710725
141.540125,19.63545,136.966475
141.580625,19.7077,137.388525
142.188875,19.748775,137.45765
142.54735,19.786075,138.26115
142.81355,19.8022,139.7441
142.877175,19.852625,139.845225
143.00675,19.8727,139.8472
143.184375,19.898775,140.3396
143.652525,19.95925,140.691175
143.768825,20.018375,140.726525
143.863975,20.064575,140.731575
143.89765,20.146625,140.748975
144.02935,20.167075,140.761125
144.0707,20.188125,141.2677
144.36525,20.210475,141.306675
144.65175,20.2698,141.324975
144.85205,20.30215,141.328075
145.33795,20.351725,141.404625
145.4372,20.3782,141.444325
145.595275,20.39885,141.87225
145.73315,20.422975,142.744775
145.800425,20.46005,142.771475
145.83985,20.535575,143.267325
146.52,20.59065,143.3043
147.075325,20.610075,144.22585
147.19125,20.6378,145.082125
147.2179,20.659375,145.789875
147.276925,20.7062,145.823325
147.588025,20.734,145.8459
147.707075,20.7715,145.8506
147.87085,20.803,146.152225
148.06295,20.821825,147.588425
148.5027,20.852425,148.0687
148.615175,20.870325,148.258425
148.657375,20.9083,148.42655
149.073575,20.9933,148.959725
149.152125,21.03775,148.965775
149.2844,21.0812,149.274475
149.931,21.095625,149.2863
149.9735,21.112675,149.28875
150.10125,21.1558,149.302475
150.139775,21.20395,149.306475
150.233175,21.234975,149.313075
150.350425,21.266025,149.365875
150.387775,21.284675,149.3752
150.55635,21.31,149.8364
150.930275,21.332175,151.414325
151.044375,21.348125,152.196975
151.32275,21.382975,152.24585
151.36495,21.443575,152.285175
151.420825,21.4857,152.961125
151.889775,21.535725,152.99445
152.65885,21.56045,153.463175
152.73265,21.598075,153.68955
152.8305,21.7239,153.71875
152.914175,21.8051,153.757725
153.0267,21.825475,154.105725
153.104475,21.839625,154.2134
153.287425,21.85225,155.069225
153.56755,21.87,155.321175
153.692175,21.882675,155.45305
153.809225,21.897725,155.68935
154.322375,21.948,155.885725
154.65155,21.99355,156.0156
154.722875,22.00775,156.34685
154.761575,22.034675,156.4379
154.8524,22.07805,156.626375
154.900475,22.134175,156.694775
154.9182,22.1785,156.862625
155.0569,22.209375,157.499075
155.321825,22.223,157.577175
155.51005,22.2509,157.7047
155.587075,22.27275,157.708975
155.771325,22.3025,158.100725
156.14015,22.39945,158.708775
156.392175,22.4348,159.227475
156.6588,22.48015,159.677475
156.912325,22.50625,160.44765
156.964425,22.5397,160.60225
157.20905,22.651775,160.62675
158.02,22.70925,160.6755
158.102375,22.7673,160.69665
158.24595,22.84495,160.71125
158.594275,22.873875,160.72585
158.6378,22.89815,160.746
158.892825,22.9575,160.880575
159.0265,22.997575,160.929825
159.579,23.01775,160.997225
160.6374,23.068375,161.0129
160.647425,23.178875,161.324725
160.85505,23.255025,161.598425
161.042125,23.294925,161.820875
161.32145,23.31945,162.023425
161.43555,23.362575,162.292175
161.495725,23.39,162.542525
161.6007,23.425075,162.583725
161.725125,23.45345,162.705725
161.73025,23.49055,163.080325
161.960975,23.5137,163.383725
162.57675,23.5509,163.386675
162.64785,23.58115,163.47515
162.9224,23.60465,163.5093
164.007275,23.62115,163.54605
164.416475,23.685125,163.561975
164.7943,23.699225,163.7515
165.93585,23.7284,163.759
166.7821,23.74445,164.075575
166.829875,23.764175,164.33725
167.237075,23.84015,164.619575
167.430075,23.867075,165.011625
168.127275,24.00315,165.316675
168.3693,24.020825,165.721925
169.478,24.035225,165.76205
169.554925,24.05895,165.91475
169.65775,24.08645,166.123125
169.71765,24.10295,166.5339
169.774975,24.1181,166.624525
169.81425,24.136175,167.012075
169.8291,24.1584,167.1253
169.852575,24.1702,167.33585
169.8659,24.1874,167.35885
169.891325,24.2051,167.570975
170.38385,24.235925,167.802525
170.412275,24.26375,167.984625
170.780275,24.296275,168.34375
170.9656,24.40575,168.370525
170.997475,24.453,168.419175
171.439925,24.471025,168.550625
171.589425,24.5018,168.704475
171.972225,24.5289,169.4447
172.1788,24.54335,169.483525
172.356325,24.56755,169.543
172.376625,24.5935,169.676325
172.6043,24.625775,169.725375
172.99265,24.682,169.804025
173.257475,24.756225,170.172
173.3789,24.8603,170.50275
173.54545,24.880425,170.562425
173.9412,24.9125,170.6141
174.131625,24.92975,170.73315
174.2998,24.961075,170.9048
174.6012,24.9773,170.949925
174.769075,24.999675,171.04865
174.7988,25.02805,171.195225
174.81695,25.045725,171.2585
174.9173,25.06175,171.587825
174.94925,25.121625,171.95775
175.003,25.15725,172.0872
175.133525,25.17735,172.23135
175.59765,25.24645,172.25615
175.628725,25.266225,172.2924
175.716625,25.301325,172.690325
175.850375,25.347325,172.733125
175.885525,25.36985,172.7802
175.9233,25.391625,172.9979
175.946975,25.424425,173.061125
176.4513,25.452025,173.099725
176.49535,25.49045,173.551775
176.685925,25.5686,173.559
176.803775,25.6058,173.588425
176.983625,25.6318,173.713925
177.03005,25.682425,173.86175
177.05335,25.744325,174.001175
177.07605,25.802975,174.025375
177.090425,25.834125,174.66915
177.358075,25.854825,174.6724
177.502575,25.898375,175.324125
177.888425,25.9437,175.5597
177.986275,25.9648,175.681775
178.017075,25.975525,175.91215
178.13745,26.0004,176.191075
178.45405,26.048275,176.703625
178.867275,26.0873,176.828075
179.05535,26.15335,177.6403
179.17085,26.232475,177.83985
179.2247,26.261225,178.259525
179.322125,26.32285,178.7332
179.45605,26.357875,182.012475
179.586425,26.429975,184.062325
179.627125,26.472675,185.38875
179.7123,26.49225,186.2686
179.854875,26.514625,187.33185
179.921125,26.556575,187.7931
179.95825,26.579325,188.30585
179.9998,26.594525,188.700625
180.058925,26.6091,188.7825
180.1871,26.636125,190.41455
180.898625,26.6623,190.889975
181.403725,26.6811,193.3242
181.4985,26.7251,195.38845
181.6503,26.7452,196.5432
181.852075,26.760975,
182.34245,26.7859,
182.59825,26.799525,
182.983575,26.810825,
183.229475,26.826375,
183.488525,26.84515,
183.5806,26.863325,
183.8876,26.920925,
184.4307,26.93985,
184.45745,26.960125,
184.734425,26.9693,
184.86785,26.987375,
184.916825,27.046475,
184.93905,27.061025,
185.30115,27.0936,
186.124825,27.121275,
186.336625,27.157725,
187.1287,27.1654,
187.2283,27.18035,
187.3873,27.19965,
187.4904,27.293375,
187.836725,27.3128,
187.925325,27.32785,
187.97935,27.338975,
188.940975,27.36655,
189.062075,27.391375,
189.284325,27.4223,
189.571875,27.45245,
189.726525,27.4951,
189.883925,27.52335,
189.9324,27.543875,
190.003225,27.581175,
190.09575,27.6013,
190.234975,27.622975,
190.25975,27.683725,
190.547175,27.731075,
190.637775,27.778225,
190.8045,27.81075,
190.874,27.87555,
191.1285,27.939775,
191.217125,27.9692,
191.264625,27.99355,
191.49435,28.026225,
191.779075,28.084575,
192.0572,28.10175,
192.2601,28.189875,
192.481475,28.210525,
192.5688,28.22425,
192.671275,28.253,
193.092,28.29055,
193.21365,28.34355,
193.456675,28.38585,
193.557575,28.4657,
193.619425,28.509725,
193.845625,28.552475,
194.21345,28.56625,
194.375875,28.57895,
194.490575,28.61345,
194.5246,28.6485,
194.6577,28.719,
194.9429,28.78325,
195.480225,28.80755,
195.544975,28.83105,
196.004725,28.858525,
196.0775,28.914775,
196.523075,28.9619,
196.700725,29.01985,
196.7651,29.135725,
196.8544,29.171425,
197.5233,29.186725,
197.626425,29.2245,
197.940825,29.27695,
198.39905,29.302725,
198.530125,29.32055,
199.085875,29.38585,
199.161075,29.4459,
199.4822,29.479975,
,29.541825,
,29.58,
,29.603275,
,29.62095,
,29.64445,
,29.67355,
,29.6966,
,29.712075,
,29.78105,
,29.8084,
,29.89795,
,29.956025,
,29.9998,
,30.11005,
,30.143325,
,30.166925,
,30.1925,
,30.234975,
,30.2565,
,30.30955,
,30.3381,
,30.36795,
,30.402825,
,30.4511,
,30.48375,
,30.5313,
,30.553125,
,30.584725,
,30.61145,
,30.63735,
,30.66585,
,30.682775,
,30.6976,
,30.729775,
,30.749825,
,30.84205,
,30.881475,
,30.888975,
,30.901625,
,30.917525,
,30.9472,
,30.9787,
,31.0042,
,31.025975,
,31.05415,
,31.062475,
,31.13135,
,31.150625,
,31.170225,
,31.2068,
,31.24795,
,31.289525,
,31.4194,
,31.44775,
,31.471575,
,31.521,
,31.551725,
,31.5725,
,31.600625,
,31.6593,
,31.6797,
,31.702375,
,31.736175,
,31.77305,
,31.8182,
,31.84865,
,31.97935,
,32.02955,
,32.065975,
,32.138125,
,32.162875,
,32.18575,
,32.20965,
,32.2565,
,32.454425,
,32.4927,
,32.5093,
,32.5412,
,32.573375,
,32.619675,
,32.650025,
,32.6907,
,32.83135,
,32.8765,
,32.88625,
,32.897175,
,32.905975,
,32.9413,
,32.9587,
,32.9809,
,33.0112,
,33.0282,
,33.0542,
,33.0688,
,33.08915,
,33.113725,
,33.13655,
,33.24375,
,33.324825,
,33.349025,
,33.3809,
,33.450475,
,33.4795,
,33.507,
,33.534375,
,33.5614,
,33.577625,
,33.589675,
,33.669225,
,33.6946,
,33.71065,
,33.7432,
,33.766525,
,33.7864,
,33.806825,
,33.8224,
,33.8497,
,33.895775,
,33.920425,
,33.950725,
,33.985125,
,34.028025,
,34.046675,
,34.067625,
,34.095025,
,34.12465,
,34.141775,
,34.1539,
,34.174075,
,34.1893,
,34.229925,
,34.25945,
,34.319575,
,34.38815,
,34.4544,
,34.478425,
,34.503525,
,34.526925,
,34.567725,
,34.587175,
,34.603225,
,34.623525,
,34.659575,
,34.73985,
,34.7588,
,34.8083,
,34.842525,
,34.882125,
,34.904,
,34.92185,
,34.9418,
,34.970725,
,35.024125,
,35.08595,
,35.112325,
,35.1442,
,35.167075,
,35.198275,
,35.2084,
,35.22705,
,35.24055,
,35.25445,
,35.272725,
,35.308325,
,35.342075,
,35.365125,
,35.386275,
,35.399725,
,35.425925,
,35.45545,
,35.5111,
,35.5856,
,35.617275,
,35.637425,
,35.666075,
,35.7032,
,35.731375,
,35.74505,
,35.768475,
,35.801775,
,35.814875,
,35.83695,
,35.849125,
,35.9035,
,35.940175,
,35.9586,
,35.97545,
,35.985925,
,36.00085,
,36.024225,
,36.03455,
,36.06735,
,36.0804,
,36.0957,
,36.144425,
,36.18745,
,36.20565,
,36.241875,
,36.26675,
,36.311775,
,36.3494,
,36.413625,
,36.456225,
,36.502025,
,36.518975,
,36.535825,
,36.58145,
,36.61285,
,36.63225,
,36.68585,
,36.712775,
,36.7462,
,36.76535,
,36.780925,
,36.839475,
,36.849825,
,36.8694,
,36.9012,
,36.9183,
,36.9349,
,37.00165,
,37.020025,
,37.034375,
,37.052875,
,37.068425,
,37.08925,
,37.139725,
,37.1631,
,37.1925,
,37.248525,
,37.2864,
,37.31395,
,37.3387,
,37.3707,
,37.399525,
,37.421475,
,37.4375,
,37.46755,
,37.502825,
,37.528125,
,37.5706,
,37.6077,
,37.63755,
,37.666725,
,37.685325,
,37.715875,
,37.74295,
,37.76905,
,37.790625,
,37.8298,
,37.85245,
,37.867175,
,37.906075,
,37.922875,
,37.9499,
,38.065375,
,38.117775,
,38.1392,
,38.190325,
,38.2146,
,38.248675,
,38.285575,
,38.303675,
,38.326675,
,38.34185,
,38.37045,
,38.400975,
,38.42265,
,38.441975,
,38.48165,
,38.528,
,38.568675,
,38.59795,
,38.62275,
,38.639125,
,38.65575,
,38.6706,
,38.71835,
,38.7371,
,38.753975,
,38.767675,
,38.7811,
,38.815325,
,38.850225,
,38.871175,
,38.909225,
,38.940875,
,38.9709,
,39.007975,
,39.0307,
,39.04335,
,39.075975,
,39.1101,
,39.13865,
,39.161325,
,39.1822,
,39.20575,
,39.2336,
,39.2475,
,39.2925,
,39.323225,
,39.43545,
,39.49685,
,39.526025,
,39.537625,
,39.551225,
,39.56645,
,39.581975,
,39.59405,
,39.606975,
,39.619525,
,39.645525,
,39.6643,
,39.68295,
,39.713025,
,39.766325,
,39.800525,
,39.82485,
,39.875225,
,39.900875,
,39.920375,
,39.954425,
,39.976625,
,40.0082,
,40.053125,
,40.0826,
,40.114275,
,40.142075,
,40.16605,
,40.210875,
,40.275025,
,40.299825,
,40.3237,
,40.353875,
,40.376175,
,40.39645,
,40.438425,
,40.469225,
,40.52545,
,40.58625,
,40.604975,
,40.615275,
,40.636375,
,40.661475,
,40.7066,
,40.730275,
,40.763075,
,40.7802,
,40.816825,
,40.8408,
,40.8642,
,40.8962,
,40.945475,
,40.988525,
,41.16795,
,41.18975,
,41.243275,
,41.291125,
,41.35045,
,41.377425,
,41.40045,
,41.41195,
,41.428175,
,41.440875,
,41.4709,
,41.4864,
,41.511475,
,41.531975,
,41.5573,
,41.582775,
,41.638575,
,41.666475,
,41.686,
,41.7159,
,41.769175,
,41.797,
,41.847825,
,41.877475,
,41.920725,
,41.94455,
,41.9674,
,42.00455,
,42.03655,
,42.090375,
,42.158925,
,42.1858,
,42.2146,
,42.245625,
,42.2843,
,42.304875,
,42.324175,
,42.370025,
,42.435225,
,42.51175,
,42.538425,
,42.562225,
,42.6,
,42.621925,
,42.635275,
,42.661425,
,42.701,
,42.718675,
,42.78145,
,42.79575,
,42.837425,
,42.853075,
,42.892975,
,42.9445,
,42.973225,
,43.065125,
,43.179,
,43.192125,
,43.221275,
,43.253525,
,43.29835,
,43.324975,
,43.350475,
,43.3908,
,43.44295,
,43.5147,
,43.5445,
,43.570875,
,43.629175,
,43.644075,
,43.674825,
,43.70155,
,43.762425,
,43.8114,
,43.864,
,43.936925,
,43.973325,
,44.038225,
,44.06605,
,44.08015,
,44.0956,
,44.12765,
,44.238275,
,44.28355,
,44.428475,
,44.4485,
,44.479275,
,44.5986,
,44.627825,
,44.661025,
,44.7113,
,44.78915,
,44.86575,
,44.9574,
,44.974775,
,45.01055,
,45.045225,
,45.058675,
,45.1013,
,45.141675,
,45.16395,
,45.187725,
,45.221825,
,45.238025,
,45.27125,
,45.30545,
,45.426425,
,45.4603,
,45.5476,
,45.61555,
,45.664175,
,45.680425,
,45.713275,
,45.727675,
,45.75515,
,45.809475,
,45.8387,
,45.934975,
,46.01725,
,46.07005,
,46.092275,
,46.1047,
,46.1303,
,46.155,
,46.18545,
,46.290975,
,46.393675,
,46.429175,
,46.459975,
,46.474625,
,46.5011,
,46.528975,
,46.5632,
,46.591975,
,46.649225,
,46.68385,
,46.726975,
,46.7579,
,46.782975,
,46.80985,
,46.847925,
,46.88015,
,46.901125,
,46.9239,
,46.944375,
,46.9988,
,47.035325,
,47.097725,
,47.123825,
,47.142725,
,47.159025,
,47.185625,
,47.22075,
,47.27015,
,47.2835,
,47.316625,
,47.365025,
,47.423,
,47.454075,
,47.49825,
,47.516225,
,47.527575,
,47.54955,
,47.5768,
,47.609625,
,47.6352,
,47.65805,
,47.75695,
,47.791725,
,47.8122,
,47.839975,
,47.89085,
,47.92135,
,47.990075,
,48.041275,
,48.093325,
,48.116425,
,48.14345,
,48.155325,
,48.16355,
,48.181,
,48.207175,
,48.235725,
,48.2729,
,48.296,
,48.324425,
,48.355125,
,48.4168,
,48.48245,
,48.51025,
,48.5332,
,48.57,
,48.6028,
,48.635325,
,48.652275,
,48.7245,
,48.7895,
,48.80535,
,48.8204,
,48.838725,
,48.864775,
,48.8822,
,48.902025,
,48.93565,
,48.955425,
,48.9804,
,49.022525,
,49.073325,
,49.104,
,49.1233,
,49.145675,
,49.197325,
,49.2196,
,49.244675,
,49.2627,
,49.27275,
,49.303025,
,49.34005,
,49.379225,
,49.45935,
,49.4926,
,49.509075,
,49.525275,
,49.5664,
,49.594,
,49.6204,
,49.63855,
,49.6542,
,49.67275,
,49.72285,
,49.77275,
,49.787575,
,49.803275,
,49.82065,
,49.868675,
,49.9291,
,49.955575,
,49.98475,
,49.99505,
,50.0162,
,50.034775,
,50.057225,
,50.07895,
,50.0991,
,50.1272,
,50.175,
,50.25355,
,50.2837,
,50.337475,
,50.37875,
,50.406025,
,50.441425,
,50.48255,
,50.534075,
,50.590175,
,50.605275,
,50.636375,
,50.676725,
,50.695425,
,50.723,
,50.744225,
,50.77405,
,50.8518,
,50.8905,
,50.9265,
,51.027675,
,51.08955,
,51.116425,
,51.18225,
,51.205625,
,51.26315,
,51.393525,
,51.443125,
,51.4692,
,51.5183,
,51.55955,
,51.565525,
,51.579725,
,51.59695,
,51.640925,
,51.715375,
,51.7663,
,51.817725,
,51.8631,
,51.890575,
,51.93035,
,51.96975,
,51.998675,
,52.0254,
,52.045775,
,52.064675,
,52.137825,
,52.1565,
,52.1752,
,52.2184,
,52.2801,
,52.306325,
,52.349875,
,52.53505,
,52.582275,
,52.606375,
,52.6259,
,52.6614,
,52.6876,
,52.72425,
,52.759425,
,52.824725,
,52.904725,
,52.9364,
,52.9713,
,53.0131,
,53.05955,
,53.12035,
,53.29125,
,53.331025,
,53.38915,
,53.4143,
,53.444675,
,53.47775,
,53.537,
,53.6204,
,53.649275,
,53.702175,
,53.75425,
,53.8027,
,53.8115,
,53.837425,
,53.862025,
,53.894425,
,53.92715,
,53.95075,
,53.98,
,54.027175,
,54.0495,
,54.11625,
,54.232875,
,54.2529,
,54.27805,
,54.330375,
,54.345775,
,54.3645,
,54.397,
,54.43935,
,54.459475,
,54.499,
,54.55665,
,54.6296,
,54.683725,
,54.7477,
,54.776625,
,54.833675,
,54.857125,
,54.890925,
,54.910625,
,54.936925,
,54.984875,
,55.0652,
,55.1008,
,55.135975,
,55.165575,
,55.210775,
,55.278025,
,55.3411,
,55.364625,
,55.403075,
,55.4275,
,55.457825,
,55.494225,
,55.523925,
,55.655975,
,55.6832,
,55.748525,
,55.765325,
,55.81795,
,55.861,
,55.939525,
,56.0117,
,56.032975,
,56.1074,
,56.128525,
,56.1755,
,56.232375,
,56.284625,
,56.312025,
,56.331675,
,56.3445,
,56.3718,
,56.431275,
,56.453725,
,56.481775,
,56.505125,
,56.53275,
,56.612525,
,56.692225,
,56.730075,
,56.755425,
,56.77905,
,56.7973,
,56.825475,
,56.859475,
,56.880275,
,56.896725,
,56.930775,
,56.962525,
,57.130525,
,57.17105,
,57.196075,
,57.217275,
,57.233575,
,57.2723,
,57.2887,
,57.328375,
,57.362625,
,57.391175,
,57.451325,
,57.49175,
,57.522275,
,57.539625,
,57.553825,
,57.568875,
,57.5921,
,57.626775,
,57.65335,
,57.67875,
,57.698075,
,57.715225,
,57.7359,
,57.75835,
,57.79685,
,57.8313,
,57.89635,
,57.998675,
,58.043125,
,58.0593,
,58.076725,
,58.087625,
,58.112225,
,58.1646,
,58.207775,
,58.226425,
,58.249225,
,58.2654,
,58.294925,
,58.320675,
,58.36375,
,58.382175,
,58.4233,
,58.4849,
,58.50665,
,58.553,
,58.587575,
,58.60845,
,58.64525,
,58.687575,
,58.7238,
,58.7424,
,58.775875,
,58.8522,
,58.91765,
,58.940675,
,58.9804,
,59.052975,
,59.063825,
,59.0872,
,59.120675,
,59.146475,
,59.156675,
,59.175675,
,59.2027,
,59.23615,
,59.2677,
,59.424825,
,59.457675,
,59.50255,
,59.518075,
,59.575475,
,59.59925,
,59.615875,
,59.641025,
,59.656725,
,59.70865,
,59.735125,
,59.772875,
,59.804175,
,59.82305,
,59.85175,
,59.87865,
,59.901625,
,59.93845,
,59.9544,
,59.98335,
,60.1502,
,60.202125,
,60.214925,
,60.2393,
,60.29055,
,60.3246,
,60.33815,
,60.384225,
,60.4042,
,60.4906,
,60.533025,
,60.578925,
,60.60375,
,60.6337,
,60.663875,
,60.826825,
,60.8741,
,60.90135,
,60.943,
,60.970525,
,61.00595,
,61.04905,
,61.0723,
,61.100925,
,61.12745,
,61.16095,
,61.2006,
,61.2242,
,61.256225,
,61.289725,
,61.3372,
,61.39255,
,61.417275,
,61.4369,
,61.4522,
,61.47125,
,61.5018,
,61.51105,
,61.5478,
,61.594125,
,61.619725,
,61.641975,
,61.674225,
,61.714175,
,61.7615,
,61.808175,
,61.880725,
,61.92195,
,61.94965,
,62.035325,
,62.11105,
,62.1262,
,62.149375,
,62.172875,
,62.195925,
,62.22115,
,62.2442,
,62.26525,
,62.285875,
,62.306475,
,62.346475,
,62.38795,
,62.4291,
,62.46995,
,62.500275,
,62.544525,
,62.560575,
,62.583275,
,62.607575,
,62.623525,
,62.6412,
,62.66445,
,62.6821,
,62.727825,
,62.746925,
,62.761525,
,62.7876,
,62.807175,
,62.832675,
,62.87625,
,62.91575,
,62.960775,
,62.9858,
,63.016275,
,63.036225,
,63.098025,
,63.1347,
,63.15925,
,63.244275,
,63.270575,
,63.29525,
,63.3128,
,63.3236,
,63.344425,
,63.3563,
,63.3832,
,63.407225,
,63.436925,
,63.45175,
,63.489875,
,63.5269,
,63.554575,
,63.577675,
,63.6088,
,63.646225,
,63.70825,
,63.74995,
,63.766075,
,63.792225,
,63.8192,
,63.8525,
,63.882475,
,63.9114,
,63.9847,
,64.03555,
,64.08875,
,64.111875,
,64.142275,
,64.1709,
,64.22685,
,64.2364,
,64.257475,
,64.277075,
,64.305975,
,64.339675,
,64.35755,
,64.375475,
,64.3883,
,64.403225,
,64.4555,
,64.467825,
,64.4888,
,64.5403,
,64.559075,
,64.588575,
,64.59875,
,64.6179,
,64.652375,
,64.68135,
,64.701275,
,64.73575,
,64.75845,
,64.785275,
,64.81105,
,64.846,
,64.882325,
,64.924425,
,64.9539,
,65.025375,
,65.083225,
,65.106775,
,65.1318,
,65.14885,
,65.180775,
,65.2229,
,65.242075,
,65.264925,
,65.291225,
,65.326575,
,65.34425,
,65.35875,
,65.38785,
,65.416575,
,65.458575,
,65.4775,
,65.48385,
,65.561825,
,65.61905,
,65.653,
,65.739075,
,65.792525,
,65.804625,
,65.8286,
,65.875,
,65.903175,
,65.91175,
,66.0359,
,66.064125,
,66.10215,
,66.1336,
,66.16295,
,66.189175,
,66.265975,
,66.290075,
,66.310225,
,66.336625,
,66.3478,
,66.392925,
,66.440675,
,66.452925,
,66.48245,
,66.521975,
,66.551325,
,66.581325,
,66.6116,
,66.6552,
,66.6964,
,66.72635,
,66.736175,
,66.76525,
,66.7939,
,66.84545,
,66.884825,
,66.933275,
,66.9657,
,66.99315,
,67.006625,
,67.0192,
,67.04975,
,67.08715,
,67.127675,
,67.1485,
,67.167675,
,67.1883,
,67.214425,
,67.23435,
,67.248575,
,67.280525,
,67.35995,
,67.3886,
,67.418375,
,67.459725,
,67.475725,
,67.499725,
,67.5186,
,67.54515,
,67.575,
,67.5982,
,67.609675,
,67.6238,
,67.680575,
,67.7231,
,67.749975,
,67.77975,
,67.822225,
,67.86755,
,67.9393,
,67.96605,
,68.0134,
,68.025175,
,68.061925,
,68.0818,
,68.097575,
,68.11795,
,68.14315,
,68.155375,
,68.181125,
,68.2001,
,68.2486,
,68.282025,
,68.2984,
,68.314675,
,68.3328,
,68.35025,
,68.369975,
,68.3921,
,68.4224,
,68.440675,
,68.46235,
,68.4935,
,68.511825,
,68.53355,
,68.565225,
,68.5902,
,68.642725,
,68.68065,
,68.707225,
,68.735475,
,68.751375,
,68.800975,
,68.828625,
,68.84585,
,68.864625,
,68.88965,
,68.923175,
,68.9566,
,68.9835,
,69.014225,
,69.064325,
,69.11355,
,69.13005,
,69.1975,
,69.284175,
,69.321875,
,69.34695,
,69.358125,
,69.4187,
,69.447125,
,69.474975,
,69.50045,
,69.5248,
,69.5614,
,69.585975,
,69.59895,
,69.61495,
,69.63135,
,69.6446,
,69.6645,
,69.6928,
,69.719275,
,69.770475,
,69.819175,
,69.877,
,69.935525,
,69.958175,
,70.0047,
,70.030525,
,70.042475,
,70.04655,
,70.070375,
,70.096275,
,70.13345,
,70.1564,
,70.2235,
,70.245575,
,70.2687,
,70.2911,
,70.32225,
,70.35545,
,70.40645,
,70.447075,
,70.4704,
,70.52175,
,70.604175,
,70.62865,
,70.651425,
,70.667175,
,70.721375,
,70.737725,
,70.770875,
,70.79365,
,70.808725,
,70.831375,
,70.847475,
,70.9038,
,70.93925,
,70.955625,
,70.972675,
,71.010675,
,71.029475,
,71.056475,
,71.077925,
,71.0953,
,71.11305,
,71.142475,
,71.158125,
,71.178175,
,71.2193,
,71.257125,
,71.2948,
,71.3287,
,71.389825,
,71.43055,
,71.509075,
,71.55595,
,71.588175,
,71.601825,
,71.6251,
,71.64685,
,71.672975,
,71.708625,
,71.735,
,71.7875,
,71.818175,
,71.90425,
,71.932075,
,71.954575,
,71.971875,
,71.98805,
,72.01695,
,72.043925,
,72.077475,
,72.10705,
,72.126225,
,72.163725,
,72.206275,
,72.21835,
,72.242125,
,72.258225,
,72.275025,
,72.36275,
,72.3752,
,72.402525,
,72.4294,
,72.4559,
,72.471075,
,72.493,
,72.524875,
,72.5582,
,72.58295,
,72.60185,
,72.634375,
,72.670075,
,72.695475,
,72.728175,
,72.751225,
,72.771025,
,72.777975,
,72.8097,
,72.85915,
,72.8834,
,72.90565,
,72.921625,
,73.022025,
,73.0645,
,73.10795,
,73.1398,
,73.203325,
,73.261175,
,73.27615,
,73.293975,
,73.335525,
,73.358225,
,73.377275,
,73.446675,
,73.463475,
,73.482225,
,73.500325,
,73.515875,
,73.549275,
,73.565525,
,73.58655,
,73.6121,
,73.651475,
,73.66825,
,73.707725,
,73.738925,
,73.7509,
,73.7721,
,73.78625,
,73.799325,
,73.8186,
,73.8444,
,73.969975,
,73.99005,
,74.0158,
,74.051375,
,74.0858,
,74.100725,
,74.124625,
,74.14225,
,74.17085,
,74.188175,
,74.22555,
,74.262875,
,74.28255,
,74.30355,
,74.317775,
,74.337825,
,74.359325,
,74.370825,
,74.39035,
,74.4253,
,74.44275,
,74.476525,
,74.506075,
,74.541925,
,74.555575,
,74.5692,
,74.610175,
,74.637875,
,74.662725,
,74.687625,
,74.71885,
,74.7628,
,74.786475,
,74.81365,
,74.831925,
,74.86985,
,74.8872,
,74.91,
,74.9359,
,74.954675,
,74.98475,
,75.011725,
,75.0454,
,75.06435,
,75.102425,
,75.130475,
,75.151825,
,75.17795,
,75.19795,
,75.21495,
,75.247825,
,75.273275,
,75.302,
,75.3194,
,75.33845,
,75.3558,
,75.365925,
,75.385725,
,75.420025,
,75.440375,
,75.4756,
,75.491775,
,75.508575,
,75.535925,
,75.578125,
,75.595675,
,75.608225,
,75.6194,
,75.6351,
,75.648525,
,75.67405,
,75.699875,
,75.70815,
,75.739375,
,75.7605,
,75.7841,
,75.806275,
,75.820975,
,75.84265,
,75.860275,
,75.88335,
,76.01215,
,76.056425,
,76.072425,
,76.085425,
,76.0995,
,76.127425,
,76.144675,
,76.20495,
,76.249525,
,76.285075,
,76.302575,
,76.362625,
,76.3996,
,76.436975,
,76.45655,
,76.47365,
,76.49835,
,76.508275,
,76.52505,
,76.53905,
,76.56865,
,76.64585,
,76.6903,
,76.710925,
,76.737125,
,76.751525,
,76.768525,
,76.791375,
,76.8158,
,76.8245,
,76.83285,
,76.950775,
,76.98175,
,76.990975,
,77.0014,
,77.0148,
,77.045825,
,77.084675,
,77.1224,
,77.1386,
,77.155225,
,77.183525,
,77.235625,
,77.275725,
,77.30955,
,77.33735,
,77.36665,
,77.384325,
,77.4082,
,77.448525,
,77.46125,
,77.481,
,77.516725,
,77.549525,
,77.61295,
,77.631575,
,77.689575,
,77.7212,
,77.767675,
,77.7878,
,77.83685,
,77.858575,
,77.864375,
,77.897275,
,77.9089,
,77.93535,
,77.967125,
,78.005225,
,78.02145,
,78.06935,
,78.089875,
,78.346725,
,78.37655,
,78.3995,
,78.425625,
,78.4862,
,78.6331,
,78.6614,
,78.685275,
,78.742275,
,78.7509,
,78.775775,
,78.7904,
,78.816025,
,78.842075,
,78.86235,
,78.9046,
,78.9664,
,79.0406,
,79.07895,
,79.110225,
,79.14685,
,79.219925,
,79.295175,
,79.314425,
,79.32455,
,79.342975,
,79.358375,
,79.372425,
,79.3917,
,79.4015,
,79.431,
,79.448275,
,79.51835,
,79.63285,
,79.6455,
,79.66015,
,79.687225,
,79.70805,
,79.74965,
,79.785275,
,79.81575,
,79.8684,
,79.910825,
,80.02805,
,80.056625,
,80.08175,
,80.12235,
,80.193175,
,80.2197,
,80.296725,
,80.337275,
,80.466725,
,80.49315,
,80.5138,
,80.546675,
,80.595275,
,80.636425,
,80.6989,
,80.7372,
,80.8565,
,80.8763,
,80.892175,
,80.903125,
,80.920725,
,80.931475,
,80.950875,
,80.9685,
,81.028225,
,81.0554,
,81.13815,
,81.200325,
,81.236725,
,81.262975,
,81.279025,
,81.28595,
,81.3005,
,81.3157,
,81.34335,
,81.380575,
,81.40935,
,81.448125,
,81.469425,
,81.53795,
,81.610825,
,81.646375,
,81.677375,
,81.709,
,81.721075,
,81.7441,
,81.82675,
,81.85015,
,81.90785,
,81.9356,
,81.98765,
,82.01835,
,82.0591,
,82.089425,
,82.111,
,82.142025,
,82.179075,
,82.2134,
,82.28215,
,82.3467,
,82.428675,
,82.45585,
,82.4802,
,82.5075,
,82.54355,
,82.562275,
,82.576125,
,82.586275,
,82.60085,
,82.6341,
,82.70985,
,82.820175,
,82.909075,
,82.93375,
,82.949125,
,82.9749,
,82.9873,
,83.00105,
,83.03275,
,83.07465,
,83.11735,
,83.140625,
,83.181875,
,83.206775,
,83.229025,
,83.27315,
,83.29445,
,83.32515,
,83.356575,
,83.375475,
,83.394225,
,83.4105,
,83.424375,
,83.440675,
,83.45715,
,83.4773,
,83.514825,
,83.55435,
,83.582325,
,83.6358,
,83.7157,
,83.8139,
,83.829725,
,83.840575,
,83.875325,
,83.88395,
,83.90785,
,83.93675,
,83.953775,
,83.9688,
,84.1105,
,84.186,
,84.234775,
,84.27125,
,84.329325,
,84.35905,
,84.43205,
,84.4551,
,84.50845,
,84.54115,
,84.57265,
,84.592875,
,84.614925,
,84.650125,
,84.685325,
,84.7252,
,84.748725,
,84.771675,
,84.795675,
,84.831225,
,84.8641,
,84.89795,
,84.931025,
,84.952175,
,84.994725,
,85.032575,
,85.06245,
,85.092775,
,85.147475,
,85.17905,
,85.201975,
,85.243575,
,85.259575,
,85.297575,
,85.33375,
,85.347,
,85.363725,
,85.41425,
,85.440975,
,85.471725,
,85.4996,
,85.559225,
,85.6377,
,85.6756,
,85.708175,
,85.78105,
,85.92435,
,85.960825,
,85.981475,
,86.00575,
,86.0312,
,86.097725,
,86.1296,
,86.176625,
,86.239125,
,86.306475,
,86.34295,
,86.371475,
,86.419375,
,86.491625,
,86.5099,
,86.540825,
,86.583125,
,86.60705,
,86.6269,
,86.676725,
,86.864225,
,86.936425,
,86.96095,
,86.97295,
,86.990425,
,87.02555,
,87.05255,
,87.0911,
,87.12025,
,87.160975,
,87.180725,
,87.264025,
,87.3433,
,87.38955,
,87.437775,
,87.473025,
,87.507325,
,87.530275,
,87.574375,
,87.642075,
,87.67425,
,87.77775,
,87.813625,
,87.889125,
,87.934325,
,87.970925,
,87.986575,
,88.000975,
,88.025425,
,88.076,
,88.09475,
,88.11795,
,88.152175,
,88.172675,
,88.202275,
,88.236225,
,88.293675,
,88.3253,
,88.337375,
,88.421425,
,88.4387,
,88.4741,
,88.51195,
,88.547575,
,88.5733,
,88.615625,
,88.6334,
,88.664675,
,88.696175,
,88.755575,
,88.794425,
,88.85935,
,88.90585,
,88.940975,
,88.9822,
,89.029025,
,89.08375,
,89.100925,
,89.122075,
,89.150175,
,89.163775,
,89.18195,
,89.219,
,89.273,
,89.2903,
,89.36525,
,89.401125,
,89.4222,
,89.435725,
,89.450425,
,89.4861,
,89.52175,
,89.5448,
,89.567775,
,89.589575,
,89.61675,
,89.701575,
,89.789525,
,89.834475,
,89.849075,
,89.921375,
,89.950625,
,90.00835,
,90.042,
,90.075625,
,90.09805,
,90.114575,
,90.13715,
,90.166825,
,90.196575,
,90.2184,
,90.280175,
,90.3413,
,90.376225,
,90.39895,
,90.410125,
,90.42585,
,90.443975,
,90.485775,
,90.51685,
,90.523875,
,90.53255,
,90.5397,
,90.557625,
,90.57185,
,90.585975,
,90.617225,
,90.633125,
,90.655625,
,90.675825,
,90.72245,
,90.7417,
,90.79605,
,90.821825,
,90.840625,
,90.8653,
,90.896125,
,90.96805,
,91.017375,
,91.0384,
,91.057625,
,91.06955,
,91.084125,
,91.097775,
,91.11455,
,91.140775,
,91.161575,
,91.219725,
,91.2842,
,91.373,
,91.40965,
,91.43895,
,91.45755,
,91.47395,
,91.4988,
,91.5107,
,91.5354,
,91.55975,
,91.603625,
,91.635475,
,91.669775,
,91.695775,
,91.765575,
,91.84425,
,91.8968,
,91.935225,
,91.9483,
,91.988375,
,92.0057,
,92.03535,
,92.072075,
,92.09545,
,92.11855,
,92.151725,
,92.17205,
,92.18295,
,92.20805,
,92.22545,
,92.265425,
,92.281075,
,92.302625,
,92.33825,
,92.362075,
,92.3933,
,92.4654,
,92.51685,
,92.54505,
,92.58965,
,92.6107,
,92.638275,
,92.670025,
,92.6921,
,92.719775,
,92.7421,
,92.754275,
,92.76015,
,92.7784,
,92.809325,
,92.846175,
,92.9246,
,92.966175,
,93.017075,
,93.04075,
,93.0618,
,93.078175,
,93.101925,
,93.1245,
,93.148175,
,93.218075,
,93.25285,
,93.274525,
,93.31435,
,93.343275,
,93.411625,
,93.4953,
,93.525325,
,93.56,
,93.611275,
,93.64275,
,93.6589,
,93.684725,
,93.7326,
,93.7639,
,93.815325,
,93.88505,
,93.9498,
,93.976925,
,94.008075,
,94.03805,
,94.074975,
,94.0905,
,94.110425,
,94.218075,
,94.294225,
,94.311625,
,94.328675,
,94.36045,
,94.39405,
,94.410075,
,94.453625,
,94.48155,
,94.514925,
,94.543575,
,94.5806,
,94.61265,
,94.6558,
,94.720275,
,94.7609,
,94.848825,
,94.872175,
,94.894,
,94.92645,
,94.94725,
,94.97745,
,94.989525,
,95.018875,
,95.038875,
,95.0787,
,95.11345,
,95.1703,
,95.2096,
,95.235,
,95.258125,
,95.2704,
,95.3112,
,95.334975,
,95.36295,
,95.39535,
,95.419575,
,95.4518,
,95.46945,
,95.48315,
,95.513775,
,95.54825,
,95.588475,
,95.608275,
,95.63085,
,95.679,
,95.7752,
,95.796475,
,95.848825,
,95.868525,
,95.899625,
,95.928125,
,95.94615,
,95.9963,
,96.0137,
,96.0432,
,96.081975,
,96.102625,
,96.133025,
,96.16235,
,96.212125,
,96.254575,
,96.280375,
,96.350725,
,96.409575,
,96.434,
,96.4542,
,96.49165,
,96.5174,
,96.5536,
,96.597575,
,96.622225,
,96.63975,
,96.680675,
,96.7052,
,96.777775,
,96.8437,
,96.890325,
,96.9679,
,96.993125,
,97.013225,
,97.030675,
,97.07385,
,97.09565,
,97.1389,
,97.19,
,97.2495,
,97.282,
,97.307275,
,97.333225,
,97.368475,
,97.394925,
,97.4296,
,97.454675,
,97.486225,
,97.509,
,97.53305,
,97.5471,
,97.55755,
,97.598075,
,97.62115,
,97.68455,
,97.7155,
,97.7517,
,97.77325,
,97.806825,
,97.84005,
,97.8722,
,97.8933,
,97.953125,
,98.011625,
,98.048125,
,98.0788,
,98.10965,
,98.1447,
,98.167125,
,98.2145,
,98.25475,
,98.35215,
,98.384825,
,98.4283,
,98.4594,
,98.4831,
,98.526775,
,98.5544,
,98.57715,
,98.6379,
,98.666775,
,98.691225,
,98.715675,
,98.7477,
,98.767975,
,98.7911,
,98.8101,
,98.921375,
,98.952775,
,98.980775,
,99.003975,
,99.049325,
,99.07875,
,99.10425,
,99.135675,
,99.16135,
,99.207475,
,99.232,
,99.27575,
,99.30175,
,99.3375,
,99.349125,
,99.385825,
,99.4144,
,99.43125,
,99.46705,
,99.51155,
,99.536125,
,99.588575,
,99.61835,
,99.645175,
,99.68005,
,99.72625,
,99.79815,
,99.8379,
,99.874,
,99.8836,
,99.89185,
,99.90325,
,99.9164,
,99.927275,
,99.964925,
,99.987975,
,100.01795,
,100.04175,
,100.0698,
,100.121325,
,100.157825,
,100.1863,
,100.207325,
,100.2179,
,100.2425,
,100.263425,
,100.277875,
,100.313125,
,100.3797,
,100.4299,
,100.4507,
,100.473125,
,100.5165,
,100.549,
,100.5709,
,100.625225,
,100.64735,
,100.70505,
,100.728775,
,100.752125,
,100.79755,
,100.8273,
,100.906525,
,100.9458,
,100.986,
,101.0104,
,101.024225,
,101.05145,
,101.087925,
,101.1197,
,101.152375,
,101.206325,
,101.23185,
,101.263175,
,101.299325,
,101.35725,
,101.38425,
,101.433725,
,101.516975,
,101.572175,
,101.603325,
,101.653825,
,101.68175,
,101.730575,
,101.8174,
,101.845075,
,101.8613,
,101.916025,
,101.948875,
,102.01255,
,102.100075,
,102.122675,
,102.135325,
,102.169475,
,102.20105,
,102.22915,
,102.25875,
,102.294525,
,102.3345,
,102.3789,
,102.4305,
,102.47035,
,102.486475,
,102.513775,
,102.5291,
,102.56245,
,102.565625,
,102.59065,
,102.602425,
,102.629975,
,102.676,
,102.724925,
,102.7517,
,102.805425,
,102.83185,
,102.871,
,102.9067,
,102.930325,
,102.98125,
,103.006475,
,103.01445,
,103.03745,
,103.08805,
,103.113825,
,103.14245,
,103.159725,
,103.198125,
,103.220525,
,103.3293,
,103.393275,
,103.4305,
,103.461025,
,103.4824,
,103.508675,
,103.5301,
,103.5991,
,103.680225,
,103.709875,
,103.7598,
,103.8076,
,103.820075,
,103.83435,
,103.85495,
,103.88095,
,103.8948,
,103.903675,
,103.947425,
,103.977025,
,104.0121,
,104.031475,
,104.0358,
,104.04815,
,104.056225,
,104.082275,
,104.104275,
,104.13435,
,104.161775,
,104.186575,
,104.203075,
,104.2377,
,104.270925,
,104.302225,
,104.349825,
,104.39835,
,104.43855,
,104.457875,
,104.4704,
,104.486,
,104.5036,
,104.522775,
,104.5481,
,104.5643,
,104.61025,
,104.6494,
,104.696875,
,104.724675,
,104.7436,
,104.804275,
,104.827625,
,104.873125,
,104.92305,
,104.9502,
,104.97475,
,104.998825,
,105.02465,
,105.055525,
,105.093775,
,105.114875,
,105.131425,
,105.158475,
,105.2046,
,105.233275,
,105.2597,
,105.29945,
,105.33295,
,105.3885,
,105.4499,
,105.49575,
,105.511875,
,105.53,
,105.54775,
,105.567,
,105.59755,
,105.6245,
,105.667425,
,105.68535,
,105.713425,
,105.733975,
,105.776525,
,105.800625,
,105.829025,
,105.84245,
,105.86245,
,105.873925,
,105.903625,
,105.932675,
,105.95745,
,105.977,
,106.034925,
,106.09715,
,106.13485,
,106.168075,
,106.1911,
,106.218075,
,106.23895,
,106.26365,
,106.2815,
,106.3134,
,106.338125,
,106.407925,
,106.4294,
,106.45615,
,106.484675,
,106.5146,
,106.541775,
,106.55955,
,106.606625,
,106.64405,
,106.6648,
,106.6804,
,106.7353,
,106.767225,
,106.791425,
,106.82545,
,106.86485,
,106.888,
,106.923425,
,106.947325,
,106.975175,
,107.00285,
,107.026775,
,107.050325,
,107.071325,
,107.10195,
,107.1253,
,107.1658,
,107.20755,
,107.250975,
,107.2737,
,107.3237,
,107.360425,
,107.41005,
,107.455175,
,107.48375,
,107.520025,
,107.535275,
,107.56815,
,107.6139,
,107.653025,
,107.672025,
,107.7101,
,107.72825,
,107.747625,
,107.7726,
,107.797375,
,107.812625,
,107.827525,
,107.857,
,107.8809,
,107.898075,
,107.946675,
,107.967675,
,107.989925,
,108.013725,
,108.0347,
,108.0584,
,108.08025,
,108.122375,
,108.154975,
,108.17675,
,108.20865,
,108.2258,
,108.246275,
,108.265775,
,108.300225,
,108.323775,
,108.40995,
,108.4399,
,108.4702,
,108.483775,
,108.508225,
,108.518375,
,108.5511,
,108.5737,
,108.6037,
,108.630775,
,108.6832,
,108.721125,
,108.748625,
,108.759425,
,108.784225,
,108.80775,
,108.84815,
,108.8777,
,108.917,
,109.019775,
,109.074375,
,109.1051,
,109.12145,
,109.137225,
,109.157225,
,109.174425,
,109.204125,
,109.222075,
,109.24315,
,109.262575,
,109.293325,
,109.3167,
,109.349025,
,109.363325,
,109.38415,
,109.431525,
,109.449425,
,109.48185,
,109.5038,
,109.60345,
,109.651725,
,109.674575,
,109.6915,
,109.70805,
,109.727975,
,109.735975,
,109.737425,
,109.7533,
,109.776775,
,109.7961,
,109.81615,
,109.86275,
,109.922875,
,109.95895,
,109.97715,
,109.99495,
,110.00835,
,110.021225,
,110.070725,
,110.099525,
,110.1293,
,110.1552,
,110.168525,
,110.2046,
,110.26485,
,110.28765,
,110.31045,
,110.3169,
,110.3254,
,110.336275,
,110.366575,
,110.402875,
,110.43935,
,110.457475,
,110.4814,
,110.567025,
,110.608025,
,110.644375,
,110.6772,
,110.7009,
,110.733675,
,110.76855,
,110.8315,
,110.893825,
,110.9127,
,110.9385,
,110.974975,
,111.004425,
,111.0246,
,111.0486,
,111.07325,
,111.09775,
,111.132925,
,111.1533,
,111.182725,
,111.233575,
,111.252125,
,111.275725,
,111.301725,
,111.3214,
,111.356875,
,111.37605,
,111.391875,
,111.4329,
,111.45625,
,111.4785,
,111.51385,
,111.52425,
,111.543375,
,111.574375,
,111.6004,
,111.626075,
,111.68655,
,111.750375,
,111.808025,
,111.836325,
,111.87225,
,111.915025,
,111.943325,
,111.985275,
,112.009425,
,112.046725,
,112.089725,
,112.147175,
,112.1842,
,112.1992,
,112.234325,
,112.279025,
,112.306325,
,112.34795,
,112.376025,
,112.398275,
,112.421575,
,112.460175,
,112.516225,
,112.54835,
,112.583225,
,112.599225,
,112.612875,
,112.6383,
,112.655425,
,112.67725,
,112.7095,
,112.722125,
,112.754625,
,112.7806,
,112.8101,
,112.823675,
,112.840825,
,112.852475,
,112.8735,
,112.899425,
,112.94735,
,113.0148,
,113.080525,
,113.1009,
,113.131825,
,113.1511,
,113.201625,
,113.219725,
,113.2326,
,113.2628,
,113.29095,
,113.324125,
,113.3569,
,113.406325,
,113.447475,
,113.466175,
,113.50185,
,113.51675,
,113.5452,
,113.5664,
,113.601625,
,113.622025,
,113.6793,
,113.6991,
,113.7235,
,113.75705,
,113.786825,
,113.80315,
,113.835075,
,113.850725,
,113.8786,
,113.896925,
,113.947325,
,113.96695,
,113.984275,
,114.033875,
,114.12755,
,114.1578,
,114.1954,
,114.215625,
,114.244325,
,114.282925,
,114.3579,
,114.400125,
,114.458875,
,114.503725,
,114.576125,
,114.626075,
,114.657325,
,114.722275,
,114.784575,
,114.809775,
,114.847175,
,114.8727,
,114.894575,
,114.9248,
,114.9713,
,115.0513,
,115.0654,
,115.09305,
,115.113875,
,115.137325,
,115.21085,
,115.24495,
,115.274525,
,115.3293,
,115.3665,
,115.40795,
,115.43075,
,115.453025,
,115.479675,
,115.516975,
,115.569125,
,115.662975,
,115.699425,
,115.738575,
,115.77545,
,115.817025,
,115.85455,
,115.891125,
,115.918175,
,115.9599,
,116.010025,
,116.03615,
,116.0933,
,116.125325,
,116.156975,
,116.178025,
,116.242925,
,116.3068,
,116.343325,
,116.37915,
,116.4088,
,116.4547,
,116.4949,
,116.5412,
,116.6598,
,116.697225,
,116.7141,
,116.727075,
,116.7504,
,116.76705,
,116.7797,
,116.7966,
,116.821175,
,116.862325,
,116.886625,
,116.9213,
,116.95095,
,117.0019,
,117.05165,
,117.097375,
,117.135325,
,117.181225,
,117.2829,
,117.323025,
,117.38005,
,117.44415,
,117.498725,
,117.52345,
,117.55095,
,117.568025,
,117.604625,
,117.63455,
,117.6539,
,117.675325,
,117.700625,
,117.72465,
,117.741525,
,117.7855,
,117.80985,
,117.840775,
,117.89225,
,117.9315,
,117.955425,
,118.002725,
,118.127725,
,118.150625,
,118.17125,
,118.19425,
,118.21995,
,118.245225,
,118.28015,
,118.29515,
,118.305475,
,118.337975,
,118.375425,
,118.40265,
,118.43315,
,118.4599,
,118.482575,
,118.50615,
,118.5443,
,118.583575,
,118.6056,
,118.624,
,118.654825,
,118.677175,
,118.71355,
,118.74465,
,118.7838,
,118.8075,
,118.85195,
,118.8977,
,118.9526,
,119.114075,
,119.131225,
,119.1509,
,119.18865,
,119.23025,
,119.299925,
,119.342275,
,119.4025,
,119.431325,
,119.4758,
,119.514225,
,119.5548,
,119.588325,
,119.617875,
,119.63915,
,119.6685,
,119.748975,
,119.7913,
,119.832775,
,119.863075,
,119.888725,
,119.9049,
,119.929625,
,119.970925,
,120.01315,
,120.054975,
,120.114475,
,120.16235,
,120.18655,
,120.20775,
,120.24175,
,120.256775,
,120.2819,
,120.312425,
,120.349625,
,120.40655,
,120.48285,
,120.516475,
,120.554675,
,120.578625,
,120.60685,
,120.637025,
,120.65835,
,120.730625,
,120.832425,
,120.8799,
,120.909625,
,120.928175,
,120.961975,
,121.002075,
,121.03195,
,121.0669,
,121.104525,
,121.163675,
,121.214575,
,121.255375,
,121.329775,
,121.353975,
,121.38055,
,121.420325,
,121.456325,
,121.480475,
,121.503775,
,121.525375,
,121.5539,
,121.59505,
,121.632925,
,121.690325,
,121.70955,
,121.731,
,121.74775,
,121.772825,
,121.81345,
,121.866275,
,121.8927,
,121.917275,
,121.9834,
,122.063475,
,122.08365,
,122.122825,
,122.1581,
,122.19925,
,122.239675,
,122.273625,
,122.36425,
,122.40185,
,122.422375,
,122.4592,
,122.489825,
,122.50635,
,122.53935,
,122.579175,
,122.6076,
,122.64555,
,122.6778,
,122.724,
,122.749775,
,122.804525,
,122.819125,
,122.86315,
,122.8804,
,122.89835,
,122.9374,
,122.967675,
,122.995,
,123.02555,
,123.046175,
,123.0724,
,123.120975,
,123.150675,
,123.17995,
,123.22295,
,123.2738,
,123.336675,
,123.38585,
,123.44365,
,123.45925,
,123.47735,
,123.512625,
,123.53595,
,123.567025,
,123.6203,
,123.64245,
,123.656675,
,123.687725,
,123.7228,
,123.748875,
,123.817625,
,123.840825,
,123.87645,
,123.9629,
,124.003775,
,124.028625,
,124.0553,
,124.07055,
,124.089825,
,124.112275,
,124.126725,
,124.164025,
,124.197575,
,124.281125,
,124.339675,
,124.365975,
,124.396275,
,124.423675,
,124.46045,
,124.50445,
,124.55815,
,124.616325,
,124.6514,
,124.6839,
,124.699825,
,124.7187,
,124.744225,
,124.76435,
,124.804975,
,124.834325,
,124.884825,
,124.9205,
,125.077275,
,125.094525,
,125.114825,
,125.13385,
,125.1622,
,125.193325,
,125.218,
,125.248525,
,125.2843,
,125.30415,
,125.368,
,125.38835,
,125.454325,
,125.5138,
,125.618325,
,125.652975,
,125.66435,
,125.700975,
,125.71705,
,125.756775,
,125.78955,
,125.80695,
,125.832425,
,125.85615,
,125.9753,
,126.001175,
,126.041275,
,126.074275,
,126.1015,
,126.129,
,126.1563,
,126.199325,
,126.228325,
,126.269175,
,126.294175,
,126.315175,
,126.342075,
,126.378725,
,126.409675,
,126.475125,
,126.608325,
,126.63965,
,126.662,
,126.67245,
,126.6931,
,126.7201,
,126.74875,
,126.781375,
,126.82175,
,126.85175,
,126.878975,
,126.90195,
,126.914125,
,126.933875,
,126.96085,
,127.005475,
,127.0538,
,127.076325,
,127.088175,
,127.1099,
,127.136675,
,127.177375,
,127.221075,
,127.252375,
,127.294025,
,127.3247,
,127.39395,
,127.42725,
,127.446725,
,127.499,
,127.567,
,127.6114,
,127.6321,
,127.663425,
,127.690775,
,127.72945,
,127.7976,
,127.87405,
,127.906575,
,127.929925,
,127.9658,
,127.992875,
,128.0315,
,128.061375,
,128.118575,
,128.193425,
,128.22325,
,128.287275,
,128.310275,
,128.354125,
,128.389275,
,128.42815,
,128.465575,
,128.51755,
,128.5448,
,128.57075,
,128.608825,
,128.631625,
,128.672575,
,128.717675,
,128.7771,
,128.810425,
,128.832425,
,128.853725,
,128.8832,
,128.9064,
,128.9321,
,128.96125,
,128.9984,
,129.067825,
,129.120225,
,129.147425,
,129.18485,
,129.256675,
,129.307375,
,129.342725,
,129.3849,
,129.41295,
,129.48305,
,129.521075,
,129.56725,
,129.611825,
,129.636625,
,129.67455,
,129.6973,
,129.72835,
,129.7508,
,129.772125,
,129.78565,
,129.800125,
,129.824975,
,129.856375,
,129.90315,
,129.925275,
,129.9686,
,129.9831,
,130.003875,
,130.0213,
,130.038275,
,130.0661,
,130.079575,
,130.096275,
,130.114625,
,130.136275,
,130.16615,
,130.2097,
,130.26085,
,130.288225,
,130.322075,
,130.341225,
,130.35125,
,130.392275,
,130.420325,
,130.4421,
,130.4619,
,130.5191,
,130.584325,
,130.618425,
,130.638,
,130.661375,
,130.697175,
,130.729675,
,130.75315,
,130.7742,
,130.7985,
,130.830575,
,130.8568,
,130.890325,
,130.9187,
,130.969225,
,130.9997,
,131.04715,
,131.074825,
,131.09995,
,131.133325,
,131.147925,
,131.17785,
,131.199625,
,131.21945,
,131.2557,
,131.2983,
,131.32385,
,131.353925,
,131.387325,
,131.409975,
,131.4459,
,131.46595,
,131.496775,
,131.53745,
,131.56035,
,131.58985,
,131.6384,
,131.70595,
,131.73095,
,131.750875,
,131.782925,
,131.835275,
,131.898475,
,131.940375,
,131.965625,
,131.991375,
,132.011175,
,132.03865,
,132.08845,
,132.154,
,132.196125,
,132.276575,
,132.2986,
,132.318,
,132.34585,
,132.391825,
,132.4239,
,132.460775,
,132.50585,
,132.5902,
,132.63165,
,132.69945,
,132.72615,
,132.779125,
,132.8079,
,132.82685,
,132.8534,
,132.884125,
,132.9146,
,132.968525,
,133.0018,
,133.03225,
,133.078375,
,133.116325,
,133.174475,
,133.241625,
,133.2826,
,133.302725,
,133.344375,
,133.3849,
,133.430375,
,133.455075,
,133.4789,
,133.548925,
,133.609225,
,133.66145,
,133.68415,
,133.726675,
,133.77845,
,133.8287,
,133.860125,
,133.886875,
,133.910025,
,133.927525,
,133.95145,
,134.002,
,134.025725,
,134.045525,
,134.103275,
,134.1894,
,134.2219,
,134.235125,
,134.253325,
,134.27105,
,134.320775,
,134.352125,
,134.383425,
,134.4372,
,134.4698,
,134.4883,
,134.5408,
,134.63605,
,134.6739,
,134.697125,
,134.71265,
,134.723125,
,134.751825,
,134.768075,
,134.78215,
,134.802925,
,134.858025,
,134.9106,
,134.93585,
,134.992175,
,135.0351,
,135.0708,
,135.1109,
,135.240875,
,135.2762,
,135.29725,
,135.31595,
,135.3306,
,135.3487,
,135.373975,
,135.420325,
,135.538525,
,135.594025,
,135.644275,
,135.67235,
,135.70715,
,135.731175,
,135.75545,
,135.7871,
,135.85215,
,135.9135,
,135.943825,
,135.962025,
,135.9791,
,136.032775,
,136.0601,
,136.1096,
,136.196525,
,136.218375,
,136.23895,
,136.283025,
,136.315375,
,136.338125,
,136.3635,
,136.372025,
,136.402925,
,136.4426,
,136.478575,
,136.543225,
,136.5767,
,136.6024,
,136.633025,
,136.662875,
,136.6856,
,136.70835,
,136.72905,
,136.748375,
,136.771,
,136.79685,
,136.81775,
,136.84395,
,136.8588,
,136.9058,
,136.92405,
,136.981475,
,137.002625,
,137.034275,
,137.0765,
,137.1095,
,137.144475,
,137.187275,
,137.287625,
,137.3141,
,137.372225,
,137.387875,
,137.422175,
,137.434025,
,137.470575,
,137.4983,
,137.541425,
,137.584125,
,137.626325,
,137.655375,
,137.677775,
,137.693575,
,137.7085,
,137.777925,
,137.8432,
,137.87985,
,137.93675,
,137.974825,
,137.999975,
,138.034275,
,138.049025,
,138.08325,
,138.1035,
,138.146675,
,138.16275,
,138.1829,
,138.205425,
,138.229225,
,138.249075,
,138.27955,
,138.303725,
,138.315275,
,138.3279,
,138.3655,
,138.391425,
,138.4345,
,138.480725,
,138.532475,
,138.574875,
,138.62335,
,138.6633,
,138.69185,
,138.71175,
,138.7405,
,138.752775,
,138.777275,
,138.7939,
,138.831275,
,138.8634,
,138.88465,
,138.909625,
,138.9308,
,138.9502,
,138.980175,
,138.994925,
,139.026275,
,139.044175,
,139.0645,
,139.086,
,139.106525,
,139.127325,
,139.14375,
,139.1623,
,139.1798,
,139.1991,
,139.2205,
,139.246275,
,139.268375,
,139.290325,
,139.316925,
,139.3339,
,139.412925,
,139.441825,
,139.4607,
,139.4756,
,139.500225,
,139.52625,
,139.544575,
,139.5736,
,139.59295,
,139.640225,
,139.668075,
,139.6862,
,139.7065,
,139.72865,
,139.7503,
,139.7634,
,139.79945,
,139.835675,
,139.871275,
,139.9029,
,139.92295,
,139.967,
,140.000575,
,140.027525,
,140.057525,
,140.138825,
,140.19005,
,140.23145,
,140.260175,
,140.289125,
,140.3358,
,140.381275,
,140.4109,
,140.4372,
,140.47575,
,140.5498,
,140.652575,
,140.690825,
,140.714525,
,140.73165,
,140.76005,
,140.787725,
,140.804625,
,140.838625,
,140.8741,
,140.9006,
,140.939025,
,141.0766,
,141.09535,
,141.13185,
,141.15505,
,141.22425,
,141.3014,
,141.3321,
,141.357375,
,141.383625,
,141.403175,
,141.429825,
,141.46,
,141.494125,
,141.509525,
,141.565975,
,141.6909,
,141.757,
,141.820325,
,141.8433,
,141.859825,
,141.901425,
,141.92475,
,141.947425,
,141.97575,
,142.0004,
,142.02295,
,142.046575,
,142.0705,
,142.142375,
,142.17665,
,142.20285,
,142.224125,
,142.2547,
,142.3004,
,142.332225,
,142.3498,
,142.419225,
,142.4576,
,142.516825,
,142.5437,
,142.56485,
,142.58575,
,142.624175,
,142.657,
,142.6811,
,142.734625,
,142.7599,
,142.7961,
,142.8808,
,142.916425,
,142.9442,
,142.9812,
,143.02775,
,143.0523,
,143.089975,
,143.13525,
,143.15985,
,143.185625,
,143.198725,
,143.229825,
,143.258375,
,143.29155,
,143.309225,
,143.33675,
,143.395025,
,143.422975,
,143.46195,
,143.50195,
,143.593575,
,143.6049,
,143.6297,
,143.65895,
,143.6803,
,143.7001,
,143.723775,
,143.762525,
,143.80225,
,143.82515,
,143.856075,
,143.8754,
,143.917675,
,143.958325,
,144.003175,
,144.040925,
,144.11895,
,144.1376,
,144.155425,
,144.173525,
,144.198875,
,144.2264,
,144.250125,
,144.2734,
,144.3214,
,144.341025,
,144.3974,
,144.484175,
,144.524775,
,144.542525,
,144.571825,
,144.58725,
,144.605925,
,144.6391,
,144.6594,
,144.6867,
,144.772675,
,144.805575,
,144.840975,
,144.887575,
,144.908925,
,144.937025,
,144.95855,
,144.9808,
,145.013375,
,145.046575,
,145.096175,
,145.13615,
,145.185325,
,145.2133,
,145.241225,
,145.2657,
,145.30605,
,145.3326,
,145.35365,
,145.3811,
,145.412125,
,145.48335,
,145.535875,
,145.570375,
,145.6531,
,145.724025,
,145.75925,
,145.778225,
,145.793675,
,145.803675,
,145.8191,
,145.842475,
,145.894225,
,145.9138,
,145.93895,
,145.970975,
,145.9956,
,146.05685,
,146.0831,
,146.125325,
,146.185225,
,146.200225,
,146.243225,
,146.2753,
,146.300175,
,146.335575,
,146.3583,
,146.411725,
,146.4679,
,146.51845,
,146.600775,
,146.641075,
,146.679475,
,146.707375,
,146.73685,
,146.797225,
,146.8597,
,146.95735,
,146.993725,
,147.054775,
,147.066275,
,147.08625,
,147.13605,
,147.193775,
,147.270675,
,147.345375,
,147.395025,
,147.463575,
,147.5105,
,147.5251,
,147.5449,
,147.573075,
,147.580325,
,147.613325,
,147.639325,
,147.66095,
,147.6835,
,147.71015,
,147.731625,
,147.758225,
,147.774575,
,147.8616,
,147.899175,
,147.947225,
,147.97585,
,147.9926,
,148.0045,
,148.04755,
,148.098,
,148.1273,
,148.15335,
,148.1747,
,148.1911,
,148.21965,
,148.25645,
,148.30175,
,148.349,
,148.37625,
,148.42285,
,148.4457,
,148.48765,
,148.504175,
,148.533475,
,148.554625,
,148.5796,
,148.6134,
,148.634275,
,148.66035,
,148.686925,
,148.698725,
,148.7473,
,148.7933,
,148.831075,
,148.858075,
,148.907925,
,148.94385,
,148.97195,
,148.98375,
,149.001825,
,149.0182,
,149.0275,
,149.0426,
,149.0589,
,149.070925,
,149.083575,
,149.105825,
,149.1367,
,149.1488,
,149.224725,
,149.263125,
,149.2799,
,149.31925,
,149.333,
,149.34875,
,149.3666,
,149.3877,
,149.4063,
,149.438925,
,149.451575,
,149.5752,
,149.60645,
,149.624975,
,149.635825,
,149.649625,
,149.6631,
,149.675125,
,149.699075,
,149.7194,
,149.7498,
,149.800025,
,149.893375,
,150.008175,
,150.032375,
,150.086875,
,150.1086,
,150.1431,
,150.167075,
,150.209825,
,150.2563,
,150.297425,
,150.316375,
,150.341075,
,150.368675,
,150.39155,
,150.41245,
,150.43865,
,150.48805,
,150.540925,
,150.572925,
,150.630825,
,150.657675,
,150.6836,
,150.7345,
,150.790375,
,150.83615,
,150.868375,
,150.92455,
,150.98705,
,151.01405,
,151.03745,
,151.115325,
,151.15255,
,151.17625,
,151.186525,
,151.20405,
,151.22505,
,151.2471,
,151.2616,
,151.271,
,151.279225,
,151.288375,
,151.31715,
,151.348625,
,151.43965,
,151.5055,
,151.529975,
,151.5569,
,151.5736,
,151.61225,
,151.63235,
,151.667825,
,151.698325,
,151.713775,
,151.743025,
,151.798575,
,151.8638,
,151.8798,
,151.9151,
,151.9339,
,151.979525,
,152.036,
,152.093,
,152.1186,
,152.1506,
,152.167175,
,152.180375,
,152.19525,
,152.23115,
,152.2473,
,152.26915,
,152.313825,
,152.34325,
,152.364675,
,152.409425,
,152.439825,
,152.4992,
,152.5481,
,152.590425,
,152.61975,
,152.66015,
,152.685575,
,152.759225,
,152.798075,
,152.85105,
,152.881075,
,152.93355,
,152.958425,
,152.99195,
,153.011675,
,153.031125,
,153.054525,
,153.08055,
,153.09735,
,153.120975,
,153.13485,
,153.160775,
,153.197125,
,153.210225,
,153.2441,
,153.290475,
,153.315825,
,153.395375,
,153.49895,
,153.538975,
,153.609875,
,153.643325,
,153.669825,
,153.6786,
,153.7472,
,153.772775,
,153.79015,
,153.814675,
,153.8993,
,153.960475,
,154.0094,
,154.05695,
,154.09715,
,154.12455,
,154.1344,
,154.157875,
,154.1916,
,154.2461,
,154.305025,
,154.343775,
,154.381625,
,154.4015,
,154.441475,
,154.516275,
,154.5539,
,154.581475,
,154.61495,
,154.643925,
,154.6692,
,154.7098,
,154.749,
,154.78605,
,154.803275,
,154.818425,
,154.862575,
,154.89305,
,154.9162,
,154.9672,
,155.0148,
,155.10815,
,155.155325,
,155.1765,
,155.192575,
,155.218625,
,155.245275,
,155.256725,
,155.293075,
,155.350425,
,155.390325,
,155.421225,
,155.459025,
,155.498525,
,155.526,
,155.5424,
,155.568,
,155.596375,
,155.641125,
,155.673075,
,155.78835,
,155.8209,
,155.850375,
,155.877375,
,155.90155,
,155.9137,
,155.941625,
,155.95895,
,155.967225,
,156.00975,
,156.063675,
,156.087025,
,156.1899,
,156.24345,
,156.270475,
,156.301125,
,156.330875,
,156.355,
,156.38095,
,156.410375,
,156.426875,
,156.456775,
,156.47375,
,156.492,
,156.530925,
,156.5528,
,156.5842,
,156.60705,
,156.64555,
,156.663075,
,156.683575,
,156.70635,
,156.741725,
,156.76955,
,156.7867,
,156.829675,
,156.86335,
,156.8983,
,156.9073,
,156.941375,
,156.97265,
,157.03215,
,157.05565,
,157.0805,
,157.100625,
,157.12325,
,157.151525,
,157.168375,
,157.19795,
,157.227425,
,157.25175,
,157.287525,
,157.3164,
,157.33325,
,157.35125,
,157.3755,
,157.397575,
,157.40965,
,157.4333,
,157.453475,
,157.479,
,157.498525,
,157.52755,
,157.552075,
,157.575225,
,157.602825,
,157.62435,
,157.65565,
,157.6816,
,157.714725,
,157.76095,
,157.7842,
,157.810275,
,157.920075,
,157.96925,
,158.024625,
,158.056275,
,158.080275,
,158.09835,
,158.1197,
,158.1696,
,158.187575,
,158.19815,
,158.230025,
,158.275025,
,158.2922,
,158.313175,
,158.332,
,158.341975,
,158.367225,
,158.406625,
,158.431425,
,158.470475,
,158.515725,
,158.581825,
,158.63405,
,158.676475,
,158.695525,
,158.7243,
,158.7774,
,158.87495,
,158.9547,
,158.986025,
,159.02295,
,159.0516,
,159.071825,
,159.09095,
,159.127125,
,159.168175,
,159.211525,
,159.252575,
,159.290625,
,159.35625,
,159.38635,
,159.43335,
,159.459575,
,159.5059,
,159.528025,
,159.563725,
,159.612025,
,159.63975,
,159.684175,
,159.710525,
,159.739625,
,159.7786,
,159.818825,
,159.89545,
,159.9827,
,160.001675,
,160.019475,
,160.038975,
,160.055025,
,160.090725,
,160.114775,
,160.17925,
,160.2042,
,160.23035,
,160.260025,
,160.301325,
,160.330775,
,160.4188,
,160.44865,
,160.49215,
,160.539325,
,160.55895,
,160.5999,
,160.62295,
,160.63575,
,160.650775,
,160.6661,
,160.6796,
,160.6935,
,160.738325,
,160.7612,
,160.776125,
,160.797775,
,160.829875,
,160.86355,
,160.88955,
,160.91665,
,160.9448,
,160.97695,
,161.032075,
,161.068575,
,161.09635,
,161.110675,
,161.127725,
,161.14045,
,161.153625,
,161.1761,
,161.1937,
,161.21105,
,161.225875,
,161.2724,
,161.296675,
,161.3276,
,161.348725,
,161.3983,
,161.4159,
,161.47265,
,161.499875,
,161.55815,
,161.57505,
,161.6043,
,161.6418,
,161.674375,
,161.801175,
,161.8069,
,161.854575,
,161.91525,
,162.043325,
,162.08865,
,162.135425,
,162.16585,
,162.226825,
,162.29225,
,162.32095,
,162.43595,
,162.449125,
,162.4735,
,162.517775,
,162.554175,
,162.6135,
,162.716725,
,162.735375,
,162.761325,
,162.790475,
,162.817925,
,162.887575,
,162.936725,
,162.96615,
,162.99865,
,163.0751,
,163.105625,
,163.13185,
,163.1633,
,163.186775,
,163.204425,
,163.2192,
,163.24405,
,163.304775,
,163.348675,
,163.390475,
,163.41635,
,163.457825,
,163.477375,
,163.526525,
,163.555875,
,163.5922,
,163.616,
,163.6547,
,163.68335,
,163.709625,
,163.73815,
,163.758425,
,163.773125,
,163.8256,
,163.88625,
,163.920175,
,163.95665,
,163.9767,
,163.98905,
,164.019125,
,164.038925,
,164.06025,
,164.10365,
,164.144375,
,164.181,
,164.257025,
,164.28725,
,164.306775,
,164.3159,
,164.3376,
,164.361125,
,164.384725,
,164.477725,
,164.510175,
,164.5436,
,164.567625,
,164.5957,
,164.6409,
,164.65955,
,164.686675,
,164.754525,
,164.8298,
,164.865275,
,164.89945,
,164.96465,
,165.1424,
,165.199375,
,165.220875,
,165.246975,
,165.2802,
,165.30985,
,165.365075,
,165.3966,
,165.43635,
,165.4835,
,165.5365,
,165.5708,
,165.619725,
,165.654675,
,165.69565,
,165.74435,
,165.818675,
,165.9469,
,165.9714,
,166.0033,
,166.027075,
,166.047025,
,166.075425,
,166.10605,
,166.1545,
,166.200025,
,166.240025,
,166.26895,
,166.2927,
,166.3089,
,166.334925,
,166.360525,
,166.3883,
,166.418925,
,166.439075,
,166.46165,
,166.481625,
,166.500075,
,166.52745,
,166.5534,
,166.5776,
,166.609225,
,166.655325,
,166.705775,
,166.736275,
,166.76745,
,166.7965,
,166.83635,
,166.866325,
,166.911075,
,166.9371,
,167.01225,
,167.0456,
,167.08385,
,167.104925,
,167.144925,
,167.19845,
,167.242725,
,167.271325,
,167.309375,
,167.37535,
,167.4064,
,167.44165,
,167.477025,
,167.497175,
,167.520125,
,167.5281,
,167.546075,
,167.583025,
,167.63735,
,167.661975,
,167.711375,
,167.727275,
,167.752,
,167.77645,
,167.816425,
,167.82095,
,167.852525,
,167.88775,
,167.905425,
,167.9316,
,167.947175,
,167.963325,
,167.9883,
,168.024675,
,168.076775,
,168.129475,
,168.15625,
,168.174025,
,168.216875,
,168.238,
,168.2519,
,168.269125,
,168.294525,
,168.33275,
,168.35485,
,168.3795,
,168.42195,
,168.436,
,168.443625,
,168.467525,
,168.4914,
,168.52325,
,168.54945,
,168.57045,
,168.6028,
,168.627175,
,168.6589,
,168.68215,
,168.754425,
,168.77925,
,168.79565,
,168.825675,
,168.843825,
,168.885375,
,168.89915,
,168.976125,
,168.995775,
,169.015425,
,169.026675,
,169.050775,
,169.073225,
,169.10255,
,169.142175,
,169.151775,
,169.18935,
,169.224175,
,169.283725,
,169.339275,
,169.381775,
,169.39385,
,169.40445,
,169.411425,
,169.424575,
,169.45015,
,169.460125,
,169.488675,
,169.5088,
,169.5401,
,169.579825,
,169.6117,
,169.648075,
,169.6677,
,169.705775,
,169.75255,
,169.768325,
,169.819125,
,169.84485,
,169.886525,
,169.916175,
,169.9968,
,170.033275,
,170.075325,
,170.09165,
,170.1053,
,170.119625,
,170.1394,
,170.146025,
,170.165825,
,170.1923,
,170.22965,
,170.263525,
,170.28245,
,170.32385,
,170.340925,
,170.44,
,170.477775,
,170.5203,
,170.553475,
,170.561975,
,170.580225,
,170.600525,
,170.639225,
,170.658275,
,170.70125,
,170.72735,
,170.784925,
,170.809,
,170.898175,
,170.9427,
,170.9645,
,171.068325,
,171.118675,
,171.15015,
,171.16345,
,171.182575,
,171.197,
,171.237425,
,171.27305,
,171.344975,
,171.563675,
,171.603025,
,171.62175,
,171.6512,
,171.687775,
,171.900775,
,171.940675,
,171.964325,
,171.999375,
,172.032025,
,172.06295,
,172.11505,
,172.242175,
,172.269425,
,172.29995,
,172.3633,
,172.38915,
,172.42935,
,172.476525,
,172.518475,
,172.559675,
,172.592975,
,172.615625,
,172.644925,
,172.656225,
,172.6721,
,172.690975,
,172.719725,
,172.7321,
,172.7477,
,172.778575,
,172.810325,
,172.85625,
,172.88815,
,172.91985,
,172.95895,
,173.00105,
,173.030525,
,173.0723,
,173.10235,
,173.1175,
,173.174575,
,173.1914,
,173.206675,
,173.223025,
,173.242725,
,173.270725,
,173.30905,
,173.376625,
,173.423375,
,173.45135,
,173.474575,
,173.5022,
,173.54205,
,173.570775,
,173.611725,
,173.6728,
,173.722825,
,173.757275,
,173.812775,
,173.8733,
,173.8977,
,173.93335,
,174.0064,
,174.047125,
,174.08375,
,174.186925,
,174.2395,
,174.2695,
,174.312475,
,174.3396,
,174.372175,
,174.4375,
,174.49575,
,174.53125,
,174.563275,
,174.612,
,174.627675,
,174.648725,
,174.71785,
,174.747875,
,174.814375,
,174.90055,
,174.97125,
,175.029975,
,175.175225,
,175.231675,
,175.270125,
,175.2892,
,175.303475,
,175.33645,
,175.37125,
,175.42455,
,175.4454,
,175.47075,
,175.523275,
,175.554475,
,175.594625,
,175.6388,
,175.69225,
,175.84075,
,175.873425,
,175.88715,
,175.90615,
,175.9509,
,175.9765,
,176.014925,
,176.0386,
,176.044675,
,176.065625,
,176.132925,
,176.156075,
,176.1958,
,176.21015,
,176.243075,
,176.257675,
,176.2908,
,176.303875,
,176.33635,
,176.3562,
,176.3681,
,176.383575,
,176.41005,
,176.4391,
,176.457325,
,176.469525,
,176.503925,
,176.526375,
,176.5596,
,176.590275,
,176.6047,
,176.62525,
,176.651875,
,176.677075,
,176.69545,
,176.725025,
,176.740975,
,176.768575,
,176.786125,
,176.819025,
,176.861625,
,176.90705,
,176.938825,
,176.96435,
,176.986775,
,177.016425,
,177.0417,
,177.057625,
,177.073575,
,177.0922,
,177.115775,
,177.13475,
,177.177325,
,177.218975,
,177.243625,
,177.264625,
,177.286,
,177.299425,
,177.314075,
,177.337,
,177.371275,
,177.395475,
,177.443025,
,177.466975,
,177.503575,
,177.52975,
,177.552625,
,177.5762,
,177.604025,
,177.642125,
,177.663025,
,177.696775,
,177.74965,
,177.790825,
,177.82465,
,177.897975,
,177.91205,
,177.948975,
,177.98935,
,178.030175,
,178.06265,
,178.08655,
,178.11,
,178.120175,
,178.13215,
,178.1591,
,178.1889,
,178.219275,
,178.239325,
,178.2634,
,178.29005,
,178.356775,
,178.3797,
,178.40695,
,178.437275,
,178.476775,
,178.508375,
,178.523725,
,178.56315,
,178.6196,
,178.6728,
,178.683825,
,178.69655,
,178.710975,
,178.7379,
,178.782675,
,178.7923,
,178.825575,
,178.8398,
,178.847925,
,178.861875,
,178.882975,
,178.9081,
,178.98675,
,179.037575,
,179.069375,
,179.079425,
,179.1088,
,179.128575,
,179.15005,
,179.1731,
,179.206575,
,179.230675,
,179.277675,
,179.3369,
,179.407275,
,179.44215,
,179.4665,
,179.48135,
,179.500675,
,179.520025,
,179.547975,
,179.57105,
,179.5979,
,179.659075,
,179.72415,
,179.772975,
,179.7908,
,179.81215,
,179.827725,
,179.863,
,179.87685,
,179.91215,
,179.934225,
,179.952225,
,179.98855,
,180.0154,
,180.068425,
,180.105,
,180.137775,
,180.181125,
,180.2077,
,180.22675,
,180.242375,
,180.261775,
,180.2862,
,180.30775,
,180.388075,
,180.405125,
,180.426825,
,180.447875,
,180.480075,
,180.505525,
,180.528825,
,180.55815,
,180.58165,
,180.60155,
,180.63375,
,180.6541,
,180.6663,
,180.696825,
,180.758725,
,180.78185,
,180.795175,
,180.8757,
,180.90025,
,180.914525,
,180.931175,
,180.960825,
,181.000625,
,181.080575,
,181.148875,
,181.17325,
,181.214025,
,181.2454,
,181.265575,
,181.303625,
,181.341775,
,181.415225,
,181.516775,
,181.5859,
,181.59785,
,181.636225,
,181.6838,
,181.737475,
,181.817225,
,181.8749,
,181.89295,
,181.914725,
,181.94345,
,181.967425,
,182.02065,
,182.060625,
,182.083825,
,182.1554,
,182.187425,
,182.210725,
,182.247825,
,182.2736,
,182.32745,
,182.418475,
,182.47145,
,182.489825,
,182.51085,
,182.52765,
,182.54615,
,182.5725,
,182.6133,
,182.632875,
,182.6648,
,182.69435,
,182.721125,
,182.75845,
,182.826475,
,182.86845,
,182.9223,
,182.961525,
,182.998675,
,183.0317,
,183.06225,
,183.09955,
,183.11885,
,183.19235,
,183.261875,
,183.308625,
,183.361525,
,183.390475,
,183.414775,
,183.439525,
,183.471025,
,183.64715,
,183.659775,
,183.679375,
,183.706675,
,183.751975,
,183.78875,
,183.824575,
,183.927975,
,183.97355,
,183.9852,
,184.011225,
,184.040475,
,184.0754,
,184.1109,
,184.199625,
,184.2658,
,184.300925,
,184.3321,
,184.3839,
,184.41845,
,184.442975,
,184.470925,
,184.53195,
,184.58465,
,184.6347,
,184.6775,
,184.718575,
,184.75605,
,184.80105,
,184.85645,
,184.927125,
,184.940325,
,184.987225,
,185.006975,
,185.045425,
,185.081525,
,185.10795,
,185.169675,
,185.2188,
,185.2606,
,185.290775,
,185.32215,
,185.349425,
,185.37395,
,185.45275,
,185.50145,
,185.5304,
,185.566875,
,185.630475,
,185.6759,
,185.7262,
,185.76855,
,185.805025,
,185.83445,
,185.868275,
,185.91815,
,185.95135,
,185.997225,
,186.019875,
,186.071575,
,186.103625,
,186.12815,
,186.1519,
,186.185675,
,186.240075,
,186.265125,
,186.318875,
,186.3649,
,186.3882,
,186.4084,
,186.452125,
,186.484125,
,186.520825,
,186.565175,
,186.61245,
,186.647775,
,186.69035,
,186.72135,
,186.7463,
,186.77825,
,186.81025,
,186.89995,
,186.95515,
,187.00165,
,187.0576,
,187.088425,
,187.1357,
,187.1752,
,187.25655,
,187.304875,
,187.3392,
,187.3748,
,187.3924,
,187.446025,
,187.5047,
,187.548375,
,187.6007,
,187.651775,
,187.70165,
,187.728,
,187.75825,
,187.779875,
,187.80215,
,187.835575,
,187.8639,
,187.92025,
,187.94325,
,187.9854,
,187.996275,
,188.01655,
,188.0612,
,188.083925,
,188.11145,
,188.133425,
,188.145925,
,188.1701,
,188.1947,
,188.213075,
,188.231375,
,188.2432,
,188.26295,
,188.30345,
,188.330825,
,188.357625,
,188.3776,
,188.391175,
,188.40295,
,188.421525,
,188.455375,
,188.463325,
,188.478675,
,188.509925,
,188.5372,
,188.549175,
,188.56115,
,188.5801,
,188.603875,
,188.616925,
,188.64375,
,188.695,
,188.7128,
,188.7288,
,188.74365,
,188.798775,
,188.848325,
,188.8692,
,188.96875,
,189.007875,
,189.016625,
,189.04605,
,189.074325,
,189.09845,
,189.1277,
,189.14115,
,189.156875,
,189.179325,
,189.22225,
,189.25495,
,189.32095,
,189.33875,
,189.355,
,189.382175,
,189.42965,
,189.47075,
,189.506075,
,189.53775,
,189.572925,
,189.5932,
,189.629825,
,189.645025,
,189.665175,
,189.674425,
,189.69935,
,189.737575,
,189.768775,
,189.809275,
,189.838925,
,189.87395,
,189.916825,
,189.926175,
,189.9598,
,189.98885,
,189.99905,
,190.04655,
,190.09975,
,190.1326,
,190.177025,
,190.22375,
,190.261275,
,190.2923,
,190.314475,
,190.3314,
,190.3655,
,190.391475,
,190.41655,
,190.434875,
,190.4514,
,190.466125,
,190.483275,
,190.495325,
,190.504575,
,190.517475,
,190.563125,
,190.583675,
,190.6093,
,190.631575,
,190.653225,
,190.665375,
,190.681775,
,190.691525,
,190.7101,
,190.737725,
,190.7518,
,190.78405,
,190.8102,
,190.84115,
,190.8585,
,190.8768,
,190.887325,
,190.90985,
,190.938075,
,190.961075,
,190.97585,
,190.999375,
,191.021325,
,191.034025,
,191.0544,
,191.088675,
,191.10095,
,191.126475,
,191.1622,
,191.19945,
,191.226075,
,191.27255,
,191.327425,
,191.3805,
,191.433325,
,191.4732,
,191.52495,
,191.550375,
,191.585775,
,191.6116,
,191.636575,
,191.65685,
,191.7151,
,191.750075,
,191.81535,
,191.84415,
,191.86505,
,191.881175,
,191.922075,
,191.9452,
,192.00635,
,192.106775,
,192.1369,
,192.185925,
,192.2072,
,192.229175,
,192.244525,
,192.276575,
,192.31725,
,192.33065,
,192.353775,
,192.4003,
,192.45925,
,192.497375,
,192.5221,
,192.543,
,192.564675,
,192.5849,
,192.635925,
,192.6645,
,192.730975,
,192.77785,
,192.802925,
,192.8151,
,192.836775,
,192.85585,
,192.88805,
,192.90745,
,192.948725,
,193.02365,
,193.072525,
,193.113075,
,193.1216,
,193.147,
,193.167275,
,193.1884,
,193.21965,
,193.287525,
,193.330575,
,193.363875,
,193.398675,
,193.44885,
,193.49075,
,193.524375,
,193.57975,
,193.595,
,193.611625,
,193.626375,
,193.63945,
,193.6558,
,193.676475,
,193.698075,
,193.71665,
,193.737975,
,193.7558,
,193.777,
,193.8096,
,193.832425,
,193.8657,
,193.89755,
,193.908725,
,193.960725,
,193.9897,
,194.02365,
,194.068,
,194.148575,
,194.17325,
,194.22295,
,194.278775,
,194.3123,
,194.364775,
,194.428275,
,194.5007,
,194.5753,
,194.632725,
,194.6525,
,194.7055,
,194.726525,
,194.78465,
,194.82815,
,194.863225,
,194.901,
,194.919625,
,194.958775,
,195.01945,
,195.054525,
,195.07575,
,195.0912,
,195.11725,
,195.147275,
,195.164675,
,195.20195,
,195.2496,
,195.312825,
,195.333475,
,195.34955,
,195.36775,
,195.383875,
,195.44565,
,195.476025,
,195.513425,
,195.5309,
,195.572475,
,195.60455,
,195.620275,
,195.648025,
,195.66485,
,195.6942,
,195.786125,
,195.91535,
,195.944425,
,195.988375,
,196.007025,
,196.032175,
,196.043325,
,196.065225,
,196.097325,
,196.1267,
,196.145,
,196.1838,
,196.255525,
,196.307225,
,196.34585,
,196.362825,
,196.42025,
,196.444725,
,196.487825,
,196.5205,
,196.553425,
,196.601575,
,196.654375,
,196.7281,
,196.859725,
,196.883825,
,196.945825,
,196.98475,
,197.004375,
,197.059475,
,197.092525,
,197.144875,
,197.208475,
,197.27435,
,197.303925,
,197.361975,
,197.386675,
,197.424775,
,197.469075,
,197.499375,
,197.519475,
,197.540075,
,197.5608,
,197.599075,
,197.6213,
,197.636875,
,197.66345,
,197.70165,
,197.72895,
,197.748625,
,197.761925,
,197.787475,
,197.8067,
,197.82695,
,197.851175,
,197.874225,
,197.88955,
,197.911975,
,197.9379,
,197.961075,
,198.000325,
,198.0585,
,198.10435,
,198.155525,
,198.18675,
,198.21425,
,198.2395,
,198.267,
,198.295025,
,198.319375,
,198.350375,
,198.424925,
,198.46235,
,198.493725,
,198.51365,
,198.539875,
,198.5564,
,198.58455,
,198.617675,
,198.663825,
,198.6965,
,198.72345,
,198.744625,
,198.766975,
,198.79475,
,198.826375,
,198.844975,
,198.86845,
,198.8993,
,198.9395,
,198.9662,
,198.9842,
,199.0098,
,199.04415,
,199.08305,
,199.1396,
,199.163125,
,199.1916,
,199.2317,
,199.27145,
,199.303275,
,199.32595,
,199.346675,
,199.39655,
,199.4165,
,199.46275,
,199.49445,
,199.529775,
,199.55615,
,199.61505,
,199.6655,
,199.69555,
,199.7604,
,199.79735,
,199.822525,
,199.847675,
,199.8671,
,199.918275,
,199.97485,
