SPK_SPKC09a,SPK_SPKC11a,SPK_SPKC13b,SPK_SPKC14a,SPK_SPKC16a
0.03575,0.150475,3.270625,1.95785,0.03815
0.131425,1.223425,3.392575,2.778175,0.127
0.478775,1.244925,3.3941,4.01685,0.2857
0.6813,1.572475,3.476725,5.28095,0.5237
0.903525,1.934675,4.4207,5.679125,0.63705
0.97425,1.982825,5.712025,7.136875,0.8255
1.199925,1.99035,7.882175,9.95855,0.846525
2.2438,2.086275,7.98985,9.98725,0.9269
2.492825,2.704025,8.962825,10.61515,1.018925
2.592675,3.5511,12.07055,11.74975,1.042575
2.745975,3.731275,12.5253,11.79445,1.29465
2.89075,4.09745,16.01435,12.016475,1.327625
3.1288,5.016575,17.0681,12.028175,1.32985
3.377325,5.661475,26.078875,13.41395,1.428925
3.446375,6.355425,26.678125,13.4385,1.644075
3.4772,6.46255,27.0221,13.467925,1.991625
3.573975,6.676625,28.970575,14.2231,2.35795
3.866225,6.865225,30.502225,14.93905,2.5306
4.53955,7.1443,30.830225,15.00105,2.79745
4.6928,7.652225,35.390675,15.104225,3.116275
4.727825,8.3732,35.430125,15.606825,3.159425
4.78925,9.45565,38.447825,16.567325,3.205775
4.833125,9.490875,39.020325,16.883575,3.231325
4.861275,9.984175,39.28875,17.3633,3.56005
4.996475,10.263525,41.072,17.502225,3.655275
5.0838,10.4093,41.660475,17.705875,3.715325
5.427525,10.762225,42.634775,17.86815,4.067175
5.598275,10.7864,44.2305,18.025275,4.078625
5.67535,11.209075,47.43375,18.247775,4.157425
5.763125,11.694525,48.610875,18.6866,4.362375
5.9656,12.0243,49.662675,18.723,5.315975
6.039525,12.03825,50.3901,18.730875,5.538775
6.1928,12.4444,51.817475,18.76545,5.55605
6.25235,13.057275,55.499175,18.780925,5.6233
6.62535,13.272775,55.847725,18.81695,5.64895
6.825675,14.413225,56.663375,18.849025,5.69335
6.834425,14.914525,56.76795,18.96175,5.89095
7.109325,14.98455,58.75355,18.973225,6.00195
7.178525,15.544575,59.58865,18.983325,6.945075
7.390075,15.56995,61.380925,19.151125,7.08145
7.637025,16.18205,65.675425,19.39255,7.155425
7.833675,16.25525,67.893775,19.4384,7.2481
7.892575,16.668325,70.16635,19.44945,7.727375
7.968975,16.8749,70.461,19.4588,8.0037
8.2743,16.951925,70.60545,19.4785,8.04875
9.05185,17.44545,71.60295,19.5019,8.064175
9.1581,17.5429,71.905175,19.5181,8.51585
9.381325,17.67745,76.11795,19.726725,8.57575
9.66465,18.2619,77.570825,19.750825,9.069625
9.706125,18.73835,77.619825,19.796175,9.0901
9.72145,18.88745,77.85925,19.87505,9.162
9.856025,18.925375,79.214875,19.89815,9.51095
9.8903,18.972825,81.9016,19.92175,9.57985
9.89565,18.986,85.610675,19.969475,9.78695
10.00285,19.261875,87.1049,20.101975,10.02005
10.232375,19.4937,87.7546,20.1779,10.12595
11.108975,19.54135,87.8841,20.2162,10.36135
11.3954,20.181875,90.76935,20.474825,10.4645
11.4976,20.419325,93.29745,20.535075,10.607675
11.5398,20.572275,95.082625,20.5633,11.06095
11.628675,20.64655,95.829675,20.5812,11.1955
11.757375,21.0585,96.0455,20.603825,11.285725
11.862275,21.411325,98.231325,20.6173,11.290325
11.907225,21.732125,99.36385,20.640675,11.32655
12.31625,21.79145,99.59655,20.6544,11.3808
12.41185,23.172425,100.743575,20.96475,11.4111
12.50335,23.75735,105.37495,20.98735,11.414375
12.576925,24.173675,105.454275,21.019825,11.779375
12.66035,24.71525,105.687375,21.063225,11.9962
12.8902,24.763425,108.666975,21.0949,12.0105
13.062825,24.784375,108.8346,21.250225,12.01655
13.272725,25.062675,109.379125,21.3207,12.027775
13.31345,25.57785,109.52695,21.391225,12.031075
13.796275,25.822125,113.284425,21.402675,12.0713
13.836675,26.04985,113.4824,21.42005,12.08455
13.91335,26.217075,114.76345,21.439475,12.77815
13.98845,26.3447,115.41495,21.56525,13.390425
14.88615,26.59965,115.596675,21.802575,13.4552
15.0711,27.0765,118.939975,21.864575,13.6717
15.647625,27.394975,119.397075,21.9167,13.7517
15.742175,27.93235,120.83085,21.9305,13.7891
15.98375,28.533975,123.022175,21.95685,14.186775
16.18815,29.0747,129.457275,21.977975,14.225475
16.411275,29.2631,131.1169,21.993125,14.23015
16.49785,30.16695,131.129875,22.0241,14.310975
16.6191,30.374675,131.69975,22.108675,14.64175
16.938825,30.5451,134.22605,22.32965,15.010475
17.002675,30.9242,135.6931,22.354725,15.055475
17.1086,30.996675,138.080725,22.380775,16.03805
17.244875,31.3863,138.243925,22.399825,16.09505
17.358825,32.126675,138.66745,22.450325,16.30695
17.456225,32.5466,138.799225,22.477375,16.59105
17.823175,33.732825,139.080975,22.7246,16.67575
18.049575,34.26425,140.213925,22.838,16.6995
18.18785,35.12855,141.160425,22.850075,16.706375
18.210275,35.243775,144.6857,22.918175,16.71835
18.501325,35.266375,147.911,22.94385,17.1191
18.650125,35.463475,149.3673,23.262975,17.19635
19.727125,35.822225,,23.45365,17.259225
19.745375,35.924875,,23.7367,17.272075
19.805425,35.9393,,23.767875,17.422325
19.98345,36.39845,,23.93465,17.444275
20.236275,36.8503,,24.0413,17.477375
20.56985,37.16375,,24.066375,17.500775
20.617,37.609875,,24.178125,17.5678
20.69965,38.5443,,24.3581,17.6214
20.847625,38.691275,,24.418475,17.628
21.3991,39.186175,,24.6747,17.733625
22.170475,39.24595,,24.777075,17.7542
22.2305,39.248375,,24.9281,17.853475
22.50765,39.321925,,25.0436,17.948125
22.6717,40.46215,,25.118025,17.9642
22.71695,41.195,,25.17135,18.2301
23.322475,41.42235,,25.2344,18.360775
23.384375,41.480175,,25.263275,18.39105
23.5018,41.76405,,25.277525,18.4732
23.555675,42.208925,,25.369475,18.7272
23.709225,42.4752,,25.63155,18.736775
23.840375,42.6561,,25.993975,18.7515
23.916325,42.677125,,26.006275,18.806625
24.0719,43.464075,,26.020425,18.81695
24.578325,43.5187,,26.0617,18.86445
24.8954,44.4134,,26.075925,18.99205
24.9505,44.665375,,26.15055,19.00145
25.25585,45.259375,,26.17145,19.072925
25.3862,45.331325,,26.34975,19.07865
25.4444,45.335375,,26.91315,19.117175
25.51205,45.5312,,26.941925,19.444325
25.77195,46.38395,,27.38355,19.450575
25.861625,47.04135,,27.628225,19.461375
25.917975,48.11175,,27.934875,19.502675
26.180375,48.136925,,27.9535,19.67445
26.48495,48.51335,,29.079575,19.738925
26.893425,49.2489,,29.449075,19.777125
26.961575,49.400775,,30.075725,19.824875
27.00625,50.5523,,30.0917,19.919125
27.117275,51.4498,,30.3358,20.02205
27.348875,51.846325,,30.699075,20.02605
27.48105,52.466525,,30.71665,20.0744
27.6307,52.86495,,30.758275,20.1812
27.767225,53.334425,,31.757,20.18315
27.827375,53.4841,,32.09015,20.2123
27.85405,53.833725,,32.3642,20.249475
28.01895,54.05355,,32.5993,20.323025
28.074825,54.093025,,33.200575,20.590825
28.129425,54.218875,,33.360375,20.6139
28.305825,54.26145,,33.36865,20.624825
28.429125,54.281025,,33.7185,20.680875
28.5645,54.49205,,33.7283,20.68625
28.81375,55.342575,,34.263475,20.701475
29.538625,56.1798,,34.68935,20.84735
29.619575,56.8216,,36.4519,20.9843
30.0081,57.179725,,36.5057,21.0315
30.19095,57.375575,,36.654325,21.033275
30.400125,57.540475,,36.823925,21.041775
30.40675,59.473975,,37.3545,21.0567
30.446125,59.632525,,37.661075,21.156875
30.67275,59.9767,,37.8257,21.16605
30.707275,60.0181,,38.23845,21.1992
31.331275,60.18225,,38.2821,21.24305
31.41835,60.599625,,38.373325,21.468725
31.912425,60.723275,,38.920975,21.5707
32.02165,61.00625,,39.09335,21.65395
32.4653,61.91655,,39.514725,21.750175
32.5498,62.963,,39.72385,21.96875
32.755275,63.407925,,40.031625,21.985625
32.83515,63.5511,,40.11315,21.995225
32.9596,63.67615,,40.9179,22.007875
33.131175,63.858175,,40.9279,22.089975
33.344375,64.246475,,41.320975,22.155575
33.383575,64.72765,,41.636325,22.3688
33.405825,65.300875,,41.651975,22.375575
33.602275,65.320225,,41.669125,22.403225
33.86475,66.1452,,41.848375,22.434
33.997025,66.1671,,42.50735,22.83235
34.268825,66.85525,,42.72015,22.838075
34.469325,67.1666,,43.484675,22.844775
34.710525,67.4517,,43.5078,22.845925
34.72655,68.193525,,43.547675,22.848175
34.760125,68.942075,,44.359625,22.859925
34.8721,69.3601,,44.373625,22.878925
35.3905,70.12535,,44.780225,22.9057
35.610725,70.54015,,45.250875,23.048975
35.69645,71.296675,,45.3097,23.0703
36.4261,72.054425,,46.051975,23.28545
36.568,72.748925,,46.059425,23.3988
36.832225,73.325975,,46.9729,23.409
36.8713,73.988475,,47.344525,23.416
37.064275,74.0528,,47.539175,23.8712
37.740075,74.3861,,47.5916,24.071375
38.04415,74.89435,,47.800925,24.3218
38.127325,74.9467,,47.838625,24.33685
38.227925,75.95385,,48.063075,24.3608
38.263975,76.05985,,48.336625,24.680825
38.916025,76.63935,,48.354225,24.691475
39.235475,76.95725,,48.367125,24.714825
39.311575,77.01075,,48.4001,24.754275
39.4431,77.446975,,48.570725,24.767125
40.126175,77.779,,48.94595,24.776225
40.334225,78.1653,,49.015125,24.81105
40.86385,79.331525,,49.29505,24.84775
40.931225,79.59315,,49.356725,24.9143
41.4661,79.6797,,49.3788,24.993225
42.52535,79.694475,,49.666075,25.021125
42.903175,79.7867,,49.9281,25.2622
43.026275,79.952575,,50.1333,25.2762
43.18395,80.669225,,50.2136,25.3418
43.257475,81.02255,,50.367,25.37475
43.838975,81.122975,,50.4684,25.3852
43.966925,81.801275,,50.498675,25.39035
44.09775,82.02475,,50.527175,25.755775
44.152975,82.045925,,50.562375,26.02335
44.25255,82.444075,,50.58325,26.07595
44.25455,82.491075,,50.67765,26.09135
44.3547,82.783625,,50.7262,26.157
44.502375,83.7928,,50.760625,26.1666
44.864075,83.9478,,50.79225,26.2087
44.930475,84.599325,,50.822375,26.24625
45.04015,84.71985,,50.88035,26.4391
45.08935,86.3541,,50.926475,26.5301
45.194375,87.039,,51.03675,26.55765
45.237775,87.582975,,51.097575,26.6166
45.465225,87.645975,,51.184825,26.980575
45.63085,88.24295,,51.337525,26.99775
46.153675,88.275325,,51.40115,27.05375
46.243575,88.56965,,51.422925,27.1348
46.3932,88.6386,,51.50445,27.56915
46.5082,88.76455,,51.52675,27.96365
46.59005,88.898025,,51.79325,28.13035
46.70885,89.198325,,51.81985,28.278825
46.8411,89.40685,,51.847325,28.365075
47.03645,89.446375,,51.866875,28.566325
47.211475,89.664325,,51.89215,28.83915
47.328525,89.78895,,51.979975,28.992875
47.4375,90.28125,,52.019825,29.155875
47.720025,90.3987,,52.47485,29.215075
47.778125,90.6956,,52.493175,29.227675
47.83525,90.7836,,52.517875,29.31235
48.1686,90.80335,,52.546125,29.454175
48.198275,91.238925,,52.5605,29.56145
48.45385,91.75725,,52.6307,29.674775
48.58965,91.8243,,52.763675,29.823775
48.969175,91.826475,,52.81905,30.171975
50.021975,91.901825,,52.834875,30.29825
50.098025,92.0854,,52.855475,30.335875
50.296375,92.538575,,52.97125,30.3834
50.71145,93.49885,,53.026125,31.0536
50.795675,94.39655,,53.303625,31.17045
50.877425,94.990525,,53.324975,31.273525
51.19605,95.1644,,53.7682,31.47505
51.347875,96.351475,,53.7904,31.6459
51.484175,96.50435,,53.833,31.834775
51.659725,96.85715,,53.896575,32.145775
52.23975,96.90505,,53.9601,32.244025
52.299975,97.141075,,54.105025,32.365775
52.390325,97.226775,,54.116125,32.403625
52.678875,97.30305,,54.14315,32.49925
52.856175,97.54135,,54.201825,32.543525
53.304025,98.255625,,54.2723,32.590275
53.4794,100.029025,,54.562175,32.83465
53.843475,100.3796,,54.603325,32.856125
54.068075,100.579925,,54.61365,32.8767
54.299425,101.264625,,54.6999,32.91235
54.580875,101.309175,,54.733725,32.99035
54.7244,101.5655,,54.744975,33.271825
54.76425,101.8767,,54.761725,33.361175
54.86435,102.102425,,54.91655,33.4287
55.205425,102.251775,,54.979925,33.596625
55.407375,102.547225,,54.995475,33.690575
55.43705,103.27835,,55.0199,33.745325
55.46555,103.49285,,55.184675,33.7731
55.5818,103.7413,,55.218125,33.830725
55.927525,103.8628,,55.308425,34.086575
56.09505,103.8704,,55.624775,34.148025
56.15265,103.97445,,55.638175,34.263625
56.386875,104.439675,,55.6689,34.265875
56.47985,105.454275,,55.69345,34.2772
56.5064,105.5132,,56.0767,34.336875
56.552525,105.58235,,56.2043,34.4444
56.71035,106.309075,,56.4027,34.70915
57.3407,106.3419,,56.57385,34.739625
57.798075,110.742275,,56.661325,34.80605
57.841325,110.996575,,56.8331,34.90355
58.17905,111.261525,,56.8808,35.23395
58.22835,111.428825,,57.03015,35.24295
58.29295,111.5506,,57.055875,35.292575
58.419975,112.5196,,57.068625,35.403375
58.464025,112.9178,,57.19425,35.6446
58.52455,113.399675,,57.5082,35.725475
58.5772,114.23185,,57.6164,35.762275
59.292775,114.243525,,57.65115,35.764975
59.4403,115.12025,,57.775325,35.77475
59.851375,115.31565,,58.1017,35.83425
60.024725,115.402025,,58.13405,35.852225
60.039975,115.472125,,58.149525,35.9475
60.1483,115.5781,,58.170925,36.296675
60.2074,116.630325,,58.4726,36.383375
60.25085,116.928225,,58.6617,36.429875
60.29445,117.069475,,58.678525,36.582625
60.77185,117.8739,,58.717575,36.81675
60.784425,117.875,,58.817575,36.8315
60.95935,117.927475,,58.852175,36.9346
61.154925,118.661275,,59.0459,36.98245
61.4074,118.834925,,59.23035,37.019375
61.888275,119.343675,,59.289325,37.104275
62.118475,119.65995,,59.306575,37.171475
62.2334,120.02655,,59.329525,37.212675
62.6097,120.20575,,59.371575,37.4473
63.23575,120.9179,,59.400375,37.4658
63.480725,121.1407,,59.5828,37.519
63.69275,121.551775,,59.69525,38.0504
64.050025,121.877425,,59.73985,38.32985
64.16835,123.035975,,60.0363,38.3576
64.31385,123.26225,,60.0501,38.4404
64.5833,123.783725,,60.06605,38.5733
64.64705,123.80865,,60.213875,38.586475
64.895325,123.972,,60.311375,38.95175
65.08245,124.242825,,60.536325,39.044775
65.4736,125.4907,,60.584475,39.0481
65.759575,125.76475,,60.59625,39.09115
65.955175,127.202325,,60.628875,39.09675
66.637675,127.2245,,60.710525,39.110825
67.06065,128.406725,,61.087325,39.1516
67.242475,128.50305,,61.204925,39.152975
67.396825,128.90135,,61.54635,39.168625
67.437775,128.97945,,61.575625,39.1834
67.991425,129.0815,,61.65915,39.669275
68.128975,129.21255,,61.7759,39.7618
68.40195,130.016525,,61.83395,40.1062
68.46525,130.846475,,61.845925,40.1194
68.59415,131.9032,,62.124675,40.406725
68.7084,132.184725,,62.181,40.467625
68.730525,132.2065,,62.597,40.468925
68.794125,132.239475,,62.612025,40.490475
68.92715,132.38065,,62.6194,40.629025
69.1966,133.508925,,62.674725,40.929575
69.425575,133.523,,62.93145,41.05545
69.59935,133.61715,,63.00945,41.17945
70.00495,135.557675,,63.0976,41.5124
70.27515,135.5711,,63.562025,41.70355
70.504875,136.222675,,63.5927,41.72915
70.51785,136.73665,,63.914475,42.064325
71.11125,137.042,,63.983725,42.084125
71.190625,137.557525,,63.996775,42.148
71.233925,137.64985,,64.069075,42.1813
71.2647,137.726375,,64.14605,42.459325
71.32935,138.72645,,64.241075,42.495625
71.542325,139.320025,,64.305425,42.54235
71.6543,139.745375,,64.537975,42.5647
71.697825,140.5187,,64.612625,42.674075
72.2739,140.947475,,64.6726,42.860825
72.328475,141.173875,,64.7529,43.547775
72.33825,142.161475,,64.76975,43.6067
72.5878,142.318,,64.870575,43.61375
72.659725,142.43995,,64.926925,43.673425
72.69795,142.60745,,65.19445,43.94565
72.7525,144.2659,,65.294225,44.4759
72.775125,144.342225,,65.32495,44.8037
73.13765,144.7388,,65.803675,44.877425
73.257225,145.09055,,65.84465,44.9289
73.489675,145.137825,,65.86295,44.943275
73.618775,145.1844,,65.9849,44.99785
74.626825,146.38035,,66.048975,45.43865
74.914825,147.47535,,66.070025,45.46565
75.392,148.609425,,66.736725,45.491075
75.4317,148.688925,,66.85975,45.507875
75.56675,148.7159,,67.43795,45.525675
75.6625,148.75285,,67.5096,45.58305
75.676075,149.80755,,67.745725,45.614025
75.7333,149.927025,,67.89215,45.640775
76.406425,149.98685,,67.929425,45.92235
76.625775,,,67.95955,45.979275
76.855625,,,67.993925,46.019
77.512875,,,68.231825,46.02925
77.68045,,,68.2481,46.064575
78.003375,,,68.505775,46.070825
78.049025,,,68.5187,46.076525
78.190975,,,68.544525,46.138275
78.62025,,,68.57555,46.2667
79.07765,,,68.603975,46.291875
79.425575,,,68.641775,46.33715
79.461125,,,68.70705,46.53055
80.06275,,,68.90115,46.7039
80.151425,,,68.9194,46.71195
80.563175,,,68.926525,46.805075
80.6459,,,68.947425,46.900925
81.02335,,,69.0033,46.9092
81.28325,,,69.045025,46.92765
81.340325,,,69.07705,47.0263
82.39045,,,69.160775,47.6443
82.4488,,,69.22985,48.114575
82.5251,,,69.256725,48.344475
82.8334,,,69.353375,48.4582
83.0682,,,69.425775,48.744925
83.14545,,,69.4793,48.861625
83.194625,,,69.55705,48.986425
83.4068,,,69.56825,48.996175
83.48995,,,69.64045,49.020625
83.561425,,,69.65205,49.030275
83.58955,,,69.6878,49.0621
83.6092,,,69.7474,49.196175
83.614475,,,69.792175,49.218275
83.79135,,,70.01705,49.36725
83.999725,,,70.064475,49.8054
84.181675,,,70.181525,49.922275
84.52885,,,70.23495,49.9458
84.756425,,,70.261375,49.9766
84.87055,,,70.352525,50.0149
85.0214,,,70.530475,50.0615
85.586025,,,70.540225,50.136475
85.949525,,,70.5623,50.532525
86.5277,,,70.57515,50.540675
87.3492,,,70.582025,50.561075
87.69805,,,70.597275,50.596025
88.6754,,,70.615625,50.90005
89.12045,,,70.69545,51.050675
89.3016,,,70.72005,51.0866
89.539275,,,70.754575,51.39255
90.235175,,,70.77855,51.408375
90.30465,,,70.86405,51.4265
90.503275,,,70.890575,51.4939
90.5454,,,70.97555,51.893275
90.602275,,,71.018675,51.92325
90.71425,,,71.0478,51.974625
90.85345,,,71.085375,52.0017
90.8884,,,71.184775,52.123575
90.9405,,,71.262375,52.532225
91.045175,,,71.344675,52.880775
91.8217,,,71.36265,52.885125
92.733775,,,71.378925,52.9781
92.89155,,,71.395525,53.0102
93.03685,,,71.417325,53.024075
94.10065,,,71.436275,53.05505
94.32305,,,71.454325,53.107925
94.32615,,,71.4741,53.135125
94.960875,,,71.517375,53.293325
95.0461,,,71.5966,53.3152
95.49785,,,71.651,53.57575
95.6618,,,71.686,53.5974
95.712,,,71.87915,53.92115
95.836075,,,71.933375,54.0331
96.276075,,,71.960775,54.128125
96.4389,,,72.0383,54.184625
96.8098,,,72.210925,54.273675
96.9306,,,72.413425,54.3111
97.00595,,,72.425725,54.37825
97.053925,,,72.45285,54.391475
97.488125,,,72.51315,54.415625
97.5713,,,72.5458,54.4994
97.62685,,,72.72315,54.514725
97.715625,,,72.733875,54.530225
98.1375,,,72.820875,54.60475
98.16245,,,73.321075,54.6277
98.934,,,73.33315,54.6982
99.01655,,,73.344275,54.70085
99.1139,,,73.386075,54.9898
99.523225,,,73.427275,55.00885
99.729625,,,73.452325,55.0244
99.86165,,,73.54905,55.04225
99.947575,,,73.58795,55.20295
100.536475,,,73.674375,55.2344
100.790375,,,73.7198,55.307125
101.0367,,,73.729575,55.6481
101.072275,,,73.74135,55.656875
101.529425,,,73.78305,55.664925
102.216575,,,73.830325,55.6851
102.25265,,,73.860225,55.694
102.302675,,,73.88065,55.715425
102.47145,,,73.91885,55.7727
104.1271,,,73.94505,56.23005
104.58535,,,73.958725,56.3123
104.820975,,,73.98195,56.55725
104.8591,,,73.9955,56.6154
105.199475,,,74.01375,56.784925
105.576225,,,74.03135,57.154775
105.722425,,,74.045375,57.200775
106.373075,,,74.100375,57.67525
106.96765,,,74.154875,57.7338
107.005675,,,74.221675,57.739125
107.10415,,,74.282625,57.759225
107.253175,,,74.345825,58.04435
107.5383,,,74.3776,58.1403
107.783275,,,74.38365,58.15085
107.817,,,74.390475,58.330975
107.9159,,,74.397775,58.614975
107.949775,,,74.404975,58.622675
108.07665,,,74.42185,58.6359
108.3409,,,74.462425,58.689325
108.603275,,,74.4748,59.017725
108.8879,,,74.502725,59.339125
109.24995,,,74.528075,59.357275
109.54565,,,74.54955,59.386325
111.241525,,,74.597675,59.46615
111.293925,,,74.63195,59.4975
111.427075,,,74.701475,59.52805
111.539125,,,74.752975,59.6706
111.581625,,,74.7773,59.739875
112.581325,,,74.813275,60.0402
112.89285,,,74.857275,60.06765
112.894125,,,74.881475,60.26775
114.0753,,,74.905775,60.602225
114.56235,,,74.91875,60.84655
114.925475,,,74.94355,61.00695
115.27375,,,74.954525,61.011725
117.06365,,,74.975425,61.221975
117.340975,,,75.0132,61.546525
118.939825,,,75.054575,62.016625
119.29985,,,75.0884,62.14615
119.4109,,,75.1183,62.153775
119.67845,,,75.182225,62.249375
119.813375,,,75.205475,62.60195
119.89115,,,75.243575,62.640375
120.069975,,,75.260975,62.662525
120.359375,,,75.2883,63.024575
120.4336,,,75.31455,63.035375
120.68605,,,75.35935,63.049375
120.717125,,,75.3763,63.281275
120.823475,,,75.45665,64.010225
122.4979,,,75.502025,64.01995
122.817425,,,75.53985,64.16595
124.078525,,,75.572975,64.2716
124.735075,,,75.591475,64.285
124.8314,,,75.603275,64.356625
125.107125,,,75.6188,64.4363
126.328275,,,75.63325,64.493025
128.172175,,,75.64505,64.749175
128.842675,,,75.6638,64.769925
129.153875,,,75.673875,64.79085
129.171075,,,75.7181,64.850275
129.760525,,,75.758575,64.87075
129.789025,,,75.805325,65.093
132.208,,,75.867425,65.255325
133.88875,,,75.94975,65.350375
134.163025,,,75.985825,65.451225
134.73525,,,76.047525,65.460925
135.39245,,,76.114225,65.509575
135.628125,,,76.142525,65.956125
137.475525,,,76.159625,66.24975
137.5108,,,76.171525,66.3524
137.54215,,,76.214675,66.423925
137.67795,,,76.23585,66.47615
137.83015,,,76.276025,66.913725
138.49385,,,76.316325,67.581625
138.755075,,,76.341875,67.60585
138.791875,,,76.368975,67.682475
138.912475,,,76.41885,67.93405
139.756025,,,76.4609,68.0124
140.177975,,,76.46675,68.0923
140.20975,,,76.489675,68.43035
140.493825,,,76.53245,68.501975
140.573375,,,76.557825,68.515175
141.141975,,,76.577075,68.980125
141.4407,,,76.59205,68.981875
141.54575,,,76.611225,69.02605
141.70695,,,76.623225,69.06705
141.8034,,,76.64165,69.1667
142.13315,,,76.65465,69.24895
142.28495,,,76.66895,69.621475
143.34495,,,76.678125,69.648025
143.6024,,,76.68965,69.650675
144.0323,,,76.696575,69.67845
144.22615,,,76.7176,69.737325
144.505825,,,76.759425,69.847025
144.66645,,,76.81115,70.1456
144.720025,,,76.826875,70.174625
145.15785,,,76.839575,70.1824
145.48525,,,76.8512,70.20005
146.41315,,,76.898225,70.256375
146.6881,,,76.935375,70.307025
147.597525,,,76.950625,70.58655
148.622825,,,76.961275,70.89885
148.880675,,,77.08555,70.90055
148.919875,,,77.1247,71.0127
149.803725,,,77.1533,71.359375
149.868375,,,77.18665,71.369
,,,77.228425,71.37395
,,,77.2636,71.440325
,,,77.27475,71.49015
,,,77.29215,71.535625
,,,77.3462,71.636475
,,,77.378,71.6544
,,,77.38965,71.905525
,,,77.4333,71.981675
,,,77.442775,72.0126
,,,77.45185,72.11605
,,,77.560075,72.13545
,,,77.632125,72.351975
,,,77.80175,72.44465
,,,77.8418,72.506
,,,77.8553,72.6121
,,,77.8697,73.043275
,,,77.881225,73.3148
,,,77.89305,73.336775
,,,77.90985,73.33835
,,,77.941975,73.343975
,,,77.960425,73.3815
,,,77.996275,73.452125
,,,78.06715,73.50705
,,,78.1061,73.7933
,,,78.18085,73.825625
,,,78.190375,73.841025
,,,78.223575,73.865725
,,,78.23635,73.91195
,,,78.265,73.9575
,,,78.29585,73.961925
,,,78.33805,73.973175
,,,78.376575,73.98695
,,,78.404225,74.0101
,,,78.456075,74.055275
,,,78.4818,74.06915
,,,78.53345,74.254325
,,,78.561025,74.396125
,,,78.64235,74.419775
,,,78.66615,74.4768
,,,78.67645,74.53495
,,,78.684675,74.8313
,,,78.6944,74.871125
,,,78.727425,74.892075
,,,78.75095,74.931075
,,,78.77025,74.937275
,,,78.792825,74.950025
,,,78.81245,74.99955
,,,78.843,75.053825
,,,78.859925,75.131
,,,78.87825,75.147425
,,,78.919675,75.172225
,,,78.933625,75.258625
,,,78.946475,75.30835
,,,78.958425,75.558675
,,,78.990175,75.576025
,,,79.02865,75.62085
,,,79.081425,75.6717
,,,79.10725,75.700675
,,,79.131825,75.708075
,,,79.159675,75.79295
,,,79.1928,75.89055
,,,79.206275,75.932925
,,,79.243125,76.13915
,,,79.27485,76.156475
,,,79.31015,76.23885
,,,79.5457,76.626825
,,,79.555425,76.649
,,,79.56715,76.654825
,,,79.580175,76.751325
,,,79.588375,76.776725
,,,79.604225,76.792775
,,,79.64515,76.794425
,,,79.668475,76.8932
,,,79.701725,76.9683
,,,79.71425,76.998675
,,,79.7269,77.3515
,,,79.7572,77.415325
,,,79.796675,77.4285
,,,79.815175,77.43965
,,,79.84045,77.46165
,,,79.85435,77.55945
,,,79.869675,77.633275
,,,79.9037,77.800925
,,,79.94435,77.919375
,,,79.969,78.17405
,,,80.000275,78.2059
,,,80.06,78.207025
,,,80.066275,78.229375
,,,80.092775,78.270175
,,,80.1044,78.305025
,,,80.177625,78.420425
,,,80.2016,78.450525
,,,80.230975,78.69335
,,,80.281475,78.70665
,,,80.32405,78.772075
,,,80.34475,78.810525
,,,80.383725,78.9466
,,,80.42725,78.9688
,,,80.459625,79.09725
,,,80.47715,79.115325
,,,80.51745,79.158625
,,,80.52665,79.16805
,,,80.568475,79.332075
,,,80.621975,79.398
,,,80.645425,79.4261
,,,80.6681,79.549025
,,,80.70605,79.561675
,,,80.776975,79.5683
,,,80.80845,79.569375
,,,80.8409,79.6496
,,,80.914075,79.69485
,,,80.963175,79.7207
,,,80.983525,79.789375
,,,81.017875,79.88835
,,,81.04185,80.110725
,,,81.071625,80.213925
,,,81.108175,80.284625
,,,81.1525,80.449675
,,,81.173875,80.4701
,,,81.191375,80.49835
,,,81.2056,80.5178
,,,81.241825,80.5201
,,,81.2573,80.55585
,,,81.27095,80.589925
,,,81.29355,80.650525
,,,81.30965,80.658425
,,,81.335175,80.671825
,,,81.361425,80.85135
,,,81.390125,81.036
,,,81.433075,81.165225
,,,81.4779,81.184925
,,,81.500875,81.199075
,,,81.542325,81.208925
,,,81.5985,81.241525
,,,81.643725,81.525075
,,,81.66795,81.58215
,,,81.70205,81.68525
,,,81.72995,81.75955
,,,81.750925,81.76445
,,,81.771825,81.780725
,,,81.791575,81.795475
,,,81.82085,81.8788
,,,81.8604,82.052
,,,81.9045,82.06415
,,,81.931975,82.07615
,,,81.98215,82.17195
,,,82.0489,82.177625
,,,82.061475,82.368125
,,,82.088575,82.4271
,,,82.1203,82.451825
,,,82.15295,82.477
,,,82.179375,82.613
,,,82.21255,82.62415
,,,82.27975,82.970475
,,,82.30525,82.978625
,,,82.3273,82.98655
,,,82.34575,82.9975
,,,82.368,83.009875
,,,82.4077,83.021825
,,,82.42535,83.0496
,,,82.44485,83.091325
,,,82.464125,83.1812
,,,82.475425,83.19285
,,,82.480925,83.353075
,,,82.52555,83.4113
,,,82.541125,83.55665
,,,82.5673,83.585175
,,,82.5927,83.588475
,,,82.6048,83.663075
,,,82.638875,83.73915
,,,82.67855,83.796175
,,,82.717825,83.813625
,,,82.7745,83.923475
,,,82.854925,83.978325
,,,82.910175,84.16495
,,,82.933825,84.179475
,,,82.9635,84.213
,,,82.98145,84.220625
,,,82.999575,84.224075
,,,83.02645,84.234575
,,,83.038775,84.427625
,,,83.0527,84.5425
,,,83.074575,84.545125
,,,83.134775,84.6978
,,,83.1583,84.7376
,,,83.190325,84.83805
,,,83.239575,85.02075
,,,83.3147,85.073825
,,,83.3465,85.250025
,,,83.37555,85.4076
,,,83.407675,85.453525
,,,83.445325,85.530575
,,,83.464375,85.593075
,,,83.480875,85.64045
,,,83.500125,85.64955
,,,83.511025,85.7022
,,,83.546325,85.751775
,,,83.5592,85.84175
,,,83.583875,85.877225
,,,83.6019,85.914275
,,,83.6367,85.94355
,,,83.671975,85.989875
,,,83.705525,86.368125
,,,83.75145,86.649825
,,,83.8278,86.7715
,,,83.847525,86.938525
,,,83.880925,87.02745
,,,83.897625,87.0505
,,,83.918075,87.082875
,,,83.930425,87.101375
,,,83.945825,87.2228
,,,83.967875,87.23615
,,,84.00125,87.32575
,,,84.014025,87.494175
,,,84.0357,87.501575
,,,84.060525,87.526575
,,,84.075775,87.553425
,,,84.0922,87.7637
,,,84.1171,87.856425
,,,84.1531,87.878525
,,,84.18125,87.8965
,,,84.221475,87.951175
,,,84.24195,87.952475
,,,84.2619,88.113375
,,,84.304,88.447075
,,,84.337825,88.5851
,,,84.376075,88.634425
,,,84.423675,88.646475
,,,84.449925,88.655525
,,,84.485725,88.657425
,,,84.52495,88.71935
,,,84.5613,88.771625
,,,84.569475,88.783175
,,,84.581025,88.873625
,,,84.5941,89.19465
,,,84.62585,89.197175
,,,84.680375,89.2649
,,,84.704175,89.293025
,,,84.73045,89.31415
,,,84.787825,89.439625
,,,84.8295,89.49445
,,,84.867625,89.702925
,,,84.912175,89.721975
,,,84.947875,89.725225
,,,84.96225,89.85545
,,,84.991325,90.1863
,,,85.0109,90.187575
,,,85.026,90.18925
,,,85.044225,90.29855
,,,85.054175,90.3203
,,,85.096125,90.34075
,,,85.1253,90.4891
,,,85.1622,90.562975
,,,85.209875,90.78835
,,,85.2411,90.80265
,,,85.283225,90.80575
,,,85.327725,90.93945
,,,85.353675,91.35095
,,,85.370825,91.37275
,,,85.41395,91.3946
,,,85.43925,91.4074
,,,85.455925,91.51105
,,,85.478725,91.592075
,,,85.5171,91.858625
,,,85.5507,91.9107
,,,85.5795,91.9328
,,,85.5882,91.96435
,,,85.6214,92.04155
,,,85.63055,92.283625
,,,85.64035,92.475325
,,,85.655475,92.5261
,,,85.676,92.529225
,,,85.703525,92.571
,,,85.7252,92.891025
,,,85.738225,92.901975
,,,85.75565,92.927425
,,,85.7686,92.9524
,,,85.784925,93.187775
,,,85.799725,93.2133
,,,85.81375,93.245175
,,,85.834625,93.266375
,,,85.8545,93.287675
,,,85.87405,93.309375
,,,85.8996,93.33635
,,,85.918525,93.57955
,,,85.987975,93.7172
,,,86.00665,93.7526
,,,86.084925,93.76935
,,,86.142725,93.820425
,,,86.251875,93.93075
,,,86.2691,94.359925
,,,86.279975,94.394525
,,,86.291125,94.493625
,,,86.308775,94.79645
,,,86.31885,94.84005
,,,86.33005,94.855325
,,,86.3461,94.879275
,,,86.35735,94.8891
,,,86.365775,95.1061
,,,86.412125,95.132025
,,,86.533375,95.4296
,,,86.574625,95.43075
,,,86.5964,95.452825
,,,86.60915,95.5089
,,,86.62485,95.55775
,,,86.643,95.56905
,,,86.652225,95.60035
,,,86.6688,95.915125
,,,86.6969,95.935775
,,,86.7175,96.02815
,,,86.733275,96.030025
,,,86.763725,96.24155
,,,86.77195,96.32325
,,,86.801975,96.337425
,,,87.005125,96.483
,,,87.0386,96.54135
,,,87.053925,96.807625
,,,87.076275,96.930225
,,,87.0893,96.941725
,,,87.10495,97.384075
,,,87.122825,97.396525
,,,87.1401,97.411075
,,,87.1574,97.65805
,,,87.174625,97.704425
,,,87.18565,97.713475
,,,87.2085,97.748675
,,,87.24945,97.878375
,,,87.283425,97.917625
,,,87.4206,98.0004
,,,87.465625,98.210625
,,,87.49825,98.2334
,,,87.52915,98.3339
,,,87.57395,98.42255
,,,87.7178,98.43265
,,,87.73425,98.54545
,,,87.75115,98.588075
,,,87.759675,98.60555
,,,87.7729,98.90775
,,,87.78705,98.9194
,,,87.796575,99.0319
,,,87.8149,99.096025
,,,87.832475,99.124375
,,,87.86645,99.17845
,,,87.88765,99.278575
,,,87.896825,99.366825
,,,87.9508,99.436275
,,,87.962875,99.517375
,,,88.00185,99.53675
,,,88.0617,99.67365
,,,88.09845,99.680325
,,,88.134225,99.733075
,,,88.157525,99.87485
,,,88.1744,99.892125
,,,88.2217,100.041925
,,,88.2346,100.1257
,,,88.242125,100.1782
,,,88.25475,100.25715
,,,88.260275,100.271575
,,,88.280525,100.422825
,,,88.288575,100.443725
,,,88.3009,100.525525
,,,88.3185,100.572875
,,,88.33195,100.809325
,,,88.363025,100.862925
,,,88.3919,100.911225
,,,88.44215,100.915875
,,,88.4699,100.9227
,,,88.535,100.9334
,,,88.6242,100.957375
,,,88.6414,100.9592
,,,88.6637,101.116925
,,,88.67825,101.21955
,,,88.70095,101.27325
,,,88.72685,101.278475
,,,88.733025,101.28505
,,,88.79005,101.55855
,,,88.801375,101.5718
,,,88.822675,101.605025
,,,88.9073,101.623375
,,,88.936075,101.6713
,,,88.9707,101.6777
,,,89.164975,101.899525
,,,89.185575,101.91235
,,,89.191175,101.9467
,,,89.20705,102.009925
,,,89.225775,102.22105
,,,89.257325,102.2288
,,,89.291825,102.285475
,,,89.326725,102.35945
,,,89.3436,102.36365
,,,89.3643,102.532
,,,89.38485,102.534825
,,,89.445925,102.6432
,,,89.48785,102.85305
,,,89.71935,102.9562
,,,89.740575,102.974975
,,,89.765475,102.977275
,,,89.788475,103.0532
,,,89.80555,103.0796
,,,89.8265,103.125925
,,,89.843475,103.176175
,,,89.8586,103.491925
,,,89.888275,103.49405
,,,89.9004,103.53515
,,,89.930825,103.552375
,,,89.981575,103.903625
,,,90.178475,103.91055
,,,90.192675,103.928425
,,,90.236475,103.9368
,,,90.254025,103.971525
,,,90.28745,103.978375
,,,90.307,104.0066
,,,90.327675,104.0314
,,,90.362475,104.33605
,,,90.38455,104.37
,,,90.418925,104.38575
,,,90.443575,104.3934
,,,90.476325,104.436775
,,,90.496625,104.475175
,,,90.52105,104.4857
,,,90.58085,104.5143
,,,90.7765,104.5209
,,,90.793025,104.5823
,,,90.8041,104.608925
,,,90.8209,104.929325
,,,90.842975,104.956425
,,,90.866475,104.9718
,,,90.915975,104.974275
,,,90.9366,104.987425
,,,90.978,105.014475
,,,91.2467,105.08895
,,,91.26245,105.1579
,,,91.287875,105.199125
,,,91.318175,105.45115
,,,91.34245,105.4763
,,,91.365575,105.505575
,,,91.37835,105.510375
,,,91.38955,105.5252
,,,91.400275,105.52845
,,,91.4209,105.53855
,,,91.44485,105.57315
,,,91.472425,105.6205
,,,91.5241,105.6462
,,,91.608425,105.669725
,,,91.633575,106.03145
,,,91.7261,106.1562
,,,91.81595,106.283175
,,,91.825075,106.336
,,,91.852925,106.410175
,,,91.87225,106.42595
,,,91.881625,106.490425
,,,91.89995,106.620725
,,,91.92905,106.646125
,,,91.94755,106.663325
,,,91.975375,106.68305
,,,91.991825,106.734925
,,,92.0214,106.83125
,,,92.055175,106.904725
,,,92.114825,107.187625
,,,92.171775,107.1956
,,,92.196675,107.21355
,,,92.2238,107.2241
,,,92.25915,107.24045
,,,92.283175,107.2514
,,,92.3454,107.395175
,,,92.3731,107.739725
,,,92.395325,107.917525
,,,92.425625,108.484925
,,,92.447825,108.5716
,,,92.457575,108.7521
,,,92.47365,108.923
,,,92.49695,108.934875
,,,92.5348,109.15005
,,,92.55595,109.1979
,,,92.5827,109.2381
,,,92.6248,109.317925
,,,92.67815,109.4919
,,,92.728325,109.52725
,,,92.891825,109.546275
,,,92.899325,109.579175
,,,92.914025,109.727075
,,,92.92835,109.948075
,,,92.9435,109.9981
,,,92.961275,110.002475
,,,92.969775,110.065825
,,,92.9868,110.113125
,,,93.0048,110.1333
,,,93.03795,110.541
,,,93.07255,110.8098
,,,93.16885,110.8472
,,,93.20275,110.88215
,,,93.2314,110.9295
,,,93.242925,111.0173
,,,93.257575,111.037125
,,,93.270075,111.038375
,,,93.284475,111.1739
,,,93.305925,111.200675
,,,93.318775,111.232825
,,,93.327125,111.528475
,,,93.36275,111.54725
,,,93.398425,111.6004
,,,93.45335,111.745625
,,,93.51595,112.1736
,,,93.575975,112.1901
,,,93.597025,112.283375
,,,93.623225,112.442025
,,,93.65775,112.741725
,,,93.82615,112.749175
,,,93.8423,112.754675
,,,93.95895,112.79525
,,,93.980875,112.825325
,,,94.03585,113.358025
,,,94.04995,113.372175
,,,94.0653,113.3943
,,,94.094675,113.429675
,,,94.131425,113.508875
,,,94.324125,113.5391
,,,94.343725,113.56955
,,,94.350575,113.65645
,,,94.368725,113.966625
,,,94.417275,113.9798
,,,94.4459,114.000025
,,,94.461975,114.626375
,,,94.49045,114.6697
,,,94.5522,114.710975
,,,94.6794,114.833025
,,,94.728075,115.106875
,,,94.750775,115.1453
,,,94.7716,115.330225
,,,94.7841,115.34225
,,,94.822925,115.370375
,,,94.8351,115.477825
,,,94.859375,115.53125
,,,94.884525,115.595425
,,,94.916725,116.319475
,,,94.956075,116.34645
,,,94.9951,116.409575
,,,95.0255,116.449725
,,,95.04425,116.4753
,,,95.062375,116.650275
,,,95.086325,116.781775
,,,95.09945,116.78645
,,,95.115425,116.824775
,,,95.134475,116.8852
,,,95.421575,116.9232
,,,95.444375,116.9761
,,,95.473175,117.019725
,,,95.485875,117.048175
,,,95.499625,117.19705
,,,95.553175,117.207075
,,,95.577475,117.2774
,,,95.590875,117.298575
,,,95.6076,117.333
,,,95.855625,117.815525
,,,95.8638,117.88595
,,,95.89265,117.903675
,,,95.918725,118.020125
,,,95.9393,118.053125
,,,96.29795,118.428925
,,,96.320075,118.489025
,,,96.33365,118.516175
,,,96.354025,118.565525
,,,96.36845,118.61975
,,,96.38035,118.64175
,,,96.3927,118.665575
,,,96.41385,118.7015
,,,96.43265,118.89315
,,,96.473775,118.95625
,,,96.51625,119.011525
,,,96.583125,119.016225
,,,96.637,119.345675
,,,96.80425,119.3611
,,,96.816825,119.370575
,,,96.83615,119.381325
,,,96.847025,119.4492
,,,96.861775,119.4594
,,,96.87565,119.46865
,,,96.89375,119.65915
,,,96.90745,119.688825
,,,96.95075,119.697575
,,,96.96545,119.7358
,,,97.270775,119.74875
,,,97.2839,119.787875
,,,97.2987,120.041475
,,,97.3463,120.060175
,,,97.456675,120.08245
,,,97.590975,120.10045
,,,97.640275,120.11905
,,,97.6807,120.1351
,,,97.708475,120.183225
,,,97.732625,120.228775
,,,97.749725,120.239925
,,,97.810175,120.2903
,,,97.842275,120.37825
,,,97.87735,120.387425
,,,97.90005,120.389375
,,,97.947275,120.39815
,,,97.966725,120.6087
,,,97.987025,120.77105
,,,98.09555,120.827975
,,,98.212875,120.9313
,,,98.237125,120.9693
,,,98.270325,121.022225
,,,98.296925,121.056025
,,,98.315,121.325575
,,,98.34635,121.3652
,,,98.377875,121.376825
,,,98.41615,121.3811
,,,98.44375,121.4602
,,,98.4604,121.5178
,,,98.48025,121.857375
,,,98.497725,121.888025
,,,98.51855,121.97255
,,,98.543825,121.976
,,,98.561325,122.00635
,,,98.580675,122.029225
,,,98.59575,122.07065
,,,98.608225,122.081
,,,98.630725,122.083525
,,,98.6481,122.484775
,,,98.718675,122.488425
,,,98.881075,122.49755
,,,98.899425,122.52425
,,,98.91775,122.608575
,,,98.929125,122.6179
,,,98.937575,122.7527
,,,98.9478,123.089975
,,,98.9734,123.221425
,,,99.00325,123.23925
,,,99.0157,123.27245
,,,99.031825,123.2951
,,,99.04165,123.456075
,,,99.055075,123.48055
,,,99.12275,123.511725
,,,99.200125,123.587225
,,,99.2484,123.797325
,,,99.326325,123.8322
,,,99.3651,123.8781
,,,99.41655,123.8983
,,,99.443625,124.1759
,,,99.472875,124.220025
,,,99.50785,124.23915
,,,99.548175,124.26875
,,,99.57865,124.3507
,,,99.632775,124.4395
,,,99.66125,124.4701
,,,99.697875,124.94255
,,,99.7165,124.953875
,,,99.739075,124.9686
,,,99.781875,124.987675
,,,99.816475,125.0071
,,,99.834075,125.10675
,,,99.8844,125.1238
,,,99.908525,125.34675
,,,99.9453,125.494225
,,,99.972925,125.541525
,,,100.018175,125.544125
,,,100.049375,125.616
,,,100.068,125.9776
,,,100.131425,126.019525
,,,100.154475,126.022075
,,,100.16685,126.089325
,,,100.19005,126.1074
,,,100.22365,126.1472
,,,100.242875,126.1606
,,,100.304225,126.55595
,,,100.33395,126.609375
,,,100.35375,126.616375
,,,100.40315,126.697125
,,,100.41905,126.997025
,,,100.428875,127.11065
,,,100.44345,127.12195
,,,100.4785,127.172475
,,,100.493225,127.1846
,,,100.52875,127.88255
,,,100.563825,127.90865
,,,100.6004,128.080775
,,,100.66935,128.314225
,,,100.743625,128.33255
,,,100.753325,128.3444
,,,100.767425,128.374675
,,,100.781675,128.4558
,,,100.794025,128.587175
,,,100.800275,128.588725
,,,100.811725,128.59355
,,,100.825975,128.59895
,,,100.8444,128.7054
,,,100.87045,128.73135
,,,100.883375,128.857575
,,,100.899375,129.0921
,,,100.9198,129.1175
,,,100.97185,129.1934
,,,101.0015,129.206475
,,,101.022225,129.2154
,,,101.051825,129.254775
,,,101.083475,129.31525
,,,101.114875,129.337275
,,,101.137025,129.36575
,,,101.164925,129.4527
,,,101.18585,129.49085
,,,101.212825,129.794775
,,,101.241425,129.811525
,,,101.2517,129.819275
,,,101.26545,129.847575
,,,101.33205,129.881225
,,,101.3534,130.01275
,,,101.390325,130.032
,,,101.485675,130.119825
,,,101.52345,130.138525
,,,101.560275,130.380475
,,,101.5721,130.3901
,,,101.585775,130.3984
,,,101.596325,130.429675
,,,101.627425,130.459775
,,,101.652125,130.467925
,,,101.7274,130.510625
,,,101.777475,130.51555
,,,101.807675,130.547325
,,,101.846,130.6615
,,,101.8694,130.694025
,,,101.880275,130.75945
,,,101.973575,130.823225
,,,102.008375,130.836725
,,,102.221725,131.0081
,,,102.2278,131.033075
,,,102.2423,131.43605
,,,102.25195,131.467175
,,,102.2715,131.487725
,,,102.290825,131.697275
,,,102.352275,131.736625
,,,102.3797,131.85415
,,,102.40215,131.885375
,,,102.435225,132.1871
,,,102.471,132.2602
,,,102.560975,132.3534
,,,102.580125,132.38045
,,,102.619425,132.39515
,,,102.671425,132.42905
,,,102.72555,132.453175
,,,102.76815,132.512575
,,,102.7784,132.77545
,,,102.79215,132.7829
,,,102.813725,132.829125
,,,102.848075,132.9643
,,,102.883,133.01635
,,,102.89705,133.04275
,,,102.93375,133.066825
,,,102.944025,133.09035
,,,102.953825,133.095
,,,102.981825,133.096325
,,,103.00005,133.14925
,,,103.092075,133.27485
,,,103.144625,133.494775
,,,103.1637,133.510175
,,,103.2271,133.538125
,,,103.25225,133.559275
,,,103.2786,133.57815
,,,103.3268,133.5877
,,,103.37035,133.614425
,,,103.45065,133.624225
,,,103.4677,133.6502
,,,103.479425,133.722
,,,103.49555,133.761875
,,,103.515025,133.792575
,,,103.5799,133.7937
,,,103.6499,133.8503
,,,103.868275,133.868725
,,,103.87245,133.888525
,,,103.880225,133.912225
,,,103.898475,133.973175
,,,103.90605,133.983525
,,,103.97005,133.985725
,,,103.9795,134.023175
,,,104.029825,134.350025
,,,104.047875,134.381275
,,,104.05705,134.39975
,,,104.133475,134.433575
,,,104.229275,134.4402
,,,104.244575,134.444825
,,,104.340225,134.455725
,,,104.349025,134.5582
,,,104.366125,134.575475
,,,104.394525,134.61245
,,,104.40735,134.652525
,,,104.43075,134.6696
,,,104.44325,134.725075
,,,104.4552,135.104125
,,,104.487075,135.109175
,,,104.52775,135.110875
,,,104.548875,135.162075
,,,104.568975,135.391575
,,,104.61675,135.415775
,,,104.667375,135.4653
,,,104.69085,135.47945
,,,104.858,135.511775
,,,104.93135,135.64455
,,,104.9413,135.667525
,,,104.95045,135.68835
,,,104.958775,135.770725
,,,104.9706,135.774175
,,,104.98505,135.788
,,,104.999375,135.813975
,,,105.019575,135.911225
,,,105.036625,136.0809
,,,105.050575,136.101525
,,,105.11085,136.132
,,,105.127575,136.463725
,,,105.138725,136.48255
,,,105.179825,136.5232
,,,105.285575,136.540125
,,,105.4662,136.566175
,,,105.472225,136.62815
,,,105.48315,136.64375
,,,105.492575,136.6809
,,,105.503025,136.82285
,,,105.5163,136.8785
,,,105.525325,136.907575
,,,105.534525,136.959575
,,,105.553225,137.055825
,,,105.571975,137.4358
,,,105.587625,137.4487
,,,105.6154,137.468475
,,,105.6242,137.5018
,,,105.6426,137.525925
,,,105.67225,137.576125
,,,105.688925,137.61455
,,,105.815825,137.631525
,,,105.96385,137.84265
,,,105.9764,137.86085
,,,106.0417,138.213975
,,,106.054425,138.299
,,,106.081275,138.30315
,,,106.19605,138.3119
,,,106.2861,138.33135
,,,106.301975,138.36855
,,,106.31355,138.38505
,,,106.347,138.47995
,,,106.3633,138.760375
,,,106.395075,139.07915
,,,106.421425,139.09855
,,,106.4458,139.1538
,,,106.4714,139.15985
,,,106.48895,139.2182
,,,106.521175,139.223325
,,,106.626575,139.2517
,,,106.640075,139.303975
,,,106.6693,139.35145
,,,106.68575,139.4692
,,,106.69985,139.51185
,,,106.712375,139.598175
,,,106.735475,139.61825
,,,106.751775,139.77025
,,,106.771325,139.79055
,,,106.79445,139.844225
,,,106.819925,139.8757
,,,106.838775,139.884725
,,,106.86605,139.93015
,,,106.880275,139.947825
,,,106.9159,140.023525
,,,107.012825,140.0665
,,,107.2042,140.330825
,,,107.217325,140.34455
,,,107.232125,140.355125
,,,107.247175,140.55395
,,,107.259,140.574075
,,,107.277175,140.699275
,,,107.296275,140.735125
,,,107.309075,140.75335
,,,107.334875,140.8219
,,,107.372875,140.8269
,,,107.3911,141.097125
,,,107.404225,141.1496
,,,107.45315,141.20445
,,,107.46705,141.323225
,,,107.485675,141.58865
,,,107.5181,141.761875
,,,107.55935,141.77405
,,,107.588625,141.8473
,,,107.606425,142.1528
,,,107.623275,142.1555
,,,107.64955,142.16375
,,,107.660675,142.168
,,,107.680825,142.20205
,,,107.694025,142.298525
,,,107.7344,142.396125
,,,107.754375,142.45615
,,,107.77135,142.507775
,,,107.78655,142.57185
,,,107.822975,142.604375
,,,107.880675,142.689125
,,,107.89345,142.7418
,,,107.915275,142.775375
,,,107.983675,142.850875
,,,108.007075,142.904975
,,,108.02795,143.158325
,,,108.076175,143.206625
,,,108.135925,143.225025
,,,108.321,143.247825
,,,108.36225,143.25325
,,,108.376875,143.271325
,,,108.3979,143.56025
,,,108.4118,143.6184
,,,108.430625,143.651925
,,,108.460125,143.665325
,,,108.480975,143.686125
,,,108.505825,143.7472
,,,108.547875,143.796925
,,,108.57025,144.25285
,,,108.621175,144.295575
,,,108.652775,144.34635
,,,108.679025,144.3996
,,,108.70675,144.500425
,,,108.7353,144.67905
,,,108.7619,144.717975
,,,108.8085,144.724525
,,,108.846975,144.7634
,,,108.85735,144.8152
,,,108.8748,144.825225
,,,108.911575,144.8519
,,,108.9387,144.89215
,,,109.10685,144.98635
,,,109.140675,144.995
,,,109.185475,145.001475
,,,109.218125,145.04575
,,,109.241125,145.062975
,,,109.264575,145.118275
,,,109.2887,145.14705
,,,109.31385,145.477975
,,,109.345275,145.482
,,,109.375975,145.484775
,,,109.392975,145.52325
,,,109.42275,145.644825
,,,109.452075,145.676125
,,,109.484575,145.750025
,,,109.50465,145.87305
,,,109.523125,145.999075
,,,109.563025,146.0149
,,,109.592075,146.0249
,,,109.6098,146.038775
,,,109.654925,146.058875
,,,109.708075,146.123
,,,109.7814,146.230825
,,,109.900475,146.2456
,,,109.918025,146.624375
,,,109.948175,146.780175
,,,109.960275,146.79095
,,,109.97655,146.907525
,,,109.9927,146.933025
,,,110.022825,146.979075
,,,110.054675,147.154425
,,,110.07765,147.196525
,,,110.103325,147.31075
,,,110.13525,147.335525
,,,110.14905,147.386975
,,,110.1908,147.576725
,,,110.21295,147.61485
,,,110.249825,147.702975
,,,110.29465,147.8398
,,,110.335175,147.8864
,,,110.347325,147.89075
,,,110.383375,147.93335
,,,110.4175,147.95845
,,,110.455,148.213325
,,,110.493275,148.69605
,,,110.722825,148.7092
,,,110.746875,148.7461
,,,110.7647,148.758
,,,110.78575,148.873275
,,,110.80385,148.92405
,,,110.84175,148.9452
,,,110.8686,149.011175
,,,110.8835,149.3042
,,,110.908475,149.30965
,,,110.932975,149.31275
,,,110.95625,149.322275
,,,110.992175,149.3264
,,,111.01015,149.339175
,,,111.036,149.352625
,,,111.061425,149.51025
,,,111.10925,149.6496
,,,111.131325,149.837325
,,,111.16905,149.838875
,,,111.2021,149.8757
,,,111.228925,149.87955
,,,111.273825,149.9057
,,,111.4243,
,,,111.43615,
,,,111.4497,
,,,111.4804,
,,,111.517575,
,,,111.536525,
,,,111.560825,
,,,111.578525,
,,,111.598375,
,,,111.6191,
,,,111.648075,
,,,111.6787,
,,,111.735675,
,,,111.777325,
,,,111.786925,
,,,111.804,
,,,111.811675,
,,,111.854925,
,,,111.934025,
,,,111.974275,
,,,112.013825,
,,,112.047075,
,,,112.10695,
,,,112.16115,
,,,112.207175,
,,,112.237,
,,,112.255375,
,,,112.2869,
,,,112.338675,
,,,112.3516,
,,,112.39215,
,,,112.400825,
,,,112.70805,
,,,112.735575,
,,,112.75175,
,,,112.76035,
,,,112.774775,
,,,112.7875,
,,,112.813175,
,,,112.838625,
,,,112.872225,
,,,112.89365,
,,,112.910175,
,,,112.925875,
,,,112.946575,
,,,112.9525,
,,,112.960775,
,,,113.0914,
,,,113.137975,
,,,113.218575,
,,,113.288875,
,,,113.31335,
,,,113.332575,
,,,113.3384,
,,,113.349725,
,,,113.365675,
,,,113.3944,
,,,113.428,
,,,113.44315,
,,,113.458175,
,,,113.4848,
,,,113.50635,
,,,113.56495,
,,,113.60865,
,,,113.622575,
,,,113.64445,
,,,113.6739,
,,,113.69365,
,,,113.75105,
,,,113.930125,
,,,113.9745,
,,,113.990375,
,,,114.002575,
,,,114.011675,
,,,114.0326,
,,,114.06215,
,,,114.086025,
,,,114.113875,
,,,114.147025,
,,,114.1819,
,,,114.19515,
,,,114.236975,
,,,114.25545,
,,,114.27755,
,,,114.32705,
,,,114.422625,
,,,114.44695,
,,,114.4697,
,,,114.497375,
,,,114.5689,
,,,114.686225,
,,,114.70225,
,,,114.7635,
,,,114.790825,
,,,114.822125,
,,,114.85035,
,,,114.88715,
,,,114.975725,
,,,115.022075,
,,,115.103675,
,,,115.118925,
,,,115.138,
,,,115.155175,
,,,115.169375,
,,,115.19175,
,,,115.2045,
,,,115.25305,
,,,115.28045,
,,,115.2963,
,,,115.324625,
,,,115.37825,
,,,115.404725,
,,,115.436675,
,,,115.45825,
,,,115.47345,
,,,115.48175,
,,,115.509025,
,,,115.54765,
,,,115.5604,
,,,115.58405,
,,,115.61505,
,,,115.7537,
,,,115.789975,
,,,115.82125,
,,,115.956325,
,,,116.012125,
,,,116.023875,
,,,116.0557,
,,,116.319175,
,,,116.37855,
,,,116.4207,
,,,116.4572,
,,,116.49225,
,,,116.519575,
,,,116.561175,
,,,116.642325,
,,,116.69,
,,,116.71295,
,,,116.7487,
,,,116.7801,
,,,116.8321,
,,,116.88365,
,,,116.91105,
,,,116.92945,
,,,116.966125,
,,,116.986675,
,,,116.9994,
,,,117.01405,
,,,117.044625,
,,,117.0733,
,,,117.0887,
,,,117.10295,
,,,117.124825,
,,,117.135875,
,,,117.1726,
,,,117.20465,
,,,117.2544,
,,,117.29125,
,,,117.303575,
,,,117.3332,
,,,117.388925,
,,,117.436975,
,,,117.690575,
,,,117.71245,
,,,117.749875,
,,,117.7929,
,,,117.8194,
,,,117.882,
,,,117.901175,
,,,117.940475,
,,,118.01125,
,,,118.08345,
,,,118.161175,
,,,118.20725,
,,,118.3514,
,,,118.4382,
,,,118.453025,
,,,118.46925,
,,,118.499175,
,,,118.5327,
,,,118.5906,
,,,118.640425,
,,,118.669025,
,,,118.700575,
,,,118.737825,
,,,118.7591,
,,,118.789,
,,,118.836375,
,,,118.888125,
,,,119.013025,
,,,119.0605,
,,,119.343325,
,,,119.356775,
,,,119.379225,
,,,119.3955,
,,,119.40945,
,,,119.44465,
,,,119.479875,
,,,119.53075,
,,,119.56515,
,,,119.589325,
,,,119.608825,
,,,119.64395,
,,,119.684175,
,,,119.70505,
,,,119.743025,
,,,119.781725,
,,,119.820125,
,,,120.040875,
,,,120.052225,
,,,120.06005,
,,,120.070525,
,,,120.07745,
,,,120.088175,
,,,120.0956,
,,,120.11755,
,,,120.137025,
,,,120.176425,
,,,120.208025,
,,,120.2246,
,,,120.2591,
,,,120.271825,
,,,120.288225,
,,,120.303325,
,,,120.327875,
,,,120.3409,
,,,120.35885,
,,,120.373175,
,,,120.382125,
,,,120.40285,
,,,120.4282,
,,,120.446675,
,,,120.496975,
,,,120.68255,
,,,120.730875,
,,,120.7459,
,,,120.761175,
,,,120.78165,
,,,120.81355,
,,,120.826825,
,,,120.8587,
,,,120.87525,
,,,120.901725,
,,,120.918875,
,,,120.936575,
,,,120.960075,
,,,120.982625,
,,,121.0098,
,,,121.020975,
,,,121.0423,
,,,121.055875,
,,,121.079,
,,,121.1066,
,,,121.2957,
,,,121.38865,
,,,121.427425,
,,,121.45825,
,,,121.522175,
,,,121.5725,
,,,121.611425,
,,,121.8101,
,,,121.845875,
,,,121.8782,
,,,121.899775,
,,,121.9245,
,,,121.9946,
,,,122.0303,
,,,122.04115,
,,,122.0949,
,,,122.12285,
,,,122.14325,
,,,122.158225,
,,,122.174975,
,,,122.483125,
,,,122.48925,
,,,122.502325,
,,,122.51135,
,,,122.563075,
,,,122.60765,
,,,122.625275,
,,,122.645775,
,,,122.666275,
,,,122.753275,
,,,122.799425,
,,,123.028075,
,,,123.035675,
,,,123.04935,
,,,123.06855,
,,,123.112925,
,,,123.1284,
,,,123.197,
,,,123.215575,
,,,123.23995,
,,,123.29725,
,,,123.35015,
,,,123.4392,
,,,123.4955,
,,,123.56415,
,,,123.8505,
,,,123.8652,
,,,123.887975,
,,,124.1404,
,,,124.173875,
,,,124.2363,
,,,124.25215,
,,,124.278775,
,,,124.298325,
,,,124.328225,
,,,124.368775,
,,,124.3918,
,,,124.45005,
,,,124.5051,
,,,124.562525,
,,,124.63045,
,,,124.664975,
,,,124.918675,
,,,124.92595,
,,,124.939175,
,,,124.958775,
,,,124.983675,
,,,125.0038,
,,,125.017475,
,,,125.0355,
,,,125.06325,
,,,125.07815,
,,,125.109725,
,,,125.153,
,,,125.170125,
,,,125.189925,
,,,125.203925,
,,,125.232025,
,,,125.256,
,,,125.411075,
,,,125.460625,
,,,125.5014,
,,,125.522125,
,,,125.53715,
,,,125.551525,
,,,125.5695,
,,,125.58365,
,,,125.60555,
,,,125.6355,
,,,125.804725,
,,,125.929475,
,,,125.946675,
,,,125.963425,
,,,125.987675,
,,,126.015725,
,,,126.026475,
,,,126.0505,
,,,126.094725,
,,,126.11545,
,,,126.141875,
,,,126.17245,
,,,126.186775,
,,,126.20685,
,,,126.234375,
,,,126.2667,
,,,126.287775,
,,,126.3115,
,,,126.3427,
,,,126.515925,
,,,126.5397,
,,,126.57435,
,,,126.594475,
,,,126.628575,
,,,126.6468,
,,,126.6684,
,,,126.688525,
,,,126.720075,
,,,126.79985,
,,,126.943,
,,,126.9912,
,,,127.008125,
,,,127.031475,
,,,127.06505,
,,,127.08905,
,,,127.1069,
,,,127.143775,
,,,127.167175,
,,,127.191525,
,,,127.217875,
,,,127.234625,
,,,127.250675,
,,,127.2707,
,,,127.2893,
,,,127.32415,
,,,127.347825,
,,,127.382475,
,,,127.4338,
,,,127.5218,
,,,127.554325,
,,,127.57735,
,,,127.625775,
,,,127.649275,
,,,127.679975,
,,,127.704625,
,,,127.7287,
,,,127.7614,
,,,127.822775,
,,,127.844275,
,,,127.887875,
,,,127.915525,
,,,127.94405,
,,,127.9642,
,,,127.99915,
,,,128.17635,
,,,128.2379,
,,,128.255175,
,,,128.279775,
,,,128.294175,
,,,128.31245,
,,,128.327275,
,,,128.352625,
,,,128.373825,
,,,128.392125,
,,,128.435475,
,,,128.450225,
,,,128.464725,
,,,128.4771,
,,,128.557425,
,,,128.59855,
,,,128.648275,
,,,128.686225,
,,,128.70405,
,,,128.732325,
,,,128.758625,
,,,128.786525,
,,,128.83085,
,,,128.87655,
,,,128.9373,
,,,129.011825,
,,,129.03745,
,,,129.05875,
,,,129.133675,
,,,129.17055,
,,,129.21605,
,,,129.24175,
,,,129.262475,
,,,129.30195,
,,,129.336575,
,,,129.37205,
,,,129.42395,
,,,129.45625,
,,,129.484775,
,,,129.524575,
,,,129.79295,
,,,129.81225,
,,,129.837225,
,,,129.859375,
,,,129.893225,
,,,129.927925,
,,,129.9582,
,,,130.01265,
,,,130.041275,
,,,130.056125,
,,,130.07325,
,,,130.0999,
,,,130.120625,
,,,130.154325,
,,,130.33045,
,,,130.37125,
,,,130.391275,
,,,130.42415,
,,,130.4568,
,,,130.4863,
,,,130.521675,
,,,130.544525,
,,,130.606575,
,,,130.654475,
,,,130.69415,
,,,130.7373,
,,,130.7593,
,,,130.780025,
,,,130.792225,
,,,130.816275,
,,,130.83475,
,,,130.851375,
,,,130.873125,
,,,130.924025,
,,,130.951825,
,,,131.007525,
,,,131.041775,
,,,131.056775,
,,,131.07515,
,,,131.121,
,,,131.137625,
,,,131.207375,
,,,131.224,
,,,131.274675,
,,,131.372075,
,,,131.383475,
,,,131.41725,
,,,131.431025,
,,,131.448125,
,,,131.46465,
,,,131.49755,
,,,131.542225,
,,,131.567525,
,,,131.664225,
,,,131.6997,
,,,131.7582,
,,,131.834875,
,,,131.88525,
,,,131.910325,
,,,132.1808,
,,,132.20165,
,,,132.2215,
,,,132.258675,
,,,132.28415,
,,,132.325325,
,,,132.347275,
,,,132.37055,
,,,132.39695,
,,,132.4119,
,,,132.4386,
,,,132.4616,
,,,132.4728,
,,,132.54135,
,,,132.780375,
,,,132.8179,
,,,132.8518,
,,,132.885475,
,,,132.92565,
,,,132.9436,
,,,132.976375,
,,,133.00255,
,,,133.036725,
,,,133.054375,
,,,133.074725,
,,,133.088725,
,,,133.150625,
,,,133.276975,
,,,133.296725,
,,,133.485225,
,,,133.49165,
,,,133.5049,
,,,133.521875,
,,,133.535925,
,,,133.550675,
,,,133.572475,
,,,133.581925,
,,,133.60915,
,,,133.625775,
,,,133.645075,
,,,133.6834,
,,,133.6937,
,,,133.73945,
,,,133.7528,
,,,133.78935,
,,,133.82305,
,,,133.864225,
,,,133.8913,
,,,133.953075,
,,,134.000725,
,,,134.030175,
,,,134.0462,
,,,134.065375,
,,,134.328275,
,,,134.3493,
,,,134.367325,
,,,134.391275,
,,,134.406175,
,,,134.426825,
,,,134.43945,
,,,134.452875,
,,,134.493125,
,,,134.498525,
,,,134.5094,
,,,134.5426,
,,,134.557175,
,,,134.579875,
,,,134.587825,
,,,134.609875,
,,,134.666425,
,,,134.674975,
,,,134.696275,
,,,134.718475,
,,,134.973825,
,,,135.04085,
,,,135.05325,
,,,135.068025,
,,,135.075325,
,,,135.0902,
,,,135.095775,
,,,135.1084,
,,,135.1138,
,,,135.146275,
,,,135.16555,
,,,135.193125,
,,,135.36675,
,,,135.382025,
,,,135.389475,
,,,135.404125,
,,,135.422325,
,,,135.49985,
,,,135.51445,
,,,135.53795,
,,,135.564875,
,,,135.573925,
,,,135.590225,
,,,135.603375,
,,,135.62305,
,,,135.63735,
,,,135.650025,
,,,135.657525,
,,,135.6744,
,,,135.6822,
,,,135.69315,
,,,135.73435,
,,,135.75405,
,,,135.763425,
,,,135.783175,
,,,135.8057,
,,,135.83545,
,,,135.8743,
,,,135.89015,
,,,136.00175,
,,,136.05765,
,,,136.0954,
,,,136.1243,
,,,136.1407,
,,,136.195275,
,,,136.277975,
,,,136.3183,
,,,136.42175,
,,,136.46455,
,,,136.4879,
,,,136.505875,
,,,136.529925,
,,,136.586075,
,,,136.638175,
,,,136.674975,
,,,136.719075,
,,,136.7853,
,,,136.805575,
,,,136.8287,
,,,136.890625,
,,,136.948625,
,,,137.007125,
,,,137.02975,
,,,137.059125,
,,,137.0791,
,,,137.123,
,,,137.466575,
,,,137.493475,
,,,137.5172,
,,,137.5409,
,,,137.5705,
,,,137.60655,
,,,137.636625,
,,,137.677575,
,,,137.712275,
,,,137.7343,
,,,137.777225,
,,,137.837225,
,,,137.862425,
,,,138.12235,
,,,138.1357,
,,,138.16015,
,,,138.1832,
,,,138.2007,
,,,138.2197,
,,,138.235275,
,,,138.28245,
,,,138.2989,
,,,138.341925,
,,,138.37075,
,,,138.40785,
,,,138.657175,
,,,138.665025,
,,,138.678075,
,,,138.693025,
,,,138.724025,
,,,138.76545,
,,,138.7857,
,,,138.8077,
,,,138.834,
,,,139.059175,
,,,139.0737,
,,,139.106575,
,,,139.15135,
,,,139.165525,
,,,139.17795,
,,,139.20725,
,,,139.2445,
,,,139.2623,
,,,139.2965,
,,,139.340625,
,,,139.394925,
,,,139.460725,
,,,139.499275,
,,,139.517125,
,,,139.550475,
,,,139.59475,
,,,139.62655,
,,,139.657125,
,,,139.687475,
,,,139.718375,
,,,139.74495,
,,,139.777875,
,,,139.825775,
,,,139.896775,
,,,139.934275,
,,,139.96765,
,,,140.04915,
,,,140.117725,
,,,140.2806,
,,,140.32135,
,,,140.331275,
,,,140.344375,
,,,140.3725,
,,,140.393725,
,,,140.41335,
,,,140.432575,
,,,140.539575,
,,,140.553925,
,,,140.57955,
,,,140.601475,
,,,140.63935,
,,,140.65935,
,,,140.67515,
,,,140.688975,
,,,140.725,
,,,140.7526,
,,,140.82655,
,,,140.858175,
,,,140.9022,
,,,141.1383,
,,,141.161875,
,,,141.1856,
,,,141.2121,
,,,141.2338,
,,,141.26915,
,,,141.291475,
,,,141.349475,
,,,141.5085,
,,,141.5562,
,,,141.58485,
,,,141.600375,
,,,141.617175,
,,,141.64665,
,,,141.674925,
,,,141.711625,
,,,141.739325,
,,,141.773275,
,,,141.802475,
,,,141.826975,
,,,141.860525,
,,,142.016825,
,,,142.1592,
,,,142.168475,
,,,142.187175,
,,,142.216575,
,,,142.234475,
,,,142.251975,
,,,142.2907,
,,,142.3212,
,,,142.492675,
,,,142.53735,
,,,142.567075,
,,,142.605975,
,,,142.63405,
,,,142.6772,
,,,142.707675,
,,,142.730675,
,,,142.74315,
,,,142.756275,
,,,142.7991,
,,,142.82755,
,,,142.86015,
,,,142.89295,
,,,142.940075,
,,,143.0861,
,,,143.1196,
,,,143.1561,
,,,143.1826,
,,,143.20055,
,,,143.2213,
,,,143.263825,
,,,143.33085,
,,,143.5497,
,,,143.5846,
,,,143.610825,
,,,143.62255,
,,,143.6424,
,,,143.656925,
,,,143.6783,
,,,143.7114,
,,,143.735075,
,,,143.76625,
,,,143.807925,
,,,143.83145,
,,,143.85255,
,,,143.9043,
,,,144.14125,
,,,144.178575,
,,,144.2656,
,,,144.27925,
,,,144.300275,
,,,144.3252,
,,,144.3506,
,,,144.64605,
,,,144.662,
,,,144.6857,
,,,144.703475,
,,,144.7178,
,,,144.7273,
,,,144.738125,
,,,144.745,
,,,144.793025,
,,,144.8122,
,,,144.82945,
,,,144.846625,
,,,144.864,
,,,144.886125,
,,,144.956075,
,,,145.0206,
,,,145.04075,
,,,145.0544,
,,,145.070025,
,,,145.0953,
,,,145.1202,
,,,145.1323,
,,,145.150075,
,,,145.161525,
,,,145.209825,
,,,145.46345,
,,,145.520075,
,,,145.53995,
,,,145.5683,
,,,145.593025,
,,,145.617125,
,,,145.634875,
,,,145.66005,
,,,145.7045,
,,,145.7794,
,,,146.0096,
,,,146.021975,
,,,146.0522,
,,,146.06365,
,,,146.07605,
,,,146.0991,
,,,146.124825,
,,,146.197175,
,,,146.221375,
,,,146.2354,
,,,146.2774,
,,,146.3059,
,,,146.36975,
,,,146.424875,
,,,146.485125,
,,,146.534025,
,,,146.5778,
,,,146.6044,
,,,146.623825,
,,,146.654,
,,,146.674575,
,,,146.704325,
,,,146.749225,
,,,146.776375,
,,,146.7877,
,,,146.81415,
,,,146.87025,
,,,146.918725,
,,,146.947,
,,,146.982575,
,,,147.1452,
,,,147.2165,
,,,147.245875,
,,,147.27725,
,,,147.301225,
,,,147.327975,
,,,147.3552,
,,,147.4118,
,,,147.58325,
,,,147.610875,
,,,147.64605,
,,,147.678475,
,,,147.726925,
,,,147.884375,
,,,147.914175,
,,,147.9423,
,,,147.955075,
,,,147.991175,
,,,148.031775,
,,,148.102325,
,,,148.130775,
,,,148.178025,
,,,148.229525,
,,,148.3665,
,,,148.406025,
,,,148.4511,
,,,148.469025,
,,,148.5266,
,,,148.676075,
,,,148.69375,
,,,148.723,
,,,148.741825,
,,,148.762175,
,,,148.782075,
,,,148.798825,
,,,148.82795,
,,,148.8613,
,,,148.887675,
,,,148.9135,
,,,148.940175,
,,,148.953725,
,,,148.9844,
,,,148.996375,
,,,149.013225,
,,,149.039,
,,,149.28015,
,,,149.30545,
,,,149.3185,
,,,149.334475,
,,,149.352925,
,,,149.3746,
,,,149.38655,
,,,149.407,
,,,149.421725,
,,,149.443925,
,,,149.463975,
,,,149.4919,
,,,149.5044,
,,,149.5238,
,,,149.5439,
,,,149.572875,
,,,149.719225,
,,,149.790875,
,,,149.816525,
,,,149.828075,
,,,149.842575,
,,,149.858825,
,,,149.86785,
,,,149.88625,
,,,149.899975,
,,,149.912725,
,,,149.93575,
,,,149.95315,
,,,149.96995,
,,,149.997175,
