SPK_SPKC08a (inh/exc),SPK_SPKC08b (inhi/exc),SPK_SPKC10a (inhi),SPK_SPKC14a (inhi)
60.141375,61.849075,64.070225,64.07095
60.2635,63.813225,64.6581,64.2323
60.485975,64.731475,67.94945,64.6657
60.575925,65.408725,69.726125,71.212725
60.724125,66.011,70.2467,76.709125
60.7809,66.98575,70.96285,77.160425
61.1141,68.44495,71.70565,79.29585
61.320175,68.5929,71.9173,82.42105
61.42855,69.8637,72.410125,88.362625
61.744825,69.914225,72.531025,89.92505
61.7619,69.9732,76.15425,91.4663
61.838925,70.175475,76.268375,94.260625
61.86085,70.243575,76.91535,94.7457
61.943075,71.258525,77.157125,97.504325
61.980625,71.29745,77.28395,97.8001
62.0161,71.61205,77.498875,97.837775
62.0863,71.7319,77.682525,97.8813
62.10355,72.823025,77.69195,98.118425
62.380075,73.4736,77.774725,98.302775
62.52765,73.98515,77.797475,98.726025
62.545625,74.504975,77.9264,98.823325
62.5636,74.543475,79.759675,99.221
62.854725,75.30035,80.238625,99.321075
63.089375,75.80525,80.3031,100.17575
63.6679,75.9348,80.377375,100.3436
63.85505,76.03325,82.254375,100.583175
63.9955,76.0922,83.02095,100.796925
64.073425,76.215175,83.038425,101.27695
64.097425,76.384075,83.24355,101.472425
64.1275,76.898625,83.6638,102.2932
64.2487,77.181725,84.5454,103.350275
64.258425,77.2392,84.8771,103.585475
64.66555,77.2911,85.4474,103.795875
64.834975,77.428225,85.4823,105.0934
64.869825,79.3179,85.930725,105.57495
64.912675,79.6162,86.26265,106.050675
64.9403,79.6965,86.34405,106.367425
64.952125,80.322475,86.45995,107.681275
65.015625,80.595925,86.535175,108.236775
65.017675,80.9629,86.599125,108.2858
65.061375,81.325775,86.836225,108.749525
65.1442,81.363475,86.869225,108.898075
65.16145,81.74795,87.111425,108.98875
65.182325,81.80745,87.304775,109.005875
65.23345,81.909525,87.793275,109.477675
65.45925,82.06125,88.155975,110.145725
65.74195,82.3126,88.399325,110.1848
65.839575,82.411425,88.8595,110.616675
65.931525,82.435625,89.05015,110.699125
66.2468,82.539425,89.2094,110.847075
67.0721,82.59065,89.2337,110.978775
67.078525,82.771725,89.338225,111.232775
67.115675,83.256925,89.627875,111.891625
67.99645,83.460875,89.6983,112.2739
68.049975,83.49845,90.964925,112.505175
68.2171,83.7603,91.29485,113.59945
68.87115,84.214075,91.365125,113.62995
69.15205,84.274775,91.4516,113.6827
69.4691,84.788275,91.884025,114.33765
69.846275,84.823225,92.107525,114.53315
69.99365,85.02435,92.297025,114.683125
70.057575,85.1952,92.635725,114.98715
70.0635,85.532475,93.293275,115.0083
70.1389,85.817225,93.48675,115.5899
70.161025,86.122825,93.601525,115.88995
70.1926,86.3438,94.0302,116.037325
70.223075,86.510575,94.169825,116.76445
70.236925,86.629775,94.511875,117.159
70.25145,86.74695,94.63985,117.26295
70.304675,86.7959,94.775125,117.3693
70.36615,86.99955,94.833825,118.043175
70.435725,87.062075,94.861075,118.27205
70.48315,87.10725,95.51755,118.7965
70.52285,87.163875,95.57825,118.94215
70.63465,87.22735,95.728875,119.0175
70.7275,87.346725,96.1032,119.10865
70.742675,87.55665,96.2966,119.1755
70.77765,87.6118,96.4769,119.5004
70.799675,87.807175,96.507,119.70925
70.957525,88.330175,96.548325,119.79955
71.147775,88.433775,96.60265,119.924075
71.167375,88.528725,96.632925,120.3349
71.269775,88.659175,96.6781,120.37205
71.4038,88.753875,96.70945,120.414175
71.87705,88.901625,96.75105,120.50085
72.506975,89.109575,96.778425,120.66005
72.703375,89.412725,96.8087,120.9595
72.77615,89.43775,96.85835,121.228625
72.88465,89.9249,96.8936,121.63045
72.90085,90.1377,96.943725,121.729475
73.04335,90.56955,96.9627,122.072
73.2396,90.75725,96.9836,122.160175
73.587,91.222375,97.00175,122.458675
73.971225,91.341625,97.021775,122.62135
74.262825,91.467825,97.0539,123.25675
74.300725,91.5864,97.0844,123.75895
74.345025,91.6452,97.125425,123.83905
74.399675,91.812225,97.150525,123.914875
74.523825,93.3591,97.19455,124.52085
74.5346,93.63505,97.215025,124.6153
75.079025,93.706275,97.23835,124.661175
75.80175,93.80185,97.256825,124.7872
75.857525,94.260375,97.28105,125.176
75.94155,94.33415,97.302675,125.216175
75.9463,94.4846,97.32725,125.756425
75.9476,94.781375,97.361,126.20595
75.988125,94.860625,97.3723,126.3441
76.0709,95.0221,97.405075,126.63165
76.09095,95.874375,97.4532,126.705525
76.13355,96.045875,97.483525,126.79565
76.160625,96.125425,97.512,127.521525
76.2215,96.3275,97.532825,127.6028
76.284475,96.3639,97.559475,128.058325
76.32945,96.543125,97.62125,128.298425
76.336575,96.5926,97.6418,129.0693
76.808925,96.678525,97.7327,129.529925
76.871025,96.716625,97.7656,129.729225
76.91545,96.880275,97.8276,130.35725
76.95825,96.965425,97.870875,130.4168
77.146375,97.0139,97.90355,130.65135
77.236225,97.1272,97.93395,130.751725
77.299575,97.1661,97.98815,130.8366
77.331675,97.20105,98.0226,130.964075
77.395275,97.248125,98.145825,131.042625
78.036425,97.288575,98.181625,131.55625
78.314075,97.32825,98.2395,131.63115
78.69715,97.358575,98.286,131.683075
78.88665,97.388425,98.35595,131.748
79.1553,97.43575,98.39615,131.90745
79.18865,97.498675,98.418725,131.982525
79.352475,97.558775,98.44225,132.00535
79.4898,97.594625,98.46825,132.204925
79.579875,97.691275,98.50195,132.409225
79.58385,97.778825,98.582675,132.69755
79.993675,97.852875,98.61695,133.364475
80.8581,98.05265,98.6392,133.392
81.055775,98.1146,98.827575,133.417375
81.135425,98.32645,98.946575,134.223525
81.549625,98.4043,99.15865,134.589575
81.663675,98.442975,99.190975,134.656275
81.70265,98.651375,99.2043,134.72235
81.7085,98.7191,99.37175,134.771875
81.71765,98.7931,99.3929,135.266075
81.7387,99.038925,99.4216,135.545975
81.740825,99.19265,99.466425,136.479
81.780225,99.3116,99.49165,136.89495
81.8519,99.396975,99.516875,137.1293
81.8571,99.52395,99.54265,138.350675
81.86345,99.6543,99.55995,138.54545
81.882675,99.875625,99.58225,138.678025
81.94675,99.96585,99.662025,138.900175
81.974025,100.30255,99.69645,139.246325
81.99695,100.3704,99.7718,139.5383
82.126075,100.494675,99.79,140.404225
82.194625,100.689925,99.844375,140.9356
82.205475,100.84135,99.868325,141.268925
82.287725,101.03945,100.019375,141.38055
82.374375,101.1846,100.06835,141.416175
82.387075,101.332175,100.118475,141.87365
82.424775,101.55095,100.152575,141.90485
82.527425,101.6758,100.186625,142.297075
82.666,101.93365,100.217425,142.3403
82.8432,102.0611,100.259925,142.800925
82.878275,102.226175,100.314575,143.12665
82.918025,102.672075,100.3551,143.599725
82.9394,102.807025,100.392275,143.719225
82.961075,102.998675,100.426475,143.8159
83.07635,103.05155,100.501575,144.566875
83.2068,103.23085,100.583025,144.709025
83.310025,103.349,100.63345,144.7689
83.357225,103.482575,100.671275,145.3652
83.4739,103.6049,100.730225,145.465875
83.5408,103.771175,100.7552,145.68765
83.5755,103.837075,100.86415,145.773025
83.656,103.96685,100.89415,146.0632
83.682075,104.104075,100.9704,146.503675
83.724475,104.209575,100.994625,146.558925
83.930475,104.27525,101.023425,146.5836
83.967275,104.28405,101.043425,147.16145
83.984975,104.4258,101.058875,147.239725
84.04955,104.5512,101.0896,147.422675
84.462125,104.911025,101.115575,147.636225
84.525775,104.961275,101.178175,147.7421
84.529275,105.057825,101.198875,148.04625
84.536475,105.1433,101.23925,148.5779
84.6433,105.22345,101.329125,149.685725
84.755575,105.508875,101.38085,150.083225
84.877975,105.5978,101.435125,150.1782
84.896475,105.686675,101.45075,150.235125
84.9563,105.783075,101.493975,150.291325
85.090675,105.932325,101.5219,150.42925
85.24425,106.030525,101.557425,150.7999
85.278075,106.138225,101.660425,151.1578
85.31955,106.284975,101.747,151.374575
85.423975,106.385625,101.80355,151.41655
85.47895,106.494225,101.816475,151.44245
85.5256,106.559925,101.8865,151.504425
85.696075,106.742525,101.908,151.829675
85.950675,106.807275,101.960475,152.249325
86.0189,106.894925,102.02335,152.309775
86.088,107.019725,102.057025,152.71255
86.126175,107.15525,102.149175,152.75955
86.208025,107.509375,102.22225,152.81695
86.56325,107.66545,102.26045,153.13585
86.683975,107.7393,102.279575,153.223975
86.692475,107.833125,102.30605,153.253725
86.734425,107.946775,102.33735,153.6319
86.8874,108.08135,102.3566,153.6708
86.902675,108.202225,102.363875,153.69295
87.073475,108.22225,102.477375,154.129275
87.179575,108.464675,102.53525,154.224225
87.242575,108.558275,102.556625,154.2572
87.309225,108.70905,102.606225,154.442575
87.51605,108.78475,102.6617,154.58375
87.561525,108.91175,102.6875,155.11115
87.79945,109.113975,102.7954,155.795625
87.832425,109.247525,102.8716,156.0025
87.862175,109.3927,102.9267,156.07775
87.8687,109.541975,102.93975,156.3514
87.8922,109.5841,102.988375,156.9239
87.93255,109.72495,103.021,157.556625
87.953675,109.88515,103.029825,157.974825
87.97965,110.222975,103.06605,158.057275
88.08215,110.32755,103.156625,158.14065
88.1026,110.51765,103.21315,158.233675
88.139325,110.644975,103.24295,158.29345
88.178575,110.82115,103.260075,158.33245
88.221725,110.904575,103.3279,158.35475
88.334025,111.05915,103.3702,158.8666
88.709125,111.329325,103.395475,159.146725
88.8574,111.384975,103.4019,159.19355
88.880975,111.40765,103.471175,159.5224
89.025975,111.5673,103.484025,159.66475
89.190325,111.69255,103.524225,159.7971
89.2226,111.8438,103.579925,159.928275
89.382925,112.021,103.647975,161.05665
89.494225,112.1223,103.6642,161.12515
89.6166,112.151325,103.6775,161.203675
89.6841,112.18145,103.711575,161.2682
89.749625,112.4098,103.74135,161.4781
89.95385,112.622275,103.756625,161.873525
89.97195,112.742825,103.816575,162.199625
90.013075,112.849475,103.838925,162.294675
90.126,112.902725,103.886375,162.36755
90.183925,113.0932,103.9105,162.600425
90.521775,113.38995,103.9459,163.174225
90.649,113.6004,103.993075,163.2223
90.6532,113.73015,104.0948,163.605375
91.059625,113.97525,104.1331,163.7183
91.637175,114.18845,104.209225,163.7632
91.931175,114.3306,104.227625,163.874675
91.977825,114.552375,104.2553,163.95455
92.305675,114.6432,104.322675,164.3211
92.58515,114.755375,104.406275,164.753025
92.6344,114.88585,104.419025,164.9397
92.728725,114.98705,104.4854,165.306075
92.737875,115.125375,104.519575,165.6893
92.8647,115.2521,104.59895,165.943175
93.2155,115.47055,104.65915,165.99215
93.298725,115.58355,104.71015,166.4918
93.833375,115.674125,104.7664,166.6696
93.884875,115.79235,104.804775,166.729975
94.00325,115.9229,104.8311,166.76625
94.181525,116.12265,104.94875,167.66505
94.294275,116.35365,105.00945,167.92865
94.358275,116.420725,105.0374,168.21445
94.36925,116.4734,105.0668,168.420175
94.526425,116.725775,105.096675,168.7062
94.700025,116.870375,105.1587,168.85425
94.89205,117.093025,105.210025,169.1372
94.90935,117.173525,105.256825,169.173625
95.1779,117.388625,105.294525,169.297575
95.233775,117.515925,105.31315,169.406
95.2395,117.599525,105.350275,169.497325
95.362025,117.780325,105.38895,169.532075
95.51925,117.8512,105.454425,169.5609
95.745375,117.921875,105.4876,170.032
96.043325,118.0196,105.518475,170.077475
96.20075,118.159775,105.605175,170.440375
96.23935,118.256525,105.664775,170.52195
96.267875,118.3975,105.706725,170.8343
96.2835,118.591,105.733525,170.87935
96.3061,118.714675,105.8661,171.2953
96.447125,118.9222,105.916,171.683825
96.536425,119.097075,105.93805,171.72335
96.642075,119.215375,106.0505,171.75785
96.647825,119.376175,106.0777,172.088575
96.72945,119.475175,106.113975,172.1835
96.945575,119.601475,106.130025,172.469325
97.021475,119.6214,106.1594,172.548825
97.030975,119.6989,106.23445,172.90145
97.0943,119.781375,106.274375,173.001625
97.3357,119.859225,106.30405,173.22135
97.34665,120.1526,106.3179,173.338425
97.6787,120.2259,106.3775,173.3871
97.8915,120.54855,106.41045,173.4559
97.995925,120.624725,106.433925,173.51145
98.5802,120.69095,106.47115,173.55925
98.6592,120.86445,106.556425,174.48675
98.94675,120.942575,106.5844,174.57805
99.10445,120.9587,106.6227,175.191625
99.323175,121.08645,106.661225,175.74055
99.4675,121.19015,106.7071,175.796675
99.4942,121.498325,106.733475,175.85385
99.772825,121.644425,106.82195,175.92145
100.18945,121.7,106.97185,175.996325
100.543375,121.786575,107.03445,176.112175
100.651875,121.911975,107.1166,176.667675
101.07825,122.10595,107.143825,177.107425
101.17625,122.17015,107.194075,177.4689
102.222025,122.385,107.21065,177.5235
102.33915,122.68575,107.274575,177.551375
102.4493,122.833675,107.2973,177.880075
102.983975,123.04135,107.37175,178.06615
103.012925,123.114925,107.416875,178.372475
103.161025,123.1764,107.45445,178.5552
103.7487,123.246425,107.491625,178.75635
103.9035,123.351125,107.5304,178.87595
104.596,123.4082,107.59835,178.909075
104.6305,123.527025,107.62015,179.30365
105.179975,124.1479,107.660325,179.39315
105.519775,124.355275,107.6787,179.66795
105.836,124.494625,107.75415,179.729775
106.01735,124.52005,107.7711,179.7608
106.020975,124.63005,107.82115,180.16715
106.16895,124.789225,107.90845,180.6758
106.51735,124.862525,107.934225,180.729975
106.70005,125.044925,107.967825,180.7633
107.09715,125.176725,107.9993,181.233925
107.25235,125.247675,108.0866,181.275075
107.636475,125.372075,108.12195,182.348
107.9936,125.467625,108.1506,182.6322
108.064325,125.542525,108.171525,182.728275
108.2327,125.67095,108.216625,183.097125
108.949725,125.75925,108.247025,183.122725
109.909975,125.843675,108.292325,183.366775
110.09025,125.9983,108.320475,183.79865
110.4099,126.08485,108.373575,183.86235
110.75875,126.209775,108.410325,184.539125
110.97755,126.3676,108.4516,185.053325
112.188225,126.4504,108.464425,185.1592
112.49525,126.685925,108.4937,185.2451
112.7155,126.83095,108.5836,185.3122
112.8193,127.0544,108.65035,185.7053
112.941075,127.1553,108.680825,186.036
113.0445,127.518625,108.714275,186.093575
113.77845,127.7396,108.7461,186.47985
114.45805,128.02415,108.76915,187.13065
114.6299,128.232775,108.833775,187.208875
115.0088,128.34985,108.8733,187.291225
115.249475,128.46315,108.913,187.34155
115.34315,128.6353,108.938175,187.683275
115.50235,128.80275,108.95835,187.769125
116.06745,128.962475,108.98725,188.0693
116.192725,129.064125,109.0782,188.44085
116.432225,129.132775,109.153475,188.49745
116.820375,129.20075,109.17345,188.55805
117.009325,129.2671,109.19405,188.88115
117.545475,129.34675,109.294175,188.939175
117.58275,129.41335,109.309875,189.3566
117.9485,129.48375,109.34725,189.405875
118.12125,129.62525,109.374275,189.550525
118.2708,129.694025,109.4659,189.628325
118.67145,129.94485,109.47975,189.696975
119.010125,130.060175,109.503275,190.2906
119.839775,130.27055,109.52765,190.3536
120.120175,130.370425,109.555475,190.8429
120.550225,130.470075,109.598,190.94455
120.612125,130.71865,109.630775,191.692425
121.289975,130.79055,109.739,191.770575
121.6925,130.9006,109.790375,192.145225
122.0811,131.0414,109.8233,192.185925
122.731675,131.106725,109.8483,192.442425
122.89445,131.238825,109.864275,192.65095
123.002725,131.330075,109.918975,193.058425
123.18055,131.454175,109.995175,193.105975
123.3339,131.59385,110.156275,193.17345
123.346775,131.67555,110.21125,193.6148
123.673325,131.767075,110.2832,194.117825
123.700325,131.863175,110.313175,194.17445
124.845575,131.9403,110.33705,194.54225
125.5405,132.23465,110.40325,194.7299
125.711525,132.319575,110.434225,195.6115
126.076375,132.407,110.532575,195.67205
126.414275,132.570775,110.559675,195.7764
126.59635,132.663075,110.5958,195.88335
126.627975,132.909725,110.671625,195.953125
126.736775,133.019525,110.714325,196.24195
126.886575,133.31185,110.754425,196.275275
127.172975,133.452675,110.785175,196.7545
127.17735,133.5217,110.8651,196.9434
127.362,133.634925,110.956125,197.0346
127.538725,133.7612,110.9861,197.468875
128.2312,133.864975,111.0094,198.12225
128.310925,134.03805,111.0375,198.244025
128.7788,134.130625,111.063175,198.686175
129.35065,134.2219,111.11445,198.744575
129.488075,134.286425,111.1444,198.803275
129.866425,134.4658,111.1745,199.389425
130.696275,134.547275,111.21005,199.92935
131.2757,134.5974,111.25795,200.7575
131.36545,134.71445,111.33855,200.8305
131.6065,134.830375,111.371375,201.2824
131.94965,134.911125,111.415575,201.612425
132.003475,134.986,111.45345,201.67855
132.033925,135.112125,111.483225,202.273425
132.20555,135.1864,111.518225,202.4303
132.276725,135.288275,111.5933,202.614775
132.63925,135.38685,111.62515,203.200875
132.84095,135.497,111.6863,203.526
132.900475,135.68475,111.71695,204.08915
132.986575,135.943625,111.75725,204.22945
133.104825,136.4176,111.793875,204.307325
133.190225,136.629125,111.828175,204.67705
133.43085,136.661675,111.889625,205.319875
133.471,136.8701,111.922075,205.6883
133.82335,137.068075,111.95455,205.737175
134.5401,137.1834,111.997975,205.8049
134.707075,137.31565,112.027325,205.8161
134.712625,137.437,112.05865,206.12065
134.8069,137.644275,112.12975,206.164625
134.861925,137.718175,112.17855,206.2022
134.865625,137.76005,112.206725,206.711175
135.156375,137.904,112.231,206.9979
135.16505,138.008475,112.262875,207.36345
135.504125,138.0756,112.29655,207.409325
135.977825,138.18965,112.327375,207.778325
136.322075,138.346525,112.3456,207.838875
136.557275,138.54485,112.415725,208.607875
137.71255,138.676425,112.43905,208.9573
138.1484,138.748025,112.492625,209.022125
138.91265,138.7974,112.5122,209.080025
138.94725,139.015225,112.533075,209.1536
139.211775,139.279175,112.66135,209.549175
139.404825,139.44155,112.728375,209.9807
139.542,139.576325,112.746525,210.5507
139.5459,139.804175,112.784725,211.268425
139.71305,140.002175,112.832875,211.47385
139.8342,140.143825,112.855075,211.653125
139.94505,140.320525,112.879325,211.950125
140.24145,140.479625,112.92135,211.99445
141.466325,140.671275,112.980075,212.46655
141.530125,140.777325,113.005025,212.56845
141.6428,140.8425,113.030775,212.60405
141.7734,140.967525,113.055175,212.659875
141.96005,141.215675,113.090125,212.7149
142.306875,141.2625,113.14725,213.33035
142.519225,141.3741,113.162925,213.55795
143.016675,141.568425,113.1891,213.63495
143.133775,141.6513,113.239025,213.7453
143.156975,141.767075,113.298375,214.184975
143.494575,141.8834,113.399025,214.342575
143.8183,142.211575,113.433575,214.396675
143.84525,142.3835,113.502375,214.85685
143.910175,142.5058,113.539225,215.83085
144.046225,142.624525,113.570075,216.183175
144.4611,142.7312,113.65295,216.508175
144.6006,142.88735,113.677275,216.852975
144.913975,143.2591,113.7314,217.0774
146.1634,143.4436,113.7535,217.136
146.243175,143.51185,113.8327,217.328225
146.324675,143.7423,113.886075,217.6496
146.501675,144.06545,113.9133,218.326975
146.668925,144.15785,113.94155,218.4622
147.074725,144.250175,113.971875,218.796
147.1177,144.347575,113.992025,218.912825
147.2035,144.54215,114.027625,218.950375
147.308375,144.679975,114.06015,219.004375
147.3467,144.85455,114.0806,219.6407
147.460675,144.932275,114.157375,219.858875
147.53015,145.0187,114.194775,219.920125
147.596375,145.10205,114.224825,220.115075
147.6231,145.210975,114.2686,220.172675
147.705675,145.299925,114.31545,220.59595
148.475325,145.42015,114.333225,220.7549
148.510075,145.57735,114.3567,221.1586
148.80715,145.660625,114.422825,221.510725
148.875825,145.839925,114.467475,221.67585
149.0411,145.973275,114.499725,221.74285
149.23425,146.145975,114.539425,222.022075
149.240625,146.235675,114.56755,222.0878
150.427775,146.54585,114.594825,222.12185
151.1244,146.64385,114.618075,222.20345
151.93355,146.768425,114.6872,222.38855
152.195675,146.97255,114.712475,222.448925
152.836475,147.0447,114.745325,222.7514
152.991925,147.17715,114.816325,222.820925
152.99335,147.273525,114.856575,223.4014
153.17635,147.364825,114.886525,224.0401
153.637175,147.471725,114.939375,224.2879
153.710375,147.74625,114.978925,224.37375
153.94425,147.850975,115.0479,224.471225
154.6258,147.9411,115.07755,225.329
154.701,148.090975,115.09925,225.749925
154.799125,148.192125,115.193575,226.25765
155.41085,148.354075,115.236125,226.4103
155.6992,148.523775,115.30475,226.769125
156.128,148.6425,115.331925,226.8341
156.2035,148.8036,115.356375,226.87495
156.54535,148.948525,115.387025,226.927
156.907,149.055625,115.464975,226.9818
156.919,149.3222,115.483675,227.422125
157.217375,149.50405,115.5021,227.55265
157.858175,149.60495,115.549875,227.65345
158.066225,149.6148,115.6477,227.72255
158.3287,149.7086,115.68085,227.784575
158.719875,149.877975,115.7391,228.259625
159.168225,149.960275,115.7585,228.419475
159.461425,150.10225,115.784425,228.53105
159.5559,150.21615,115.804975,229.1633
159.738925,150.348325,115.82395,229.48695
159.883475,150.473825,115.85105,229.56455
160.03345,150.57925,115.867525,229.63755
160.576825,150.7218,115.888225,229.819775
160.665275,150.85015,115.910325,230.235075
160.67095,150.959025,115.9832,230.3807
160.8838,151.04805,116.112125,230.529125
161.028225,151.17005,116.1493,230.6659
161.27925,151.261325,116.20345,230.746825
161.340275,151.367875,116.265625,231.05415
161.593925,151.617225,116.298,231.627175
161.7454,151.745675,116.32315,231.945975
161.879775,151.9098,116.360225,232.25305
161.987375,152.0738,116.389575,232.39945
162.01705,152.24835,116.4484,232.594575
162.276175,152.303325,116.471875,232.74945
162.5854,152.3645,116.523925,232.809825
162.743675,152.373725,116.56875,232.87545
162.7908,152.49005,116.6125,233.185875
162.85585,152.5843,116.63885,233.228125
162.967975,152.682025,116.6678,234.01205
163.185675,152.780925,116.682425,234.12305
163.399575,153.108775,116.707425,234.53855
163.42855,153.265875,116.7349,234.69945
163.54825,153.39875,116.76395,234.7622
163.8627,153.631725,116.8142,234.83115
164.029075,153.70555,116.847875,235.300525
164.298325,153.8333,116.861825,235.4298
164.39845,154.2488,116.86985,235.9065
164.53305,154.489825,116.891725,235.977325
165.14135,154.590275,116.93055,236.03775
165.15475,154.7979,117.03265,236.59065
165.5424,154.9511,117.053175,236.63265
165.981975,155.09425,117.079375,236.672175
166.2528,155.225875,117.11055,236.754825
166.457175,155.353875,117.229175,236.87565
166.58765,155.4317,117.259875,236.9416
166.722875,155.492275,117.291175,236.96785
166.808575,155.59515,117.3206,237.029875
166.8215,155.785625,117.342775,237.5852
167.43375,155.939275,117.44335,237.7413
168.371475,156.050325,117.469575,237.97885
168.57935,156.16715,117.525725,238.451975
168.68385,156.459225,117.55415,238.490175
168.736225,156.57115,117.59905,238.56255
168.81005,156.8329,117.65325,239.0104
169.04635,156.912125,117.670325,239.264
169.31735,156.980375,117.7299,239.364875
169.43535,157.2088,117.764025,239.46955
169.75245,157.434825,117.839675,239.562275
170.101775,157.60815,117.87265,239.796825
170.416525,157.6865,117.89935,240.5011
170.887825,157.976925,117.912925,240.98425
171.3568,158.133325,117.93235,242.054475
171.696025,158.232575,117.96685,242.10535
172.043475,158.336775,117.99845,242.72565
172.144525,158.46095,118.0255,242.851525
172.30905,158.581925,118.117925,243.24675
172.46895,158.740525,118.150525,243.554
172.791775,158.831125,118.195025,243.633975
173.062175,158.929825,118.22125,244.1356
174.0824,159.02315,118.24775,244.2091
174.115875,159.107875,118.2894,244.634925
174.587775,159.182,118.4056,246.06185
174.9427,159.3097,118.428375,246.395375
175.05045,159.616625,118.45545,246.477
175.252175,159.7266,118.485825,246.528025
175.5328,160.1642,118.5459,246.997375
175.76245,160.289175,118.624575,247.21795
175.7884,160.532925,118.652825,247.2732
175.911875,160.7517,118.679225,247.542075
176.598775,160.8044,118.723375,247.642525
176.75985,160.861725,118.73965,247.687175
177.099725,160.984725,118.77885,247.728
177.586975,161.095,118.832725,247.816925
178.008775,161.18705,118.9263,248.08305
178.47885,161.36165,119.008775,248.477975
178.7015,161.485175,119.035825,248.52285
178.7533,161.559425,119.157225,248.574
178.951925,161.733125,119.18605,248.653175
179.3984,161.8974,119.247775,249.0763
180.218275,162.01555,119.30865,249.141775
180.689725,162.098625,119.35455,249.38955
180.828175,162.19275,119.384075,249.4615
180.86495,162.2737,119.628,249.538125
180.98605,162.386925,119.7572,249.6473
181.63335,162.4613,119.7907,249.6778
182.314675,162.5763,119.8124,250.218025
182.365075,162.777325,119.833225,250.301125
182.7168,162.8668,119.849225,250.759425
183.107975,163.00665,119.881775,251.087275
183.388825,163.096925,119.915075,251.312325
183.6563,163.36365,119.958625,251.357475
183.6959,163.453975,119.989175,251.4601
183.817575,163.526725,120.019825,251.8565
184.12115,163.607225,120.058975,251.930375
184.1469,163.83895,120.0812,252.024
184.5363,163.917075,120.131425,252.286775
184.5921,163.937025,120.1592,252.347025
184.6331,164.140725,120.240925,252.723575
184.91465,164.22315,120.32445,252.7701
185.70405,164.3014,120.3496,252.875275
187.32745,164.38825,120.3713,253.0257
187.370475,164.6716,120.3979,253.169275
187.584225,164.755575,120.435925,253.2394
187.7047,164.8796,120.493175,253.298575
187.733375,165.0049,120.613325,254.01975
188.061,165.0803,120.64885,254.074875
188.345825,165.16855,120.703,254.12025
188.484,165.29985,120.737225,254.46575
188.559,165.4453,120.7731,254.5825
188.703275,165.6361,120.8498,254.633275
188.96145,165.713175,120.9232,254.96625
189.126075,165.89055,120.9539,255.070075
189.1658,165.99145,121.064225,255.10975
189.4806,166.094675,121.097775,255.176425
189.744175,166.38665,121.13735,255.2533
190.42745,166.469925,121.171825,255.64
190.4661,166.549125,121.215125,255.72915
190.4805,166.707375,121.254525,256.1764
190.779525,166.83805,121.301675,256.236675
190.9574,166.98005,121.353425,256.278875
191.38455,167.11845,121.3889,256.7495
191.39995,167.135275,121.43865,256.7618
191.736875,167.224875,121.529075,256.794825
191.7485,167.231925,121.574475,256.8619
191.811525,167.34835,121.62185,256.9441
191.9104,167.4098,121.64815,257.461025
192.1475,167.44785,121.686575,257.550925
192.2565,167.50315,121.7417,257.593175
192.5063,167.674475,121.77965,257.620225
192.80445,167.7806,121.8296,258.019975
192.925175,167.87805,121.888575,258.08715
193.44655,167.97835,121.9253,258.28635
193.588575,168.06165,121.97145,258.36445
193.76885,168.207525,121.998425,258.40615
193.7892,168.29745,122.017875,258.54375
194.717525,168.36765,122.040775,258.692875
194.740325,168.476875,122.13875,259.12625
194.864825,168.56335,122.1805,259.685825
195.193175,168.9551,122.224,259.7669
195.269875,169.154,122.2559,259.871325
195.282275,169.360175,122.290575,259.93505
195.3181,169.50735,122.345025,260.3856
195.66525,169.637375,122.365025,260.527725
195.802775,169.734,122.3958,260.896975
195.95465,169.873675,122.4532,260.940425
196.356975,170.003575,122.5908,260.995025
196.47765,170.096425,122.638725,261.482875
196.61415,170.186575,122.6648,261.5236
196.65695,170.289625,122.74395,261.566125
196.768925,170.3805,122.78325,261.605
197.259175,170.4616,122.8084,261.71865
197.428475,170.766525,122.844825,262.15455
197.864425,170.94185,122.878175,262.211275
197.874925,171.0382,122.9105,262.2616
198.139,171.257975,122.953075,262.29135
198.41915,171.347475,123.035575,262.411675
198.87075,171.548775,123.13915,262.883575
199.12205,171.729675,123.17445,263.00205
199.22585,171.87975,123.202725,263.379375
199.303125,172.034975,123.282625,263.457425
199.4517,172.146375,123.30545,263.54415
199.57275,172.3344,123.33575,263.609325
199.701625,172.46105,123.3722,264.121125
199.93315,172.59795,123.425075,264.1876
200.0691,172.760625,123.5299,264.223925
200.354175,172.96305,123.5515,264.268975
200.39145,172.9981,123.609725,264.63495
200.76755,173.12055,123.626475,264.69975
201.063075,173.284,123.6526,264.7362
201.1886,173.525075,123.6756,265.200775
201.268575,173.654275,123.728225,265.25905
201.3192,173.99875,123.778075,265.842375
201.381175,174.114075,123.816925,266.303225
201.455725,174.27105,123.863775,266.34765
201.528975,174.531825,123.8907,266.3762
201.724775,174.60375,123.942625,266.4271
201.826225,174.91485,123.980625,266.622225
202.21135,174.990075,124.05725,266.6668
202.23425,175.1101,124.140275,266.69285
202.242175,175.202325,124.184075,266.881175
202.281725,175.293125,124.2174,266.9577
202.352875,175.427125,124.324175,266.970525
202.395775,175.508125,124.3719,266.9899
202.43845,175.74945,124.42565,267.519575
202.479775,175.835575,124.565925,267.5669
202.53175,175.99605,124.6098,268.058675
202.5976,176.078475,124.6484,268.415875
202.703,176.12885,124.7277,268.491475
204.174725,176.238825,124.744225,268.566
204.378725,176.474625,124.79355,269.13875
204.731875,176.607575,124.837575,269.44595
204.85065,176.675875,124.877325,269.510825
205.087375,176.837275,124.9396,269.609325
205.10405,176.916575,124.98435,270.25215
205.370575,177.233375,125.004775,270.31775
205.384225,177.321875,125.03315,270.423925
205.706625,177.3941,125.067575,270.516175
205.76345,177.5058,125.124225,270.538675
205.935475,177.624275,125.22165,270.592675
206.175825,177.70325,125.255775,270.97495
206.298375,177.808875,125.277975,271.5559
207.073125,177.959825,125.3036,271.60435
207.139425,178.2079,125.332225,271.690125
207.42915,178.377575,125.365525,272.113025
207.440725,178.486125,125.42395,272.150275
207.785775,178.65505,125.456075,272.18225
208.1766,178.746375,125.5518,272.233775
208.391975,178.806625,125.598625,272.300225
208.608275,178.920975,125.644325,272.698975
208.983175,179.006625,125.6832,272.75865
208.989225,179.078625,125.7373,272.931225
209.38895,179.26635,125.7695,273.0159
209.640125,179.3464,125.79615,273.0694
210.03455,179.370075,125.824475,273.472975
210.15415,179.45315,125.84185,273.52835
210.16085,179.51655,125.872375,273.58345
210.296325,179.6196,125.904475,273.637325
210.311425,179.69945,125.9464,273.970825
210.481225,179.7727,126.020475,274.046675
210.521075,179.883,126.1069,274.07875
210.59995,179.9784,126.14355,274.108375
210.7565,180.0707,126.173725,274.419375
210.97755,180.14655,126.242425,275.072725
211.16275,180.4706,126.27595,275.1199
211.72185,180.6429,126.3111,275.143625
211.977125,180.73805,126.33225,275.178325
212.458575,180.841525,126.364075,275.245675
212.807775,180.9533,126.38125,275.703375
212.9898,181.047225,126.4238,275.745
213.071375,181.1681,126.459325,276.089375
214.006075,181.2536,126.4868,276.2029
214.40735,181.323325,126.5561,276.267625
214.58685,181.5831,126.620225,276.3546
214.846475,181.695375,126.672325,276.706225
214.9897,181.81205,126.75895,277.288425
215.1873,181.884225,126.7801,277.36565
215.593325,181.97605,126.808375,277.395425
215.882125,182.146175,126.897925,277.4791
216.132825,182.241275,126.9661,277.721975
216.185625,182.417425,127.124675,278.39995
216.613025,182.559425,127.15,278.9317
218.0484,182.659375,127.181225,279.00565
218.0572,182.840475,127.214275,279.338925
218.3361,182.9654,127.23875,279.451125
218.45775,183.092225,127.382025,279.51455
218.554675,183.163825,127.50545,279.845
218.954175,183.262425,127.53455,279.8918
219.021775,183.42415,127.575525,279.987075
219.08285,183.5683,127.639325,280.047775
219.1446,183.679225,127.659075,280.50515
219.346725,183.782175,127.70825,280.560225
219.607225,183.858475,127.73075,280.63085
219.66885,183.929025,127.801525,280.660325
220.0169,184.05665,127.855375,281.40505
221.437975,184.1326,127.881225,281.76045
221.44065,184.239825,127.906925,281.791825
221.76635,184.351475,127.946875,281.82675
221.84265,184.45365,127.97035,281.885725
222.104575,184.79605,128.041525,282.05075
222.11305,184.8767,128.0558,282.1434
222.189725,184.960475,128.117125,282.16715
222.366,185.022875,128.1375,282.208725
222.3743,185.200275,128.182825,282.419525
222.635975,185.26615,128.214675,282.503975
222.80695,185.3259,128.2543,282.859325
222.86475,185.4221,128.281075,282.90985
222.8731,185.50535,128.3281,283.057175
223.290325,185.64545,128.3406,283.100675
223.359375,185.7178,128.35735,283.1734
223.501325,185.79915,128.40785,283.305675
223.997525,185.8997,128.428475,284.108175
224.369675,185.9997,128.45355,284.2875
224.3993,186.0826,128.4983,284.425575
224.634775,186.151325,128.5904,284.5009
225.151325,186.386975,128.625125,284.5458
225.271375,186.457975,128.650975,285.278525
225.683425,186.605925,128.6623,285.816325
225.690625,186.726425,128.686325,285.8597
225.950325,186.7327,128.74265,286.1544
226.420975,186.796375,128.8067,286.525925
226.50095,186.898275,128.91765,286.5421
227.1681,187.087425,128.94155,286.613825
227.6096,187.335575,128.97045,286.95985
228.051375,187.405125,129.009725,287.02535
228.109675,187.568075,129.0411,287.05115
228.38035,187.641575,129.132075,287.097425
228.713025,187.8006,129.15415,287.48005
228.82465,187.82995,129.184475,288.18655
229.012875,187.8926,129.258375,288.2486
229.06745,187.943825,129.321275,288.571725
229.163625,187.957625,129.3414,288.63745
229.346475,188.097875,129.374325,289.019275
229.444375,188.162075,129.472525,289.089025
229.4782,188.227,129.499375,289.38445
229.738075,188.23665,129.532125,289.496625
229.947525,188.32825,129.61885,289.7606
230.675725,188.41555,129.73395,289.808625
230.733025,188.80125,129.781025,290.1677
230.9727,188.90075,129.801625,290.60535
231.050975,188.983875,129.83785,290.6659
231.6222,189.044775,129.892325,290.958675
231.6299,189.2483,129.925475,291.067575
231.88525,189.36855,129.97535,291.25395
231.928675,189.841825,130.109375,291.266825
233.2366,189.9139,130.1325,291.45285
233.323825,190.04425,130.164325,291.497725
233.439375,190.09495,130.189075,291.5203
233.65285,190.238725,130.26605,291.956325
234.0091,190.319175,130.303525,292.0867
234.116425,190.58405,130.319225,292.3948
234.529075,190.686425,130.344975,292.454275
234.664725,190.8655,130.50385,292.50155
235.353925,190.961225,130.5414,292.544325
235.412125,191.059475,130.577075,292.651
235.6542,191.1566,130.613625,292.73585
235.973425,191.22135,130.6377,293.329475
236.221375,191.4868,130.714475,293.46465
236.36995,191.730075,130.74355,293.550875
236.4781,191.78585,130.8956,293.5909
236.85685,192.179275,130.929175,293.7114
237.31275,192.314825,130.95675,294.41625
237.37735,192.479025,130.9945,294.484975
237.5096,192.563175,131.03035,294.9099
237.625975,192.7024,131.059525,295.35285
237.7088,192.77825,131.114225,295.419575
237.877575,192.856775,131.1666,295.707975
238.012925,192.94175,131.228525,295.7728
238.26745,193.014575,131.269925,295.82395
238.334,193.098875,131.32645,295.928075
238.532825,193.124975,131.371175,296.444125
238.640925,193.2442,131.4166,296.5377
238.779675,193.246075,131.468675,296.57585
239.22295,193.3811,131.501575,297.024725
239.31135,193.553975,131.53695,297.42915
239.496,193.738375,131.623825,297.49065
239.622275,193.803825,131.667025,297.5879
239.83035,193.894225,131.71,298.216625
239.924875,194.085925,131.767475,298.2407
240.255975,194.1917,131.82765,298.363025
240.356425,194.267825,131.851025,298.678375
240.499725,194.400675,131.893325,299.11755
241.321975,194.5347,131.982725,299.496225
241.581825,194.607025,132.03715,299.5384
241.6409,194.643825,132.06935,299.618125
241.871275,194.70805,132.0977,300.479575
241.968925,194.777675,132.122925,300.535525
242.00875,194.928,132.145975,300.8894
242.197425,195.0469,132.178375,300.9285
242.2725,195.158675,132.212825,301.290675
242.616775,195.241025,132.242525,301.68965
242.767975,195.306725,132.2802,302.451775
242.814275,195.402375,132.31835,302.502575
242.9768,195.491075,132.36185,302.55285
243.1457,195.598925,132.388875,302.997675
243.459725,195.64635,132.462375,303.060375
243.8669,195.7351,132.534525,303.50755
243.96565,195.857,132.568775,303.571725
244.204975,195.980525,132.66665,303.894425
244.244625,196.0758,132.70025,304.008675
244.27255,196.104125,132.733075,304.1685
244.3292,196.201675,132.7759,304.4678
244.5626,196.345925,132.8325,305.7573
244.62695,196.503,132.89765,306.866325
244.86845,196.5743,132.92075,307.5159
244.9375,196.723125,132.9566,307.784875
244.97335,196.905225,133.042225,307.831525
244.9836,196.9939,133.0804,308.07585
245.307575,197.0592,133.117225,308.35035
245.31005,197.16245,133.1963,308.587925
245.348075,197.26965,133.2666,308.645525
245.365425,197.5309,133.3324,308.98555
245.68,197.608975,133.355625,309.030725
245.77225,197.69525,133.4171,309.099225
245.9221,197.790025,133.43855,309.154875
246.0931,197.88675,133.524625,310.045575
246.33045,198.016825,133.537375,310.0725
246.51725,198.223075,133.590975,310.204925
246.523075,198.3099,133.612025,310.648125
247.587475,198.3493,133.6402,310.698425
247.732825,198.428075,133.674075,310.76415
247.978325,198.68065,133.696225,311.3987
248.071675,198.79065,133.771575,311.408025
248.204675,198.895,133.806675,311.459625
248.2607,198.972,133.834875,311.594175
248.712275,199.05905,133.867575,311.68705
249.16725,199.1917,133.90565,311.77355
249.38945,199.29155,134.0115,312.243225
249.67645,199.38235,134.189875,312.6172
249.75805,199.47805,134.23865,313.10835
249.7837,199.5633,134.267575,313.298525
249.8507,199.62655,134.286625,313.3453
249.968325,199.7362,134.348025,313.462
250.3908,199.842625,134.368225,313.876925
250.501725,199.955175,134.40495,313.92825
250.785575,200.2689,134.445775,314.0634
250.966175,200.346025,134.474675,314.3746
251.010375,200.450125,134.522075,314.8546
251.21245,200.774275,134.545825,315.021975
251.30485,200.857275,134.578275,315.104525
251.43955,200.957525,134.638825,315.4438
251.665575,201.109375,134.68495,315.536775
251.899425,201.16425,134.7487,315.591525
252.335175,201.22565,134.784,316.042175
253.4819,201.259725,134.823775,316.226425
253.49485,201.3043,134.859025,316.3072
253.583975,201.390525,134.918375,316.786175
253.628675,201.53655,134.962025,316.8486
253.9282,201.621375,134.9976,317.24525
254.558275,201.6784,135.045975,317.8161
254.7629,201.7386,135.117625,318.013675
255.191325,201.807175,135.152775,318.442525
255.278275,201.88205,135.1852,318.5255
255.3551,201.947775,135.21965,318.649825
255.5839,202.051375,135.2572,318.985875
255.7958,202.15945,135.28325,319.090175
255.83615,202.232925,135.334575,319.248125
255.8507,202.310575,135.372325,319.310925
255.986725,202.397825,135.4169,319.5474
256.038225,202.4944,135.489075,320.0869
256.273,202.583775,135.55115,320.345725
256.333475,202.64385,135.594275,320.510225
256.42395,202.73385,135.6067,320.7282
256.848225,202.918625,135.63575,320.799475
256.88945,203.1028,135.6749,321.185625
256.9615,203.2142,135.708025,321.27085
257.0216,203.34895,135.778,321.619525
257.04745,203.42325,135.8048,322.062625
257.174175,203.58695,135.8727,323.139725
257.2681,203.6976,135.908475,323.5591
257.556375,203.751325,135.945775,324.9076
257.572925,203.769275,136.0007,325.0303
257.610625,203.873925,136.07705,325.0882
257.690575,203.9805,136.10005,325.146425
257.77455,204.05925,136.12995,325.517225
258.1466,204.20235,136.207875,325.890025
258.590475,204.31445,136.295975,325.954125
258.710575,204.41345,136.353875,326.1519
258.7273,204.4706,136.398125,326.218525
259.186575,204.565175,136.4387,326.25285
259.25705,204.672,136.4679,326.293125
259.347025,204.7459,136.531575,327.63385
259.76435,204.8066,136.56875,327.700675
259.880525,204.8648,136.599725,328.162025
259.91775,205.2601,136.6996,328.25935
,205.33475,136.75195,328.460375
,205.50145,136.8741,328.5322
,205.592675,136.924475,328.5835
,205.690575,136.961725,328.928625
,205.836875,137.034175,329.537925
,205.919275,137.07,330.656025
,205.997425,137.090825,331.4405
,206.143625,137.135475,331.5221
,206.231275,137.170725,331.5766
,206.5585,137.207,331.7871
,206.6454,137.230625,331.82575
,206.8159,137.257825,332.136625
,206.96995,137.294025,332.23945
,207.03185,137.328375,332.293475
,207.278925,137.352825,332.345575
,207.39945,137.415775,332.776175
,207.43955,137.446875,332.838425
,207.52825,137.482925,333.347225
,207.647225,137.519775,333.413775
,207.738425,137.5419,334.1501
,207.903725,137.572525,334.375475
,208.021825,137.617925,334.810775
,208.0928,137.681525,335.3023
,208.53185,137.711975,335.616025
,208.57015,137.73905,335.873625
,208.63495,137.806275,336.45205
,208.710525,137.8277,336.684325
,208.97355,137.851825,337.23725
,209.05705,137.865275,337.44265
,209.1194,137.88555,337.554875
,209.3538,137.90875,337.6115
,209.43775,137.979275,338.255775
,209.520925,138.076575,338.287725
,209.65825,138.0913,338.6081
,209.800375,138.118925,338.661025
,209.893525,138.145025,338.838325
,209.997525,138.167325,339.395825
,210.092075,138.205175,340.57205
,210.14415,138.254475,341.0588
,210.208675,138.320675,341.894925
,210.335525,138.3592,342.83385
,210.408125,138.44775,343.396575
,210.478825,138.4867,343.832625
,210.53165,138.51595,344.0528
,210.5673,138.5512,344.104
,210.569,138.576175,344.2781
,210.5852,138.615725,345.25135
,210.6096,138.663975,345.64785
,210.681675,138.69005,345.695175
,210.7296,138.715225,346.1431
,210.7756,138.809025,346.202575
,210.81525,138.862225,346.353225
,210.874525,138.901325,346.427275
,210.980025,138.95085,346.46745
,211.2003,138.984525,347.07875
,211.252825,139.0171,347.821775
,211.337225,139.06895,349.714675
,211.47235,139.091275,349.9672
,211.70115,139.16305,350.541325
,211.7979,139.213025,350.706575
,212.008775,139.23655,350.865225
,212.073975,139.287275,351.1834
,212.150575,139.33415,351.428025
,212.232525,139.4077,351.690575
,212.248225,139.426175,352.025425
,212.342275,139.48755,352.069625
,212.554525,139.548175,352.39905
,212.676475,139.594325,352.444825
,212.7406,139.62755,353.0183
,212.830875,139.726325,354.1264
,212.868625,139.763675,354.6227
,212.8976,139.7954,354.793575
,212.991325,139.867075,354.8417
,213.027375,139.90225,354.920925
,213.075325,139.938225,355.0302
,213.1447,140.016175,355.09935
,213.2596,140.059475,355.727525
,213.315675,140.0877,355.751625
,213.371725,140.1181,357.77645
,213.581475,140.169,358.268975
,213.6766,140.19145,360.756325
,213.777925,140.206525,361.1133
,213.8384,140.314025,362.103375
,213.905725,140.415525,362.648925
,214.114825,140.52355,363.289575
,214.194175,140.55425,363.9551
,214.3088,140.585275,364.509125
,214.39325,140.612125,364.599325
,214.444075,140.666375,364.795375
,214.511075,140.821975,365.544575
,214.58285,140.84495,365.57515
,214.656425,140.87935,365.9255
,214.891825,140.9129,366.1843
,215.1825,140.97505,366.54795
,215.439875,141.014575,367.276275
,215.511775,141.08505,367.3736
,215.650425,141.1251,369.9828
,215.9319,141.2433,370.02955
,216.2045,141.28145,370.43195
,216.320525,141.321725,370.566425
,216.40165,141.360175,371.26985
,216.47625,141.4211,371.9193
,216.566325,141.491875,371.9861
,216.8112,141.5294,372.3887
,216.8909,141.568125,372.439575
,216.9516,141.604925,373.2503
,217.2315,141.63555,374.5303
,217.295025,141.6974,376.72705
,217.380925,141.724,377.98805
,217.479875,141.759825,378.011175
,217.55535,141.897475,381.1941
,217.6512,141.9516,381.764625
,217.71615,142.0298,383.442375
,217.8111,142.061275,383.629575
,217.9087,142.1222,384.433975
,218.0281,142.1745,388.3718
,218.132025,142.21815,388.882775
,218.2211,142.2645,390.6545
,218.3323,142.329275,391.5908
,218.421475,142.366975,391.7236
,218.51265,142.413175,393.37615
,218.572525,142.449525,394.4181
,218.73425,142.47695,395.677925
,218.8303,142.503575,396.1118
,218.923975,142.5366,396.228575
,219.005325,142.5884,400.1037
,219.06325,142.622925,400.17375
,219.123225,142.6461,400.53175
,219.16025,142.666875,401.222325
,219.210075,142.7011,402.01815
,219.263,142.834725,402.427
,219.3192,142.865825,402.4919
,219.396525,142.912,405.227825
,219.488275,142.958975,405.51615
,219.56775,143.00675,408.818075
,219.648025,143.197875,408.891525
,219.70985,143.22215,409.812275
,219.784525,143.27485,409.857525
,219.86375,143.302675,410.002975
,219.917775,143.349425,410.328475
,219.950925,143.387175,410.5799
,220.14005,143.459075,411.56085
,220.164325,143.5193,412.09585
,220.210125,143.5539,412.14695
,220.349725,143.5934,412.713175
,220.51695,143.65845,412.843525
,220.7276,143.684,413.339075
,220.7781,143.714425,414.696
,220.9585,143.741825,416.68335
,221.1442,143.87755,417.22505
,221.3919,143.924725,417.62755
,221.600425,143.9541,418.1809
,221.741425,144.02835,419.63575
,221.799325,144.124,421.900325
,221.84015,144.1475,422.26555
,221.940025,144.17,422.314475
,222.06305,144.232025,422.914425
,222.29195,144.258175,423.31175
,222.456775,144.2813,423.75165
,222.650225,144.393575,425.885275
,222.73595,144.420475,426.054
,222.87945,144.451025,427.7549
,222.98475,144.4961,428.414875
,223.032025,144.526775,428.48285
,223.10555,144.559825,428.9736
,223.173575,144.582175,430.15595
,223.369825,144.617875,432.31335
,223.43525,144.67515,432.732975
,223.511125,144.7174,433.01405
,223.614675,144.804,434.487575
,223.74245,144.832375,435.4029
,223.87595,144.92125,436.791775
,223.9326,144.949425,437.1473
,223.99305,145.0236,437.204075
,224.08365,145.060725,439.2132
,224.145875,145.103125,439.788475
,224.31895,145.146625,442.29125
,224.40615,145.171175,443.04825
,224.486025,145.26935,443.381825
,224.545425,145.372,445.231975
,224.611975,145.43905,445.71235
,224.6989,145.4716,446.142325
,224.7627,145.51415,446.2999
,224.834425,145.54925,447.5508
,224.9429,145.603425,447.667525
,225.056225,145.647875,448.68765
,225.209125,145.696125,449.57455
,225.370075,145.7185,449.912875
,225.444,145.753825,449.96775
,225.5283,145.8143,454.4853
,225.87095,145.849375,454.704225
,226.00515,145.87975,456.290775
,226.09085,145.9127,458.76915
,226.19825,145.938825,459.45795
,226.253475,146.027525,465.398625
,226.3533,146.0665,466.72275
,226.537325,146.106125,468.646925
,226.613525,146.1342,470.37575
,226.709925,146.2426,471.883825
,226.7879,146.285775,476.0644
,226.9135,146.40695,478.0621
,226.9833,146.440175,481.889075
,227.060225,146.47965,484.9522
,227.201175,146.528925,485.945025
,227.296675,146.67165,487.195475
,227.377025,146.69295,487.912975
,227.46115,146.7149,488.595975
,227.607625,146.750975,491.231825
,227.683875,146.882725,491.347275
,227.766275,146.935775,491.607475
,227.8333,147.059375,491.9541
,227.91195,147.090375,493.98315
,227.9926,147.1304,494.203075
,228.09425,147.170175,495.657975
,228.1547,147.2851,496.604775
,228.252475,147.382525,496.68575
,228.330175,147.435675,497.45245
,228.41855,147.4617,497.967025
,228.4927,147.527575,498.095975
,228.56515,147.556725,498.841725
,228.65815,147.58345,499.611925
,228.71515,147.626675,499.993775
,228.8481,147.725,502.73035
,229.11015,147.842275,503.342175
,229.193175,147.885175,503.368425
,229.2415,147.939325,503.4211
,229.29765,147.987,504.401
,229.407675,148.02675,505.072925
,229.484575,148.072425,505.119375
,229.555575,148.11375,506.400625
,229.72245,148.1541,508.13535
,229.792475,148.200225,510.37545
,229.87865,148.245025,511.6038
,229.953225,148.27795,511.644575
,230.066675,148.31525,520.57115
,230.13765,148.36095,521.154675
,230.32455,148.4858,522.96335
,230.397375,148.51545,526.5805
,230.46715,148.5554,527.24955
,230.568725,148.607725,532.82225
,230.66185,148.653575,537.12275
,230.755875,148.780725,537.554975
,230.849725,148.818525,541.1304
,230.9661,148.85615,543.1164
,231.03995,148.89415,547.180175
,231.117525,148.9283,547.981
,231.2351,148.972875,552.944275
,231.29495,149.061275,575.69285
,231.380525,149.14485,582.560875
,231.528575,149.18265,583.561625
,231.597825,149.229625,586.32345
,231.63955,149.27755,586.8614
,231.73005,149.328025,590.12845
,231.838125,149.3612,590.296025
,231.9029,149.4031,591.89715
,231.97295,149.438,593.496025
,232.0451,149.476725,594.5112
,232.1171,149.523925,596.721275
,232.20005,149.552825,605.25575
,232.29505,149.6427,614.855525
,232.395175,149.67185,616.585675
,232.4834,149.7665,618.3385
,232.535175,149.796275,623.792075
,232.599475,149.837575,630.08095
,232.72695,149.8803,632.9373
,232.881825,149.917825,634.60435
,233.025675,149.949325,635.0772
,233.28345,149.970725,635.154775
,233.4011,150.06255,638.50345
,233.477125,150.12695,643.022075
,233.54855,150.139525,650.779325
,233.6352,150.1509,653.999325
,233.6816,150.171125,657.41675
,233.7286,150.2349,659.6543
,233.7925,150.2678,663.56955
,233.867625,150.3065,664.635475
,233.94235,150.3478,672.6281
,234.0897,150.3905,676.522925
,234.258125,150.417325,
,234.37085,150.516725,
,234.43435,150.59465,
,234.6444,150.6215,
,234.7226,150.66245,
,234.8289,150.710525,
,234.953575,150.752075,
,235.03505,150.792625,
,235.140375,150.8419,
,235.243625,150.8818,
,235.32725,150.9191,
,235.433375,150.954225,
,235.53505,150.98585,
,235.723225,151.024975,
,235.821375,151.05525,
,235.9374,151.081875,
,236.155075,151.1109,
,236.29405,151.154275,
,236.3802,151.187825,
,236.599625,151.2695,
,236.689625,151.3095,
,236.889775,151.352325,
,236.9745,151.3843,
,236.9809,151.456975,
,237.068325,151.4799,
,237.322525,151.496125,
,237.384925,151.52465,
,237.613975,151.583,
,237.7709,151.6341,
,238.04735,151.670525,
,238.1541,151.697,
,238.33575,151.760625,
,238.47955,151.7985,
,238.601925,151.85225,
,238.69305,151.9115,
,238.7983,151.940375,
,238.9223,152.031125,
,239.030375,152.11865,
,239.209375,152.149,
,239.338125,152.2584,
,239.4996,152.3096,
,239.72505,152.382975,
,239.79335,152.41715,
,239.91845,152.4674,
,240.00125,152.5263,
,240.1185,152.60365,
,240.2812,152.651825,
,240.40535,152.730875,
,240.511825,152.76925,
,240.656175,152.803025,
,240.730675,152.832775,
,240.733075,152.862975,
,240.816825,152.88705,
,241.124125,152.920725,
,241.26225,152.945425,
,241.3182,153.0215,
,241.4601,153.063375,
,241.56595,153.133825,
,241.6494,153.2083,
,241.768375,153.2337,
,241.873375,153.290075,
,242.0226,153.313225,
,242.139525,153.365425,
,242.2584,153.387725,
,242.304925,153.461325,
,242.357775,153.489675,
,242.437775,153.575825,
,242.51555,153.6112,
,242.92125,153.65835,
,243.05735,153.7064,
,243.158775,153.752375,
,243.3406,153.80345,
,243.436375,153.83655,
,243.465375,153.863975,
,243.4716,153.8899,
,243.5236,153.93245,
,243.565025,153.982975,
,243.577825,154.0002,
,243.628025,154.078375,
,243.7095,154.12515,
,243.79295,154.20005,
,243.939725,154.23005,
,244.0174,154.263275,
,244.0924,154.2974,
,244.158925,154.404725,
,244.232,154.502825,
,244.256475,154.60525,
,244.316225,154.639075,
,244.4487,154.66835,
,244.526425,154.733375,
,244.5763,154.795075,
,244.6167,154.836675,
,244.654,154.877375,
,244.685575,154.903175,
,244.7392,154.9554,
,244.764325,154.990925,
,244.80635,155.0181,
,244.828925,155.05865,
,244.90025,155.14565,
,244.933275,155.188475,
,244.9601,155.222175,
,245.0428,155.260025,
,245.084075,155.32785,
,245.09875,155.360925,
,245.11055,155.397225,
,245.1605,155.444125,
,245.198425,155.48205,
,245.212775,155.509275,
,245.248275,155.5385,
,245.279075,155.583075,
,245.350375,155.634625,
,245.386925,155.6725,
,245.41105,155.705725,
,245.4425,155.7307,
,245.486925,155.7593,
,245.515725,155.782575,
,245.537275,155.872175,
,245.564925,155.898475,
,245.585725,155.931875,
,245.70335,155.968175,
,245.71435,155.99265,
,245.84945,156.08505,
,245.8931,156.113825,
,245.929325,156.130475,
,246.04555,156.153875,
,246.159375,156.197475,
,246.20445,156.226475,
,246.277175,156.25595,
,246.3375,156.28745,
,246.3936,156.320475,
,246.4514,156.348,
,246.5723,156.3792,
,246.64955,156.40255,
,246.792125,156.437675,
,246.802325,156.472,
,246.867725,156.537325,
,246.92885,156.56415,
,247.100775,156.597875,
,247.250775,156.61995,
,247.292975,156.6483,
,247.520025,156.67085,
,247.580475,156.699875,
,247.62735,156.7416,
,247.7129,156.7717,
,247.857575,156.86255,
,247.92885,156.9136,
,248.010875,156.951725,
,248.1149,156.99235,
,248.297375,157.052025,
,248.3644,157.1126,
,248.4634,157.1837,
,248.55735,157.219475,
,248.665675,157.2526,
,248.752225,157.346675,
,248.797375,157.4174,
,248.8356,157.44855,
,248.917575,157.4885,
,248.97035,157.532625,
,249.057725,157.5873,
,249.1308,157.61525,
,249.1982,157.7147,
,249.300225,157.74695,
,249.36775,157.78515,
,249.436825,157.817175,
,249.5639,157.8649,
,249.65595,157.89975,
,249.710275,157.930225,
,249.7781,157.96335,
,249.81625,158.061225,
,249.86005,158.100375,
,249.921175,158.1325,
,250.033375,158.169925,
,250.2403,158.20615,
,250.368875,158.23795,
,250.39455,158.2662,
,250.60045,158.3265,
,250.683025,158.4003,
,250.861125,158.5039,
,251.022475,158.5399,
,251.0913,158.593675,
,251.1862,158.692225,
,251.287475,158.7262,
,251.347375,158.7673,
,251.452325,158.816925,
,251.483725,158.92495,
,251.5211,158.9617,
,251.564175,158.99975,
,251.649525,159.03645,
,251.74295,159.1234,
,251.82125,159.19805,
,251.888475,159.2439,
,251.955275,159.28845,
,252.063425,159.31575,
,252.173475,159.353375,
,252.29575,159.3909,
,252.377325,159.4402,
,252.42725,159.471775,
,252.641475,159.518875,
,252.728,159.5514,
,252.814025,159.578375,
,252.83925,159.607725,
,252.953,159.645275,
,253.053025,159.66115,
,253.201875,159.683425,
,253.395425,159.732525,
,253.504025,159.783525,
,253.59965,159.817525,
,253.666125,159.851975,
,253.72285,159.8807,
,254.05065,159.918875,
,254.274225,159.974925,
,254.549425,160.040925,
,254.6612,160.096925,
,254.9172,160.194925,
,255.0468,160.24775,
,255.162325,160.28595,
,255.244775,160.319275,
,255.26925,160.36185,
,255.28125,160.42785,
,255.36445,160.535525,
,255.4581,160.565925,
,255.58805,160.6263,
,255.667725,160.654875,
,255.747625,160.69115,
,255.813225,160.722075,
,255.84415,160.7625,
,255.883575,160.800375,
,255.9166,160.844925,
,255.9566,160.881275,
,256.084325,160.9205,
,256.218275,160.954825,
,256.2754,161.0024,
,256.393375,161.172325,
,256.429175,161.254775,
,256.4965,161.3239,
,256.549625,161.355925,
,256.64065,161.3847,
,256.739675,161.427225,
,256.7716,161.466025,
,256.941325,161.5031,
,256.9963,161.5379,
,257.014225,161.56665,
,257.229225,161.5959,
,257.33255,161.626875,
,257.403875,161.659975,
,257.49585,161.686,
,257.617625,161.74865,
,257.6554,161.7942,
,257.687225,161.82,
,257.8512,161.84945,
,257.9223,161.873425,
,258.04215,161.9043,
,258.12315,161.95735,
,258.1846,161.99805,
,258.269575,162.0356,
,258.356075,162.096775,
,258.42805,162.127,
,258.51965,162.165725,
,258.5951,162.20575,
,258.65515,162.23435,
,258.707625,162.306,
,258.737325,162.337825,
,258.794775,162.3724,
,258.90475,162.42985,
,258.95405,162.457575,
,259.1382,162.495,
,259.2282,162.52135,
,259.345825,162.57195,
,259.367225,162.600175,
,259.424325,162.647225,
,259.5095,162.68025,
,259.61495,162.724975,
,259.707375,162.755975,
,259.772325,162.792325,
,259.858375,162.8209,
,259.9131,162.86145,
,259.934625,162.89705,
,,163.00685,
,,163.0485,
,,163.0937,
,,163.12195,
,,163.194275,
,,163.221775,
,,163.259125,
,,163.28465,
,,163.304825,
,,163.34205,
,,163.37575,
,,163.412125,
,,163.48205,
,,163.5302,
,,163.562925,
,,163.584875,
,,163.624575,
,,163.64425,
,,163.67405,
,,163.71215,
,,163.782225,
,,163.808475,
,,163.84255,
,,163.8787,
,,163.907975,
,,163.964,
,,164.001275,
,,164.039325,
,,164.085775,
,,164.116725,
,,164.16385,
,,164.191425,
,,164.228925,
,,164.253925,
,,164.30775,
,,164.33625,
,,164.365925,
,,164.388675,
,,164.49185,
,,164.527725,
,,164.565475,
,,164.592,
,,164.62065,
,,164.67235,
,,164.707675,
,,164.7484,
,,164.7769,
,,164.81315,
,,164.8354,
,,164.882375,
,,164.945075,
,,164.9756,
,,165.0152,
,,165.042725,
,,165.083775,
,,165.11005,
,,165.151575,
,,165.196325,
,,165.277475,
,,165.323775,
,,165.36795,
,,165.40385,
,,165.455825,
,,165.499475,
,,165.5482,
,,165.604775,
,,165.641225,
,,165.686825,
,,165.737125,
,,165.811825,
,,165.859325,
,,165.89705,
,,165.937,
,,166.02605,
,,166.0656,
,,166.123375,
,,166.15735,
,,166.21665,
,,166.283125,
,,166.351475,
,,166.3873,
,,166.4161,
,,166.481775,
,,166.545075,
,,166.6171,
,,166.652325,
,,166.676,
,,166.710925,
,,166.733025,
,,166.759325,
,,166.800575,
,,166.8603,
,,166.904525,
,,166.964975,
,,167.0096,
,,167.045375,
,,167.08765,
,,167.1232,
,,167.169875,
,,167.201175,
,,167.22595,
,,167.2588,
,,167.3062,
,,167.36155,
,,167.393575,
,,167.5682,
,,167.60495,
,,167.634825,
,,167.690075,
,,167.7367,
,,167.774325,
,,167.8381,
,,167.874175,
,,167.892725,
,,167.94575,
,,167.991725,
,,168.052375,
,,168.123825,
,,168.154825,
,,168.224425,
,,168.26425,
,,168.343225,
,,168.412625,
,,168.4618,
,,168.5043,
,,168.52895,
,,168.56175,
,,168.607075,
,,168.6396,
,,168.6788,
,,168.746725,
,,168.7878,
,,168.8174,
,,168.875725,
,,168.90825,
,,168.95125,
,,169.02205,
,,169.056,
,,169.107825,
,,169.15765,
,,169.2238,
,,169.2739,
,,169.3752,
,,169.4274,
,,169.48995,
,,169.5602,
,,169.604975,
,,169.680775,
,,169.708975,
,,169.7402,
,,169.760275,
,,169.783,
,,169.830575,
,,169.869175,
,,169.9142,
,,169.952175,
,,169.98595,
,,170.01115,
,,170.04415,
,,170.08195,
,,170.129725,
,,170.15925,
,,170.24465,
,,170.334275,
,,170.40325,
,,170.437225,
,,170.4651,
,,170.5021,
,,170.547125,
,,170.5764,
,,170.6029,
,,170.66335,
,,170.6857,
,,170.709025,
,,170.74115,
,,170.79205,
,,170.820275,
,,170.8576,
,,170.909925,
,,170.981425,
,,171.00205,
,,171.05195,
,,171.077725,
,,171.107025,
,,171.138925,
,,171.2184,
,,171.2546,
,,171.30945,
,,171.37485,
,,171.408475,
,,171.434725,
,,171.474325,
,,171.523875,
,,171.556575,
,,171.59375,
,,171.658075,
,,171.71425,
,,171.7483,
,,171.8093,
,,171.843175,
,,171.88115,
,,171.91115,
,,171.937125,
,,171.983475,
,,172.0049,
,,172.0477,
,,172.08895,
,,172.128725,
,,172.192025,
,,172.319075,
,,172.376775,
,,172.41665,
,,172.455725,
,,172.48765,
,,172.5272,
,,172.56215,
,,172.597625,
,,172.6567,
,,172.694925,
,,172.72765,
,,172.7868,
,,172.8222,
,,172.910275,
,,172.94225,
,,173.00125,
,,173.0467,
,,173.0883,
,,173.1227,
,,173.153375,
,,173.279525,
,,173.315825,
,,173.3468,
,,173.378325,
,,173.410075,
,,173.4352,
,,173.466825,
,,173.5108,
,,173.557125,
,,173.630225,
,,173.666,
,,173.699575,
,,173.715275,
,,173.75555,
,,173.83835,
,,173.870625,
,,173.9144,
,,173.956275,
,,174.000275,
,,174.05835,
,,174.10665,
,,174.1474,
,,174.181975,
,,174.24455,
,,174.289775,
,,174.31435,
,,174.4222,
,,174.45575,
,,174.487,
,,174.522025,
,,174.564975,
,,174.60275,
,,174.639325,
,,174.6778,
,,174.71125,
,,174.74695,
,,174.7885,
,,174.83655,
,,174.92205,
,,174.963375,
,,174.98915,
,,175.029875,
,,175.06205,
,,175.09255,
,,175.12215,
,,175.1491,
,,175.1728,
,,175.2094,
,,175.228725,
,,175.285475,
,,175.3232,
,,175.384725,
,,175.4269,
,,175.4601,
,,175.501,
,,175.54,
,,175.582175,
,,175.60755,
,,175.654375,
,,175.682075,
,,175.7082,
,,175.75385,
,,175.793,
,,175.825275,
,,175.85215,
,,175.889725,
,,175.9409,
,,175.9661,
,,176.03445,
,,176.068225,
,,176.109575,
,,176.1374,
,,176.1794,
,,176.2199,
,,176.26115,
,,176.29735,
,,176.330125,
,,176.36265,
,,176.428775,
,,176.45975,
,,176.49405,
,,176.5478,
,,176.597425,
,,176.623925,
,,176.673625,
,,176.7129,
,,176.74315,
,,176.780775,
,,176.8314,
,,176.970675,
,,177.02185,
,,177.0906,
,,177.144325,
,,177.172325,
,,177.222525,
,,177.30105,
,,177.367225,
,,177.510825,
,,177.53755,
,,177.5736,
,,177.605925,
,,177.632425,
,,177.6622,
,,177.68035,
,,177.729725,
,,177.7737,
,,177.84425,
,,177.905325,
,,177.993125,
,,178.02355,
,,178.061475,
,,178.1189,
,,178.143075,
,,178.168575,
,,178.19585,
,,178.2543,
,,178.288275,
,,178.32355,
,,178.398625,
,,178.439125,
,,178.49455,
,,178.5318,
,,178.566925,
,,178.599625,
,,178.62495,
,,178.665625,
,,178.70665,
,,178.747525,
,,178.8227,
,,178.8692,
,,178.893,
,,178.93295,
,,178.964375,
,,178.986675,
,,179.008925,
,,179.0316,
,,179.0584,
,,179.15795,
,,179.192675,
,,179.2572,
,,179.371275,
,,179.4226,
,,179.51055,
,,179.646375,
,,179.6907,
,,179.7199,
,,179.788825,
,,179.8307,
,,179.867625,
,,179.904825,
,,179.946575,
,,179.99175,
,,180.0382,
,,180.0745,
,,180.121325,
,,180.160875,
,,180.223475,
,,180.261875,
,,180.287075,
,,180.329525,
,,180.372575,
,,180.3991,
,,180.4647,
,,180.499475,
,,180.5308,
,,180.549025,
,,180.57245,
,,180.59335,
,,180.6138,
,,180.6847,
,,180.728075,
,,180.7481,
,,180.788575,
,,180.8611,
,,180.93725,
,,180.99395,
,,181.03885,
,,181.0772,
,,181.1368,
,,181.17145,
,,181.21435,
,,181.288925,
,,181.360325,
,,181.4171,
,,181.4433,
,,181.45565,
,,181.4849,
,,181.526075,
,,181.568425,
,,181.625375,
,,181.648875,
,,181.692375,
,,181.71435,
,,181.7724,
,,181.8132,
,,181.8501,
,,181.8695,
,,181.889025,
,,181.911875,
,,181.93265,
,,181.962275,
,,181.99995,
,,182.0307,
,,182.06725,
,,182.108675,
,,182.146475,
,,182.210775,
,,182.248075,
,,182.294425,
,,182.362725,
,,182.405525,
,,182.43735,
,,182.5035,
,,182.526925,
,,182.549925,
,,182.572625,
,,182.6173,
,,182.646375,
,,182.6735,
,,182.706375,
,,182.75305,
,,182.78685,
,,182.821775,
,,182.8675,
,,182.909425,
,,182.94275,
,,182.998075,
,,183.02195,
,,183.077725,
,,183.120425,
,,183.1957,
,,183.231675,
,,183.29535,
,,183.322575,
,,183.35185,
,,183.36785,
,,183.4206,
,,183.456775,
,,183.496525,
,,183.532375,
,,183.571075,
,,183.6016,
,,183.654075,
,,183.67535,
,,183.73105,
,,183.771325,
,,183.8246,
,,183.866575,
,,183.898025,
,,183.9197,
,,183.944825,
,,183.9741,
,,183.9913,
,,184.02015,
,,184.04585,
,,184.08675,
,,184.14845,
,,184.1836,
,,184.303525,
,,184.338725,
,,184.373875,
,,184.426075,
,,184.45915,
,,184.4965,
,,184.528375,
,,184.5844,
,,184.622075,
,,184.703875,
,,184.730625,
,,184.761175,
,,184.815025,
,,184.859225,
,,184.945725,
,,184.979175,
,,185.0017,
,,185.044075,
,,185.062175,
,,185.133825,
,,185.17145,
,,185.1962,
,,185.211025,
,,185.25325,
,,185.2809,
,,185.329125,
,,185.3551,
,,185.43435,
,,185.487,
,,185.525975,
,,185.571575,
,,185.606325,
,,185.628475,
,,185.645175,
,,185.70515,
,,185.748875,
,,185.788325,
,,185.8468,
,,185.9043,
,,185.94125,
,,185.970275,
,,186.011575,
,,186.025725,
,,186.0935,
,,186.16585,
,,186.1806,
,,186.2111,
,,186.242475,
,,186.26955,
,,186.291675,
,,186.3124,
,,186.33695,
,,186.37735,
,,186.4138,
,,186.4761,
,,186.506625,
,,186.5501,
,,186.5841,
,,186.613125,
,,186.649625,
,,186.6806,
,,186.76625,
,,186.8677,
,,186.943575,
,,186.981925,
,,187.017525,
,,187.05745,
,,187.09125,
,,187.2634,
,,187.289125,
,,187.44015,
,,187.4767,
,,187.562475,
,,187.590925,
,,187.61705,
,,187.64425,
,,187.675275,
,,187.703575,
,,187.734175,
,,187.758275,
,,187.83125,
,,187.865775,
,,187.904575,
,,187.93935,
,,188.054975,
,,188.0891,
,,188.1352,
,,188.158925,
,,188.1858,
,,188.230725,
,,188.272175,
,,188.34565,
,,188.3854,
,,188.464975,
,,188.49675,
,,188.530175,
,,188.562825,
,,188.590175,
,,188.6176,
,,188.644725,
,,188.673725,
,,188.699575,
,,188.7381,
,,188.780875,
,,188.842375,
,,188.8821,
,,188.902575,
,,188.934975,
,,188.963875,
,,189.001525,
,,189.032125,
,,189.062475,
,,189.091275,
,,189.14685,
,,189.23045,
,,189.270575,
,,189.3122,
,,189.351875,
,,189.4201,
,,189.435775,
,,189.46555,
,,189.489,
,,189.51015,
,,189.534275,
,,189.598725,
,,189.635425,
,,189.662075,
,,189.69075,
,,189.721925,
,,189.762175,
,,189.80235,
,,189.826375,
,,189.8761,
,,189.927975,
,,189.974,
,,190.013525,
,,190.0451,
,,190.075375,
,,190.137225,
,,190.186325,
,,190.24015,
,,190.28465,
,,190.3169,
,,190.349825,
,,190.41965,
,,190.44785,
,,190.564075,
,,190.594175,
,,190.6207,
,,190.6543,
,,190.7005,
,,190.7326,
,,190.7695,
,,190.79485,
,,190.823125,
,,190.85425,
,,190.88465,
,,190.910575,
,,190.944775,
,,190.986425,
,,191.046725,
,,191.08425,
,,191.207425,
,,191.2387,
,,191.2694,
,,191.300075,
,,191.33095,
,,191.383625,
,,191.40795,
,,191.423325,
,,191.460525,
,,191.488525,
,,191.5259,
,,191.5779,
,,191.62185,
,,191.648375,
,,191.675375,
,,191.712125,
,,191.73745,
,,191.81535,
,,191.847375,
,,191.87575,
,,191.981675,
,,192.00705,
,,192.053075,
,,192.089425,
,,192.120575,
,,192.20895,
,,192.248725,
,,192.2939,
,,192.3245,
,,192.358175,
,,192.395425,
,,192.433125,
,,192.460675,
,,192.516125,
,,192.540425,
,,192.588875,
,,192.604925,
,,192.626275,
,,192.708875,
,,192.72375,
,,192.73715,
,,192.757825,
,,192.7838,
,,192.804225,
,,192.834975,
,,192.87235,
,,192.89355,
,,192.921675,
,,192.98685,
,,193.0829,
,,193.145,
,,193.168725,
,,193.186925,
,,193.20845,
,,193.259425,
,,193.2837,
,,193.3025,
,,193.324025,
,,193.391425,
,,193.428975,
,,193.4568,
,,193.491,
,,193.522,
,,193.562325,
,,193.59815,
,,193.6433,
,,193.674175,
,,193.72185,
,,193.753275,
,,193.789025,
,,193.8604,
,,193.91785,
,,193.9526,
,,193.9941,
,,194.031375,
,,194.07815,
,,194.1067,
,,194.1425,
,,194.1664,
,,194.21295,
,,194.239875,
,,194.277225,
,,194.30335,
,,194.349475,
,,194.3951,
,,194.445125,
,,194.48155,
,,194.5216,
,,194.56115,
,,194.59835,
,,194.639075,
,,194.675925,
,,194.708275,
,,194.7907,
,,194.823875,
,,194.860425,
,,194.8956,
,,194.929125,
,,194.962325,
,,194.987875,
,,195.017025,
,,195.060625,
,,195.10895,
,,195.14315,
,,195.176775,
,,195.20885,
,,195.2385,
,,195.2754,
,,195.309575,
,,195.347425,
,,195.378275,
,,195.4219,
,,195.46285,
,,195.51295,
,,195.553625,
,,195.596625,
,,195.628525,
,,195.667075,
,,195.707975,
,,195.73065,
,,195.78905,
,,195.822675,
,,195.86095,
,,195.89035,
,,195.948975,
,,196.059725,
,,196.0984,
,,196.130175,
,,196.165075,
,,196.19985,
,,196.257625,
,,196.2912,
,,196.321225,
,,196.399525,
,,196.43005,
,,196.4595,
,,196.494625,
,,196.529525,
,,196.562,
,,196.603625,
,,196.639125,
,,196.68545,
,,196.726575,
,,196.7716,
,,196.801675,
,,196.896375,
,,196.935875,
,,196.985925,
,,197.033575,
,,197.060475,
,,197.107225,
,,197.1385,
,,197.157175,
,,197.19895,
,,197.251125,
,,197.285575,
,,197.3222,
,,197.3642,
,,197.399,
,,197.430775,
,,197.4611,
,,197.491,
,,197.520225,
,,197.611175,
,,197.639975,
,,197.666775,
,,197.758125,
,,197.7929,
,,197.8339,
,,197.89675,
,,197.936175,
,,197.9701,
,,198.003375,
,,198.036075,
,,198.0823,
,,198.135175,
,,198.184075,
,,198.219475,
,,198.27355,
,,198.30755,
,,198.34385,
,,198.381825,
,,198.422475,
,,198.45635,
,,198.489175,
,,198.526975,
,,198.56585,
,,198.6052,
,,198.64765,
,,198.696875,
,,198.72905,
,,198.767175,
,,198.8027,
,,198.843,
,,198.88265,
,,198.933525,
,,198.952925,
,,198.97565,
,,199.0427,
,,199.059575,
,,199.1014,
,,199.13315,
,,199.1577,
,,199.1858,
,,199.20865,
,,199.23215,
,,199.31145,
,,199.3348,
,,199.377675,
,,199.4131,
,,199.442425,
,,199.47485,
,,199.514875,
,,199.5776,
,,199.6078,
,,199.640425,
,,199.68695,
,,199.733525,
,,199.768525,
,,199.79285,
,,199.8692,
,,199.90065,
,,199.93965,
,,199.970575,
,,200.0061,
,,200.052325,
,,200.09205,
,,200.1292,
,,200.172325,
,,200.212875,
,,200.239425,
,,200.269125,
,,200.300425,
,,200.321525,
,,200.358575,
,,200.3827,
,,200.4521,
,,200.4755,
,,200.496225,
,,200.5237,
,,200.558425,
,,200.598225,
,,200.634775,
,,200.669625,
,,200.693625,
,,200.720075,
,,200.751925,
,,200.780425,
,,200.816875,
,,200.857875,
,,200.88825,
,,200.918925,
,,200.945575,
,,200.981425,
,,201.00585,
,,201.045825,
,,201.0861,
,,201.126225,
,,201.172875,
,,201.19735,
,,201.23485,
,,201.26505,
,,201.294825,
,,201.329075,
,,201.371975,
,,201.3983,
,,201.429475,
,,201.474775,
,,201.501975,
,,201.53155,
,,201.563725,
,,201.59235,
,,201.6441,
,,201.67885,
,,201.72595,
,,201.755675,
,,201.82545,
,,201.86125,
,,201.894125,
,,201.933725,
,,201.998725,
,,202.04795,
,,202.088575,
,,202.143925,
,,202.195,
,,202.250125,
,,202.302175,
,,202.33615,
,,202.341375,
,,202.3704,
,,202.420225,
,,202.474025,
,,202.51805,
,,202.566125,
,,202.626075,
,,202.670125,
,,202.697825,
,,202.732525,
,,202.762,
,,202.815875,
,,202.9064,
,,202.994475,
,,203.04645,
,,203.091525,
,,203.137325,
,,203.1845,
,,203.310675,
,,203.3505,
,,203.39165,
,,203.468525,
,,203.497775,
,,203.5303,
,,203.559275,
,,203.59085,
,,203.61905,
,,203.6384,
,,203.657175,
,,203.69155,
,,203.729175,
,,203.76535,
,,203.841925,
,,203.860075,
,,203.88905,
,,203.920725,
,,203.943125,
,,203.973125,
,,204.021825,
,,204.05245,
,,204.129,
,,204.166375,
,,204.20155,
,,204.241575,
,,204.279925,
,,204.2985,
,,204.3432,
,,204.3619,
,,204.4195,
,,204.46455,
,,204.491275,
,,204.545575,
,,204.62485,
,,204.6524,
,,204.688325,
,,204.7336,
,,204.8107,
,,204.8581,
,,204.892025,
,,204.94335,
,,204.986125,
,,205.00605,
,,205.0392,
,,205.0735,
,,205.0886,
,,205.1284,
,,205.153475,
,,205.1847,
,,205.222075,
,,205.328525,
,,205.402375,
,,205.4428,
,,205.485625,
,,205.5351,
,,205.563775,
,,205.604525,
,,205.642,
,,205.672975,
,,205.712025,
,,205.748375,
,,205.773625,
,,205.795075,
,,205.862425,
,,205.9164,
,,206.0808,
,,206.1619,
,,206.19735,
,,206.2302,
,,206.263025,
,,206.290225,
,,206.295275,
,,206.323225,
,,206.3735,
,,206.440175,
,,206.47725,
,,206.50895,
,,206.5527,
,,206.59895,
,,206.64965,
,,206.70335,
,,206.753925,
,,206.780475,
,,206.866475,
,,206.886125,
,,206.9251,
,,206.95215,
,,206.985625,
,,207.02895,
,,207.057525,
,,207.07795,
,,207.139275,
,,207.1859,
,,207.2503,
,,207.286125,
,,207.30195,
,,207.364,
,,207.38325,
,,207.4312,
,,207.46185,
,,207.518425,
,,207.541925,
,,207.573575,
,,207.623675,
,,207.65795,
,,207.69725,
,,207.713075,
,,207.759525,
,,207.791925,
,,207.820025,
,,207.887925,
,,207.9154,
,,207.950675,
,,207.9996,
,,208.0287,
,,208.073675,
,,208.099325,
,,208.155675,
,,208.18125,
,,208.2094,
,,208.237775,
,,208.2782,
,,208.310675,
,,208.342,
,,208.3616,
,,208.4024,
,,208.435325,
,,208.458125,
,,208.505,
,,208.542525,
,,208.570325,
,,208.64035,
,,208.688975,
,,208.73,
,,208.7718,
,,208.803375,
,,208.842,
,,208.884425,
,,208.91275,
,,208.94685,
,,208.9714,
,,208.996925,
,,209.02185,
,,209.058725,
,,209.10565,
,,209.136625,
,,209.18755,
,,209.283525,
,,209.312025,
,,209.36145,
,,209.420375,
,,209.460925,
,,209.537625,
,,209.5793,
,,209.623725,
,,209.737825,
,,209.76425,
,,209.806125,
,,209.876425,
,,209.900675,
,,209.930575,
,,209.99665,
,,210.0439,
,,210.075575,
,,210.109425,
,,210.1375,
,,210.178775,
,,210.219675,
,,210.333625,
,,210.3697,
,,210.402225,
,,210.445125,
,,210.475575,
,,210.50705,
,,210.550475,
,,210.615325,
,,210.635525,
,,210.7161,
,,210.743725,
,,210.770525,
,,210.849075,
,,210.882525,
,,210.94465,
,,210.98615,
,,211.012825,
,,211.046375,
,,211.0682,
,,211.107125,
,,211.146625,
,,211.18005,
,,211.23125,
,,211.2779,
,,211.334025,
,,211.37215,
,,211.3969,
,,211.4129,
,,211.442875,
,,211.480175,
,,211.531175,
,,211.560275,
,,211.591125,
,,211.646,
,,211.7005,
,,211.74265,
,,211.781675,
,,211.820725,
,,211.878725,
,,211.9108,
,,211.93335,
,,211.98685,
,,212.0083,
,,212.026075,
,,212.049775,
,,212.075225,
,,212.112875,
,,212.141475,
,,212.197325,
,,212.238675,
,,212.331625,
,,212.384775,
,,212.431225,
,,212.50845,
,,212.54225,
,,212.558025,
,,212.5854,
,,212.728025,
,,212.926725,
,,212.9788,
,,213.0171,
,,213.051275,
,,213.09625,
,,213.1343,
,,213.159425,
,,213.18435,
,,213.216325,
,,213.248,
,,213.28005,
,,213.305875,
,,213.311375,
,,213.324575,
,,213.373775,
,,213.391175,
,,213.4381,
,,213.45415,
,,213.508825,
,,213.541625,
,,213.5844,
,,213.59495,
,,213.643325,
,,213.69225,
,,213.72225,
,,213.738,
,,213.785925,
,,213.82775,
,,213.892,
,,213.91065,
,,213.929175,
,,213.950175,
,,213.9971,
,,214.021175,
,,214.06025,
,,214.078025,
,,214.129875,
,,214.145175,
,,214.1874,
,,214.22245,
,,214.265125,
,,214.2867,
,,214.315275,
,,214.349025,
,,214.363525,
,,214.415225,
,,214.4282,
,,214.479225,
,,214.513775,
,,214.54295,
,,214.584875,
,,214.6324,
,,214.6556,
,,214.702375,
,,214.74155,
,,214.7609,
,,214.778125,
,,214.809525,
,,214.8313,
,,214.847825,
,,214.8911,
,,214.927325,
,,214.980325,
,,214.996975,
,,215.04665,
,,215.0582,
,,215.111225,
,,215.135075,
,,215.222475,
,,215.251225,
,,215.29455,
,,215.333725,
,,215.36035,
,,215.418625,
,,215.475925,
,,215.521075,
,,215.58075,
,,215.62235,
,,215.65715,
,,215.70315,
,,215.725925,
,,215.75545,
,,215.78665,
,,215.80205,
,,215.85055,
,,215.8757,
,,215.920825,
,,215.952175,
,,215.996125,
,,216.017175,
,,216.037325,
,,216.082075,
,,216.104625,
,,216.18395,
,,216.231425,
,,216.24685,
,,216.31885,
,,216.3442,
,,216.379125,
,,216.399775,
,,216.42075,
,,216.46625,
,,216.48855,
,,216.500625,
,,216.5696,
,,216.5927,
,,216.604,
,,216.630525,
,,216.6588,
,,216.6939,
,,216.704425,
,,216.728825,
,,216.751775,
,,216.7712,
,,216.816375,
,,216.84525,
,,216.8825,
,,216.90425,
,,216.925925,
,,216.9493,
,,216.98315,
,,217.0516,
,,217.076975,
,,217.107275,
,,217.1424,
,,217.179925,
,,217.20085,
,,217.235425,
,,217.281275,
,,217.3106,
,,217.345325,
,,217.380225,
,,217.4235,
,,217.448675,
,,217.496125,
,,217.5369,
,,217.5927,
,,217.6205,
,,217.659,
,,217.678175,
,,217.71805,
,,217.7518,
,,217.801675,
,,217.8417,
,,217.862225,
,,217.883775,
,,217.911975,
,,217.946075,
,,217.97725,
,,218.013175,
,,218.0508,
,,218.11495,
,,218.138525,
,,218.162425,
,,218.20205,
,,218.23125,
,,218.292875,
,,218.3296,
,,218.3511,
,,218.38415,
,,218.4144,
,,218.439425,
,,218.473625,
,,218.504425,
,,218.529225,
,,218.565275,
,,218.586925,
,,218.604475,
,,218.672375,
,,218.698075,
,,218.7207,
,,218.7421,
,,218.791575,
,,218.815575,
,,218.855075,
,,218.87355,
,,218.9187,
,,218.936225,
,,218.96675,
,,219.02045,
,,219.0522,
,,219.08185,
,,219.137975,
,,219.1704,
,,219.228375,
,,219.286925,
,,219.3243,
,,219.353675,
,,219.38245,
,,219.406425,
,,219.435475,
,,219.4686,
,,219.49555,
,,219.534425,
,,219.571725,
,,219.63085,
,,219.66225,
,,219.6878,
,,219.711325,
,,219.73425,
,,219.745725,
,,219.764525,
,,219.81745,
,,219.85655,
,,219.8884,
,,219.9345,
,,219.961025,
,,219.98525,
,,220.000375,
,,220.02975,
,,220.051775,
,,220.076825,
,,220.104,
,,220.132,
,,220.149175,
,,220.1834,
,,220.212425,
,,220.25275,
,,220.29695,
,,220.333475,
,,220.36005,
,,220.38515,
,,220.468825,
,,220.497125,
,,220.520475,
,,220.54715,
,,220.586575,
,,220.609775,
,,220.6612,
,,220.6968,
,,220.732475,
,,220.762225,
,,220.79875,
,,220.819725,
,,220.8588,
,,220.880275,
,,220.9053,
,,220.94485,
,,220.973675,
,,221.00695,
,,221.044575,
,,221.08615,
,,221.136975,
,,221.16815,
,,221.20125,
,,221.2559,
,,221.283575,
,,221.3159,
,,221.3603,
,,221.3953,
,,221.420725,
,,221.45635,
,,221.4814,
,,221.4998,
,,221.52855,
,,221.579425,
,,221.62535,
,,221.659675,
,,221.710725,
,,221.7418,
,,221.7912,
,,221.808625,
,,221.868475,
,,221.913,
,,221.946925,
,,221.992475,
,,222.02005,
,,222.0489,
,,222.063275,
,,222.173575,
,,222.2075,
,,222.250825,
,,222.273625,
,,222.315275,
,,222.34455,
,,222.385,
,,222.438925,
,,222.46645,
,,222.500225,
,,222.540525,
,,222.57785,
,,222.6145,
,,222.6388,
,,222.669075,
,,222.73455,
,,222.806125,
,,222.8293,
,,222.863425,
,,222.894275,
,,222.9368,
,,222.974025,
,,223.016925,
,,223.050375,
,,223.08385,
,,223.109175,
,,223.187725,
,,223.212175,
,,223.2557,
,,223.297925,
,,223.326925,
,,223.37965,
,,223.4242,
,,223.471725,
,,223.50185,
,,223.56425,
,,223.61605,
,,223.635075,
,,223.694825,
,,223.720975,
,,223.76335,
,,223.790775,
,,223.80315,
,,223.83495,
,,223.85555,
,,223.88625,
,,223.937425,
,,224.006375,
,,224.05625,
,,224.097875,
,,224.12575,
,,224.167,
,,224.1966,
,,224.25375,
,,224.298375,
,,224.329925,
,,224.3623,
,,224.41035,
,,224.46515,
,,224.49555,
,,224.5359,
,,224.5935,
,,224.6189,
,,224.650025,
,,224.6994,
,,224.740675,
,,224.77275,
,,224.79345,
,,224.827,
,,224.851975,
,,224.869375,
,,224.8932,
,,224.9214,
,,224.9612,
,,224.98925,
,,225.023225,
,,225.0723,
,,225.10355,
,,225.16055,
,,225.18765,
,,225.2248,
,,225.257425,
,,225.2922,
,,225.319025,
,,225.350825,
,,225.4235,
,,225.461975,
,,225.476225,
,,225.5426,
,,225.56675,
,,225.615875,
,,225.71295,
,,225.7381,
,,225.81115,
,,225.83255,
,,225.866475,
,,225.8894,
,,225.940475,
,,225.95545,
,,225.9999,
,,226.03395,
,,226.077675,
,,226.118525,
,,226.1717,
,,226.22925,
,,226.314425,
,,226.362125,
,,226.403825,
,,226.4497,
,,226.5113,
,,226.54995,
,,226.58905,
,,226.6414,
,,226.67005,
,,226.713175,
,,226.7521,
,,226.78475,
,,226.817775,
,,226.855025,
,,226.8814,
,,226.923775,
,,226.957375,
,,227.0114,
,,227.03205,
,,227.0519,
,,227.092025,
,,227.111575,
,,227.140425,
,,227.1588,
,,227.18765,
,,227.235,
,,227.273225,
,,227.3227,
,,227.358075,
,,227.406725,
,,227.448875,
,,227.48335,
,,227.52765,
,,227.561975,
,,227.604925,
,,227.636825,
,,227.6689,
,,227.6937,
,,227.745325,
,,227.781625,
,,227.82595,
,,227.8613,
,,227.891225,
,,227.921225,
,,227.932975,
,,227.955925,
,,227.98055,
,,228.001825,
,,228.026175,
,,228.08515,
,,228.128525,
,,228.15765,
,,228.19565,
,,228.2347,
,,228.29995,
,,228.3555,
,,228.390675,
,,228.438925,
,,228.48815,
,,228.52135,
,,228.56585,
,,228.62155,
,,228.650875,
,,228.680375,
,,228.722525,
,,228.748125,
,,228.772,
,,228.803725,
,,228.828875,
,,228.8567,
,,228.900025,
,,228.96865,
,,228.996875,
,,229.0344,
,,229.062,
,,229.144425,
,,229.18055,
,,229.21665,
,,229.239225,
,,229.278125,
,,229.30245,
,,229.34055,
,,229.37025,
,,229.4053,
,,229.45115,
,,229.47755,
,,229.4996,
,,229.504775,
,,229.540525,
,,229.568075,
,,229.601925,
,,229.621975,
,,229.6403,
,,229.662175,
,,229.693725,
,,229.722,
,,229.749675,
,,229.783075,
,,229.820625,
,,229.85035,
,,229.871825,
,,229.891975,
,,229.91435,
,,229.974425,
,,230.0187,
,,230.110175,
,,230.1618,
,,230.1928,
,,230.221775,
,,230.2509,
,,230.277625,
,,230.30535,
,,230.34115,
,,230.411625,
,,230.444575,
,,230.475225,
,,230.513525,
,,230.55235,
,,230.582925,
,,230.659375,
,,230.68545,
,,230.725225,
,,230.760475,
,,230.792125,
,,230.820025,
,,230.854525,
,,230.893225,
,,230.9176,
,,230.9498,
,,230.983475,
,,231.0482,
,,231.08775,
,,231.125725,
,,231.1679,
,,231.2141,
,,231.2426,
,,231.289075,
,,231.31895,
,,231.3391,
,,231.3718,
,,231.40505,
,,231.433075,
,,231.464175,
,,231.4946,
,,231.5233,
,,231.549325,
,,231.578925,
,,231.612775,
,,231.644625,
,,231.669775,
,,231.694975,
,,231.73085,
,,231.7627,
,,231.7883,
,,231.82245,
,,231.85465,
,,231.91105,
,,231.943525,
,,231.979375,
,,232.012775,
,,232.072525,
,,232.1083,
,,232.149325,
,,232.209075,
,,232.256275,
,,232.283,
,,232.31465,
,,232.351525,
,,232.380025,
,,232.412,
,,232.481075,
,,232.5083,
,,232.573675,
,,232.631225,
,,232.657125,
,,232.681725,
,,232.7162,
,,232.74545,
,,232.790475,
,,232.82745,
,,232.877625,
,,232.934075,
,,233.003675,
,,233.03455,
,,233.0621,
,,233.0921,
,,233.1226,
,,233.176875,
,,233.20975,
,,233.235425,
,,233.254325,
,,233.277075,
,,233.2941,
,,233.323675,
,,233.35115,
,,233.370675,
,,233.420925,
,,233.446875,
,,233.474825,
,,233.516475,
,,233.54825,
,,233.57325,
,,233.601825,
,,233.621275,
,,233.630325,
,,233.65855,
,,233.68125,
,,233.747825,
,,233.7829,
,,233.827925,
,,233.886375,
,,233.90455,
,,233.942225,
,,233.973525,
,,234.014575,
,,234.04795,
,,234.1108,
,,234.19055,
,,234.2263,
,,234.259,
,,234.302825,
,,234.33295,
,,234.436575,
,,234.473225,
,,234.511475,
,,234.56125,
,,234.607375,
,,234.645875,
,,234.694725,
,,234.7602,
,,234.7896,
,,234.839525,
,,234.864875,
,,234.901975,
,,234.9181,
,,234.9371,
,,234.9578,
,,234.995875,
,,235.01675,
,,235.0449,
,,235.0674,
,,235.092725,
,,235.10985,
,,235.135425,
,,235.1677,
,,235.198475,
,,235.2353,
,,235.289675,
,,235.35185,
,,235.40485,
,,235.4883,
,,235.517925,
,,235.5436,
,,235.567075,
,,235.615575,
,,235.629825,
,,235.689675,
,,235.743075,
,,235.84545,
,,235.9145,
,,235.952825,
,,235.997775,
,,236.026025,
,,236.06345,
,,236.097275,
,,236.1309,
,,236.156275,
,,236.187325,
,,236.222675,
,,236.285875,
,,236.315925,
,,236.3709,
,,236.39065,
,,236.418725,
,,236.442475,
,,236.498125,
,,236.530475,
,,236.60415,
,,236.631875,
,,236.66335,
,,236.6874,
,,236.710375,
,,236.730325,
,,236.79755,
,,236.828425,
,,236.8476,
,,236.882275,
,,236.906325,
,,236.9536,
,,237.006175,
,,237.0293,
,,237.065075,
,,237.117075,
,,237.19875,
,,237.2348,
,,237.269425,
,,237.315975,
,,237.36115,
,,237.3921,
,,237.4299,
,,237.463725,
,,237.502225,
,,237.5319,
,,237.5676,
,,237.5859,
,,237.618625,
,,237.681225,
,,237.7057,
,,237.739425,
,,237.7665,
,,237.8186,
,,237.849725,
,,237.873925,
,,237.9418,
,,237.978725,
,,238.01435,
,,238.046475,
,,238.0779,
,,238.115525,
,,238.1373,
,,238.160475,
,,238.1936,
,,238.2231,
,,238.254075,
,,238.26565,
,,238.28815,
,,238.40195,
,,238.45075,
,,238.4821,
,,238.525825,
,,238.56375,
,,238.610425,
,,238.70405,
,,238.75445,
,,238.80095,
,,238.826225,
,,238.851025,
,,238.883125,
,,238.94385,
,,238.980575,
,,239.00335,
,,239.049875,
,,239.076575,
,,239.096475,
,,239.130725,
,,239.1661,
,,239.19005,
,,239.233125,
,,239.265475,
,,239.29305,
,,239.385625,
,,239.434825,
,,239.4765,
,,239.519325,
,,239.5543,
,,239.597275,
,,239.62805,
,,239.64935,
,,239.74675,
,,239.7755,
,,239.826375,
,,239.8651,
,,239.902275,
,,239.951325,
,,239.993625,
,,240.0402,
,,240.078575,
,,240.1137,
,,240.161125,
,,240.19015,
,,240.2323,
,,240.2718,
,,240.3106,
,,240.34855,
,,240.3804,
,,240.446525,
,,240.476575,
,,240.503275,
,,240.5405,
,,240.597275,
,,240.62835,
,,240.665225,
,,240.69635,
,,240.722625,
,,240.747925,
,,240.817875,
,,240.841375,
,,240.876675,
,,240.90565,
,,240.947175,
,,241.006925,
,,241.048525,
,,241.1282,
,,241.158925,
,,241.18935,
,,241.219375,
,,241.27795,
,,241.299525,
,,241.34055,
,,241.386175,
,,241.442025,
,,241.47055,
,,241.4982,
,,241.53215,
,,241.55795,
,,241.589175,
,,241.622475,
,,241.651225,
,,241.698775,
,,241.733375,
,,241.7553,
,,241.793025,
,,241.8253,
,,241.854575,
,,241.935925,
,,241.959425,
,,241.985375,
,,242.041775,
,,242.049625,
,,242.0707,
,,242.097425,
,,242.137025,
,,242.1706,
,,242.208125,
,,242.23385,
,,242.258225,
,,242.283875,
,,242.310175,
,,242.335725,
,,242.396125,
,,242.455125,
,,242.480775,
,,242.51505,
,,242.541075,
,,242.58055,
,,242.614675,
,,242.632525,
,,242.651125,
,,242.674475,
,,242.696175,
,,242.72215,
,,242.75095,
,,242.76355,
,,242.787975,
,,242.8216,
,,242.853675,
,,242.87845,
,,242.90545,
,,242.951725,
,,242.97825,
,,243.034125,
,,243.0718,
,,243.101475,
,,243.12655,
,,243.1507,
,,243.17445,
,,243.205825,
,,243.22805,
,,243.2553,
,,243.27855,
,,243.310275,
,,243.3386,
,,243.359025,
,,243.39035,
,,243.4289,
,,243.46245,
,,243.52745,
,,243.58765,
,,243.633625,
,,243.643625,
,,243.668525,
,,243.69505,
,,243.74315,
,,243.77225,
,,243.8003,
,,243.827575,
,,243.868725,
,,243.91085,
,,243.944875,
,,243.9737,
,,244.008075,
,,244.038325,
,,244.06845,
,,244.1006,
,,244.12625,
,,244.16535,
,,244.235775,
,,244.34395,
,,244.3785,
,,244.441325,
,,244.4937,
,,244.523875,
,,244.554175,
,,244.5863,
,,244.60575,
,,244.62535,
,,244.64345,
,,244.66975,
,,244.702075,
,,244.72455,
,,244.74825,
,,244.764475,
,,244.826875,
,,244.90575,
,,244.92535,
,,244.986475,
,,245.007175,
,,245.024025,
,,245.05345,
,,245.081325,
,,245.099025,
,,245.119775,
,,245.173225,
,,245.18955,
,,245.20205,
,,245.216375,
,,245.2749,
,,245.29405,
,,245.30415,
,,245.342975,
,,245.372675,
,,245.388025,
,,245.461375,
,,245.484725,
,,245.523875,
,,245.5469,
,,245.59995,
,,245.646325,
,,245.6714,
,,245.69745,
,,245.7223,
,,245.7606,
,,245.8223,
,,245.861525,
,,245.8753,
,,245.940225,
,,245.96795,
,,246.028825,
,,246.045875,
,,246.1313,
,,246.146475,
,,246.18425,
,,246.2231,
,,246.253225,
,,246.286225,
,,246.3161,
,,246.33785,
,,246.409275,
,,246.44285,
,,246.496775,
,,246.538775,
,,246.585425,
,,246.6094,
,,246.636025,
,,246.678225,
,,246.70675,
,,246.752425,
,,246.8013,
,,246.8254,
,,246.848975,
,,246.87675,
,,246.892775,
,,246.9337,
,,246.9728,
,,246.99225,
,,247.016025,
,,247.037275,
,,247.045275,
,,247.1004,
,,247.1332,
,,247.16505,
,,247.195275,
,,247.228,
,,247.2666,
,,247.3017,
,,247.335475,
,,247.37455,
,,247.4165,
,,247.469475,
,,247.497475,
,,247.548725,
,,247.592525,
,,247.661225,
,,247.721025,
,,247.7736,
,,247.8205,
,,247.852175,
,,247.9004,
,,247.97615,
,,248.016275,
,,248.08325,
,,248.12735,
,,248.1873,
,,248.249075,
,,248.270725,
,,248.3153,
,,248.363125,
,,248.464075,
,,248.551575,
,,248.6107,
,,248.675725,
,,248.729175,
,,248.772375,
,,248.807075,
,,248.83585,
,,248.877975,
,,248.914775,
,,248.95035,
,,248.99475,
,,249.0335,
,,249.0672,
,,249.094625,
,,249.166725,
,,249.2006,
,,249.225175,
,,249.258325,
,,249.29315,
,,249.311025,
,,249.343,
,,249.376825,
,,249.43695,
,,249.46105,
,,249.511825,
,,249.5471,
,,249.5742,
,,249.6017,
,,249.6273,
,,249.655625,
,,249.6908,
,,249.763125,
,,249.7929,
,,249.842,
,,249.87935,
,,249.90165,
,,249.9633,
,,250.000025,
,,250.034275,
,,250.09995,
,,250.1272,
,,250.158725,
,,250.1823,
,,250.225125,
,,250.259125,
,,250.301525,
,,250.3726,
,,250.401575,
,,250.4309,
,,250.46905,
,,250.54135,
,,250.56315,
,,250.592775,
,,250.616775,
,,250.680125,
,,250.71195,
,,250.74975,
,,250.786825,
,,250.809075,
,,250.83685,
,,250.8713,
,,250.9037,
,,250.945925,
,,250.987825,
,,251.050475,
,,251.08465,
,,251.11405,
,,251.144225,
,,251.19875,
,,251.225375,
,,251.25455,
,,251.3209,
,,251.35645,
,,251.399475,
,,251.4338,
,,251.468875,
,,251.4979,
,,251.518075,
,,251.537675,
,,251.577825,
,,251.607925,
,,251.6369,
,,251.669725,
,,251.6983,
,,251.746025,
,,251.803075,
,,251.832325,
,,251.86485,
,,251.901675,
,,251.9247,
,,251.9653,
,,251.995475,
,,252.028,
,,252.064525,
,,252.13805,
,,252.18075,
,,252.273425,
,,252.3229,
,,252.3776,
,,252.434925,
,,252.457525,
,,252.4941,
,,252.5307,
,,252.57235,
,,252.634925,
,,252.725125,
,,252.757675,
,,252.794825,
,,252.85655,
,,252.9003,
,,252.946625,
,,253.094125,
,,253.1304,
,,253.155475,
,,253.209525,
,,253.30625,
,,253.365225,
,,253.412775,
,,253.4367,
,,253.472725,
,,253.52245,
,,253.64195,
,,253.68215,
,,253.69715,
,,253.74385,
,,253.76715,
,,253.78735,
,,253.81415,
,,253.8466,
,,253.877325,
,,253.9095,
,,253.941975,
,,253.9672,
,,254.000975,
,,254.0249,
,,254.043875,
,,254.0638,
,,254.083575,
,,254.1087,
,,254.125725,
,,254.14405,
,,254.1864,
,,254.2215,
,,254.2465,
,,254.27195,
,,254.305075,
,,254.33895,
,,254.4125,
,,254.445375,
,,254.487525,
,,254.5303,
,,254.58635,
,,254.6394,
,,254.679975,
,,254.71205,
,,254.7366,
,,254.77245,
,,254.80095,
,,254.83535,
,,254.868175,
,,254.9079,
,,254.94415,
,,255.021825,
,,255.051425,
,,255.070575,
,,255.0926,
,,255.14705,
,,255.187125,
,,255.266425,
,,255.290825,
,,255.32375,
,,255.369475,
,,255.404,
,,255.4286,
,,255.4547,
,,255.4936,
,,255.556875,
,,255.58255,
,,255.613425,
,,255.6404,
,,255.669875,
,,255.701375,
,,255.73075,
,,255.76375,
,,255.803975,
,,255.842825,
,,255.8631,
,,255.948975,
,,255.9707,
,,255.980275,
,,256.0109,
,,256.030825,
,,256.0552,
,,256.13305,
,,256.20215,
,,256.23545,
,,256.257975,
,,256.2933,
,,256.3618,
,,256.4102,
,,256.439675,
,,256.475625,
,,256.548225,
,,256.578375,
,,256.645775,
,,256.681675,
,,256.7209,
,,256.7842,
,,256.8124,
,,256.842825,
,,256.874925,
,,256.915175,
,,256.96165,
,,256.986625,
,,257.03915,
,,257.0759,
,,257.1171,
,,257.15115,
,,257.16875,
,,257.190825,
,,257.218925,
,,257.300975,
,,257.33105,
,,257.393375,
,,257.455425,
,,257.487675,
,,257.531675,
,,257.559,
,,257.61735,
,,257.646525,
,,257.674325,
,,257.7432,
,,257.777125,
,,257.81175,
,,257.8465,
,,257.88615,
,,257.936425,
,,258.007375,
,,258.03745,
,,258.064625,
,,258.1016,
,,258.132475,
,,258.17135,
,,258.195975,
,,258.227,
,,258.259425,
,,258.364625,
,,258.390575,
,,258.418175,
,,258.449625,
,,258.477425,
,,258.505675,
,,258.54665,
,,258.57735,
,,258.60345,
,,258.64715,
,,258.684475,
,,258.7055,
,,258.749475,
,,258.77245,
,,258.8654,
,,258.895725,
,,258.922475,
,,258.95065,
,,259.0047,
,,259.03575,
,,259.075025,
,,259.103575,
,,259.140775,
,,259.169275,
,,259.19965,
,,259.231925,
,,259.26455,
,,259.299725,
,,259.332,
,,259.371925,
,,259.4217,
,,259.4682,
,,259.49415,
,,259.526875,
,,259.55525,
,,259.611225,
,,259.655775,
,,259.69115,
,,259.719475,
,,259.745775,
,,259.7733,
,,259.8073,
,,259.839275,
,,259.8643,
,,259.8946,
,,259.927125,
,,259.9624,
,,259.9905,
