SPK_SPKC03a (no effect),SPK_SPKC10a (inhibited)
8.17055,0.380925
11.46035,0.387925
11.4779,0.39255
12.069375,0.39605
12.500225,0.513275
12.5051,0.534575
13.0488,0.548325
14.343175,0.583675
15.559525,0.631625
16.0673,0.8148
18.10905,0.8295
18.824225,1.5322
18.841525,1.548175
19.0289,1.592875
20.1718,1.622475
20.290925,2.187025
20.375275,3.307925
20.414525,3.606925
22.846725,3.7024
23.29465,3.7078
24.505975,3.724975
24.622025,4.17475
24.641625,4.18595
25.297425,4.9702
25.71905,5.03485
25.750575,5.061275
25.804175,5.2621
26.0501,5.26365
26.2554,5.282175
26.515825,5.29575
26.8458,5.68315
27.035925,5.970075
27.199125,5.97905
27.327075,6.000425
28.2534,6.0432
28.2908,6.109075
28.752675,6.141025
28.7785,6.6915
28.91675,6.891975
28.9332,8.10115
29.03645,8.103925
29.045275,8.125675
29.075525,8.15355
29.236975,8.17595
29.327025,8.344125
29.41295,8.353425
29.64805,8.364725
29.8308,8.880175
30.3789,8.893325
30.53265,10.8923
30.913125,10.922875
31.526725,11.0284
31.5501,11.03975
31.711775,11.48095
31.88565,11.53595
32.1747,11.544525
32.7841,11.57635
32.907,11.5918
32.944575,11.63565
32.959775,11.639625
33.052775,11.6591
33.413775,11.66845
33.511875,11.68575
33.642575,11.693525
33.646625,11.726
33.66275,11.760925
33.705575,11.84435
33.7738,11.9091
33.831225,11.91815
34.370125,11.9319
34.655625,11.936925
34.812575,11.945425
34.9651,11.95545
35.256725,11.983975
35.491125,12.0022
35.5393,12.011075
35.6455,12.0861
35.7011,12.122025
35.742475,12.12415
35.805625,12.125625
35.999125,12.2697
36.16605,12.2822
36.18285,12.2867
36.2045,12.46425
36.372775,12.4808
36.546,12.4891
36.646175,12.4999
36.963775,12.514125
37.06095,12.5224
37.277625,12.554225
37.366475,12.568325
37.390375,12.5824
37.682625,12.59305
37.71605,12.60275
37.745625,12.60705
37.9597,12.61985
38.054975,12.63555
38.1765,12.639075
38.256175,12.64035
38.37365,12.66225
38.49895,12.66905
38.527275,12.678825
38.664525,12.7088
40.2346,12.742925
40.418875,12.755875
41.0888,12.802725
41.48945,12.8141
41.5966,12.827275
41.754125,12.843475
41.892775,12.86255
41.898275,12.88905
41.927925,12.89335
42.0121,12.92375
42.1206,12.9278
42.589425,12.95025
44.172425,12.966625
44.4916,12.99005
44.529425,12.9991
44.997525,13.031975
46.612125,13.06935
46.660375,13.0826
46.6848,13.107775
46.708325,13.1193
46.96015,13.135
46.965325,13.16285
47.0059,13.165225
47.03175,13.239825
47.05015,13.27675
47.15005,13.36005
47.16855,13.80525
47.70115,13.8216
47.753475,13.837675
47.75845,13.848425
47.79145,13.866375
47.81935,13.877175
47.8571,13.88425
48.0916,13.910275
48.190875,13.9266
48.3067,14.053775
48.423125,14.23145
49.17655,14.343975
49.1989,15.3331
49.336525,15.359175
49.529075,15.44075
49.626375,15.4573
49.668725,15.5205
49.949275,15.528725
52.0532,15.561625
52.12775,15.60065
53.52675,16.021625
53.538275,16.0232
53.574275,16.030875
54.139125,16.038025
54.69515,16.057125
54.709975,16.070075
54.76005,16.12005
55.199625,16.149975
55.51555,17.027875
55.7439,17.823025
55.7604,17.85985
55.815225,17.865725
56.000575,17.87295
56.050225,17.88485
56.300625,17.906075
56.35055,17.91265
57.7525,17.945075
57.837875,18.10945
59.849375,18.3989
59.8789,18.68095
59.881025,18.8061
59.93325,18.81175
60.26065,18.81985
60.89555,18.82175
61.01745,18.840875
61.141225,18.848925
62.84505,18.878475
62.8508,19.422075
62.878975,19.543875
62.885175,19.548175
63.1778,19.58585
65.176425,19.5947
65.18,19.616175
65.67545,19.6298
65.810475,19.654375
66.04945,19.670425
66.763525,19.687375
67.22045,19.7517
67.6467,19.78835
67.714725,19.807625
67.757175,19.847875
67.7661,19.953175
68.334625,19.973825
68.34775,19.978875
68.445875,19.986275
69.02185,20.034925
69.12795,20.0481
69.818025,20.058175
70.329225,20.109825
70.33975,20.15885
70.512425,20.17825
70.554625,20.211525
70.67545,20.274875
73.465,20.2818
74.857425,20.290075
76.467,20.306975
76.503675,20.31525
76.576175,20.3443
77.159425,20.351125
77.188,20.376625
77.37125,20.38715
77.3822,20.408375
77.399025,20.486025
78.51075,20.51625
78.523275,20.528375
78.5289,20.532725
78.57725,20.59545
79.167125,20.60355
79.1764,20.63185
79.713625,20.6898
80.53495,20.769925
80.540325,20.777775
80.56805,20.7894
80.65025,20.8048
80.947,20.841975
81.227325,20.844775
81.411475,20.862175
81.9942,20.879775
82.03965,20.8942
82.259475,20.920075
82.315275,20.9381
82.51365,20.9498
82.612525,20.961125
82.909575,20.96765
83.197275,20.98265
83.39155,21.007275
83.767375,21.033825
83.9545,21.046025
84.197225,21.05745
84.686175,21.0658
84.862675,21.102675
84.8763,21.1658
85.067275,21.2788
85.90655,21.30555
85.9303,21.520625
85.952125,21.537025
86.7968,21.544675
86.8064,21.554125
86.893325,21.5638
86.9562,21.572725
87.560525,21.576625
87.662325,21.581725
87.834125,21.585725
87.8498,21.611325
88.07585,21.62695
88.0885,21.63465
88.9477,21.869175
89.5374,21.89905
90.798425,21.964325
91.451775,22.1292
91.598,22.141125
91.67425,22.17155
91.8951,22.419175
92.0496,22.482425
92.242625,22.522975
92.7147,22.5432
93.22495,22.549575
93.258725,22.620475
93.306175,22.6986
93.340575,22.73675
93.354525,22.8115
93.387575,22.829
93.43655,22.8465
93.539825,22.867025
93.603125,23.1647
93.6205,23.2677
93.702075,23.27905
93.7675,23.29935
93.94195,23.309025
94.0915,23.364175
94.218275,23.38145
94.225275,23.40145
94.24075,23.41405
94.252275,23.6785
94.28645,23.6855
94.29995,23.6952
94.338175,23.9791
94.392,24.219525
94.408525,24.24805
94.53705,24.257425
94.5386,24.262375
94.610525,24.27735
94.6202,24.285525
94.707675,24.29965
94.796625,24.486525
95.68565,24.498225
97.86465,24.500425
98.021175,24.503925
98.30635,24.505675
98.969525,24.510875
98.98175,24.595125
99.011225,24.6152
99.030525,24.64555
99.34875,24.6544
99.50565,24.663775
99.59585,24.669475
100.23835,24.722625
100.2633,24.91925
100.28205,25.03805
100.34585,25.078425
100.8656,25.188175
101.098825,25.282
101.274475,25.309725
101.2881,25.3163
101.37465,25.374875
101.3951,25.3823
101.538025,25.392375
101.5458,25.39855
101.723875,25.406475
101.7452,25.4258
101.7835,25.442075
101.795775,25.4547
102.679325,25.4586
103.1518,25.471175
103.15845,25.48655
103.191775,25.4996
103.7141,25.5336
104.765575,25.539325
104.848975,25.55025
104.86955,25.554525
105.268225,25.5637
105.327925,25.584675
105.7951,25.61385
105.803525,25.6446
105.965025,25.673225
106.105,25.691025
106.32555,25.704175
106.9395,25.71245
106.984475,25.726925
107.02955,25.730775
107.34835,25.755575
107.38455,25.77115
107.72435,25.79475
107.759975,25.803975
108.075775,25.837175
108.119975,25.85705
108.129525,25.884825
108.19655,25.897
108.21845,25.910275
108.354825,25.9213
108.93075,25.935125
108.98365,25.94685
109.4995,25.958625
109.6385,25.9777
109.691925,26.050925
109.712125,26.0567
109.810525,26.0614
110.143375,26.06825
110.2128,26.079225
110.326875,26.0961
110.4569,26.140825
110.587225,26.149325
111.027225,26.203325
111.0397,26.2742
111.124025,26.284725
111.1302,26.3202
111.18175,26.3904
111.19685,26.4132
111.7737,26.4199
111.846325,26.42885
111.875025,26.44355
111.971175,26.47555
112.0607,26.508925
112.19065,26.5229
112.26845,26.542675
112.280975,26.5566
112.326775,26.560775
112.346075,26.57135
112.401475,26.58145
112.4199,26.593875
112.65665,26.604175
112.798325,26.621075
112.8755,26.63355
112.94985,26.6588
112.973375,26.66925
113.0072,26.686625
113.080725,26.7424
113.18255,26.7607
113.220875,26.7947
113.260725,26.8024
113.291225,26.80405
113.306875,26.809025
113.427275,26.8165
113.4442,26.845425
113.46535,26.8479
113.51505,26.895725
113.692725,26.9133
113.7285,26.93645
113.755825,26.956425
113.795225,26.963675
113.88105,27.000975
113.92845,27.0141
114.0668,27.018725
114.090675,27.061125
114.105325,27.1056
114.111325,27.1136
114.127675,27.124625
114.157775,27.142475
114.273325,27.150225
114.275525,27.17515
114.43355,27.1958
114.6759,27.199525
114.78565,27.204825
114.911925,27.211675
114.949425,27.218575
114.9617,27.225025
115.140325,27.239675
115.23605,27.254825
115.277675,27.259525
115.2978,27.267125
115.387025,27.279875
115.594525,27.292475
115.65475,27.306925
115.84625,27.319825
115.940275,27.33055
116.0621,27.335525
116.091875,27.342575
116.100625,27.3536
116.190075,27.366475
116.19815,27.381525
116.244025,27.391825
116.354175,27.3984
116.432625,27.42585
116.543525,27.449425
116.750375,27.461575
116.81005,27.475875
116.8588,27.48265
116.99975,27.49015
117.1708,27.5028
117.194275,27.515925
117.3077,27.5225
117.33435,27.5345
117.3455,27.5393
117.471025,27.54335
117.53585,27.5698
117.5586,27.582475
117.5641,27.614825
117.5942,27.63045
117.6961,27.64065
117.822525,27.666375
117.8695,27.69045
117.895675,27.725425
117.91105,27.740775
117.97315,27.774075
118.017675,27.78525
118.0988,27.8025
118.1346,27.81335
118.275225,27.84325
118.3778,27.86845
118.4143,27.8916
118.47625,27.936275
118.535,27.9614
118.608175,27.98495
118.61455,27.999075
118.678125,28.00475
118.69565,28.012725
118.717275,28.019325
118.86645,28.056575
119.023825,28.0758
119.268825,28.113775
119.28605,28.159175
119.32575,28.188325
119.34715,28.2005
119.65425,28.2301
119.68115,28.254725
119.685275,28.2697
119.773775,28.283425
119.946525,28.295525
120.02235,28.300275
120.0367,28.34385
120.0515,28.365675
120.071025,28.41935
120.1161,28.462525
120.32625,28.4965
120.384225,28.555375
120.41445,28.57835
120.41795,28.59635
120.4264,28.605125
120.605375,28.66815
120.816225,28.701175
120.827825,28.70895
120.856475,28.743675
120.87545,28.762275
120.930125,28.775225
120.974725,28.803325
121.0589,28.805175
121.10335,28.810325
121.142825,28.818875
121.20225,28.84105
121.21325,28.848225
121.23075,28.887125
121.25005,28.89755
121.33395,28.900425
121.4122,28.932625
121.43855,28.945175
121.463175,28.969625
121.477325,28.982275
121.49305,29.0235
121.51885,29.03615
121.553225,29.0389
121.60405,29.040675
121.680975,29.073775
121.806175,29.08125
121.868875,29.085825
121.892475,29.09125
121.936825,29.1068
121.943575,29.134075
122.027925,29.143375
122.119975,29.198225
122.1583,29.236075
122.392075,29.321225
122.4422,29.33125
122.541825,29.34185
122.63175,29.361375
122.658925,29.4603
122.72255,29.47555
122.909275,29.49975
123.049,29.5128
123.14805,29.556925
123.2782,29.61965
123.4525,29.6284
123.769875,29.66825
123.8118,29.671225
123.8485,29.67655
124.041225,29.68415
124.748475,29.7247
124.7562,29.749325
124.76525,29.760075
124.813525,29.80625
124.829875,29.8131
125.07765,29.83155
125.2264,29.8532
125.54675,29.874725
125.6152,29.88035
125.643825,29.9121
125.862325,29.944025
126.150125,29.961475
126.20965,30.000625
126.440425,30.0633
126.659975,30.094275
126.73435,30.11035
126.775425,30.12955
126.872825,30.15365
127.184475,30.18915
127.2957,30.194025
127.582025,30.203
127.95565,30.205725
128.04585,30.2265
128.130075,30.25465
128.17215,30.3279
128.226875,30.350925
128.247775,30.3796
128.26155,30.440475
128.3282,30.5023
128.40195,30.53485
128.48,30.5582
128.58335,30.578525
128.7017,30.586
128.92925,30.598075
128.976925,30.624225
128.986275,30.6391
129.18285,30.690075
129.3198,30.701375
129.34355,30.7235
129.4051,30.725275
129.46815,30.748475
129.542625,30.769125
129.6504,30.794475
129.7063,30.807
129.7133,30.837225
129.7633,30.8387
129.800525,30.84895
129.8133,30.861675
129.872625,30.86625
129.917725,30.87195
130.36525,30.908075
130.6396,30.911475
130.716125,30.913475
130.984725,30.932875
131.14755,30.93665
131.221175,30.94005
131.391775,30.953275
131.413125,30.959025
131.48285,30.99205
131.70305,31.0059
131.70425,31.021225
131.73345,31.029275
131.8706,31.057075
132.04325,31.111775
132.092075,31.1262
132.151325,31.144675
132.21525,31.146025
132.251875,31.166875
132.388725,31.191525
132.4941,31.213125
132.516125,31.220775
132.6052,31.2238
132.66015,31.2389
132.688925,31.272475
133.113025,31.2735
133.1344,31.30365
133.167725,31.311775
133.2563,31.33075
133.269975,31.4328
133.30575,31.435775
133.431775,31.438825
133.58495,31.510275
133.655475,31.5475
133.7042,31.636775
133.743425,31.689075
133.831025,31.713075
133.89005,31.715275
134.004125,31.73225
134.019775,31.759325
134.06205,31.76885
134.071775,31.7841
134.0899,31.821925
134.366175,31.8312
134.467,31.85825
134.507325,31.862875
134.539025,31.903725
134.695025,31.915575
134.74765,31.938075
134.8291,31.97715
134.8784,31.989725
134.903175,31.997925
135.127525,32.1099
135.207675,32.14065
135.3349,32.15785
135.590375,32.202025
135.631525,32.22535
135.744,32.2432
135.74755,32.362175
135.78655,32.395025
135.8326,32.46055
135.9235,32.481
136.012,32.4961
136.0486,32.57385
136.10025,32.597125
136.1757,32.6068
136.41755,32.6196
136.479475,32.64975
136.54695,32.6666
136.6966,32.674425
136.790025,32.789225
136.8215,32.84945
136.8442,32.951275
136.87795,32.9724
136.9857,32.979675
136.99945,33.032475
137.040075,33.08675
137.0565,33.11245
137.0919,33.191775
137.104725,33.19785
137.123325,33.211875
137.255525,33.241225
137.604325,33.24455
137.6849,33.424
137.84255,33.46685
137.970675,33.473625
138.06595,33.48825
138.178225,33.4969
138.19505,33.563875
138.221925,33.578525
138.389625,33.6271
138.40475,33.65475
138.464825,33.660525
138.485375,33.6625
138.81175,33.668825
138.833575,33.698425
138.8481,33.7096
138.980525,33.73875
138.992575,33.79155
139.15325,33.80495
139.20985,33.8129
139.22845,33.837575
139.244675,33.92115
139.2556,33.934
139.28325,33.9482
139.3525,33.970675
139.374475,33.99155
139.609575,34.0133
139.619675,34.023975
139.621575,34.0481
139.799625,34.0655
139.80085,34.10075
139.8076,34.116
139.835675,34.1186
139.850025,34.13895
139.93625,34.142425
139.962475,34.18195
140.050925,34.1926
140.101675,34.21955
140.24825,34.26205
140.39775,34.304325
140.431425,34.322225
140.47655,34.34435
140.4867,34.379575
140.598375,34.4004
140.62405,34.430675
140.64805,34.4354
140.67845,34.446275
140.767475,34.468625
140.908725,34.499275
140.935125,34.509375
140.966725,34.527575
141.015025,34.542225
141.1129,34.553675
141.1573,34.5969
141.219475,34.61175
141.228625,34.6219
141.2711,34.6288
141.2858,34.713375
141.311725,34.727125
141.313875,34.74295
141.42085,34.825025
141.44795,34.831325
141.45605,34.8737
141.48495,34.887625
141.49035,34.8991
141.55895,34.93315
141.576575,34.963675
141.603475,34.9728
141.63985,34.98045
141.75545,34.993975
141.76475,35.01385
141.896275,35.017425
141.90045,35.03485
141.960975,35.085325
141.96745,35.13395
141.9982,35.153475
142.10315,35.2534
142.1163,35.270675
142.15035,35.28685
142.15465,35.30805
142.224725,35.3176
142.433825,35.366675
142.44525,35.409025
142.507725,35.437025
142.552675,35.47055
142.70795,35.476075
142.83275,35.493075
142.891175,35.55525
142.8964,35.62675
143.11175,35.6636
143.1163,35.684925
143.14945,35.701425
143.2152,35.704925
143.22975,35.7271
143.3036,35.7339
143.32705,35.735775
143.4028,35.793825
143.422275,35.798275
143.5368,35.82475
143.54705,35.86465
143.575425,35.94895
143.6495,35.998225
143.662175,36.00345
143.68855,36.008925
143.987075,36.020225
144.039575,36.0254
144.074425,36.065325
144.12595,36.088
144.16335,36.133575
144.3204,36.14035
144.33345,36.163625
144.345575,36.165275
144.453475,36.1767
144.58175,36.1832
144.72985,36.2044
144.7396,36.230925
144.841575,36.262275
144.9569,36.299625
144.9804,36.3134
144.98865,36.325175
145.0061,36.3572
145.0965,36.476125
145.173725,36.48795
145.184125,36.49205
145.3982,36.519275
145.412875,36.572325
145.4288,36.57585
145.530725,36.5927
145.576275,36.624875
145.658175,36.641475
145.71025,36.65085
145.74165,36.6583
145.792725,36.69125
145.89975,36.764975
146.138425,36.782725
146.21885,36.813325
146.329425,36.90515
146.420275,36.910625
146.537675,36.9335
146.621825,36.946925
146.734325,36.95295
146.793,36.967275
147.397975,37.032875
147.444525,37.038775
147.48955,37.049625
147.557225,37.1418
147.738375,37.158975
147.761925,37.21105
147.7842,37.254825
147.972275,37.285675
147.9854,37.391075
148.08255,37.43375
148.152325,37.583275
148.155775,37.7301
148.335275,38.009625
148.38765,38.054775
148.397025,38.13795
148.548575,38.172475
148.6062,38.193275
148.6419,38.240725
148.712075,38.271075
148.81905,38.285025
148.927475,38.308725
149.167725,38.48195
149.193775,38.48925
149.22165,38.739475
149.265025,39.101975
149.30215,39.1365
149.515525,39.933025
149.59105,40.05335
149.759375,40.238025
149.8633,40.33455
149.909125,40.392725
149.998275,41.106425
150.038725,41.121175
150.0546,41.128125
150.072675,41.473275
150.12885,41.490975
150.16405,41.514225
150.188725,41.695125
150.224575,41.7151
150.27985,41.75445
150.292375,41.80935
150.455425,41.828825
150.477825,41.92245
150.651175,41.92915
150.663275,41.945475
150.929625,41.97755
151.1266,41.993175
151.775775,42.028075
151.8268,42.041925
151.95565,42.068425
151.968325,42.0779
152.022125,42.126225
152.0459,42.189525
152.063325,42.28745
152.065025,42.492175
152.315675,42.542575
152.3624,42.574175
152.364875,42.582175
152.40015,42.6011
152.582325,42.631625
152.632125,42.643025
152.9077,42.908875
152.963225,43.164925
153.017725,43.471075
153.07315,43.476625
153.12915,44.00965
153.27935,44.07945
153.5152,44.0899
153.5519,44.106
153.64895,44.1242
153.6865,44.1304
153.758575,44.150875
153.78285,44.1622
154.32695,44.170025
154.364275,44.173325
154.561475,44.176225
154.7361,44.1799
154.928125,44.235075
155.058275,44.249325
155.12825,44.2848
155.23285,44.354425
155.287625,44.36795
155.3256,44.4086
155.4386,44.414925
155.590825,44.431675
155.743875,44.43955
155.773325,44.460425
155.8389,44.4842
155.8569,44.507325
155.907025,44.520925
155.9613,44.5292
156.13375,44.552675
156.169575,44.568725
156.312875,44.604075
156.658475,44.65955
156.659775,44.6901
156.702575,44.7484
156.8492,44.80665
157.0383,44.924825
157.062475,44.93905
157.073975,44.959625
157.08985,44.963425
157.13695,44.99675
157.15015,45.22465
157.27565,45.29875
157.30865,45.318425
157.357475,45.3358
157.382325,45.56865
157.45185,45.597025
157.526125,46.099675
157.7191,46.47105
157.81915,46.4793
157.896925,46.5145
157.95015,46.6042
158.09135,46.64615
158.103475,46.652475
158.13175,46.6611
158.215725,46.702275
158.35455,46.70815
158.4338,46.714025
158.489625,46.733425
158.511225,46.738725
158.51305,46.767275
158.544875,46.79415
158.616325,46.813625
158.65675,46.82235
158.7439,46.830075
158.766025,46.846475
158.780975,46.860175
159.046275,46.868875
159.06685,46.87965
159.10275,46.9053
159.2533,46.918
159.2929,46.928525
159.39355,46.943925
159.511075,46.951575
159.554975,46.954425
159.613625,46.960875
159.626625,47.011225
159.649625,47.061175
159.98295,47.091
160.0721,47.10545
160.307975,47.109125
160.38415,47.12475
160.475,47.144375
160.4967,47.148675
160.842925,47.150375
161.107475,47.168
161.344975,47.1819
161.354925,47.18485
161.514675,47.188375
161.623325,47.201025
161.7656,47.217075
162.4367,47.24615
162.73015,47.270275
164.60435,47.281775
164.879175,47.316825
164.926225,47.352325
164.9395,47.39165
165.114375,47.4171
165.255675,47.47225
165.346575,47.50835
165.493825,47.53955
165.697525,47.552725
167.3806,47.611775
167.6407,47.6211
167.8363,47.63115
167.907675,47.65815
167.96075,47.6727
167.9765,47.6788
168.06305,47.68845
168.164225,47.712925
168.339425,47.7345
168.536575,47.7495
168.59245,47.762325
168.84485,47.798075
168.942075,47.8055
168.9906,47.816625
169.023825,47.842475
169.557475,47.8546
169.576125,47.86625
169.73255,47.88815
169.81865,47.931475
169.8245,47.936625
169.8591,47.97365
170.468975,47.98315
170.48055,48.015325
170.534625,48.043425
170.5924,48.064775
170.615425,48.09335
170.631425,48.110275
170.696075,48.1622
171.1313,48.177825
171.4699,48.18475
171.513175,48.196425
171.592625,48.21355
171.7406,48.222225
171.791675,48.22565
171.8941,48.271075
172.071,48.31305
172.196425,48.32995
172.23795,48.356325
172.266225,48.3667
172.325775,48.385125
172.410425,48.403325
172.4621,48.418825
172.46345,48.423975
172.674575,48.473275
172.7352,48.4918
173.0303,48.4963
173.075275,48.51675
173.095475,48.532125
173.122625,48.555725
173.313825,48.5642
173.33165,48.581475
173.43325,48.614275
173.466225,48.642025
173.548725,48.692325
173.75515,48.70065
173.99445,48.7469
174.04015,48.816875
174.110575,48.939325
174.218625,48.95565
174.254825,48.9717
174.3373,48.994825
174.482575,48.99825
174.50305,49.01665
174.518025,49.054525
174.537825,49.070225
174.591725,49.09315
174.649225,49.1129
174.673925,49.139275
174.8423,49.170325
174.876775,49.191775
174.95805,49.23215
174.994675,49.254475
175.057875,49.2929
175.135275,49.389
175.201575,49.4497
175.223025,49.457525
175.23025,49.489625
175.3108,49.512575
175.40245,49.670975
175.442175,49.9326
175.529075,49.93685
175.621675,49.9456
175.777175,49.97075
175.784025,49.9758
175.844025,49.983675
175.884075,50.00325
175.891075,50.232825
175.962975,50.782
176.120625,51.79435
176.23775,51.80565
176.2749,51.837075
176.3151,52.079775
176.527575,52.0954
176.640025,52.141325
176.674975,52.25975
176.72025,53.4241
176.72935,53.54045
176.740275,53.543425
176.74435,53.8452
176.7852,53.91315
176.85455,53.926025
176.968675,54.701725
177.03845,54.703025
177.076675,54.727025
177.088025,54.76065
177.089575,54.77005
177.164375,54.802375
177.21765,54.818525
177.23485,55.200925
177.261825,55.2531
177.396,55.28565
177.423925,55.291475
177.4969,55.365875
177.626025,55.40025
177.7379,55.50845
177.7548,55.517
177.8092,55.752375
177.832025,55.771125
178.01245,55.777375
178.025725,55.783025
178.02715,55.791225
178.18795,55.803625
178.232375,55.81895
178.428475,55.84255
178.440225,55.92105
178.506525,56.04625
178.523,56.36565
178.575875,57.314225
178.602025,57.910175
178.678575,58.149075
178.736125,58.737225
178.763875,59.868025
178.858975,59.8696
178.884325,59.882375
178.8941,59.884025
178.89845,59.93705
178.907725,60.28195
178.942575,60.36355
179.016775,60.376875
179.157875,60.44145
179.1943,60.460725
179.229975,60.48395
179.32095,60.498275
179.38155,60.842275
179.386225,60.86075
179.400125,60.883075
179.41615,60.89625
179.4378,60.911325
179.450225,60.927625
179.47325,60.961875
179.5545,60.9883
179.566775,61.02235
179.596375,61.441125
179.6069,61.466875
179.636475,62.22115
179.659975,62.346425
179.669875,62.3729
179.7463,62.83295
179.77145,62.8417
179.781275,62.84735
179.836775,62.85035
179.86965,62.8519
180.0329,62.8621
180.123525,62.8725
180.236175,62.887425
180.29465,62.892275
180.333775,62.899475
180.352125,62.915675
180.40065,62.9244
180.4159,62.934075
180.453425,63.13355
180.460325,63.3511
180.50005,63.369175
180.5035,63.928575
180.524625,64.44215
180.532475,65.147
180.5373,65.16365
180.639075,65.17525
180.6814,65.182675
180.758575,65.188
180.761325,65.20585
180.762825,65.232125
180.777425,65.2703
180.803575,65.2778
180.8195,65.3664
180.979375,66.407175
181.023275,66.491125
181.044175,66.495125
181.060225,66.4988
181.074775,66.50925
181.131175,66.52455
181.1886,66.536925
181.233925,66.556925
181.274475,66.584175
181.297025,67.13365
181.3011,67.137725
181.344075,67.15515
181.431225,67.161675
181.4382,67.184
181.465175,67.20265
181.49355,67.212075
181.53535,67.2272
181.544075,67.24525
181.559725,67.62365
181.630925,67.682975
181.680775,67.696725
181.70765,67.7026
181.783475,67.71615
181.920825,67.732825
181.951025,67.7542
181.96535,67.779775
182.221825,67.782675
182.25845,67.825225
182.270075,67.858925
182.28365,68.23365
182.389575,68.2387
182.4027,68.259425
182.419225,68.27475
182.428175,68.30705
182.47405,68.3522
182.496325,68.3716
182.532125,68.3931
182.60475,68.4016
182.608875,68.4163
182.656425,68.429825
182.712275,68.445525
182.744575,68.4571
182.966725,68.4764
182.991775,68.484125
183.009675,68.492075
183.08685,68.533525
183.1629,68.549825
183.41595,68.590425
183.437175,68.623975
183.51975,68.63075
183.5394,68.651625
183.574975,68.72505
183.667375,68.745225
183.7029,68.761
183.716975,68.783275
183.841425,68.825075
184.09765,68.85045
184.17725,68.867125
184.183725,68.885625
184.19525,68.907075
184.29355,68.925125
184.3018,68.949575
184.395525,68.974775
184.43055,68.982575
184.473175,68.98905
184.531475,69.0093
184.5428,69.019125
184.619675,69.0843
184.63385,69.10315
184.706925,69.114875
184.76255,69.121525
184.775075,69.13755
184.783775,69.2916
184.809875,69.51435
184.861875,69.565225
184.93395,69.584075
184.9424,69.599125
185.085875,69.606325
185.185175,69.6172
185.241925,69.665325
185.2857,69.667275
185.35345,69.68575
185.382775,69.690375
185.52915,69.70015
185.539625,69.7161
185.5644,69.74125
185.597325,69.796925
185.640525,69.827725
185.675175,69.8549
185.709225,69.936025
185.726525,70.080525
185.764225,70.099
185.91915,70.13075
185.9335,70.1468
185.95585,70.184075
185.985375,70.2084
185.992475,70.4867
186.013275,70.55495
186.06735,70.58405
186.15665,70.61245
186.16965,70.8424
186.258375,71.87415
186.356,71.877275
186.573175,71.87865
186.7092,71.8888
186.738475,71.90645
186.949775,71.94135
186.999425,73.024725
187.099325,73.469025
187.270325,73.4943
187.315775,73.50235
187.649125,73.584225
187.664675,73.614975
187.9593,74.109625
188.09795,74.21335
188.118775,74.248675
188.17545,74.2628
188.324575,74.3577
188.450575,74.83925
188.48715,75.0992
188.48825,75.324975
188.52655,75.531475
188.608075,75.60805
188.8777,76.14005
188.895175,76.469725
188.956025,76.4805
189.24125,76.483975
189.51575,76.5706
189.544075,76.65505
189.56095,77.106625
189.646275,77.135875
189.647625,77.1681
189.6961,77.2416
189.8425,77.39835
190.165375,78.453975
190.197175,78.48125
190.205,78.488525
190.2306,78.508075
190.25745,78.52035
190.633,78.54055
190.7537,78.55345
190.772075,78.86885
190.882225,79.1808
191.211975,79.1897
191.24915,79.2042
191.270425,79.272
191.287325,79.28305
191.35775,79.302075
191.371725,79.478875
191.376225,80.106375
191.39235,80.537975
191.5733,80.54175
191.8262,80.57365
191.843775,80.59275
191.847025,80.60155
191.987675,80.630125
192.06475,80.672
192.082725,80.7265
192.3468,80.7525
192.3809,80.766325
192.88795,80.8093
192.982425,80.8363
193.006275,80.84495
193.341875,80.997025
193.39235,81.02525
193.400825,81.312
193.436,81.34485
193.498575,81.376425
193.517875,81.3958
193.673225,81.4153
193.94145,81.420525
194.620325,81.4254
194.73465,81.440175
194.759375,81.463725
194.8393,81.848325
194.9234,81.886625
195.190575,81.935825
195.52375,81.962225
195.586975,81.97125
195.599925,81.977975
195.632025,81.9863
195.7134,82.062475
195.930925,82.084625
195.942775,82.235275
196.0802,82.250275
196.218225,82.31135
196.386275,82.388125
196.9745,82.398
197.0191,82.453225
197.110325,82.4911
197.11855,82.9091
197.578075,83.043375
197.64725,83.65895
197.67015,83.6936
197.676075,83.70255
197.725375,83.718825
197.991175,83.731525
198.0093,83.745025
198.061125,83.755975
198.1444,83.791625
198.21705,84.009025
198.22045,84.3129
198.265975,84.3264
198.3441,84.438975
198.494775,84.8165
198.509475,84.8222
198.648875,84.8673
198.706975,84.88055
198.755825,84.912575
198.763225,85.06185
198.824475,85.07455
199.002925,85.296775
199.02925,85.3046
199.10635,85.3298
199.15065,85.7814
199.175575,85.802575
199.199325,85.8319
199.217425,85.8586
199.251425,85.870475
199.341225,85.91215
199.36955,85.930725
199.466375,85.98665
199.478975,86.19085
199.496725,86.783075
199.500375,86.798675
199.508625,86.8154
199.527775,86.8212
199.54865,86.82335
199.563525,86.85785
199.56515,86.881125
199.58625,86.90595
199.6021,86.90935
199.694575,87.425125
199.757475,87.487225
199.79605,87.540475
199.843275,87.56725
200.00415,87.63265
200.0666,87.855425
200.09355,87.8615
200.139125,87.863475
200.159075,88.05545
200.206575,88.102625
200.232475,88.3526
200.248875,89.5397
200.294175,89.582075
200.315125,89.915775
200.35235,90.80685
200.464975,91.34065
200.52095,91.35275
200.594725,91.366425
200.613575,91.380275
200.634975,91.3825
200.673325,91.425575
200.731125,91.4419
200.832375,91.459175
200.847975,91.478075
200.956,91.482775
200.97815,91.508125
201.007625,91.51655
201.032825,91.51955
201.099625,91.529675
201.1165,91.5388
201.179825,91.559075
201.1987,91.5661
201.2098,91.5862
201.2569,91.629375
201.268075,91.6429
201.36415,91.6563
201.369525,91.663275
201.4,91.693875
201.416875,91.6959
201.427375,91.73985
201.54095,91.74595
201.565575,91.894325
201.57815,91.912825
201.62195,91.9415
201.671725,91.954175
201.6809,91.9703
201.7075,91.988525
201.757225,91.99715
201.81215,92.004875
201.9112,92.01035
202.0717,92.02235
202.078,92.063175
202.117375,92.077225
202.275225,92.093575
202.39225,92.115525
202.41935,92.144975
202.426125,92.172125
202.4348,92.19745
202.463975,92.2096
202.6013,92.23525
202.67475,92.24345
202.698475,92.2815
202.72745,92.294275
202.874075,92.322975
202.956575,92.35105
203.059525,92.35665
203.07565,92.386025
203.139075,92.39135
203.233375,92.416725
203.245,92.467975
203.278625,92.4927
203.30005,92.592575
203.343975,92.636275
203.38355,92.66035
203.394925,92.670625
203.42345,92.69855
203.4357,92.703275
203.504125,92.704925
203.644275,92.770075
203.7568,92.798675
203.864025,92.81045
204.012425,92.8142
204.04625,92.819375
204.078175,93.19805
204.08755,93.21085
204.1344,93.21445
204.204775,93.229725
204.2153,93.250375
204.232675,93.264125
204.32315,93.2758
204.378725,93.289625
204.439575,93.309675
204.4832,93.3131
204.582875,93.3454
204.6754,93.353375
204.901425,93.38745
204.93215,93.412575
204.97865,93.42085
204.98685,93.439225
205.0015,93.446975
205.024225,93.48475
205.029175,93.50785
205.17935,93.525375
205.22245,93.55025
205.509925,93.55695
205.5242,93.56505
205.7684,93.578075
205.80315,93.6292
205.846975,93.65885
206.078775,93.677025
206.1519,93.707675
206.21055,93.736
206.2419,93.76115
206.286875,93.779
206.3558,93.808375
206.38175,93.85515
206.4117,93.994275
206.42525,94.014175
206.4486,94.055525
206.516875,94.07
206.56265,94.09535
206.590125,94.12165
206.62955,94.229875
206.6667,94.291925
206.7121,94.3152
206.75955,94.322725
206.772125,94.3378
206.8594,94.3437
206.8712,94.355925
206.96465,94.375925
207.004875,94.432
207.029225,94.44325
207.038325,94.4556
207.077725,94.5349
207.118325,94.5368
207.137625,94.5766
207.15995,94.6111
207.190925,94.64785
207.268725,94.660725
207.6455,94.6944
208.0116,94.760275
217.492575,94.781125
218.139075,95.12415
220.06165,95.2989
222.091025,95.6277
227.2247,95.644525
227.24285,95.653925
227.2605,95.685575
227.826325,95.698125
227.83755,95.713875
227.8629,95.978825
230.972075,95.98235
232.33175,96.1706
232.38065,96.177975
232.43575,97.2647
232.45585,97.27845
233.691425,97.29035
234.4194,97.304725
234.452475,97.31175
234.697175,97.323375
234.72165,97.35185
234.73955,97.4262
235.191925,97.8217
235.371925,97.860375
236.034375,97.8665
236.341375,97.871625
236.45035,97.873275
237.1632,97.883175
238.583675,97.918225
238.624375,97.9634
238.9597,97.97315
238.962375,98.27895
239.078225,98.322525
239.129425,98.347025
239.414725,98.618775
239.6488,98.65315
240.276125,98.98625
240.7547,98.990925
241.6521,99.003125
241.70095,99.01945
241.8434,99.043075
241.862125,99.073625
241.939375,99.083275
242.375925,99.09855
244.6636,99.476875
245.722025,99.5029
246.063975,99.5099
246.353225,99.524825
247.6287,99.532825
247.64365,99.534225
247.659175,99.566875
247.695225,99.591475
247.77295,99.6498
247.865375,100.220275
247.921425,100.22345
248.277475,100.230475
248.345375,100.2937
248.801375,100.300675
248.8136,100.311725
249.33245,100.323125
249.34005,100.33095
250.3086,100.346375
250.8467,100.36025
250.86,100.380625
251.1115,100.381725
251.2823,100.4569
251.353175,100.776925
251.8874,100.8679
251.91675,100.92325
251.94965,100.936275
251.9661,100.94815
252.3558,101.19875
252.4212,101.2452
253.31685,101.265925
253.68275,101.276875
254.416025,101.286275
254.43945,101.376525
254.489525,101.387725
257.096675,101.41585
257.1288,101.488225
257.15105,101.539525
258.705625,101.602975
258.713925,101.715475
258.728625,101.729225
258.78305,101.781775
259.4932,101.9034
259.505325,102.3855
259.534025,102.6924
259.6151,102.9941
259.809725,103.16195
260.8763,103.165925
260.9018,103.190175
260.91105,103.668625
261.94035,103.672575
261.958875,103.68295
262.008175,103.69695
262.026875,103.710875
262.0334,103.72425
262.054425,103.757125
262.095725,103.791825
262.102675,104.134975
262.141325,104.495425
262.651375,104.785625
262.6694,104.800225
262.848025,104.80925
263.315025,104.8709
263.347625,105.274675
263.427475,105.289675
263.43405,105.2948
263.472375,105.331575
263.488775,105.36195
263.5191,105.685675
263.53225,105.83515
264.369175,106.344875
265.035325,106.411975
266.49405,106.903325
266.49995,106.9346
266.512925,106.944
266.557375,106.9504
266.610375,106.970525
266.649875,106.9965
266.666075,107.02715
267.304,107.028725
267.31475,107.045775
267.36115,107.145175
267.43445,107.338975
267.977875,107.355175
268.000825,107.384875
268.03945,107.465625
268.098575,107.657125
268.594575,107.73525
268.606425,107.76085
268.61895,107.920625
268.620725,108.05835
268.66795,108.0745
268.705425,108.07755
268.737675,108.090375
268.76025,108.1264
268.979775,108.189975
269.6013,108.2036
269.793625,108.2055
270.09515,108.20875
270.23485,108.319975
270.28855,108.3392
270.3856,108.3884
270.433025,108.40355
270.7816,108.40955
270.83435,108.4161
271.0661,108.43325
271.09845,108.44245
271.120825,108.46255
271.125075,108.497675
271.1688,108.510575
271.474225,108.644025
271.701675,108.673075
272.05485,108.775
272.092075,108.8264
272.508525,109.119275
273.346,109.374275
274.2534,109.38225
275.1259,109.4105
275.16315,109.4485
275.202925,109.459625
275.20855,109.483425
275.580425,109.565525
275.66035,109.621825
275.673275,109.626725
275.717675,109.637425
276.311,109.722075
276.3394,109.9095
276.344175,109.94385
276.357,109.97045
276.3873,110.1189
277.7674,110.129075
277.779725,110.1572
278.882925,110.180825
279.112025,110.214625
279.491675,110.24285
279.5216,110.28615
279.582025,110.342275
279.9855,110.38665
280.010375,110.3938
280.018175,110.4016
280.021425,110.417525
281.39995,110.454525
282.095825,110.463775
282.643025,110.485125
282.66435,110.4934
282.728375,110.514875
282.7435,110.589575
282.887725,110.61005
283.006825,110.727525
283.009225,110.75555
283.0127,110.777975
283.296375,110.80285
284.4513,110.8104
284.460275,110.817825
284.469075,110.8359
284.4759,110.888575
284.52525,110.90125
285.1183,110.9409
285.1404,110.9659
285.15275,110.98515
285.16185,111.14615
285.179125,111.22975
285.184425,111.24095
285.203775,111.249575
285.255775,111.289675
285.5285,111.311175
285.542475,111.342225
285.729575,111.3466
285.775225,111.3515
286.1649,111.4005
286.169375,111.5856
286.1932,111.6105
286.2004,111.65925
286.23055,111.784575
286.8145,111.8016
287.7493,111.813325
288.2892,111.8172
288.346775,111.824425
288.690075,111.845725
288.761225,111.853775
288.85595,111.88155
289.26125,111.91685
289.385675,111.924075
289.959575,111.97645
289.96275,112.01125
289.983825,112.0575
289.998275,112.0653
290.043,112.082675
290.067875,112.08995
290.41805,112.131425
290.9549,112.134125
290.99835,112.212725
291.626325,112.2213
291.65745,112.2642
293.555675,112.280175
293.60505,112.333975
293.727325,112.34365
293.829625,112.345325
293.869175,112.35445
293.88625,112.362525
293.96825,112.404625
294.05305,112.42305
294.61215,112.433025
294.67555,112.437825
294.69475,112.445575
294.7617,112.461925
294.7928,112.47305
294.819175,112.47905
294.8345,112.488925
294.857525,112.521025
294.895925,112.554125
294.946725,112.588625
295.0262,112.6443
295.031575,112.649675
295.071575,112.7039
295.1137,112.7101
295.12225,112.7194
295.125525,112.74005
295.22945,112.74875
295.2431,112.786
295.3472,112.842325
295.4252,112.862675
295.4391,112.901125
295.45195,112.917025
295.460825,112.93525
295.485475,112.9373
295.49475,112.972875
295.572675,113.00145
295.719725,113.020825
295.802275,113.047875
295.89075,113.068125
295.929225,113.122275
296.25535,113.1657
296.2935,113.204875
296.371475,113.239325
296.489625,113.244475
296.778875,113.294125
297.02185,113.3066
297.690625,113.349425
297.7874,113.37065
298.280675,113.3786
298.49015,113.449625
298.8716,113.4556
298.879975,113.4573
299.69945,113.47425
299.7302,113.4877
299.94325,113.52005
300.15535,113.5487
300.565425,113.5537
300.6362,113.5912
300.729225,113.627175
301.06125,113.65345
301.259825,113.68395
301.4023,113.725675
301.44035,113.73795
301.992775,113.7914
302.468125,113.880325
303.206075,113.89945
303.2505,113.926075
303.858625,113.9322
303.87665,113.948275
305.51805,113.962875
305.627225,113.9696
306.0365,113.977775
306.083125,114.00025
306.508575,114.00695
306.655075,114.05755
307.0148,114.0796
307.078325,114.08775
307.097425,114.094025
307.118025,114.101
307.12965,114.1069
307.26155,114.16005
308.336975,114.168325
309.130725,114.179825
309.6508,114.2147
309.679625,114.2951
309.785275,114.319725
310.47225,114.32885
310.54265,114.341625
310.832775,114.348925
310.886975,114.3579
310.9109,114.367125
310.955925,114.37
311.521025,114.3875
314.3003,114.404625
314.313925,114.438675
314.3602,114.456
315.3666,114.500125
315.415,114.526725
315.614025,114.564225
315.700725,114.572875
315.7138,114.6541
315.7227,114.664475
315.750375,114.6737
315.79725,114.74225
315.842525,114.748275
316.193675,114.755375
316.425,114.782775
316.4501,114.823675
316.457225,114.8304
316.46385,114.862
316.53785,114.8887
316.63835,114.897875
316.745675,114.901475
317.1118,114.907625
317.11465,114.9171
317.121825,114.964675
317.1272,114.9745
317.162225,114.981175
317.177525,115.007625
317.29385,115.014175
317.335825,115.0369
317.37315,115.1108
317.4004,115.121825
317.4128,115.127775
317.496975,115.133275
317.559775,115.150625
318.011225,115.1756
318.44665,115.201925
318.545975,115.215375
318.7153,115.23095
319.060775,115.320575
320.6418,115.334475
320.6911,115.370075
320.73525,115.39965
320.77365,115.40905
320.88915,115.4276
321.3436,115.447825
321.3747,115.513
321.430575,115.544775
321.71795,115.561225
321.79315,115.595825
322.57785,115.60995
322.841575,115.626525
322.86465,115.648475
322.924825,115.6605
323.4386,115.688075
323.53415,115.727075
323.8087,115.7407
323.837125,115.758925
323.921775,115.79575
324.02175,115.815075
324.335,115.844475
324.43395,115.861725
324.935125,115.87265
324.995375,115.88635
325.022675,115.931675
325.109975,115.940625
325.2806,115.95095
325.2946,115.9725
325.623875,116.066975
325.6361,116.072725
325.63765,116.097825
325.6781,116.13985
325.9983,116.151825
326.013025,116.165275
326.058325,116.1929
326.078125,116.22835
326.145525,116.310275
326.206125,116.32345
326.243625,116.345725
326.31225,116.369875
326.818775,116.41745
326.872925,116.428925
326.954175,116.432375
326.985725,116.43445
326.987725,116.452725
327.16705,116.4812
327.198975,116.490725
327.216725,116.652375
327.301225,116.6757
327.41875,116.697575
327.60565,116.7925
327.767325,116.85355
327.90265,116.88225
328.03,116.897875
328.125975,116.902475
328.1638,116.920225
328.22255,116.941575
328.25495,116.956875
328.301525,116.981775
328.439425,117.011675
328.581725,117.019025
328.646475,117.091675
328.681625,117.17445
328.816975,117.2273
328.910925,117.30025
328.948525,117.361525
329.012225,117.489175
329.112,117.529025
329.143825,117.569975
329.932275,117.599025
330.236775,117.6426
330.400475,117.664025
330.46725,117.6912
330.654725,117.703525
331.262425,117.711475
332.528925,117.828625
332.55275,117.8561
332.564525,117.862825
332.604325,117.92195
332.62855,117.933125
333.19095,117.976075
333.875075,117.988075
333.91495,118.024475
333.978975,118.1039
334.009925,118.12375
334.0622,118.14105
334.087,118.164225
334.102525,118.2458
334.240375,118.260475
334.2981,118.278975
334.317075,118.295725
334.325975,118.31625
334.903925,118.357425
334.95345,118.419175
334.984975,118.491925
335.01535,118.534325
335.703825,118.642375
336.0122,118.659675
336.05195,118.665425
336.0666,118.701375
336.081675,118.830025
336.084525,118.924675
336.094775,118.9335
336.09765,118.9887
336.10255,119.00225
336.1101,119.02315
336.13635,119.062775
336.184225,119.08805
336.305675,119.11575
336.9954,119.15045
337.0377,119.207175
337.429825,119.22535
337.9905,119.23105
338.046275,119.2508
338.5478,119.295725
338.572575,119.32445
338.969425,119.331975
338.97115,119.35205
338.985125,119.4191
339.509725,119.441075
339.55445,119.45065
339.681725,119.50135
340.838525,119.559475
340.848375,119.602875
340.8678,119.64105
340.910275,119.67935
340.918875,119.68755
340.9282,119.7228
341.4539,119.75675
341.461725,119.7616
341.489075,119.784475
341.531675,119.879875
341.810075,120.0267
341.87535,120.06565
342.3186,120.11525
342.961975,120.20705
343.026825,120.2268
343.33225,120.2373
343.5122,120.302325
343.534775,120.306125
343.546225,120.333325
343.570075,120.33785
343.5872,120.35685
343.7222,120.372025
343.7367,120.39805
344.11225,120.4253
344.467625,120.4569
344.495525,120.506225
344.536825,120.523025
344.555925,120.603075
344.6448,120.66295
344.70065,120.693075
344.861475,120.703525
344.884175,120.717
344.910975,120.730325
345.000775,120.815775
345.125425,120.82315
345.260725,120.827525
345.50415,120.8663
345.53095,120.87475
345.542575,120.896925
345.552825,120.911775
345.57325,120.924025
345.65105,120.97835
345.86535,121.046125
345.964475,121.06445
346.0334,121.07245
346.091675,121.118325
346.167775,121.14465
346.3345,121.155175
346.364275,121.198875
346.538225,121.20585
346.60595,121.207475
346.61155,121.2299
346.617175,121.2427
346.744275,121.25955
347.026775,121.28055
347.032675,121.355225
347.049175,121.36095
347.94535,121.4203
348.034625,121.45965
348.525,121.46385
348.6251,121.4864
348.641775,121.529575
348.88275,121.541675
349.674,121.62205
349.7257,121.6496
349.95745,121.672775
349.981425,121.681425
350.012025,121.703725
350.04135,121.746625
350.19705,121.75545
350.201025,121.7738
350.245375,121.82385
350.2676,121.839375
350.32,121.8587
350.453675,121.8742
350.548675,121.900075
350.552975,121.9238
350.625375,122.01785
350.6394,122.101275
350.64515,122.126725
350.68015,122.131775
350.833725,122.16585
350.85775,122.25245
350.909925,122.27965
351.01295,122.343725
351.0343,122.366025
351.0449,122.3752
351.05925,122.4041
351.15175,122.424
351.314675,122.5161
351.3288,122.52585
351.419275,122.535475
351.561925,122.626225
351.71215,122.649575
351.73495,122.661275
352.079275,122.787575
352.242225,122.805475
352.260625,122.877125
352.31155,122.9354
352.348275,122.976275
352.573625,122.986675
352.64105,123.1627
352.748825,123.211825
352.97295,123.32675
352.981225,123.513675
353.071575,123.525325
353.1245,123.625725
353.149275,123.8647
353.165825,123.92615
353.206625,123.93115
353.22525,123.970825
353.257575,124.04385
353.274975,124.05885
353.27735,124.075675
353.30655,124.090225
353.550625,124.103125
353.6431,124.125475
353.723375,124.21215
353.9301,124.384125
353.953525,124.519875
353.9672,124.529075
354.0151,124.572425
354.0325,124.59385
354.13355,124.742525
354.189175,124.750175
354.474025,124.753575
354.5938,124.7552
354.8786,124.801875
354.92595,124.910275
354.940925,124.94405
355.0332,125.12165
355.453625,125.1296
355.535875,125.196575
355.8939,125.4996
355.9255,125.512075
356.546075,125.598
356.55985,125.609775
356.574975,125.625225
356.57935,125.699275
356.671825,125.863725
357.316025,125.8666
357.3428,125.896025
357.3597,125.9666
357.385875,125.986175
357.62815,126.00565
357.7232,126.1541
357.726725,126.1812
357.739225,126.209275
357.74425,126.316825
357.748675,126.3294
357.751575,126.517425
357.758275,126.560175
357.771125,126.5707
357.783175,126.6583
357.79705,126.683075
357.807375,126.72095
357.852775,126.7317
357.90495,126.75805
357.949125,126.780625
358.005325,126.799
358.088875,126.817875
358.1123,126.829675
358.12465,126.861925
358.13645,126.8932
358.143425,126.930525
358.19835,126.966075
358.231875,127.020525
358.2922,127.0241
358.435625,127.0313
358.5518,127.045125
358.5589,127.1936
358.58735,127.199575
358.60205,127.2961
358.656475,127.357725
358.8697,127.372
358.924775,127.4262
358.9886,127.546725
359.004875,127.5968
359.06555,127.659625
359.581725,127.707425
359.6117,127.770125
359.652325,127.854425
360.387575,127.90745
360.396325,127.9938
360.410025,128.09615
360.5957,128.131475
360.626975,128.151475
360.665975,128.164425
360.681875,128.224775
360.701025,128.23685
360.735725,128.30095
360.797825,128.4372
360.80275,128.4629
360.811125,128.4697
360.8515,128.52595
360.990525,128.56615
361.004625,128.58305
361.12,128.5959
361.185025,128.62475
361.47765,128.637525
361.684825,128.716125
362.653975,128.750675
363.0425,128.84345
363.1389,128.85355
363.151725,128.91215
363.185825,128.92165
363.2107,128.926675
363.27215,129.27535
363.27665,129.487175
363.385175,129.50115
363.3908,129.544275
363.433625,129.5869
363.4565,129.6971
363.492975,129.71135
,129.72935
,129.793325
,129.800225
,129.81075
,129.8361
,129.844725
,129.876575
,129.91805
,129.952625
,129.960225
,129.978175
,130.088475
,130.284225
,130.364
,130.43985
,130.459275
,130.634925
,130.774225
,130.856425
,130.903825
,131.036525
,131.06535
,131.130425
,131.169675
,131.18235
,131.26725
,131.27415
,131.31315
,131.588075
,131.69975
,131.7506
,131.754575
,131.83725
,131.874375
,132.037125
,132.1452
,132.1542
,132.228425
,132.277125
,132.299225
,132.4909
,132.49445
,132.57935
,132.6728
,132.729175
,132.80605
,132.8596
,132.899575
,133.04505
,133.136675
,133.1563
,133.210225
,133.270825
,133.2745
,133.32165
,133.360125
,133.371
,133.405625
,133.45745
,133.565675
,133.618275
,133.635275
,133.669275
,133.74165
,133.764475
,133.883875
,133.9329
,133.9478
,133.959375
,134.0204
,134.027375
,134.028775
,134.033075
,134.047575
,134.076275
,134.08795
,134.111275
,134.128625
,134.281675
,134.306275
,134.458275
,134.505525
,134.51005
,134.536875
,134.5884
,134.69905
,134.7077
,134.725975
,134.7519
,134.787375
,134.807525
,134.955425
,135.004025
,135.0247
,135.134925
,135.1429
,135.150175
,135.2966
,135.35815
,135.452325
,135.47525
,135.534675
,135.597625
,135.658925
,135.773825
,135.8713
,135.920625
,135.959575
,136.017525
,136.128975
,136.16815
,136.222625
,136.239025
,136.258225
,136.35695
,136.38905
,136.47405
,136.532875
,136.626175
,136.65335
,136.683275
,136.709325
,136.7351
,136.780275
,136.87565
,136.980275
,137.045425
,137.074825
,137.12435
,137.212275
,137.293325
,137.354425
,137.37505
,137.3918
,137.48865
,137.5305
,137.572275
,137.850975
,138.198075
,138.348675
,138.45855
,138.476925
,138.513875
,138.544575
,138.8507
,139.28905
,139.402075
,139.435825
,139.454125
,139.53575
,139.5851
,139.720625
,139.7329
,139.835325
,139.875675
,139.9402
,139.986525
,140.030225
,140.098225
,140.122925
,140.16935
,140.2522
,140.261575
,140.317625
,140.357325
,140.411475
,140.440025
,140.4957
,140.50575
,140.5863
,140.6305
,140.6495
,140.6792
,140.700975
,140.71895
,140.724725
,140.75505
,140.7682
,140.789475
,140.802775
,140.8096
,140.923825
,140.9509
,140.9803
,140.9863
,141.040125
,141.05875
,141.064375
,141.088
,141.112675
,141.136875
,141.26115
,141.270175
,141.3632
,141.410625
,141.422425
,141.466575
,141.56925
,141.587025
,141.60025
,141.605425
,141.624575
,141.664025
,141.70235
,141.70885
,141.7238
,141.73765
,141.835
,141.843925
,141.908875
,141.96505
,141.97195
,141.98025
,141.983125
,142.082
,142.137375
,142.154975
,142.15945
,142.17045
,142.1783
,142.2088
,142.26135
,142.286825
,142.303425
,142.364675
,142.400275
,142.564975
,142.576825
,142.632475
,142.669075
,142.7063
,142.75965
,142.764325
,142.961125
,143.05225
,143.0892
,143.268725
,143.276975
,143.376825
,143.493525
,143.559825
,143.6976
,143.748625
,143.760725
,143.898575
,143.90445
,144.106975
,144.1089
,144.14325
,144.1625
,144.225175
,144.261375
,144.28345
,144.319725
,144.34255
,144.35125
,144.363525
,144.4552
,144.4988
,144.599325
,144.64445
,144.6482
,144.670375
,144.685075
,144.710675
,144.780025
,144.79395
,144.797625
,144.8516
,144.86805
,144.878475
,144.88335
,144.89875
,144.93705
,144.94485
,145.01545
,145.063125
,145.08525
,145.089875
,145.092375
,145.1719
,145.219825
,145.2466
,145.251475
,145.266925
,145.28725
,145.31365
,145.5302
,145.54405
,145.6469
,145.656275
,145.68435
,145.7042
,145.705675
,145.772225
,145.840575
,145.852675
,145.950725
,146.081125
,146.15245
,146.162275
,146.1832
,146.2851
,146.329825
,146.370375
,146.3801
,146.4056
,146.4423
,146.5474
,146.630725
,146.70555
,146.813425
,146.8193
,146.956725
,147.02095
,147.155725
,147.180925
,147.43405
,147.6189
,147.65515
,147.80595
,147.880525
,147.9311
,147.970975
,148.029275
,148.06115
,148.2053
,148.230175
,148.246125
,148.25615
,148.27645
,148.34235
,148.355525
,148.464775
,148.555
,148.66265
,148.710325
,148.787025
,148.922875
,148.96955
,149.0273
,149.0465
,149.215925
,149.248825
,149.321525
,149.32995
,149.346375
,149.46855
,149.609425
,149.62075
,149.63175
,149.6411
,149.68265
,149.73455
,149.7426
,149.82325
,149.8426
,149.93075
,150.052375
,150.058775
,150.091525
,150.1493
,150.157225
,150.227075
,150.379375
,150.42185
,150.596575
,150.627275
,150.6837
,150.76545
,150.77925
,150.82695
,150.85805
,150.899775
,150.919
,150.973225
,151.06475
,151.1027
,151.1854
,151.2168
,151.293425
,151.310825
,151.400425
,151.43515
,151.47705
,151.511575
,151.558425
,151.6649
,151.929
,151.939025
,152.053675
,152.05575
,152.06935
,152.236875
,152.24395
,152.29705
,152.311175
,152.3161
,152.345825
,152.363175
,152.39285
,152.4853
,152.6118
,152.632625
,152.67545
,152.712875
,152.730325
,152.826575
,152.922575
,152.960875
,153.00405
,153.0076
,153.026375
,153.035475
,153.05395
,153.09455
,153.123475
,153.247175
,153.426675
,153.50235
,153.640325
,153.6579
,153.686275
,153.7157
,153.84205
,153.9095
,154.092025
,154.1796
,154.20665
,154.21335
,154.223025
,154.395375
,154.4098
,154.58105
,154.631125
,154.632825
,154.6368
,154.665375
,154.736975
,154.761375
,154.795775
,155.48585
,155.5885
,155.678225
,155.75755
,155.7766
,155.883975
,155.923075
,155.93985
,156.099375
,156.185125
,156.195525
,156.242475
,156.2862
,156.327325
,156.331025
,156.391125
,156.4249
,156.46895
,156.683875
,156.894275
,157.197725
,157.274525
,157.456675
,157.470475
,157.514675
,157.525925
,157.567375
,157.683375
,157.729375
,157.744425
,157.805275
,157.8666
,157.911175
,157.9506
,157.970075
,157.97915
,158.132225
,158.136625
,158.19785
,158.20705
,158.232375
,158.33995
,158.40125
,158.469525
,158.48915
,158.4912
,158.503125
,158.5448
,158.662325
,158.6854
,158.73455
,158.76305
,158.889975
,158.998975
,159.100725
,159.106
,159.11765
,159.28045
,159.292375
,159.35895
,159.37475
,159.43255
,159.510425
,159.52915
,159.773025
,159.7861
,160.4225
,160.43175
,160.477925
,160.48535
,160.908325
,160.92795
,161.121775
,161.136475
,161.199125
,161.3332
,161.477925
,162.4391
,162.541
,162.575
,162.7316
,163.101075
,164.3614
,164.552025
,164.87725
,164.8859
,165.087775
,165.3034
,165.336025
,165.362625
,165.8181
,165.85775
,167.282425
,167.5024
,167.538275
,167.5528
,167.56155
,167.573525
,167.644425
,167.736475
,167.837775
,167.872525
,167.95565
,168.09225
,168.1118
,168.37415
,168.45115
,168.7013
,168.723625
,168.83025
,168.85895
,168.991575
,169.5566
,169.76735
,169.86235
,170.1173
,170.195425
,170.303925
,170.3326
,170.346325
,170.469525
,170.511975
,170.617575
,170.63115
,170.6366
,170.7919
,170.802775
,170.8588
,171.054675
,171.07395
,171.0842
,171.245875
,171.41445
,171.652325
,171.76715
,171.865925
,171.901925
,171.903
,171.9097
,171.913575
,171.944925
,171.953625
,172.0437
,172.0592
,172.0888
,172.14355
,172.161325
,172.183075
,172.2199
,172.26365
,172.3015
,172.3176
,172.32805
,172.57485
,172.599675
,172.610825
,172.749425
,172.890625
,172.9252
,172.932
,172.97035
,172.97385
,172.975725
,173.027175
,173.038825
,173.0575
,173.1464
,173.2742
,173.335425
,173.3937
,173.440475
,173.475725
,173.520825
,173.534675
,173.56185
,173.571875
,173.58225
,173.5847
,173.589675
,173.6212
,173.636375
,173.65805
,173.7079
,173.71525
,173.743225
,173.775625
,173.77945
,173.803525
,173.972925
,173.99545
,174.1
,174.11865
,174.123475
,174.16975
,174.21975
,174.26245
,174.314175
,174.386375
,174.3902
,174.40005
,174.464675
,174.49715
,174.579975
,174.5867
,174.6567
,174.660175
,174.67025
,174.816525
,174.884125
,174.9001
,174.9991
,175.032075
,175.068175
,175.0728
,175.151275
,175.217525
,175.231275
,175.253125
,175.26305
,175.291825
,175.316325
,175.64585
,175.658425
,175.80405
,175.8073
,175.91495
,175.94115
,175.975975
,176.001175
,176.0075
,176.026075
,176.069125
,176.1236
,176.2202
,176.335175
,176.352525
,176.4433
,176.481325
,176.5249
,176.5383
,176.5494
,176.5877
,176.691325
,176.7283
,176.7787
,176.798525
,176.80925
,176.8353
,176.8375
,176.90095
,177.008025
,177.062375
,177.075975
,177.0894
,177.0993
,177.1174
,177.135875
,177.148525
,177.16475
,177.1811
,177.195475
,177.200275
,177.255625
,177.279625
,177.286775
,177.303225
,177.316425
,177.37815
,177.48955
,177.6206
,177.658125
,177.69875
,177.71975
,177.775125
,177.79075
,178.141125
,178.153
,178.334025
,178.415075
,178.4626
,178.51425
,178.523625
,178.53105
,178.908575
,178.932025
,179.138075
,179.163825
,179.171625
,179.264975
,179.268475
,179.2768
,179.2928
,179.368
,179.3845
,179.401025
,179.442175
,179.449425
,179.458525
,179.5676
,179.604025
,179.64565
,179.7149
,179.75275
,179.77185
,179.8607
,179.936025
,180.018325
,180.03415
,180.083125
,180.11245
,180.119675
,180.19415
,180.298075
,180.3038
,180.329
,180.3835
,180.41275
,180.525475
,180.536075
,180.600175
,180.67795
,180.689
,180.7197
,180.808675
,180.86315
,180.977325
,181.030175
,181.2496
,181.311875
,181.36605
,181.442575
,181.446375
,181.542375
,181.589925
,181.59965
,181.63885
,181.66445
,181.692975
,181.723175
,181.72735
,181.7891
,181.856075
,181.89035
,181.897275
,181.9168
,182.026025
,182.086275
,182.188375
,182.275875
,182.42745
,182.468525
,182.5622
,182.63365
,182.661625
,182.670225
,182.713075
,182.742175
,182.79755
,182.874625
,182.907875
,182.97075
,183.00435
,183.034425
,183.0616
,183.102025
,183.28875
,183.31285
,183.342125
,183.36755
,183.49635
,183.522625
,183.539675
,183.5717
,183.584075
,183.683575
,183.727125
,183.768125
,183.776725
,183.839325
,183.89485
,183.952325
,183.998475
,184.0298
,184.03235
,184.111075
,184.249375
,184.3065
,184.344475
,184.349025
,184.521125
,184.535925
,184.540625
,184.54605
,184.630825
,184.680525
,184.713925
,184.769275
,184.783275
,184.788125
,184.836
,184.907675
,185.12425
,185.13165
,185.22055
,185.246875
,185.294425
,185.300225
,185.3514
,185.41385
,185.5277
,185.531825
,185.771325
,185.792975
,185.963075
,185.9673
,186.003075
,186.046075
,186.059525
,186.16935
,186.245275
,186.26275
,186.356825
,186.36745
,186.4003
,186.429025
,186.491225
,186.614925
,186.65915
,186.863525
,186.954175
,187.005425
,187.01565
,187.22475
,188.08375
,188.387675
,188.4073
,188.48285
,188.640625
,188.9098
,189.1175
,189.207525
,189.2408
,189.4655
,189.6257
,189.64695
,189.738975
,189.769625
,190.012775
,190.165025
,190.3935
,190.41495
,190.4201
,190.61745
,190.93755
,191.0792
,191.086375
,191.103225
,191.271975
,191.396725
,191.43875
,191.54445
,191.657625
,191.881425
,191.94505
,191.9595
,192.005075
,192.35485
,192.4182
,192.516875
,192.738525
,192.864525
,192.926225
,193.168975
,193.340825
,193.367425
,193.3753
,193.5255
,193.852775
,194.28755
,194.294725
,194.359725
,194.3724
,194.557475
,194.5793
,194.75415
,194.85675
,194.940775
,194.9506
,196.025725
,196.279375
,196.3331
,196.5205
,196.60405
,196.845075
,196.97185
,197.02515
,197.204175
,197.4183
,197.502975
,197.646425
,197.653475
,197.663375
,197.84295
,197.8956
,197.945125
,197.954375
,197.962525
,197.991
,198.10055
,198.27905
,198.38645
,198.551525
,198.55675
,198.63445
,198.781425
,198.868025
,198.954325
,199.00725
,199.010875
,199.11535
,199.137825
,199.179025
,199.367725
,199.4167
,199.433425
,199.458825
,199.469925
,199.502425
,199.6015
,199.638625
,199.67405
,199.6793
,199.748925
,199.7606
,199.8368
,199.852175
,199.902175
,200.088575
,200.277775
,200.288675
,200.294525
,200.341125
,200.35145
,200.4091
,200.4337
,200.477325
,200.514525
,200.529525
,200.6086
,200.654775
,200.670575
,200.7554
,200.765975
,200.9715
,201.176775
,201.198525
,201.2707
,201.318225
,201.3235
,201.357225
,201.50085
,201.559575
,201.583925
,201.62855
,201.724825
,201.803175
,202.051775
,202.083775
,202.24615
,202.253525
,202.281625
,202.468625
,202.4842
,202.533875
,202.540825
,202.558425
,202.6279
,202.727925
,202.772525
,203.02
,203.15975
,203.194375
,203.2834
,203.293575
,203.32725
,203.784075
,203.8018
,203.859225
,203.874625
,204.1668
,204.19395
,204.256825
,204.31485
,204.387825
,204.4094
,204.5039
,204.5918
,204.669575
,204.680175
,204.69355
,204.775325
,205.093625
,205.12935
,205.252075
,205.277725
,205.38375
,205.414675
,205.4712
,205.50435
,205.598525
,205.644225
,205.732125
,205.818925
,205.842525
,206.0199
,206.110625
,206.334125
,206.370975
,206.375225
,206.417525
,206.5491
,206.747125
,206.7642
,206.799175
,207.10845
,207.425825
,207.471625
,207.5562
,209.3207
,209.934725
,210.0948
,211.376775
,212.57185
,212.9476
,216.092675
,217.120675
,217.46525
,217.7537
,218.1033
,218.5654
,218.57225
,220.0553
,220.337875
,220.4219
,220.4348
,220.49745
,220.5479
,220.5763
,222.07245
,222.1166
,222.11885
,222.13215
,222.162775
,222.178975
,227.2416
,227.2615
,227.774175
,227.777525
,227.823175
,227.85465
,227.87725
,228.1939
,228.705675
,228.985525
,229.05155
,229.0656
,230.122425
,230.12685
,230.9767
,231.6996
,232.37355
,232.380325
,232.40635
,232.450575
,232.49265
,232.6901
,232.98385
,233.185525
,233.42855
,233.433725
,233.43665
,233.474275
,233.485475
,233.5509
,233.997675
,234.009725
,234.392475
,234.66435
,234.6684
,234.696475
,234.706725
,234.713725
,234.7221
,234.732525
,234.74505
,235.1926
,235.959625
,235.967575
,235.98065
,236.021075
,236.0502
,236.3823
,236.390125
,236.4243
,236.7364
,237.040075
,237.0678
,237.56995
,238.618025
,238.6433
,238.715675
,238.961
,238.964225
,238.9825
,239.005375
,239.010575
,239.038925
,239.064225
,239.075475
,239.50805
,239.662375
,239.7068
,240.1407
,240.14355
,240.148875
,240.195525
,241.68925
,241.85245
,241.8607
,241.863575
,241.90925
,241.914025
,241.985425
,242.31045
,242.325175
,242.3452
,242.373525
,244.407475
,244.558575
,245.54675
,245.95135
,245.9655
,246.06255
,246.5488
,247.43175
,247.622525
,247.6319
,247.702025
,247.71325
,247.817175
,247.837575
,247.89705
,247.949075
,248.2773
,248.298
,248.32915
,248.379175
,248.653275
,248.821875
,249.1457
,249.277475
,249.29765
,249.3147
,249.3274
,249.339275
,249.38915
,249.445825
,249.9118
,249.9454
,249.960575
,250.01655
,250.070625
,250.327225
,250.877275
,250.927925
,251.2353
,251.23895
,251.247475
,251.2751
,251.321675
,251.393925
,251.694075
,251.902975
,251.94735
,251.9821
,252.3663
,252.382
,252.40795
,252.46025
,252.749775
,252.764025
,252.948925
,252.953075
,253.0083
,253.35075
,253.60105
,253.6342
,253.6927
,254.050675
,254.08215
,254.218225
,254.247625
,254.419425
,254.422925
,254.441025
,254.4856
,254.51755
,254.886
,254.941125
,254.953325
,254.96695
,254.9768
,254.98215
,256.246675
,257.080525
,257.095175
,257.128525
,257.133675
,257.6338
,258.1442
,258.672625
,258.67735
,258.7043
,258.71955
,258.730275
,258.735075
,258.7412
,258.80125
,258.8643
,259.0764
,259.3942
,259.5495
,259.809525
,259.8317
,259.8389
,260.4999
,260.876925
,260.90205
,260.92605
,261.976475
,262.03745
,262.07945
,262.140975
,262.3354
,262.6415
,262.7127
,262.746775
,262.85955
,263.3175
,263.3741
,263.419075
,263.51725
,263.5337
,263.542675
,263.603025
,263.62885
,263.977225
,264.21975
,264.259575
,264.299175
,264.468125
,264.71735
,265.000625
,265.2685
,265.27505
,265.481025
,265.68105
,266.515325
,266.548675
,266.5814
,266.5945
,266.67565
,266.7662
,267.2923
,267.311875
,267.9885
,267.99835
,268.0151
,268.1883
,268.60195
,268.6073
,268.673875
,268.7234
,268.735525
,268.7583
,268.920175
,268.930275
,268.982975
,269.081175
,269.310525
,269.552425
,269.563675
,269.57015
,269.61345
,269.621025
,269.71545
,269.78305
,269.799625
,269.9397
,270.13765
,270.218675
,270.252675
,270.359225
,270.8089
,270.927525
,271.14735
,271.2843
,271.54
,271.639225
,272.07585
,272.131075
,272.1488
,273.108925
,273.13795
,273.152875
,273.18665
,273.201
,273.2132
,273.248575
,274.24965
,274.25405
,274.2736
,274.344675
,274.97325
,275.11305
,275.124425
,275.156375
,275.568425
,275.5906
,275.60145
,275.613225
,275.629975
,275.63395
,275.639925
,275.650925
,275.66065
,275.666875
,275.717375
,276.1909
,276.35305
,276.356425
,276.374025
,276.376125
,276.47515
,277.04355
,277.814825
,277.8357
,277.901175
,278.90445
,278.934475
,278.947
,279.029825
,279.374375
,279.4889
,279.49295
,279.5868
,279.6352
,279.8028
,279.874725
,279.899425
,279.9025
,279.926125
,279.93
,279.974775
,279.98955
,279.992675
,280.0054
,280.025475
,280.064025
,280.893775
,282.5794
,282.625975
,282.743975
,282.7601
,282.994
,283.066975
,283.259225
,283.270475
,283.6995
,284.388925
,284.396375
,284.437325
,284.4784
,284.58695
,284.6344
,285.00685
,285.0091
,285.09835
,285.11695
,285.155225
,285.18285
,285.22765
,285.27155
,286.14295
,286.175
,286.27395
,286.7144
,286.732575
,286.823375
,286.893375
,287.103875
,287.758225
,287.82925
,287.994925
,288.2205
,288.2774
,288.30695
,288.490175
,288.763575
,289.36095
,289.823525
,289.954875
,289.98245
,290.022
,290.045775
,290.14165
,290.847575
,290.8629
,290.884375
,290.933075
,291.040375
,291.103
,291.53955
,291.628725
,291.94915
,292.909375
,293.244325
,293.352475
,293.372175
,293.414025
,293.4184
,293.4654
,293.51475
,293.5252
,293.5352
,293.55415
,293.56285
,293.584925
,293.59965
,293.618275
,293.63115
,293.651225
,293.657475
,293.678025
,293.6869
,293.7445
,293.75615
,293.870975
,293.908525
,293.9291
,293.965
,293.9775
,294.0005
,294.448
,294.63425
,294.69215
,294.766125
,294.78545
,294.897075
,294.988175
,295.003925
,295.066825
,295.09275
,295.4776
,295.64035
,295.8058
,295.839975
,295.9005
,296.054975
,296.069925
,297.029875
,297.763075
,297.849
,297.87645
,299.1007
,299.391475
,299.754125
,299.855575
,299.9125
,300.2269
,300.413075
,300.641025
,300.677375
,301.614975
,301.685675
,302.012325
,302.0406
,303.3731
,303.4406
,303.850825
,303.877075
,305.5238
,305.56545
,305.953525
,306.0341
,306.06765
,306.082525
,306.5145
,306.555375
,306.60205
,306.6165
,306.64185
,307.003975
,307.03745
,307.04925
,307.06725
,308.260125
,308.3449
,308.725425
,308.766625
,309.2445
,309.466475
,309.706325
,309.728375
,309.775875
,309.8337
,309.8882
,310.24375
,310.28325
,310.848575
,310.872175
,310.88095
,310.9197
,310.956225
,311.228575
,312.621675
,312.932875
,313.7072
,314.2744
,314.275725
,314.28755
,314.296675
,314.348475
,314.3807
,314.44885
,314.7261
,315.33675
,315.36075
,315.3763
,315.433625
,315.724225
,315.736025
,315.750675
,315.756125
,315.80725
,316.34
,316.36575
,316.4085
,316.4643
,316.526875
,317.130225
,317.13655
,317.160025
,317.23785
,317.396725
,317.613275
,317.734375
,318.4721
,318.5123
,318.52325
,318.73565
,318.73805
,318.7396
,318.782625
,319.046075
,319.081775
,319.1179
,319.169225
,320.828225
,320.834175
,321.311975
,321.34875
,321.369675
,321.3767
,321.679325
,321.72545
,322.88145
,322.9165
,323.3852
,323.398925
,323.404875
,323.421625
,323.438425
,323.4805
,323.8534
,323.978475
,324.194825
,324.2865
,324.93135
,324.9558
,325.014775
,325.628125
,325.637125
,325.9987
,326.090525
,326.950775
,327.005275
,327.07945
,327.11355
,327.19185
,327.301025
,327.308225
,327.31985
,327.32915
,327.656425
,327.6721
,327.948875
,327.967425
,328.071875
,328.10185
,328.1091
,328.1225
,328.285775
,328.334475
,328.406125
,328.460475
,328.707875
,328.772175
,328.777525
,328.7884
,328.799025
,328.868275
,329.11525
,329.14135
,329.494525
,330.229125
,330.239925
,330.2953
,331.28275
,332.52275
,332.5299
,332.770025
,333.87605
,333.90285
,333.913875
,334.90925
,334.91095
,334.939025
,335.3504
,335.62885
,336.0443
,336.062725
,336.143825
,336.176125
,337.000925
,337.033075
,337.05125
,337.8206
,338.0142
,338.034075
,338.083225
,338.58135
,338.94825
,339.685775
,340.07125
,340.550225
,341.322475
,341.849075
,341.85325
,343.015625
,343.484725
,343.515275
,343.52975
,343.55245
,343.812425
,344.454975
,344.5071
,344.5258
,344.5567
,344.851525
,344.931625
,344.980825
,345.25255
,345.368125
,345.605875
,345.914575
,345.95715
,346.301425
,346.494325
,346.692575
,347.106275
,348.4085
,348.520925
,348.885375
,349.664225
,349.6694
,349.9893
,349.99715
,350.036025
,350.73925
,351.0482
,351.062375
,351.1166
,351.3721
,351.37805
,351.728575
,351.737225
,351.74305
,351.797625
,351.87175
,351.9696
,352.273675
,352.31135
,352.385775
,352.4943
,354.31155
,354.4604
,354.92955
,355.9883
,355.992175
,356.01705
,356.024875
,356.113175
,356.5467
,356.562425
,356.912625
,357.35235
,357.730425
,357.764375
,358.089375
,358.9413
,359.557375
,359.563525
,359.56495
,360.681325
,360.710975
,360.79295
,360.826975
,360.85445
,360.8577
,362.277725
,362.9541
,363.000225
,363.03125
,363.247
,363.301725
,363.346125
,363.4737
