SPK_SPKC04a,SPK_SPKC12a,SPK_SPKC16a
650.171075,650.175325,650.059275
650.2577,650.20795,650.09995
650.461425,650.228,650.162525
650.479925,650.33795,650.204375
650.5004,650.481925,650.293525
650.539875,650.5195,650.296825
650.5783,650.52075,650.35355
650.601,650.5883,650.3866
650.71045,650.59665,650.558
650.75725,650.71865,650.588075
650.81155,650.770025,650.64825
650.98875,650.777825,650.7922
651.124,650.821125,651.0494
651.249375,650.834175,651.063225
651.290825,650.930875,651.09165
651.306425,651.014425,651.153225
651.441925,651.053025,651.243625
651.47115,651.0787,651.309575
651.557525,651.140075,651.372125
651.646725,651.18795,651.65265
651.682325,651.21095,651.837825
651.7883,651.244975,651.881375
651.813675,651.256075,652.6568
651.866625,651.286275,652.725775
651.926825,651.2903,652.81735
651.933575,651.330575,653.153475
651.991125,651.430725,653.218775
651.996375,651.476075,653.257875
652.039075,651.54005,653.450925
652.061275,651.561825,653.4862
652.13715,651.630675,653.630175
652.1611,651.7781,653.715
652.2263,651.83485,653.745675
652.25905,651.838825,654.238725
652.287975,651.842225,654.538125
652.4507,651.8465,655.91765
652.53185,652.062675,655.994725
652.546925,652.173275,656.0214
652.594125,652.182,656.107675
652.62275,652.3372,656.142975
652.685625,652.427375,656.16275
652.80705,652.475475,656.317575
652.824,652.56195,656.35935
652.89795,652.739675,656.45905
652.91025,652.903975,656.62445
652.94365,652.92335,656.7068
653.20845,652.9247,656.893475
653.328375,653.0118,656.91705
653.401,653.02965,657.234125
653.655925,653.038075,657.442575
653.663075,653.091525,657.472025
653.69045,653.1,657.585
653.7192,653.120975,657.651775
653.723775,653.137425,657.809675
653.823225,653.155375,657.85325
653.990075,653.2733,657.934175
654.054275,653.28505,657.97725
654.0996,653.303725,658.058625
654.353175,653.339,658.112025
654.43495,653.40035,658.140625
654.445825,653.45065,658.2302
654.5076,653.4781,658.267725
654.53175,653.51495,658.310975
654.55235,653.5445,658.36735
654.757275,653.597475,658.4179
654.765225,653.6003,658.473075
654.779275,653.773025,658.516925
654.81315,653.82165,658.5787
654.88235,653.8684,658.714575
654.9683,653.9347,658.797275
655.3227,653.975475,658.87935
655.657425,653.977725,659.150425
655.6704,654.0082,659.185675
656.0424,654.0715,659.218025
656.096975,654.147525,659.239975
656.57505,654.276875,659.32035
656.58045,654.47535,659.41125
656.615525,654.505925,659.463
656.738325,654.5343,659.58675
656.8743,654.564425,659.611
657.11385,654.6582,659.672475
657.18355,654.7625,659.720175
657.30925,654.76675,659.83895
657.3223,654.8206,659.9215
657.333475,654.85345,660.0144
657.54115,654.887275,660.107325
657.706075,655.05225,660.11615
657.90005,655.21595,660.225825
657.943925,655.259325,660.26465
658.115375,655.314075,660.37945
658.184875,655.725075,660.557325
658.423175,655.797925,660.60515
658.4347,655.89835,660.641375
658.83285,655.93185,660.819825
658.894325,655.989825,660.91945
659.117475,656.02815,660.9594
659.32445,656.20595,660.99435
659.441525,656.249125,661.030925
659.44455,656.32215,661.1331
659.55605,656.414575,661.71205
659.574025,656.46975,661.74035
659.598775,656.493425,661.8465
659.670975,656.55685,662.980475
660.002975,656.57835,663.099325
660.10285,656.579525,663.160525
660.193525,656.69015,663.2087
660.203375,656.719075,663.39355
660.4383,656.75525,664.439
660.500625,656.770875,664.514575
660.504825,656.804225,664.585525
660.56125,656.8147,664.6015
660.6588,656.8631,664.624125
660.77895,656.896625,664.665275
660.807725,656.961075,664.8653
660.904225,656.962575,664.9533
661.07505,656.97825,665.04885
661.164925,656.9975,665.075825
661.26485,657.105825,665.151425
661.2946,657.14625,665.1962
661.334675,657.158225,665.3053
661.460425,657.16675,665.352275
661.646425,657.2689,665.432025
661.70045,657.38675,665.500575
661.71355,657.3896,665.662175
661.87555,657.4259,665.7091
661.896525,657.447575,665.74385
662.048075,657.452925,665.8555
662.20635,657.496625,666.016825
662.2937,657.5707,666.038025
662.391175,657.58395,666.9393
662.424,657.63935,666.9615
662.425025,657.6878,667.001675
663.112925,657.746675,667.03505
663.18215,657.771625,667.0577
663.561275,657.777175,667.12675
663.587325,657.874725,667.5813
663.656875,657.899725,667.637625
663.86745,657.904325,667.650225
664.065575,657.9345,667.7102
664.13675,657.945175,667.7425
664.1389,657.9602,667.90655
664.253475,657.973,667.929775
664.5051,658.08295,667.98765
664.507,658.119075,668.03095
664.63155,658.124725,668.168925
664.637225,658.16485,668.23325
664.696,658.2367,668.360925
664.81225,658.283375,668.44355
665.321375,658.30945,669.25255
665.38335,658.320925,669.498075
665.45305,658.335425,671.327575
665.45785,658.37225,671.906375
665.5807,658.484375,671.923425
665.59345,658.50485,671.972425
665.6879,658.554075,672.01975
665.8201,658.58835,672.080275
665.9449,658.6733,672.180125
666.040875,658.6849,672.208675
666.1134,658.685975,672.26545
666.369275,658.7187,672.297675
666.458275,658.7551,672.387575
666.724825,658.78755,672.546325
666.8647,658.85725,672.61935
666.883525,658.859475,672.63415
666.97045,658.86975,672.66605
666.98635,658.95775,672.693975
667.014475,658.9731,672.75125
667.251375,659.023525,673.082025
667.413125,659.064575,673.24775
667.45595,659.0945,673.291775
667.561,659.13465,673.339825
667.69555,659.15235,673.3549
667.87345,659.16565,673.386075
668.1063,659.22575,673.437375
668.164175,659.230375,673.467075
668.261075,659.243275,673.52945
668.28115,659.281625,673.533275
668.375925,659.337925,673.824375
668.423425,659.3497,673.847125
668.572075,659.4667,673.875375
668.73585,659.5259,673.95635
668.74,659.603725,674.20135
668.80365,659.610725,674.252325
668.884225,659.6177,674.37485
668.958,659.6309,674.413675
668.994225,659.675025,674.44545
669.230175,659.7198,674.48615
669.234675,659.74825,674.588375
669.24075,659.7666,674.680025
669.304775,659.79995,674.7492
669.336825,659.86225,674.79585
669.34565,660.06935,674.849825
669.349275,660.1522,674.861325
669.47485,660.180975,674.92665
669.600925,660.18625,675.040175
669.791075,660.2618,675.2197
670.000025,660.274075,675.361025
670.091275,660.291275,675.45185
670.3377,660.401,675.82985
670.44905,660.458575,675.85385
670.45405,660.500875,675.98505
670.5376,660.5526,676.399275
670.699925,660.561875,676.46015
670.7583,660.578225,677.261
670.863525,660.60355,677.790825
671.042275,660.608625,677.97185
671.071125,660.63795,678.28385
671.158025,660.645425,678.468625
671.445625,660.650575,678.54805
671.8985,660.6647,679.4666
672.145575,660.67805,679.8072
672.165,660.712975,679.90785
672.238775,660.76455,680.463575
672.33575,660.820775,680.530025
672.390575,660.879175,680.591175
672.551175,660.8876,680.607525
672.798475,660.916725,680.67735
673.03205,660.923525,680.874675
673.3718,660.943525,680.918175
673.721975,660.9827,680.9627
673.72725,661.07845,681.054225
673.742925,661.124675,681.155175
673.765875,661.150325,681.1792
673.95275,661.19485,681.2275
673.975675,661.1966,681.351975
674.009775,661.277375,681.4429
674.034225,661.292675,681.5596
674.235325,661.367625,681.64135
674.304925,661.419275,681.68235
674.31555,661.4511,681.7158
674.335575,661.495475,682.17485
674.40735,661.50595,682.228275
674.443225,661.517925,682.451675
674.45235,661.55375,682.478325
674.719175,661.560325,682.5668
674.939125,661.64835,682.60445
675.036,661.66165,682.747125
675.1535,661.67325,682.795575
675.1563,661.71235,682.824525
675.1872,661.728475,683.108725
675.3437,661.808075,683.12495
675.474175,661.83625,683.174125
675.54485,661.844775,683.228725
675.827625,661.879575,683.260375
675.8591,661.8875,683.4657
675.88925,661.913675,683.55825
675.892675,661.92165,683.7562
675.918625,661.9545,683.793575
676.0366,661.959175,683.820025
676.040775,661.982275,683.85165
676.05875,661.995825,683.884275
676.119625,662.08135,683.9757
676.14225,662.146375,684.1126
676.311175,662.15745,684.193475
676.3322,662.168275,684.327375
676.381,662.171275,684.400975
676.397175,662.1818,684.610625
676.546725,662.25445,684.6843
676.57415,662.26335,684.748775
676.662625,662.268975,684.7897
676.89015,662.326625,684.792675
676.938225,662.42865,684.83095
676.948975,662.452775,684.8576
676.9732,662.47015,684.900425
676.974975,662.511225,684.927025
676.991575,662.516475,684.958425
677.062875,662.6444,685.025925
677.074725,662.678175,685.077125
677.14345,662.84945,685.1954
677.242225,662.86335,685.574725
677.4053,662.92575,685.6237
677.5944,662.994525,685.687775
677.64715,663.087275,685.709975
677.962325,663.159275,685.75645
677.987975,663.18105,685.7754
678.13765,663.251375,685.8011
678.261425,663.265425,686.2534
678.34035,663.327525,686.50695
678.40835,663.4299,687.500425
678.499075,663.4532,687.5204
678.503225,663.47315,687.588475
678.5053,663.544975,687.62995
678.609575,663.564925,687.756
678.655575,663.584675,688.95165
678.7803,663.67685,689.03125
678.88025,663.746525,689.23015
678.990175,663.75575,689.3591
678.997675,663.8189,689.412925
679.067725,663.988675,689.5275
679.10725,664.03575,689.554975
679.25255,664.143675,689.579875
679.257325,664.163225,689.77345
679.335425,664.1877,689.8215
679.380125,664.284725,690.893325
679.42175,664.406675,692.5157
679.500825,664.46695,693.55485
679.563275,664.509225,693.621325
679.68475,664.51895,693.760175
679.693825,664.5548,693.785925
679.772475,664.557275,693.880775
679.922275,664.570425,695.3633
680.029,664.575125,695.45335
680.1771,664.67575,695.659175
680.185175,664.69135,695.910925
680.2357,664.714275,696.059275
680.32385,664.77715,696.286575
680.33105,664.79515,696.398775
680.451925,664.8019,696.542975
680.4584,664.840175,696.5775
680.5809,664.92695,696.615075
680.634775,664.9525,696.67115
680.686875,664.9746,696.745525
680.75815,664.9776,696.771875
680.7624,664.981025,696.875
680.812525,665.000325,696.90165
680.819825,665.004525,696.9301
680.908175,665.027075,696.94325
680.99585,665.124775,697.03075
681.041425,665.155525,697.061825
681.07075,665.1601,697.076575
681.0788,665.1821,697.0877
681.143775,665.1887,697.13425
681.150575,665.193475,697.18155
681.287125,665.20485,697.2129
681.343825,665.253425,697.257675
681.352375,665.272475,697.64075
681.367475,665.314,697.6655
681.374475,665.36015,697.701775
681.407925,665.408525,697.742525
681.4177,665.424625,697.7608
681.4388,665.4349,697.7831
681.443675,665.483,697.84365
681.545,665.505325,697.907875
681.617875,665.585425,697.9665
681.6878,665.600675,697.989175
681.7102,665.654375,698.1865
681.855175,665.685575,698.2141
681.861,665.74315,698.23635
681.902125,665.87805,698.266675
681.930625,665.88145,698.3047
681.93365,665.984525,698.34365
681.947775,666.0447,698.42695
682.1415,666.0676,698.483675
682.1729,666.120625,698.6058
682.195975,666.25655,698.75985
682.22295,666.298175,698.773125
682.350225,666.313225,698.7887
682.3533,666.323125,698.87135
682.4404,666.3655,699.009025
682.5247,666.38355,699.0262
682.526325,666.3984,699.133925
682.594625,666.4123,699.1591
682.63335,666.446525,699.207525
682.7161,666.5078,699.3146
682.76485,666.531175,699.3509
682.8079,666.53745,699.44245
682.8776,666.55065,699.492875
682.95695,666.573225,699.65015
682.993025,666.5784,699.69045
683.00575,666.5903,699.7253
683.049975,666.629275,699.754225
683.223775,666.674825,699.768725
683.2707,666.710875,699.94115
683.281875,666.7344,699.959575
683.30755,666.737275,699.968625
683.498175,666.7754,700.038275
683.509175,666.795075,700.19695
683.528325,666.9253,700.32605
683.59,666.94375,700.364125
683.6271,666.951375,700.4965
683.651475,667.036475,700.532325
683.675025,667.050275,700.555725
683.717375,667.071825,700.584625
683.7236,667.0888,700.679625
683.834,667.1764,700.708075
683.96435,667.183875,700.8091
684.0428,667.239175,700.894525
684.07105,667.249175,700.9223
684.151175,667.287525,700.946125
684.1683,667.333675,700.978225
684.204525,667.342475,701.073025
684.262925,667.371675,701.5088
684.287225,667.3798,701.548825
684.35255,667.447775,701.62205
684.35425,667.5635,701.75835
684.376525,667.58635,701.8006
684.386375,667.589775,701.9427
684.392475,667.64505,702.2978
684.44115,667.715775,702.347325
684.459175,667.728825,702.448
684.474075,667.732575,702.477175
684.6994,667.7413,702.5806
684.775775,667.890425,702.58265
684.8702,667.91545,702.6463
684.8924,667.94985,702.654525
684.906575,667.968775,702.759425
684.9137,668.0185,702.792525
684.926475,668.0406,702.964425
685.028525,668.075725,703.118125
685.090425,668.1045,703.725875
685.09415,668.123225,703.84465
685.13885,668.277925,703.869475
685.1447,668.308275,703.907475
685.1898,668.371575,703.97665
685.206025,668.426025,704.00535
685.394925,668.437175,704.0138
685.4437,668.471325,704.039
685.461675,668.50065,704.156175
685.47555,668.5162,704.1816
685.530175,668.546,704.267775
685.5599,668.579325,704.4272
685.7522,668.582625,704.492125
685.75765,668.65335,704.5525
686.05645,668.740625,704.6999
686.128975,668.782725,704.84575
686.215075,668.80595,704.89265
686.22915,668.946125,704.949225
686.23505,668.95275,704.959125
686.255475,668.96835,705.0532
686.379375,669.013375,705.21855
686.421875,669.039325,705.26385
686.42795,669.074725,705.4457
686.465825,669.159075,705.469425
686.511325,669.206225,705.494
686.523175,669.252375,705.52845
686.53765,669.29915,705.549525
686.577175,669.325075,705.69215
686.625475,669.3716,705.714
686.72015,669.445525,705.83475
686.794375,669.462325,705.9196
686.84105,669.470025,706.333425
686.8456,669.498175,706.372825
686.87185,669.519725,706.403375
686.887025,669.547775,706.4079
687.01565,669.5588,706.447125
687.059075,669.596925,706.47075
687.130875,669.6073,706.730075
687.135175,669.61785,706.765425
687.182625,669.628825,706.820625
687.24265,669.671825,706.873675
687.271075,669.682175,706.94895
687.304325,669.70805,707.0988
687.31985,669.803375,707.1142
687.37715,669.809475,707.16125
687.4127,669.8388,707.373025
687.4653,669.8494,707.419625
687.59515,669.852675,707.4853
687.63955,669.8696,707.73005
687.81075,669.952075,707.74655
687.817875,670.09155,707.755625
687.852425,670.1349,707.888225
687.8987,670.23235,707.925825
687.93335,670.255575,708.01635
687.966775,670.274575,708.0561
688.036625,670.363925,708.075175
688.1777,670.410925,708.09685
688.2697,670.487575,708.17085
688.30735,670.5224,708.356125
688.386675,670.578475,708.5044
688.407275,670.64385,708.68575
688.41885,670.682825,708.7373
688.497775,670.694375,710.9134
688.51035,670.6979,710.96775
688.5265,670.7159,711.019825
688.60025,670.844525,711.067575
688.6453,670.978325,711.1837
688.799625,671.1866,711.22765
688.81505,671.861725,711.525825
688.884775,671.91185,711.625125
688.9454,671.9806,712.468725
688.95955,671.984075,712.51445
689.1047,672.1387,712.6269
689.1439,672.14445,712.723725
689.147575,672.2862,712.7779
689.321525,672.296725,713.0009
689.37175,672.33295,713.0515
689.388225,672.38935,713.284025
689.45245,672.4709,713.313375
689.466325,672.5115,713.3203
689.4695,672.5764,713.3847
689.49525,672.590425,713.394825
689.500475,672.620125,713.550575
689.524825,672.625,713.778275
689.67455,672.7142,713.861625
689.7302,672.732675,713.90985
689.956775,672.8105,714.02305
690.000475,672.85255,714.128975
690.04335,672.87265,714.256075
690.17365,672.8912,714.27665
690.1993,672.939275,714.294575
690.215675,672.951775,714.33105
690.22785,672.9645,714.3714
690.37935,672.968675,714.420275
690.383425,673.045375,714.6151
690.393275,673.060675,714.726175
690.53145,673.102625,714.792475
690.53765,673.130575,714.88835
690.710225,673.1415,715.01565
690.78755,673.1622,715.029825
690.799675,673.168875,715.1624
690.930875,673.226175,715.194025
690.9943,673.228575,715.2127
691.052425,673.266725,715.240225
691.104025,673.28965,715.31795
691.16425,673.324325,715.34165
691.2048,673.32755,715.3965
691.2072,673.351325,715.4288
691.2469,673.385625,715.45865
691.30455,673.391075,715.509125
691.438975,673.41635,715.53345
691.6317,673.442525,715.564375
691.7618,673.455625,715.644325
691.864425,673.491775,716.053025
691.882,673.68435,716.1963
691.89895,673.7042,716.249075
692.189325,673.717525,716.34495
692.730825,673.76235,716.383875
692.739475,673.788875,716.4432
692.9029,673.913775,716.542575
692.90705,673.943525,716.631575
693.08675,673.962325,716.679575
693.261775,674.02625,716.778675
693.64535,674.047525,716.811725
693.6616,674.07865,716.93005
693.721375,674.197275,717.083775
694.27045,674.1986,717.430925
694.425925,674.202875,717.4402
694.487225,674.245675,717.868125
694.49385,674.2657,718.2641
694.519275,674.30375,718.696
694.695575,674.3435,718.76375
694.7321,674.4602,718.793625
694.8082,674.5254,718.9615
694.825725,674.57995,719.003975
695.098375,674.64065,719.06745
695.28185,674.78295,719.1064
695.5303,674.862425,719.17955
695.589975,674.99035,719.464975
695.72765,675.0042,719.54435
695.8584,675.0155,719.569175
695.8869,675.12305,720.018275
695.96955,675.21825,720.049025
696.069175,675.24685,720.099675
696.134175,675.3384,720.133775
696.1636,675.4466,720.2371
696.265225,675.4792,720.265
696.3487,675.487625,720.287775
696.42825,675.506975,720.308475
696.429925,675.546875,720.445975
696.433975,675.5632,720.49375
696.5648,675.609175,720.588775
696.830475,675.6458,720.688425
696.94435,675.66415,720.72215
697.005025,675.6767,720.890125
697.11445,675.69445,720.931525
697.2897,675.723525,721.004075
697.8287,675.742,721.01555
697.870325,675.75025,721.06665
697.880025,675.796325,721.283975
697.91805,675.8451,721.775675
698.058975,675.89385,721.891025
698.125875,675.9987,721.897575
698.133575,676.040125,722.1973
698.233625,676.170325,722.261125
698.2757,676.253825,722.31395
698.473625,676.2669,722.349775
698.486475,676.360575,722.359925
698.570525,676.36805,722.4006
698.7765,676.4027,722.51875
698.9511,676.4194,722.56255
698.963125,676.47925,722.621375
698.996275,676.54965,722.7264
699.086275,676.58005,722.876925
699.12495,676.63065,722.917175
699.1433,676.6433,723.039625
699.15095,676.6834,723.08725
699.170625,676.6925,723.112675
699.3439,676.733,723.198
699.415675,676.806225,723.227075
699.424375,676.83445,723.3019
699.6969,676.8452,723.40525
699.763975,676.886825,723.54165
699.780425,676.891775,723.8373
699.817825,676.90915,723.8727
699.836275,676.9376,724.102725
699.913075,676.94865,724.16125
700.1337,677.076425,724.3499
700.1979,677.124975,724.563675
700.221375,677.18375,724.730675
700.25775,677.230225,724.970175
700.3893,677.233525,725.01155
700.429275,677.262225,725.0844
700.433175,677.269125,725.11725
700.5195,677.39345,725.30695
700.814825,677.45925,725.5745
700.925125,677.53295,726.11905
701.186975,677.65875,726.203125
701.2027,677.8232,726.2476
701.2419,677.91435,726.257575
701.3443,677.9273,726.494675
701.431575,677.9936,726.59745
701.4449,677.995425,726.9237
701.494275,678.048325,726.9623
701.49805,678.15435,726.99405
701.507175,678.184425,727.026025
701.556825,678.186225,727.064575
701.6291,678.19915,727.1913
701.66025,678.258425,727.237775
701.74545,678.2756,727.371825
701.756675,678.27825,727.3971
701.8277,678.354425,727.527425
701.8449,678.408425,727.59795
701.91555,678.49435,727.692025
702.020025,678.5183,727.8649
702.040275,678.530875,727.96575
702.042625,678.612,727.9903
702.105525,678.636425,728.40665
702.185575,678.65115,728.486275
702.2357,678.689625,728.5727
702.283175,678.74975,728.5978
702.53945,678.750975,728.609875
702.54525,678.7606,728.62455
702.577375,678.814275,728.847775
702.629825,678.86575,728.8633
702.762275,678.912925,728.972375
702.809525,678.9275,729.001875
702.883825,678.941425,729.150975
702.951325,678.97695,729.2967
702.95415,679.005625,729.374025
702.998925,679.0541,729.5099
703.02845,679.065,729.762975
703.03055,679.1201,729.81715
703.275025,679.152675,729.92425
703.442975,679.16535,730.050325
703.5787,679.187925,730.202175
703.654875,679.236575,730.422175
703.762375,679.2677,730.462175
703.771775,679.290025,730.59185
703.825425,679.353375,730.644575
703.8865,679.40055,730.6702
703.89185,679.4741,730.979175
704.06495,679.4985,731.021425
704.11015,679.58945,731.0806
704.125,679.627875,731.33095
704.1666,679.661575,731.33995
704.18375,679.681575,731.480075
704.334075,679.692975,731.50085
704.366,679.69645,731.572575
704.39625,679.712925,731.6004
704.4617,679.73325,731.66395
704.572825,679.76255,731.6893
704.661,679.834375,731.740775
704.70435,679.84085,732.0699
704.77735,679.883275,732.094
704.820625,679.887775,732.623925
704.866,680.03365,732.651875
704.8881,680.05285,732.681375
704.909725,680.085225,733.0229
704.94585,680.272975,733.0415
705.059775,680.27795,733.150375
705.089125,680.29025,733.190275
705.104725,680.312175,733.4064
705.15215,680.34095,733.5014
705.2862,680.343475,733.583475
705.294775,680.3532,733.75995
705.378975,680.45005,733.790625
705.40475,680.494175,733.8668
705.56175,680.56175,734.11835
705.8071,680.591775,734.169475
705.93835,680.620825,734.424875
705.945225,680.6924,734.456975
705.954575,680.724525,734.487025
706.005125,680.73275,734.55625
706.022375,680.903575,734.561525
706.093575,680.97095,734.753275
706.1001,680.97605,734.85985
706.122425,680.98585,735.03635
706.16855,680.9966,735.11145
706.23345,681.084725,735.38
706.272875,681.09375,735.650725
706.2822,681.1269,735.69685
706.324325,681.16805,735.756725
706.33705,681.1884,735.9321
706.35435,681.2315,735.9386
706.439425,681.368375,736.005675
706.5662,681.397025,736.038925
706.607625,681.404675,736.051725
706.64495,681.625125,736.129825
706.668475,681.643425,736.2442
706.6819,681.6959,736.272825
706.792625,681.72905,736.661125
706.79555,681.806575,736.815625
706.9004,681.81355,737.16885
707.03015,681.843975,737.191225
707.05125,681.862025,737.477275
707.0545,681.963125,737.53145
707.0744,682.006,737.73925
707.09665,682.016725,738.007425
707.101725,682.058825,738.282075
707.1119,682.116275,738.8511
707.233925,682.161275,738.901875
707.252975,682.245775,739.3144
707.364525,682.28325,739.490475
707.37155,682.35385,740.81995
707.451725,682.38565,740.840475
707.574525,682.395025,741.42315
707.588625,682.4641,741.91295
707.615,682.6323,742.511475
707.71265,682.640275,742.71535
707.732375,682.6425,742.807375
707.814475,682.696125,742.992125
707.828475,682.778825,743.02405
707.869475,682.82545,743.710275
708.02735,682.83395,744.087625
708.048875,682.935325,744.13005
708.12045,683.10065,744.1478
708.1344,683.111275,744.160325
708.16025,683.1562,744.224775
708.1739,683.18695,744.75425
708.29105,683.202,744.84565
708.30945,683.22815,744.8782
708.357925,683.30995,744.90575
708.471775,683.32435,745.092925
708.504475,683.3803,745.11175
708.554725,683.403475,745.1567
708.6545,683.43775,745.190225
708.68315,683.458175,745.23945
708.772175,683.49075,745.466675
708.8063,683.499075,745.519125
708.8373,683.589225,745.653925
708.875125,683.70035,745.71405
708.9837,683.84865,748.3628
709.11135,683.906225,748.9263
709.1604,683.931775,749.044575
709.179825,684.016425,749.13315
709.252025,684.09635,749.21415
709.26965,684.186,749.34055
709.338525,684.3177,749.364575
709.378575,684.38515,749.480475
709.4231,684.3897,749.514175
709.631475,684.582975,749.614575
709.885075,684.65255,749.682575
709.929825,684.8043,749.7466
709.960025,684.834925,749.837325
710.211525,684.893675,749.99085
710.2714,684.933275,750.0273
710.3664,685.0192,750.1544
710.402025,685.050475,750.2461
710.575475,685.079625,750.314825
710.774725,685.082825,750.342275
710.777,685.1062,750.382725
711.157075,685.234975,750.44945
711.2609,685.3098,750.5036
711.289525,685.349425,750.708925
711.298,685.4067,750.738925
711.385575,685.410475,750.764625
711.4204,685.43325,750.8145
711.5074,685.464275,750.838375
711.516525,685.565725,750.8856
711.5181,685.59005,750.983475
711.671525,685.63215,751.0491
711.71055,685.6365,751.2059
711.919475,685.6502,751.235175
711.993225,685.670125,751.281625
712.061875,685.73705,751.3718
712.506525,685.7531,751.4254
712.512275,685.7913,751.460875
712.5194,685.7954,751.488325
712.650925,685.81085,751.50075
712.662375,685.813225,751.56345
712.67625,685.862925,751.606025
712.794275,685.903775,751.698825
712.79755,685.92305,751.8281
712.893375,685.946775,751.871925
712.919275,685.949425,752.0266
712.938625,685.97125,752.091475
712.963975,686.012625,752.2322
713.026775,686.03905,752.27135
713.10685,686.047925,752.338875
713.1213,686.172675,752.552175
713.125825,686.303575,752.573325
713.12905,686.352175,752.630375
713.3015,686.4148,752.704325
713.373,686.463425,752.831625
713.6569,686.466425,752.9349
713.7464,686.48055,752.96785
713.77535,686.48265,753.15245
713.788725,686.515625,753.193625
714.08385,686.56155,753.228175
714.284,686.633175,753.61125
714.303,686.716525,753.646475
714.313,686.744525,753.66175
714.405875,686.832925,754.10175
714.432525,686.885875,754.4962
714.506075,686.902525,754.6007
714.50885,686.966775,755.017175
714.5894,686.9687,755.0776
714.67965,687.025725,755.1459
714.73905,687.040475,755.1568
714.757725,687.100075,755.1953
714.762075,687.134325,755.2512
714.88985,687.13575,755.284275
714.98015,687.18205,755.7397
714.997,687.220575,755.8549
715.00815,687.264125,756.113025
715.0284,687.27255,756.15125
715.0715,687.275925,756.915975
715.17955,687.443925,757.020875
715.395075,687.4818,757.240325
715.50935,687.5477,757.25725
715.609225,687.586325,757.2799
715.705575,687.58815,757.361575
715.71175,687.645525,757.400575
715.722675,687.654375,757.67655
715.904575,687.752525,757.74985
715.908925,687.810075,757.7557
716.066175,687.8139,757.845775
716.07715,687.8939,758.142025
716.118775,688.031775,758.174425
716.1979,688.0976,759.035175
716.23035,688.113225,759.143575
716.242525,688.1463,759.17145
716.30245,688.169325,759.299625
716.3618,688.184225,759.6151
716.3718,688.224125,759.91725
716.4773,688.2821,759.97415
716.479875,688.32545,760.00805
716.6356,688.3419,760.0257
716.676075,688.366975,760.6598
716.683975,688.411,762.568725
716.71255,688.413575,763.05535
716.7248,688.45615,763.883325
716.749775,688.467625,764.37485
716.7691,688.57725,765.023275
716.849175,688.5873,765.047
716.89335,688.609975,765.073575
716.905675,688.703875,765.286725
717.022125,688.714875,765.448825
717.09785,688.726775,765.692375
717.1378,688.8464,765.99725
717.1725,688.88505,766.09985
717.185625,688.89805,766.339525
717.222625,688.929875,766.4622
717.328375,688.9321,766.509275
717.340075,688.967,766.526975
717.37995,689.0004,766.591275
717.41025,689.020875,766.662625
717.42175,689.078175,766.843475
717.4622,689.094575,766.93755
717.584425,689.19685,766.963225
717.731675,689.205725,767.78705
717.753625,689.307425,767.8479
717.75955,689.317125,769.525525
717.90895,689.325725,769.87365
717.986975,689.3812,769.924775
717.996725,689.49025,770.889475
718.21955,689.55485,771.1117
718.29395,689.58675,771.13745
718.371425,689.71525,771.206175
718.379525,689.8038,771.24895
718.4455,689.95395,771.27715
718.497375,690.21915,771.288925
718.541575,690.282275,771.491475
718.676825,690.34855,771.5956
718.722325,690.3765,771.6728
718.726775,690.589425,771.736875
718.7761,690.62195,771.77125
718.779275,690.63445,771.91475
718.8646,690.748325,771.930175
718.86645,690.850775,771.989625
718.990725,690.85225,772.0508
719.02465,690.8633,772.12215
719.1214,690.899425,772.242125
719.137625,690.9911,772.300775
719.153175,691.053825,772.325375
719.197,691.1082,772.35285
719.2143,691.113125,772.46155
719.284175,691.122375,772.5943
719.312,691.1666,772.689225
719.396725,691.2521,772.80405
719.45985,691.2962,772.83575
719.472425,691.351625,772.866275
719.588475,691.3886,773.081825
719.607025,691.432,773.2111
719.745825,691.4844,773.3554
719.85,691.513575,773.391325
719.974,691.5281,773.4208
720.153825,691.529475,773.604525
720.183475,691.547575,773.623525
720.1879,691.582925,773.71855
720.25,691.629975,773.8314
720.3883,691.6877,773.8964
720.401325,691.7151,773.92075
720.534175,691.826975,773.94235
720.5731,691.844075,774.02055
720.658125,691.884125,774.42575
720.66255,691.94135,774.88115
720.69875,691.9708,775.1715
720.7737,692.084725,775.444075
720.820925,692.10915,776.007075
720.8244,692.4241,777.0208
720.965925,692.546775,779.91295
721.08285,692.5517,780.39385
721.132425,692.605675,780.43405
721.2435,692.7204,780.463
721.25945,692.825375,780.527675
721.348125,692.944075,780.5853
721.3771,693.021625,780.661575
721.499425,693.057725,780.723275
721.543725,693.1521,780.7727
721.593625,693.29565,780.788
721.632575,693.3453,782.7445
721.758825,693.4858,782.9502
721.7781,693.487875,783.214775
721.786125,693.5411,783.396625
721.8306,693.590175,784.095425
721.854975,693.68805,784.134075
721.9313,693.84045,784.219075
721.975775,693.89025,784.706575
721.9986,693.95445,787.0689
722.077025,693.963325,787.4633
722.178675,693.98215,787.4937
722.203025,693.990225,787.894625
722.34535,694.02625,788.311375
722.47405,694.068575,788.340975
722.50595,694.210675,788.55085
722.591925,694.263475,788.59685
722.66505,694.269925,788.765425
722.6859,694.276575,788.882075
722.819275,694.278575,788.905025
722.840475,694.287675,788.976225
723.13025,694.310775,790.07205
723.201375,694.362825,790.30915
723.231525,694.3709,790.45365
723.331875,694.377425,790.71075
723.350875,694.4027,791.01735
723.40085,694.42535,791.558275
723.444425,694.428325,791.64575
723.4499,694.431125,791.7528
723.4644,694.482225,792.436175
723.590875,694.5017,792.4775
723.610825,694.5404,793.28485
723.66335,694.54195,793.35815
723.679,694.5695,794.69865
723.78075,694.63875,796.044175
723.78205,694.6491,796.2076
723.80415,694.68625,796.2286
723.857375,694.724075,796.4878
723.8873,694.728325,796.514575
724.028675,694.755075,796.53525
724.09805,694.769675,796.5835
724.115925,694.844525,796.760175
724.2671,694.886125,796.773075
724.348775,695.028175,796.83095
724.395825,695.118925,796.89065
724.51125,695.2125,796.9544
724.56755,695.236225,797.211625
724.59455,695.267225,797.222825
724.75315,695.296075,797.286575
724.8145,695.367625,797.358475
724.8229,695.37335,797.3737
724.911575,695.413975,797.42815
724.943525,695.5719,797.55495
724.957375,695.6182,797.624875
724.9715,695.649825,797.712175
724.988375,695.6701,797.74675
725.02135,695.685475,797.827725
725.05575,695.694325,797.932575
725.248875,695.70965,798.01115
725.2704,695.725175,798.028
725.3196,695.74045,798.08445
725.446775,695.851825,798.19265
725.459825,695.8575,798.2898
725.470675,695.900775,798.303375
725.506225,695.931475,798.379925
725.5823,696.01405,798.499475
725.720575,696.086625,798.795575
725.7951,696.1156,798.8353
725.801875,696.136375,798.9648
725.808325,696.21255,799.121775
725.8372,696.2744,799.247425
725.840075,696.33965,799.3021
725.916925,696.342025,799.3415
726.026575,696.381,799.360025
726.11825,696.4286,799.3974
726.18525,696.44925,799.4163
726.215925,696.456575,799.458275
726.3126,696.520525,799.601575
726.382875,696.562225,799.6525
726.49,696.574525,799.85445
726.591525,696.593875,799.887875
726.60825,696.595375,799.9794
726.665375,696.67825,799.98875
726.721625,696.7679,800.18195
726.8033,696.829325,800.5539
726.86325,696.8862,800.60445
726.903225,696.9182,800.68815
726.94085,697.010525,801.538675
726.9831,697.0149,801.59515
727.210875,697.16675,801.730875
727.218275,697.2183,801.9956
727.2688,697.220925,802.652625
727.2879,697.26985,802.89565
727.358575,697.30015,802.946025
727.474925,697.319875,803.03355
727.4978,697.3815,803.73025
727.502975,697.434475,803.7547
727.5282,697.46925,803.85225
727.530425,697.673275,803.90365
727.5955,697.698025,804.43305
727.869925,697.7921,804.4799
727.980325,697.80945,804.514975
728.054975,697.869175,804.650325
728.1092,697.871425,804.80965
728.11765,697.8891,804.861225
728.1707,697.9072,805.01175
728.183625,697.97825,805.4448
728.243675,697.985775,805.7045
728.268575,698.00225,807.7852
728.29215,698.0531,807.8023
728.518725,698.148475,807.860575
728.53115,698.194525,808.904675
728.587425,698.28835,808.982175
728.5904,698.29315,809.3426
728.630725,698.426875,809.418225
728.6445,698.443425,809.45325
728.669475,698.448725,809.5263
728.70145,698.49395,809.6632
728.71895,698.602425,809.77715
728.726225,698.6158,809.877175
728.798075,698.621625,810.1022
728.821625,698.6483,810.220675
728.832075,698.655725,810.24925
728.85905,698.718275,810.415125
728.887425,698.721925,810.480175
728.900525,698.74005,810.5486
728.91655,698.887225,810.5974
729.069775,698.897125,810.70235
729.094,698.899925,810.720425
729.177225,698.919,810.744025
729.1924,698.9622,810.7898
729.202175,698.99195,810.8454
729.36205,699.006875,810.870525
729.386725,699.072725,811.0312
729.396375,699.0744,811.109275
729.4113,699.0975,811.39475
729.464975,699.12255,811.422125
729.55195,699.1709,811.5433
729.69075,699.173875,811.8028
729.706225,699.211375,811.988775
729.804525,699.24135,812.059425
729.831275,699.29005,812.241325
729.845325,699.315825,812.303575
729.8624,699.33785,812.34965
729.9423,699.411825,812.442425
729.9673,699.423575,813.266925
729.973225,699.4389,813.3093
730.003725,699.450925,813.33915
730.025375,699.503675,813.6091
730.138425,699.53775,813.6242
730.174825,699.645175,813.772825
730.189275,699.722875,813.9644
730.28135,699.74085,814.04315
730.416375,699.75295,814.1273
730.569475,699.8035,814.204775
730.57745,699.817825,814.2611
730.628575,699.89275,814.625325
730.6676,699.957225,814.6863
730.920025,700.07915,814.746975
730.929125,700.115,815.52175
731.18375,700.16335,817.009375
731.391075,700.2063,817.0792
731.412225,700.22425,817.384475
731.4297,700.3184,817.4248
731.50595,700.33245,817.442175
731.513525,700.355375,818.5499
731.54785,700.5148,818.6259
731.561075,700.526175,818.717225
731.574575,700.556625,818.85095
731.61085,700.567925,818.879325
731.633625,700.57485,818.90655
731.645875,700.65695,818.9927
731.691625,700.79885,819.25185
731.825625,700.80485,819.355875
731.84305,700.854375,819.402075
732.10215,700.8641,819.46275
732.118525,700.92075,819.66175
732.162025,700.923,819.8127
732.18665,700.934675,819.857625
732.217375,700.963375,820.017575
732.22955,700.9759,820.060275
732.2751,700.9778,820.114675
732.36405,701.041975,820.17765
732.3729,701.05705,820.20215
732.429325,701.06525,820.287425
732.51345,701.0837,820.507575
732.66185,701.097125,820.550075
732.665825,701.144075,820.585625
732.72885,701.152925,820.6312
732.7392,701.16485,820.698375
732.83495,701.3274,821.448675
732.840775,701.365475,821.5985
732.896975,701.4033,821.7822
732.9133,701.443725,821.84085
732.9302,701.44905,821.975125
733.026125,701.484325,822.028375
733.048125,701.605,822.077475
733.1906,701.6495,822.3201
733.195,701.68295,822.422325
733.246075,701.726025,823.2942
733.283725,701.77185,823.3299
733.323375,701.8262,823.5968
733.34845,701.872075,823.67475
733.369675,701.949575,823.7502
733.398,701.978475,823.83425
733.466325,702.0618,823.96495
733.4809,702.0705,824.182125
733.603475,702.1878,824.19275
733.62045,702.189525,824.317725
733.643325,702.226725,824.365575
733.751,702.296,824.556975
733.772125,702.5195,824.6007
733.908625,702.5262,824.736275
733.93425,702.58515,824.939725
733.97545,702.60115,824.975325
734.017325,702.61885,825.034325
734.089725,702.6621,825.085675
734.10785,702.689225,825.100425
734.10995,702.696875,825.5229
734.1274,702.717125,826.21795
734.130275,702.7456,826.236675
734.1753,702.781975,828.53695
734.184075,702.799275,828.9931
734.217525,702.8045,829.02145
734.237125,702.877025,829.047225
734.27105,702.93995,829.365075
734.369525,703.034925,829.526625
734.383775,703.047425,829.551525
734.405275,703.054975,829.735775
734.41715,703.127625,829.778075
734.46625,703.147525,829.959575
734.547875,703.171825,830.091225
734.586325,703.20445,830.1108
734.633975,703.233325,830.14285
734.6402,703.285775,830.21915
734.661225,703.42785,830.341225
734.666425,703.7892,830.37155
734.703625,703.837125,830.443075
734.728175,703.881875,830.474975
734.774525,703.933525,830.53885
734.78445,703.95545,830.68105
734.853925,704.03355,830.73785
734.8572,704.06045,830.854825
734.89575,704.071325,830.90225
734.904625,704.08265,830.944125
734.9171,704.11765,830.994725
734.957525,704.17185,832.670475
734.975825,704.2137,832.744675
734.993975,704.2177,832.7477
735.0556,704.2374,832.8708
735.065075,704.3338,832.9215
735.0754,704.3679,833.22435
735.086975,704.39905,833.283175
735.155175,704.47965,833.717275
735.2269,704.530525,833.7264
735.300925,704.54275,834.172025
735.314575,704.5699,834.524
735.32035,704.631725,834.54105
735.33645,704.64895,834.552175
735.38755,704.747525,834.614875
735.460475,704.7848,834.98155
735.4881,704.792325,835.014775
735.560075,704.80575,835.793725
735.639725,704.81755,835.859325
735.682925,704.942425,835.956025
735.723,704.99245,836.996925
735.7368,705.013275,837.284125
735.763125,705.0363,837.355975
735.77565,705.0383,838.16665
735.80035,705.044225,838.454
735.8087,705.04815,839.132775
735.82555,705.0594,839.81645
735.843675,705.122125,840.0524
735.852275,705.1334,840.371325
735.883275,705.153825,840.420275
735.9269,705.1559,840.475175
735.9554,705.3868,840.842075
736.010675,705.43305,840.903875
736.062525,705.4772,840.9476
736.113,705.509125,841.02735
736.15055,705.5357,841.148275
736.195825,705.5673,841.469675
736.24475,705.5877,841.65015
736.285625,705.64465,841.671225
736.309725,705.6492,841.711875
736.350875,705.675625,842.103875
736.399875,705.7035,842.133025
736.4231,705.726325,842.206675
736.51145,705.7385,842.4885
736.5245,705.822075,842.51335
736.545075,705.863975,842.814525
736.58125,705.87655,842.841375
736.60865,705.9744,842.9993
736.7148,706.13575,843.0793
736.7792,706.3242,843.128675
736.86465,706.3406,843.3841
736.879375,706.3549,843.4334
736.908625,706.403975,843.4765
736.917,706.43425,843.556525
736.92205,706.4565,843.659975
736.977525,706.50995,843.706625
737.02535,706.5961,843.7603
737.181075,706.63235,843.774575
737.191725,706.63975,843.8398
737.243075,706.6641,843.91455
737.2997,706.697725,843.9831
737.330675,706.747375,844.100025
737.4557,706.837675,844.2335
737.54205,706.853375,844.3354
737.565425,706.863875,844.39775
737.568875,706.91155,844.73785
737.65545,706.970325,844.77415
737.67335,707.034575,844.821225
737.68185,707.05385,844.85575
737.687575,707.153725,844.9993
737.7599,707.32715,845.0329
737.77395,707.366125,845.125725
737.8022,707.4664,845.294225
737.8104,707.50275,845.374925
737.99145,707.666225,845.40735
737.996875,707.713275,845.4476
738.0703,707.84865,845.53535
738.120675,707.899025,845.85095
738.16745,707.935425,846.0945
738.241625,707.941275,846.19215
738.247325,707.978275,846.238875
738.268375,707.998675,846.25575
738.451825,708.037075,846.6601
738.508625,708.060375,846.718575
738.556075,708.1145,846.7581
738.57505,708.128875,846.803375
738.625775,708.158625,846.832675
738.651025,708.1929,847.020325
738.6612,708.198825,847.0815
738.676275,708.281725,847.354975
738.706125,708.304825,847.4053
738.72,708.433075,847.585425
738.82955,708.457275,847.68995
739.015675,708.530875,848.09905
739.053075,708.552525,848.169025
739.1388,708.57665,848.5878
739.1935,708.5785,849.21335
739.198175,708.673225,849.24855
739.20515,708.72965,849.35385
739.224725,708.82365,849.383475
739.5359,708.863925,849.412125
739.657775,708.9953,849.67495
739.729325,709.0369,849.7451
739.81,709.177175,849.7784
739.851025,709.26735,849.823825
739.88365,709.357225,849.95765
739.941925,709.387,849.99465
740.000225,709.46765,
740.087375,709.498975,
740.0905,709.5787,
740.1561,709.58565,
740.254325,709.59305,
740.4008,709.61665,
740.5008,709.630125,
740.648575,709.64265,
740.731575,709.6857,
740.81755,709.697825,
740.890325,709.716075,
740.8974,709.73025,
740.900525,709.749875,
741.048425,709.8175,
741.059425,709.92965,
741.150475,709.961,
741.16975,709.96935,
741.22275,710.050475,
741.26005,710.087675,
741.29095,710.104825,
741.3102,710.21075,
741.318175,710.380675,
741.36095,710.55785,
741.367425,710.58585,
741.372125,710.594225,
741.39295,710.6027,
741.40945,710.6788,
741.440075,710.690075,
741.445275,710.7831,
741.45455,710.828275,
741.63485,710.856125,
741.747275,710.9634,
741.7748,711.0421,
741.811225,711.0614,
741.89725,711.07335,
741.98805,711.0833,
742.01995,711.10135,
742.0527,711.218225,
742.291875,711.222025,
742.295325,711.2241,
742.37745,711.35735,
742.462275,711.37035,
742.4782,711.418225,
742.741325,711.4433,
742.782625,711.4768,
742.803475,711.483175,
742.857475,711.489275,
742.929525,711.55975,
742.9719,711.5862,
743.069275,711.639725,
743.105775,711.668675,
743.152075,711.709425,
743.313525,711.711375,
743.40565,711.7243,
743.416375,711.78625,
743.470975,711.79505,
743.49165,711.814225,
743.539,711.88075,
743.60615,711.908225,
743.750325,711.9389,
743.7953,711.959475,
743.827025,712.018225,
743.9682,712.044225,
743.9897,712.16205,
744.00505,712.348425,
744.0304,712.410025,
744.0987,712.433425,
744.31935,712.456875,
744.35145,712.491725,
744.408325,712.518325,
744.456875,712.53215,
744.5753,712.539475,
744.672375,712.711775,
744.69285,712.735825,
744.785675,712.801925,
744.88635,712.86065,
744.99115,712.891,
744.998825,712.909925,
745.0646,712.92935,
745.080175,712.976775,
745.14365,713.048575,
745.151875,713.0563,
745.185425,713.07055,
745.211425,713.11595,
745.300125,713.204575,
745.31645,713.24635,
745.343225,713.321675,
745.366125,713.325825,
745.50115,713.36595,
745.5116,713.410775,
745.53225,713.426275,
745.539675,713.4332,
745.57295,713.481925,
745.57505,713.504,
745.60995,713.5244,
745.6612,713.581525,
745.687,713.58945,
745.746375,713.61355,
745.830525,713.6583,
745.87305,713.66465,
745.928075,713.682775,
746.176775,713.7024,
746.19805,713.77165,
746.2132,713.83775,
746.2425,713.8496,
746.268275,713.865025,
746.2695,713.881825,
746.39695,713.96755,
746.42635,713.99465,
746.51865,713.997625,
746.658075,714.070575,
747.0855,714.14715,
747.0877,714.18545,
747.5346,714.202225,
747.552025,714.31035,
747.998675,714.334975,
748.0342,714.39205,
748.15005,714.441425,
748.2584,714.517875,
748.4119,714.6028,
748.669775,714.66485,
748.699625,714.711925,
748.769975,714.81075,
749.04895,714.829575,
749.233475,714.9324,
749.39645,714.95015,
749.497,714.992925,
749.735175,715.01065,
749.743375,715.049775,
749.875225,715.058325,
749.9364,715.113975,
750.17105,715.1287,
750.209025,715.1894,
750.2409,715.267775,
750.371025,715.27155,
750.388725,715.2747,
750.425775,715.2992,
750.430525,715.359175,
750.464175,715.36935,
750.54725,715.399475,
750.5969,715.443425,
750.63025,715.4517,
750.816025,715.480775,
750.850975,715.533075,
750.876175,715.584825,
750.98545,715.59945,
751.118425,715.60815,
751.27815,715.63355,
751.397075,715.71745,
751.446025,715.803275,
751.61475,715.817725,
751.64285,715.825275,
751.6824,715.87475,
751.75165,715.999325,
751.82285,716.003725,
751.906925,716.100475,
751.9209,716.20835,
751.927325,716.28945,
751.949225,716.291075,
752.0043,716.29375,
752.11275,716.312425,
752.1378,716.330375,
752.1726,716.3542,
752.2534,716.403075,
752.32585,716.4541,
752.387,716.57925,
752.545225,716.598125,
752.6461,716.62705,
752.78935,716.69635,
752.85115,716.75235,
752.888725,716.813225,
752.91535,716.92835,
752.91745,716.94695,
752.9282,716.961625,
752.94185,717.02405,
753.06615,717.06815,
753.128775,717.084175,
753.2656,717.086575,
753.27415,717.1398,
753.43055,717.151925,
753.4502,717.30295,
753.50905,717.37135,
753.515025,717.414275,
753.573225,717.454375,
753.5766,717.54855,
753.589225,717.58165,
753.6009,717.635625,
753.72845,717.681825,
753.8464,717.689175,
753.878275,717.6953,
754.00655,717.715875,
754.18015,717.784225,
754.302575,717.833075,
754.3135,717.870475,
754.337625,717.876425,
754.4697,717.892475,
754.4905,717.9243,
754.54515,717.944725,
754.64975,717.95155,
754.729225,717.9595,
754.97555,717.980475,
755.089125,718.025525,
755.091375,718.10125,
755.1726,718.1026,
755.20155,718.14625,
755.3084,718.160425,
755.394675,718.16685,
755.46385,718.243975,
755.4914,718.2934,
755.51935,718.33195,
755.704725,718.350425,
755.86815,718.3587,
755.95775,718.4074,
755.968975,718.416,
756.026525,718.4204,
756.031525,718.43555,
756.0918,718.518075,
756.18145,718.55975,
756.228575,718.587025,
756.308775,718.6137,
756.3206,718.66615,
756.3569,718.769075,
756.39745,718.788125,
756.48525,718.877275,
756.534675,718.968775,
756.692,718.974525,
756.8263,719.005125,
756.885175,719.05545,
756.8889,719.05645,
757.014375,719.1129,
757.086775,719.123325,
757.108825,719.26815,
757.218725,719.35585,
757.227,719.396675,
757.25385,719.42805,
757.273225,719.4624,
757.3161,719.579625,
757.439625,719.701625,
757.4702,719.8825,
757.478325,719.89055,
757.5113,720.003575,
757.519525,720.016725,
757.579075,720.07535,
757.63965,720.099575,
757.657325,720.141975,
757.716,720.16555,
757.859125,720.231775,
757.922425,720.266475,
758.00145,720.27415,
758.0456,720.36045,
758.05355,720.438325,
758.085725,720.505775,
758.10325,720.5414,
758.17115,720.558175,
758.18365,720.594925,
758.20635,720.6403,
758.227175,720.731975,
758.295325,720.794575,
758.4285,720.962175,
758.5035,721.018025,
758.52535,721.083575,
758.568925,721.123325,
758.6387,721.1579,
758.689075,721.1595,
758.77365,721.1629,
758.804,721.184675,
758.8114,721.203575,
758.816275,721.2938,
758.90685,721.330775,
758.9239,721.3679,
758.931025,721.383925,
759.005725,721.44055,
759.123725,721.4666,
759.2442,721.4938,
759.296225,721.523125,
759.377275,721.6207,
759.4122,721.6442,
759.4227,721.646175,
759.483175,721.655,
759.516,721.687425,
759.53295,721.701,
759.538575,721.73955,
759.7685,721.898425,
759.77405,721.917425,
759.853925,721.935875,
759.941975,721.94095,
760.172575,721.9459,
760.391625,721.989425,
760.4088,722.083675,
760.58485,722.19765,
760.62865,722.22895,
760.683925,722.4265,
760.741525,722.46675,
760.74645,722.497675,
760.799525,722.509225,
760.8904,722.5684,
761.229575,722.585575,
761.283675,722.674775,
761.344625,722.69995,
761.4183,722.7166,
761.4357,722.823175,
761.574175,722.89165,
761.7035,722.90325,
761.723275,722.906975,
761.754275,722.985625,
761.900775,723.00165,
761.91755,723.052825,
761.937975,723.08995,
761.95205,723.179875,
761.970175,723.250025,
762.0339,723.41375,
762.0908,723.47885,
762.218175,723.486525,
762.247575,723.502225,
762.351325,723.51735,
762.450775,723.53115,
762.45405,723.555375,
762.47495,723.592,
762.508275,723.6411,
762.597775,723.7057,
762.6265,723.72075,
762.852925,723.798025,
762.860775,723.80055,
762.862,723.864725,
762.941675,724.002025,
762.9843,724.04215,
763.12245,724.075,
763.13135,724.11885,
763.2203,724.13475,
763.29735,724.1999,
763.495025,724.2046,
763.558275,724.224975,
763.6968,724.354875,
763.890825,724.3682,
763.931525,724.4743,
764.0101,724.48965,
764.2077,724.5014,
764.3123,724.50365,
764.34215,724.5669,
764.3911,724.6543,
764.4858,724.6605,
764.572225,724.68315,
764.6223,724.703,
764.65865,724.738975,
764.82655,724.80125,
764.862275,724.8239,
764.906725,724.854775,
764.967025,724.88605,
764.972325,724.91255,
765.00775,724.968425,
765.030725,724.97645,
765.184225,725.007675,
765.190575,725.077675,
765.297175,725.0953,
765.3226,725.108075,
765.36535,725.168925,
765.369575,725.2328,
765.388275,725.277075,
765.4151,725.295225,
765.613575,725.378425,
765.720575,725.39735,
765.815675,725.441175,
766.028575,725.54375,
766.074125,725.557475,
766.1434,725.564525,
766.19205,725.578975,
766.213975,725.635975,
766.260025,725.6806,
766.32205,725.726825,
766.3454,725.8024,
766.4018,725.897225,
766.426125,725.9042,
766.640475,725.909925,
766.64225,725.9316,
766.658775,725.93815,
766.67815,725.9623,
766.699975,725.97285,
766.850275,726.023375,
766.87865,726.1383,
767.029375,726.19605,
767.06925,726.264675,
767.070675,726.328175,
767.085825,726.34,
767.137725,726.378825,
767.20195,726.39445,
767.251475,726.438225,
767.29025,726.486725,
767.310675,726.5842,
767.343125,726.72755,
767.356925,726.73195,
767.363275,726.7783,
767.464025,726.8507,
767.4796,726.8662,
767.515025,726.927175,
767.62095,726.9323,
767.63135,726.96505,
767.635875,726.976775,
767.6673,726.985825,
767.7196,726.99125,
767.81185,727.007325,
767.850375,727.036025,
768.065475,727.063625,
768.074425,727.0683,
768.16555,727.082875,
768.1719,727.189,
768.175175,727.2423,
768.198025,727.2725,
768.23755,727.2803,
768.316675,727.2965,
768.332675,727.351325,
768.35825,727.53485,
768.457825,727.601925,
768.579925,727.60725,
768.596625,727.6268,
768.648925,727.634825,
768.677275,727.7905,
768.7216,727.82715,
768.8418,727.87935,
768.948925,727.88185,
768.974375,727.909675,
769.091225,727.918925,
769.103625,727.92025,
769.1659,727.936525,
769.27875,727.939,
769.323275,727.983325,
769.339125,727.98675,
769.513275,727.9911,
769.565875,728.0132,
769.570025,728.0956,
769.59115,728.1312,
769.608375,728.162,
769.625175,728.2156,
769.62895,728.257575,
769.632375,728.26695,
769.65515,728.331975,
769.68405,728.3567,
769.69685,728.468,
769.7045,728.5061,
769.786775,728.511825,
769.8449,728.516775,
769.871925,728.5215,
769.984575,728.563575,
770.13445,728.61955,
770.3859,728.747425,
770.4001,728.820325,
770.4574,728.85345,
770.804475,728.935425,
770.8485,728.940925,
770.858575,728.98265,
770.968275,729.17785,
771.534825,729.20875,
771.5584,729.212725,
771.725925,729.253575,
771.881,729.299175,
771.910725,729.3138,
772.029525,729.45975,
772.0329,729.477175,
772.048725,729.580775,
772.2025,729.60675,
772.237375,729.7226,
772.2392,729.759525,
772.247,729.8008,
772.43505,729.8346,
772.463375,730.071,
772.5624,730.105925,
772.598175,730.1564,
772.663475,730.297225,
772.6985,730.311675,
772.808675,730.3281,
772.988575,730.495725,
773.02395,730.50505,
773.082325,730.612925,
773.116375,730.805225,
773.158425,730.963975,
773.2501,730.969475,
773.29805,731.173375,
773.36095,731.18625,
773.3988,731.20615,
773.476025,731.2091,
773.5705,731.234225,
773.61505,731.240725,
773.6639,731.2602,
773.666925,731.328775,
773.751975,731.371175,
773.823525,731.412725,
773.849975,731.4185,
773.876325,731.45225,
774.009275,731.45765,
774.080825,731.496925,
774.094425,731.56215,
774.23805,731.600625,
774.313675,731.724475,
774.358975,731.735125,
774.5268,731.8092,
774.6099,731.891225,
774.712875,731.909325,
774.719925,732.0647,
774.87505,732.164125,
774.993875,732.171275,
775.154725,732.1786,
775.164275,732.210875,
775.17905,732.27235,
775.185325,732.27605,
775.21825,732.28045,
775.33455,732.3068,
775.404,732.38695,
775.508725,732.45615,
775.517125,732.475125,
775.551625,732.582275,
775.563175,732.683075,
775.629975,732.693825,
775.65485,732.703125,
775.90855,732.7257,
776.018775,732.9082,
776.117275,732.956925,
776.174475,733.00415,
776.17765,733.07465,
776.225525,733.161875,
776.228975,733.21065,
776.245125,733.237725,
776.47635,733.2484,
776.4819,733.513675,
776.6098,733.594725,
776.631175,733.597875,
776.7136,733.629375,
776.79445,733.64525,
776.8899,733.765775,
776.89685,733.7843,
777.1421,733.82175,
777.15705,733.83665,
777.278075,733.962175,
777.319425,733.99415,
777.354225,733.99755,
777.585575,734.0765,
777.62065,734.07885,
777.646975,734.095675,
777.802425,734.16225,
777.85515,734.309675,
778.022825,734.32355,
778.154675,734.5311,
778.15695,734.594175,
778.306225,734.597025,
778.3121,734.678075,
778.428375,734.75505,
778.56925,734.762875,
778.5945,734.817075,
778.63155,734.823975,
778.6326,734.862,
778.823425,734.877925,
778.9027,734.88475,
778.961825,734.964075,
779.160425,734.987975,
779.18115,734.998825,
779.32085,735.1675,
779.45055,735.235575,
779.55925,735.25625,
779.76805,735.2752,
779.7725,735.29015,
779.818275,735.32595,
779.8194,735.3844,
780.1109,735.3905,
780.246825,735.447075,
780.263575,735.47135,
780.3515,735.481275,
780.409275,735.50995,
780.7271,735.523775,
780.792675,735.586575,
781.043225,735.665475,
781.133975,735.718425,
781.13725,735.768575,
781.2965,735.834425,
781.513675,735.85945,
781.5431,735.95745,
781.5753,736.04035,
781.866725,736.068875,
781.9105,736.18315,
781.915275,736.289575,
781.92005,736.318675,
781.924925,736.427475,
782.155425,736.47065,
782.18015,736.590275,
782.58735,736.61035,
782.626075,736.687475,
782.89415,736.7652,
782.9191,736.777525,
782.92565,736.8074,
783.043925,736.8118,
783.07785,736.934525,
783.31895,736.97975,
783.334075,737.0309,
783.367825,737.074675,
783.4294,737.14065,
783.449175,737.32535,
783.4734,737.356225,
783.598225,737.360775,
783.7283,737.4682,
783.7327,737.472,
783.746925,737.5196,
783.942275,737.608975,
784.041275,737.9136,
784.04545,737.95625,
784.197325,738.091275,
784.22345,738.098575,
784.4187,738.299875,
784.434025,738.433,
784.721725,738.4987,
784.776275,738.510375,
784.78365,738.5662,
784.797575,738.65855,
784.843925,738.6641,
784.8479,738.666375,
784.85385,738.727125,
785.105975,738.78205,
785.12045,738.8123,
785.14715,738.90255,
785.16075,738.9496,
785.276275,738.99485,
785.28885,739.06245,
785.376475,739.07015,
785.4441,739.10295,
785.502025,739.13625,
785.514475,739.209025,
785.523625,739.30525,
785.601675,739.333725,
785.762325,739.402275,
785.940475,739.404025,
786.147825,739.438925,
786.297725,739.510575,
786.3887,739.534175,
786.436425,739.5479,
786.58505,739.5827,
786.743875,739.597675,
786.753725,739.65845,
786.8293,739.768225,
786.952425,739.773925,
786.955225,739.817075,
786.9743,739.846075,
787.14945,739.95955,
787.19255,739.972625,
787.213125,739.991225,
787.481075,740.03115,
787.58315,740.04935,
787.7341,740.130075,
787.77875,740.135,
787.7865,740.180975,
787.85145,740.2417,
787.8736,740.347275,
787.934875,740.388225,
788.02215,740.42755,
788.0713,740.459775,
788.083625,740.4873,
788.0988,740.49655,
788.11385,740.541075,
788.17215,740.646375,
788.2017,740.6732,
788.2661,740.695675,
788.2828,740.8096,
788.2981,740.824925,
788.37055,740.884875,
788.398125,740.902875,
788.42285,740.931575,
788.46915,741.07785,
788.4921,741.08055,
788.54655,741.1425,
788.549925,741.143625,
788.5605,741.203525,
788.59915,741.310675,
788.6198,741.32635,
788.636475,741.34695,
788.69145,741.469425,
788.717625,741.499825,
788.7521,741.528675,
788.894025,741.611475,
788.97995,741.658375,
789.013825,741.67755,
789.037525,741.686425,
789.04245,741.69495,
789.091375,741.697725,
789.15475,741.776725,
789.1609,741.8367,
789.21375,741.857475,
789.367375,741.85885,
789.41055,741.9063,
789.66735,742.01615,
789.674325,742.0223,
789.6911,742.083625,
789.809375,742.08845,
789.839575,742.0983,
789.8863,742.24115,
789.94445,742.311075,
789.975425,742.329375,
790.0231,742.37545,
790.19855,742.3782,
790.235225,742.39455,
790.2474,742.450775,
790.286525,742.464075,
790.2961,742.5136,
790.328075,742.564275,
790.37205,742.575025,
790.412075,742.59335,
790.50015,742.686225,
790.59335,742.72255,
790.629125,742.73305,
790.71655,742.833125,
790.77935,742.839125,
790.80375,742.90335,
790.83195,742.949825,
790.905175,743.028825,
790.909925,743.041,
790.929125,743.069625,
790.944175,743.13235,
790.957775,743.150925,
790.97585,743.18595,
790.992875,743.2434,
791.0915,743.251575,
791.1294,743.257275,
791.15795,743.2914,
791.19075,743.326575,
791.21695,743.4122,
791.220725,743.466325,
791.26475,743.505725,
791.310025,743.545425,
791.3138,743.62025,
791.329525,743.63375,
791.358975,743.6475,
791.4547,743.708,
791.5032,743.73965,
791.59065,743.7564,
791.604625,743.899975,
791.694425,743.9055,
791.731125,744.0064,
791.796525,744.08595,
791.8212,744.0986,
791.9057,744.10155,
791.95695,744.153825,
792.010525,744.214325,
792.078025,744.300175,
792.138475,744.341625,
792.15895,744.573575,
792.2857,744.63955,
792.29415,744.752975,
792.298825,744.762425,
792.397975,744.8311,
792.459,744.8766,
792.54795,744.911875,
792.688775,744.944275,
792.8424,744.9991,
792.871125,745.0019,
792.907575,745.075375,
792.92465,745.1312,
792.9655,745.17645,
792.9862,745.200375,
793.03905,745.24005,
793.105325,745.269525,
793.115925,745.27625,
793.125675,745.32875,
793.187325,745.342925,
793.2201,745.35805,
793.261475,745.37625,
793.2667,745.389425,
793.3569,745.4413,
793.43585,745.4456,
793.45105,745.5156,
793.516125,745.54345,
793.56655,745.910675,
793.603475,746.0287,
793.6251,746.0643,
793.6296,746.178875,
793.75295,746.217275,
793.770125,746.22825,
793.90335,746.277175,
793.91395,746.345225,
793.9186,746.36055,
793.94215,746.377325,
793.95145,746.449325,
793.960325,746.48515,
793.983225,746.526625,
794.146325,746.543325,
794.307175,746.556175,
794.554525,746.598075,
794.61325,746.6992,
794.616525,746.714325,
794.62845,746.74045,
794.6806,746.787625,
795.033075,746.81915,
795.13975,746.932825,
795.2615,747.043475,
795.407425,747.047475,
795.513175,747.07525,
795.5531,747.3354,
795.6919,747.424275,
795.70515,747.515175,
795.7626,747.54345,
795.81745,747.5848,
795.93025,747.60375,
796.014125,747.60945,
796.40035,747.62495,
796.561375,747.702875,
796.607,747.720175,
796.8292,747.788025,
797.072025,747.79705,
797.077375,747.804025,
797.257625,747.8755,
797.291075,747.896875,
797.328125,747.982225,
797.3968,747.9949,
797.44755,748.13135,
797.8128,748.33775,
797.857525,748.3512,
797.879925,748.394725,
797.899125,748.53065,
797.959225,748.6317,
798.0725,748.722075,
798.0785,748.85215,
798.3357,748.924725,
798.355825,748.929775,
798.4488,748.986925,
798.475475,749.0818,
798.674875,749.0967,
798.73335,749.12835,
798.8503,749.136025,
798.92035,749.1499,
799.005325,749.164075,
799.09655,749.170825,
799.148325,749.245625,
799.21795,749.27195,
799.27045,749.335725,
799.30055,749.351075,
799.35045,749.385825,
799.416125,749.393175,
799.53185,749.40005,
799.63125,749.408225,
799.63575,749.436975,
799.82075,749.4479,
799.898075,749.47165,
799.931325,749.494425,
799.9597,749.5117,
799.9903,749.5503,
799.9954,749.68425,
800.070375,749.760875,
800.091425,749.772775,
800.328025,749.7906,
800.555825,749.8305,
800.633,749.878875,
800.74945,749.944625,
800.791175,750.073525,
800.90885,750.095125,
800.955,750.11015,
801.0366,750.174075,
801.263925,750.217025,
801.3542,750.230875,
801.377625,750.3235,
801.4402,750.342025,
801.488625,750.477975,
801.56285,750.559775,
801.65315,750.5631,
801.87665,750.609125,
801.91425,750.661225,
801.961025,750.787775,
801.9848,750.810225,
801.997275,750.8974,
802.053075,750.950525,
802.116875,750.970325,
802.235775,751.0269,
802.29505,751.07535,
802.301525,751.113125,
802.428325,751.14715,
802.5395,751.1802,
802.601475,751.20125,
802.6791,751.211225,
802.728,751.2597,
802.79175,751.262325,
803.0019,751.28615,
803.0394,751.360275,
803.075325,751.52135,
803.38475,751.52525,
803.614425,751.537325,
803.63145,751.565825,
803.64435,751.59595,
803.71795,751.675275,
803.77705,751.712675,
803.8316,751.7635,
804.0389,751.81815,
804.076625,751.823925,
804.205975,751.9979,
804.24005,752.033375,
804.254975,752.078875,
804.321175,752.112525,
804.32275,752.115125,
804.3697,752.13515,
804.483525,752.199425,
804.5117,752.30555,
804.614225,752.3311,
804.76135,752.4028,
804.99635,752.422275,
804.99785,752.4318,
805.10605,752.5145,
805.1877,752.5315,
805.278925,752.5467,
805.33425,752.578775,
805.346725,752.748575,
805.37065,752.761825,
805.49095,752.927425,
805.51675,752.985025,
805.529625,752.994875,
805.57205,752.9969,
805.69105,753.026175,
805.72695,753.031425,
805.7862,753.04895,
806.069875,753.0741,
806.07705,753.092,
806.117275,753.14775,
806.177725,753.1644,
806.35025,753.205925,
806.404925,753.228675,
806.4918,753.234425,
806.493875,753.299175,
806.70645,753.3234,
806.720275,753.3297,
806.76455,753.33585,
806.920975,753.4095,
807.001675,753.469575,
807.027225,753.500325,
807.156125,753.52755,
807.173225,753.641225,
807.251575,753.7381,
807.3902,753.75975,
807.484825,753.77385,
807.5951,753.87105,
807.597275,753.87665,
807.622925,753.93105,
807.6915,753.938975,
807.7336,753.959325,
807.8218,753.971275,
807.864225,753.989325,
807.88325,754.029425,
807.898075,754.056725,
807.97835,754.250575,
807.9867,754.2562,
807.997575,754.267425,
808.07485,754.2733,
808.147275,754.359525,
808.17275,754.383725,
808.231425,754.39785,
808.246725,754.401525,
808.734575,754.5589,
808.758575,754.653475,
808.7607,754.67475,
808.83605,754.68155,
808.961925,754.846275,
809.08195,754.885475,
809.086425,754.9306,
809.1602,755.013425,
809.2263,755.0323,
809.361775,755.0862,
809.390725,755.128775,
809.398025,755.2555,
809.54525,755.278325,
809.5725,755.288525,
809.65565,755.294925,
809.657125,755.300525,
809.796925,755.3988,
809.800675,755.409825,
809.80365,755.41205,
809.953225,755.4535,
810.011225,755.470225,
810.016775,755.482175,
810.026275,755.502075,
810.161825,755.52905,
810.222475,755.531425,
810.24815,755.56095,
810.2796,755.683375,
810.294275,755.686575,
810.324875,755.782725,
810.346625,755.8098,
810.42065,755.8415,
810.4382,755.860625,
810.559975,755.86305,
810.62,755.86895,
810.746775,755.885625,
810.8436,755.912675,
810.954325,755.922325,
811.008075,756.006,
811.026175,756.089975,
811.11205,756.1107,
811.294925,756.193475,
811.650075,756.24175,
811.744525,756.278225,
811.7776,756.295175,
811.88325,756.3457,
811.9837,756.355525,
812.080775,756.416,
812.11145,756.49595,
812.126175,756.516425,
812.2878,756.600175,
812.37835,756.666475,
812.461275,756.68615,
812.685175,756.730875,
812.7791,756.766425,
813.056625,756.79395,
813.064675,756.80455,
813.097975,756.821675,
813.1183,756.82375,
813.122875,756.829225,
813.127825,756.844925,
813.1776,756.8954,
813.2013,756.993575,
813.21465,757.0396,
813.2489,757.044975,
813.268275,757.097975,
813.445525,757.177175,
813.527975,757.20145,
813.53775,757.242025,
813.594525,757.307825,
813.72975,757.389625,
813.760475,757.717225,
813.806125,757.722675,
813.824275,757.8352,
813.84605,758.0307,
813.941975,758.140875,
813.957775,758.252475,
814.03885,758.40295,
814.054375,758.4422,
814.243175,758.612,
814.3037,758.617225,
814.35305,758.632475,
814.374225,758.666075,
814.397475,758.741025,
814.40985,758.7791,
814.488625,758.80275,
814.50885,758.8293,
814.56465,758.936225,
814.5765,759.003125,
814.621825,759.04095,
814.730675,759.3118,
814.8266,759.3709,
814.888325,759.390625,
814.920775,759.4612,
815.0073,759.46265,
815.0362,759.48545,
815.0468,759.541,
815.06695,759.594075,
815.133,759.747875,
815.181925,759.7975,
815.22095,759.799925,
815.367625,759.890625,
815.4063,759.99495,
815.5633,760.035825,
815.616925,760.04305,
815.741725,760.048275,
815.74935,760.0788,
815.894775,760.1246,
815.915875,760.129175,
815.91925,760.191225,
815.997375,760.206775,
816.1293,760.2309,
816.202525,760.3014,
816.20615,760.374925,
816.2673,760.396825,
816.2922,760.446075,
816.341825,760.5064,
816.36575,760.545575,
816.48435,760.802975,
816.699925,760.8731,
817.199275,760.91195,
817.404625,760.933625,
817.4557,761.06315,
817.6267,761.0858,
817.709425,761.1743,
817.83215,761.1784,
817.906025,761.2133,
818.171675,761.27965,
818.269375,761.30395,
818.345375,761.311825,
818.428725,761.341025,
818.48015,761.421075,
818.77645,761.445825,
818.92345,761.474025,
818.991175,761.5085,
819.131775,761.54915,
819.197575,761.570125,
819.26835,761.586075,
819.291075,761.627825,
819.3987,761.64285,
819.431725,761.65895,
819.4534,761.66775,
819.66795,761.696375,
819.83155,761.751525,
820.016925,761.808925,
820.08085,761.81695,
820.082425,761.86325,
820.1467,762.02915,
820.149675,762.0403,
820.1856,762.0467,
820.305125,762.124825,
820.32465,762.131375,
820.46615,762.1396,
820.5538,762.165225,
820.576075,762.20245,
820.6278,762.2097,
820.7819,762.2547,
820.789,762.315525,
820.8113,762.35445,
820.86335,762.425975,
820.913925,762.45065,
821.1235,762.508325,
821.13325,762.54915,
821.1825,762.5631,
821.3165,762.5986,
821.37525,762.72595,
821.389925,762.747325,
821.8292,762.7491,
821.8923,762.7576,
821.915175,762.801325,
822.084275,762.808925,
822.300175,762.8138,
822.368325,762.875125,
822.45115,762.931125,
822.4539,762.941525,
822.505925,762.96805,
822.5402,763.0556,
822.55675,763.09825,
822.591075,763.11855,
822.656725,763.150225,
822.681075,763.4588,
822.7035,763.562375,
822.745825,763.6421,
822.775575,764.22935,
822.7946,764.2821,
822.948325,764.346475,
823.189825,764.376675,
823.2323,764.403325,
823.37535,764.458,
823.5326,764.536,
823.58395,764.5476,
823.66815,764.7374,
823.7363,764.769175,
823.83765,764.775125,
823.926,764.7822,
824.04525,764.942475,
824.0948,765.019375,
824.228075,765.0925,
824.2852,765.10405,
824.3064,765.118325,
824.548625,765.177875,
824.724925,765.251975,
824.7667,765.34765,
824.78025,765.35765,
824.791025,765.38325,
824.806125,765.452175,
824.8564,765.605875,
824.88745,765.635725,
824.89585,765.663775,
825.013875,765.691025,
825.055975,765.779675,
825.1006,765.8193,
825.11155,765.836175,
825.156425,765.87065,
825.4577,765.950425,
825.546775,766.002225,
825.547875,766.0867,
825.5746,766.169475,
825.5925,766.211575,
825.632325,766.229475,
825.693925,766.299875,
825.718925,766.31345,
825.797225,766.354725,
825.86695,766.42285,
826.03945,766.46495,
826.051475,766.51235,
826.122,766.545025,
826.188075,766.55845,
826.2267,766.56175,
826.229875,766.6281,
826.3139,766.636225,
826.3281,766.74,
826.3574,766.779175,
826.443475,766.78505,
826.45935,766.894075,
826.567825,766.924025,
826.731875,767.0209,
827.11525,767.0451,
827.1375,767.1351,
827.3139,767.164575,
827.315475,767.191625,
827.32355,767.233975,
827.754375,767.2557,
827.758625,767.25975,
827.874775,767.2627,
827.87805,767.2701,
827.883825,767.47455,
828.124325,767.5424,
828.18215,767.56635,
828.19025,767.6021,
828.19695,767.62425,
828.667425,767.637425,
828.77795,767.701625,
828.904125,767.871675,
829.6408,767.908725,
829.860675,767.93735,
829.8695,767.96175,
830.017625,767.995175,
830.0468,768.1099,
830.061325,768.22475,
830.092325,768.262575,
830.096725,768.397675,
830.183375,768.437125,
830.234575,768.48555,
830.36705,768.523475,
830.5942,768.6705,
830.7758,768.6906,
830.88535,768.83985,
830.895575,768.98365,
830.953575,768.988775,
830.985525,769.019525,
831.058775,769.05605,
831.064325,769.119475,
831.1009,769.13425,
831.135425,769.162875,
831.4632,769.214225,
831.64565,769.327975,
831.655125,769.423725,
831.838725,769.448975,
831.91015,769.467975,
831.9758,769.524275,
832.014,769.544425,
832.0612,769.5855,
832.107325,769.619075,
832.11755,769.733275,
832.13455,769.78125,
832.158125,769.78505,
832.2007,769.824175,
832.666525,769.8573,
832.7331,769.87475,
832.78275,769.893675,
833.074275,769.9156,
833.180625,769.982375,
833.265875,770.028625,
833.27415,770.0305,
833.27915,770.074875,
833.3824,770.08345,
833.424375,770.11885,
833.56195,770.140075,
833.61955,770.163125,
833.644375,770.192425,
833.692625,770.202525,
833.71065,770.228,
833.744325,770.273425,
833.7532,770.4073,
833.793825,770.51655,
833.8693,770.560625,
833.873725,770.67685,
833.931825,770.6948,
833.9674,770.775625,
833.9774,770.820725,
833.988925,770.8327,
834.004825,770.86775,
834.073475,770.90905,
834.0882,770.92105,
834.09605,770.9617,
834.10965,770.97485,
834.166875,771.065825,
834.226275,771.111625,
834.243075,771.240075,
834.314375,771.287225,
834.3814,771.394675,
834.520975,771.4443,
834.5264,771.57485,
834.53515,771.63745,
834.552425,771.66625,
834.553975,771.682375,
834.5872,771.71885,
834.650275,771.722475,
834.65805,771.745275,
834.814225,771.752725,
834.851575,771.753925,
834.888975,771.932825,
834.95335,771.9391,
835.21595,771.9558,
835.25055,771.9579,
835.282675,771.981425,
835.3198,772.075125,
835.332375,772.0951,
835.418,772.099525,
835.4877,772.106525,
835.511875,772.257325,
835.5437,772.2701,
835.54675,772.315675,
835.674,772.3304,
835.75075,772.3442,
835.8941,772.37375,
835.911,772.388175,
835.963,772.4409,
836.019375,772.48135,
836.142125,772.511575,
836.225425,772.602575,
836.351825,772.62775,
836.424875,772.7528,
836.490675,772.7738,
836.533475,772.775625,
836.57005,772.8054,
836.573275,772.8774,
836.6384,772.9677,
836.735625,773.01255,
836.792675,773.030475,
836.805325,773.0605,
836.81715,773.065775,
836.864325,773.07915,
837.07005,773.11625,
837.133675,773.122225,
837.168875,773.187725,
837.3005,773.21285,
837.3335,773.239425,
837.48305,773.24475,
837.504075,773.266125,
837.5821,773.36265,
837.6551,773.38815,
837.713875,773.417725,
837.812575,773.421025,
837.871225,773.5763,
837.88355,773.598525,
837.979425,773.6081,
838.1248,773.712625,
838.184075,773.746225,
838.2436,773.759925,
838.30715,773.780525,
838.410625,773.8306,
838.6847,773.8625,
838.761625,773.95215,
838.89335,773.979525,
839.009175,773.983725,
839.04145,774.00775,
839.07155,774.07025,
839.102875,774.114975,
839.124925,774.154975,
839.14185,774.181275,
839.199125,774.21315,
839.286825,774.220425,
839.33135,774.22475,
839.492525,774.28425,
839.56965,774.313075,
839.649075,774.41195,
839.739925,774.460625,
840.15695,774.521525,
840.227175,774.557575,
840.368675,774.58615,
840.402325,774.599625,
840.40515,774.6837,
840.4946,774.7513,
840.73755,774.783975,
840.837125,774.7908,
840.933,774.83995,
841.01425,774.9126,
841.03335,774.97555,
841.11975,774.9811,
841.139975,775.0072,
841.303875,775.0514,
841.40645,775.088,
841.42045,775.099475,
841.45865,775.160875,
841.52525,775.16465,
841.55965,775.237825,
841.63415,775.241475,
841.642675,775.281075,
841.6993,775.3233,
841.795825,775.330525,
841.812125,775.39105,
841.971325,775.443875,
842.064675,775.45255,
842.14035,775.4646,
842.152575,775.51785,
842.172225,775.62995,
842.25535,775.66155,
842.36315,775.69735,
842.39555,775.6993,
842.39955,775.71865,
842.46,775.7213,
842.48675,775.85505,
842.529075,775.912325,
842.675475,775.9194,
842.77325,776.040575,
842.928125,776.101525,
842.95775,776.1238,
842.996375,776.132425,
843.1863,776.183875,
843.38635,776.2006,
843.38775,776.202325,
843.389625,776.228275,
843.3929,776.276575,
843.40135,776.2929,
843.4727,776.33355,
843.4954,776.38105,
843.52555,776.383625,
843.676875,776.4002,
843.711825,776.430775,
843.724275,776.473,
843.768625,776.476725,
843.845525,776.5139,
843.889225,776.57695,
843.940175,776.6201,
844.10435,776.68865,
844.110725,776.706025,
844.203575,776.7078,
844.27505,776.758675,
844.297375,776.776825,
844.300125,776.821275,
844.308275,776.846225,
844.439725,776.918475,
844.44765,776.938775,
844.463975,776.954975,
844.5724,777.0065,
844.581625,777.0441,
844.616625,777.07105,
844.7426,777.12745,
844.8383,777.199625,
844.8645,777.24725,
844.91665,777.290275,
844.947975,777.311,
845.038925,777.37975,
845.055375,777.467275,
845.24045,777.471825,
845.247925,777.4897,
845.2648,777.523975,
845.32355,777.5423,
845.382875,777.56715,
845.3939,777.583575,
845.41045,777.6124,
845.423275,777.8445,
845.46415,777.854425,
845.649925,777.95205,
845.6714,778.021025,
845.6936,778.087025,
845.780725,778.0911,
845.935525,778.122,
846.0135,778.1633,
846.4384,778.208525,
846.533425,778.235525,
846.55755,778.321975,
846.57375,778.336175,
846.580875,778.39465,
846.599825,778.4281,
846.64915,778.544175,
846.6933,778.826375,
846.708275,778.8799,
846.743225,778.89675,
846.963225,778.916225,
847.033575,778.946775,
847.1441,779.049625,
847.147375,779.063475,
847.15775,779.097875,
847.27495,779.143025,
847.305,779.228475,
847.4313,779.26915,
847.626225,779.31865,
847.7011,779.333075,
847.7768,779.350125,
847.822775,779.434325,
848.0639,779.4692,
848.066375,779.490925,
848.1024,779.578275,
848.136625,779.624175,
848.180375,779.6387,
848.220075,779.6412,
848.223375,779.696075,
848.3321,779.704925,
848.3399,779.7433,
848.3812,779.791025,
848.42565,779.8202,
848.4298,779.90115,
848.436825,779.918225,
848.5267,779.92695,
848.6123,779.99995,
848.6165,780.149075,
848.634875,780.235475,
848.789475,780.2856,
848.848975,780.33085,
848.8943,780.535,
849.02925,780.5954,
849.1345,780.6287,
849.145925,780.7123,
849.174875,780.7243,
849.187,780.7313,
849.2062,780.768725,
849.3052,780.7714,
849.343325,780.78425,
849.385475,780.814175,
849.397525,780.84025,
849.417075,780.8469,
849.419775,780.8796,
849.602925,780.883275,
849.7701,780.9104,
,780.933925,
,780.942875,
,780.971375,
,780.980375,
,781.0777,
,781.098475,
,781.1362,
,781.167375,
,781.218225,
,781.241,
,781.2611,
,781.350575,
,781.40885,
,781.44085,
,781.466525,
,781.497775,
,781.618625,
,781.631425,
,781.691125,
,781.7465,
,781.779225,
,781.78125,
,781.789225,
,781.8622,
,781.882025,
,781.92465,
,782.4671,
,782.498225,
,782.51095,
,782.5246,
,782.625875,
,782.65485,
,782.691225,
,782.849625,
,782.86065,
,782.916825,
,782.935875,
,782.965925,
,782.9715,
,783.282625,
,783.3779,
,783.519625,
,783.56115,
,783.597475,
,783.604,
,783.669025,
,783.674775,
,783.743975,
,783.7657,
,783.7746,
,783.850625,
,783.880425,
,784.01,
,784.042725,
,784.092825,
,784.116175,
,784.137,
,784.148375,
,784.205225,
,784.27515,
,784.276275,
,784.363925,
,784.373375,
,784.5173,
,784.524325,
,784.562475,
,784.5689,
,784.651175,
,784.681275,
,784.685525,
,784.74565,
,784.75355,
,784.796075,
,784.8152,
,784.8628,
,784.9503,
,785.06055,
,785.085,
,785.1513,
,785.1923,
,785.218225,
,785.240775,
,785.2854,
,785.336575,
,785.35805,
,785.37525,
,785.384575,
,785.388775,
,785.43375,
,785.445775,
,785.4761,
,785.524725,
,785.54025,
,785.622475,
,785.75375,
,785.91525,
,786.0152,
,786.07125,
,786.1131,
,786.15005,
,786.179775,
,786.2062,
,786.2175,
,786.510225,
,786.60885,
,786.6287,
,786.698475,
,786.7319,
,786.746675,
,786.752775,
,786.78705,
,786.8872,
,786.908725,
,786.940575,
,786.964775,
,787.0181,
,787.074975,
,787.0891,
,787.1343,
,787.15075,
,787.15855,
,787.244575,
,787.285575,
,787.3371,
,787.35575,
,787.36835,
,787.401975,
,787.473625,
,787.532075,
,787.68935,
,787.707425,
,787.750025,
,787.762525,
,787.818225,
,787.836075,
,787.87885,
,787.954525,
,788.0022,
,788.009375,
,788.01235,
,788.081275,
,788.0919,
,788.1239,
,788.16985,
,788.179625,
,788.25175,
,788.348575,
,788.41435,
,788.4507,
,788.4539,
,788.471775,
,788.50555,
,788.5478,
,788.568,
,788.640025,
,788.656525,
,788.7042,
,788.815525,
,788.831075,
,788.85505,
,788.88135,
,788.907475,
,788.9166,
,788.998025,
,789.028875,
,789.041675,
,789.150525,
,789.15195,
,789.17845,
,789.1953,
,789.27345,
,789.3498,
,789.35105,
,789.43645,
,789.4587,
,789.52545,
,789.57975,
,789.61245,
,789.6272,
,789.629925,
,789.68225,
,789.792825,
,789.803625,
,789.8387,
,789.85385,
,789.94565,
,789.962925,
,789.9699,
,789.97175,
,790.062875,
,790.3681,
,790.37885,
,790.381075,
,790.4328,
,790.455875,
,790.587675,
,790.98035,
,791.005375,
,791.08065,
,791.099175,
,791.126025,
,791.19875,
,791.25045,
,791.2949,
,791.3245,
,791.3281,
,791.40835,
,791.536125,
,791.56585,
,791.638525,
,791.642375,
,791.659525,
,791.6794,
,791.744475,
,791.76775,
,791.7863,
,791.8099,
,791.870525,
,791.871625,
,791.908025,
,792.06425,
,792.084025,
,792.0859,
,792.24145,
,792.275775,
,792.287,
,792.36095,
,792.37675,
,792.395475,
,792.411425,
,792.456,
,792.489975,
,792.49455,
,792.510225,
,792.549575,
,792.5676,
,792.57355,
,792.6243,
,792.63495,
,792.66555,
,792.667475,
,792.773975,
,792.805875,
,792.8202,
,792.9271,
,792.929775,
,792.96085,
,792.99745,
,793.099875,
,793.15655,
,793.167,
,793.341225,
,793.427175,
,793.56545,
,793.589975,
,793.598975,
,793.607,
,793.63105,
,793.693275,
,793.7284,
,793.746625,
,793.86355,
,793.905975,
,793.9122,
,793.951425,
,794.06805,
,794.084475,
,794.0857,
,794.105175,
,794.11465,
,794.1248,
,794.184225,
,794.19675,
,794.197775,
,794.2066,
,794.28905,
,794.3422,
,794.516525,
,794.534325,
,794.561575,
,794.6831,
,794.944,
,795.036025,
,795.05295,
,795.16015,
,795.26665,
,795.445275,
,795.74165,
,795.883375,
,795.90545,
,795.961625,
,795.97985,
,796.023325,
,796.09365,
,796.181275,
,796.186325,
,796.217275,
,796.2837,
,796.298125,
,796.383925,
,796.4236,
,796.4395,
,796.47015,
,796.5139,
,796.54255,
,796.579475,
,796.65795,
,796.664075,
,796.725875,
,796.783275,
,796.812525,
,796.877775,
,796.894075,
,796.924875,
,796.96605,
,797.027475,
,797.09755,
,797.190925,
,797.2457,
,797.34175,
,797.3628,
,797.37065,
,797.3918,
,797.430825,
,797.47035,
,797.624275,
,797.641575,
,797.6716,
,797.696175,
,797.80005,
,797.85175,
,797.92025,
,797.946875,
,798.000725,
,798.043975,
,798.07165,
,798.105075,
,798.123475,
,798.151075,
,798.211475,
,798.248375,
,798.252425,
,798.281825,
,798.3038,
,798.35705,
,798.35875,
,798.458975,
,798.49435,
,798.573975,
,798.644775,
,798.693625,
,798.701175,
,798.804175,
,798.828275,
,798.86825,
,798.8731,
,798.989225,
,799.005125,
,799.010425,
,799.034125,
,799.0883,
,799.09205,
,799.119525,
,799.15685,
,799.17075,
,799.2094,
,799.298575,
,799.308925,
,799.321725,
,799.341825,
,799.3562,
,799.399925,
,799.45565,
,799.47965,
,799.574325,
,799.646125,
,799.731075,
,799.76475,
,799.85555,
,799.88505,
,799.90425,
,799.936575,
,800.07065,
,800.127275,
,800.263425,
,800.293275,
,800.3493,
,800.38515,
,800.44475,
,800.5412,
,800.627375,
,800.69755,
,800.758225,
,800.7738,
,800.7869,
,800.7977,
,800.8125,
,800.828075,
,800.86555,
,800.8836,
,800.889325,
,800.924,
,800.9821,
,801.009125,
,801.05245,
,801.11235,
,801.117425,
,801.292175,
,801.4229,
,801.49105,
,801.494175,
,801.5718,
,801.64275,
,801.67245,
,801.6914,
,801.75435,
,801.766825,
,801.7996,
,801.8815,
,801.91795,
,801.983625,
,802.046525,
,802.07565,
,802.121625,
,802.2663,
,802.289,
,802.291625,
,802.323325,
,802.430525,
,802.52935,
,802.5653,
,802.587775,
,802.64825,
,802.658375,
,802.71705,
,802.723225,
,802.750825,
,802.79355,
,802.83945,
,802.8996,
,802.91975,
,802.988775,
,802.995375,
,803.0087,
,803.0136,
,803.18195,
,803.190175,
,803.19835,
,803.207125,
,803.224175,
,803.283575,
,803.28945,
,803.2918,
,803.349425,
,803.459825,
,803.480875,
,803.563575,
,803.59245,
,803.60655,
,803.688225,
,803.695,
,803.76265,
,803.767475,
,803.776225,
,803.80285,
,803.844325,
,803.8637,
,803.869825,
,803.897775,
,803.9185,
,803.92145,
,803.961325,
,804.020475,
,804.02485,
,804.027325,
,804.12275,
,804.136125,
,804.143775,
,804.158025,
,804.3623,
,804.4252,
,804.432875,
,804.468075,
,804.50555,
,804.513175,
,804.527425,
,804.53455,
,804.55345,
,804.598425,
,804.663025,
,804.691625,
,804.697,
,804.765825,
,804.79195,
,804.81415,
,804.83365,
,804.8654,
,804.904225,
,804.944475,
,805.010275,
,805.198475,
,805.200475,
,805.2024,
,805.219075,
,805.225025,
,805.249525,
,805.305,
,805.3179,
,805.408175,
,805.531375,
,805.548775,
,805.610275,
,805.7088,
,805.73135,
,805.757475,
,805.76505,
,805.777825,
,805.818675,
,805.8204,
,805.82995,
,805.8858,
,805.92565,
,805.952225,
,806.014125,
,806.1427,
,806.2883,
,806.30385,
,806.306575,
,806.310825,
,806.39935,
,806.4495,
,806.46725,
,806.524825,
,806.722975,
,806.73725,
,806.745425,
,806.766025,
,806.812375,
,806.905575,
,806.9394,
,807.03935,
,807.320275,
,807.580575,
,807.727825,
,807.785425,
,807.8164,
,807.824,
,807.8962,
,807.918875,
,807.94685,
,807.98475,
,808.032775,
,808.18715,
,808.233525,
,808.244475,
,808.24775,
,808.282875,
,808.304725,
,808.3807,
,808.385325,
,808.400375,
,808.453225,
,808.465575,
,808.488875,
,808.496925,
,808.5774,
,808.58245,
,808.609875,
,808.65935,
,808.7339,
,808.745125,
,808.747875,
,808.7527,
,808.80865,
,808.824075,
,808.8277,
,808.876475,
,808.89445,
,808.919775,
,808.95585,
,809.036275,
,809.07765,
,809.088325,
,809.100325,
,809.127725,
,809.162475,
,809.19615,
,809.1988,
,809.314775,
,809.336425,
,809.35515,
,809.4032,
,809.4141,
,809.4284,
,809.603925,
,809.634525,
,809.646325,
,809.648075,
,809.66045,
,809.7069,
,809.780225,
,809.8665,
,809.874575,
,809.938125,
,810.0101,
,810.049325,
,810.1048,
,810.11415,
,810.1515,
,810.1978,
,810.255375,
,810.25915,
,810.30355,
,810.422725,
,810.449675,
,810.4785,
,810.4951,
,810.50865,
,810.513825,
,810.545325,
,810.583475,
,810.6402,
,810.7501,
,810.7536,
,810.76875,
,810.77275,
,810.7997,
,810.821225,
,810.856125,
,810.861325,
,810.972625,
,811.0131,
,811.0198,
,811.032175,
,811.044625,
,811.05935,
,811.068025,
,811.07565,
,811.0825,
,811.10915,
,811.1798,
,811.209,
,811.33365,
,811.3606,
,811.399675,
,811.44425,
,811.53035,
,811.580375,
,811.603575,
,811.606225,
,811.6131,
,811.6271,
,811.64175,
,811.69535,
,811.70745,
,811.715425,
,811.779225,
,811.805325,
,811.85965,
,811.8769,
,811.9155,
,811.938375,
,811.95775,
,812.0573,
,812.077825,
,812.1336,
,812.1358,
,812.14175,
,812.186525,
,812.2283,
,812.273325,
,812.293775,
,812.30105,
,812.31975,
,812.34925,
,812.36785,
,812.387075,
,812.449,
,812.499925,
,812.5168,
,812.5269,
,812.6818,
,812.71695,
,812.75815,
,812.779075,
,812.7954,
,812.7994,
,812.8134,
,812.9117,
,812.95335,
,812.975625,
,813.0429,
,813.14,
,813.191525,
,813.254175,
,813.28355,
,813.48115,
,813.506425,
,813.51855,
,813.5561,
,813.720175,
,813.73495,
,813.774575,
,813.9025,
,813.93105,
,813.93855,
,813.97455,
,814.020625,
,814.064675,
,814.08885,
,814.254725,
,814.25705,
,814.28675,
,814.33755,
,814.368825,
,814.408075,
,814.4412,
,814.5091,
,814.649725,
,814.823025,
,814.84885,
,814.91025,
,814.916075,
,814.917375,
,814.932175,
,814.94575,
,815.022275,
,815.0552,
,815.09545,
,815.141575,
,815.1759,
,815.298375,
,815.377025,
,815.37915,
,815.526225,
,815.593025,
,815.686325,
,815.755525,
,815.7579,
,815.769875,
,815.774175,
,815.78945,
,815.827025,
,815.8706,
,815.928225,
,815.9505,
,815.9614,
,815.967775,
,815.98065,
,816.00225,
,816.0303,
,816.08195,
,816.1053,
,816.121325,
,816.1834,
,816.2042,
,816.268025,
,816.30745,
,816.311075,
,816.354875,
,816.401125,
,816.4186,
,816.6931,
,816.69785,
,816.7716,
,816.817125,
,817.01745,
,817.1333,
,817.1802,
,817.261425,
,817.31215,
,817.3234,
,817.377925,
,817.426525,
,817.42825,
,817.452,
,817.514025,
,817.5603,
,817.582125,
,817.613725,
,817.651325,
,817.6539,
,817.6625,
,817.7029,
,817.773975,
,817.807875,
,817.848975,
,817.87725,
,817.932675,
,817.9591,
,818.247675,
,818.274625,
,818.2831,
,818.294475,
,818.32965,
,818.336,
,818.343875,
,818.450425,
,818.4697,
,818.571275,
,818.585225,
,818.6022,
,818.771075,
,818.809825,
,818.82465,
,818.831675,
,818.83405,
,818.8636,
,818.88115,
,818.909125,
,818.923525,
,818.97565,
,819.035925,
,819.050275,
,819.066275,
,819.07885,
,819.097425,
,819.104525,
,819.14405,
,819.15645,
,819.216375,
,819.286975,
,819.35455,
,819.3589,
,819.432525,
,819.447725,
,819.452375,
,819.45425,
,819.473325,
,819.531025,
,819.540075,
,819.567525,
,819.62395,
,819.65215,
,819.659925,
,819.7241,
,819.779325,
,819.817575,
,819.83755,
,819.85955,
,819.907375,
,819.9728,
,820.019175,
,820.043425,
,820.069375,
,820.116325,
,820.143225,
,820.2036,
,820.28755,
,820.35295,
,820.37185,
,820.3875,
,820.4414,
,820.52025,
,820.5274,
,820.5484,
,820.623025,
,820.626125,
,820.77565,
,820.817575,
,820.868,
,820.96525,
,821.012625,
,821.117725,
,821.154325,
,821.203075,
,821.261275,
,821.2832,
,821.299925,
,821.3332,
,821.365025,
,821.54485,
,821.5603,
,821.742675,
,821.7816,
,821.784475,
,821.8464,
,821.865525,
,821.884375,
,821.9685,
,821.977775,
,822.019625,
,822.054475,
,822.19835,
,822.21115,
,822.233075,
,822.248575,
,822.27845,
,822.295925,
,822.3459,
,822.4121,
,822.492325,
,822.520825,
,822.55505,
,822.5792,
,822.597,
,822.822075,
,822.9336,
,822.993125,
,823.04295,
,823.1486,
,823.157625,
,823.161775,
,823.257475,
,823.27955,
,823.327125,
,823.373575,
,823.432975,
,823.438925,
,823.603575,
,823.68385,
,823.686625,
,823.7327,
,823.831225,
,823.874625,
,823.903275,
,824.01135,
,824.03225,
,824.11855,
,824.1238,
,824.1847,
,824.26355,
,824.2655,
,824.285375,
,824.292125,
,824.298375,
,824.346325,
,824.3775,
,824.42375,
,824.52535,
,824.6343,
,824.638075,
,824.69215,
,824.765125,
,824.782675,
,824.845475,
,824.8763,
,824.889925,
,824.9048,
,824.956025,
,824.97165,
,824.979175,
,825.000225,
,825.070725,
,825.27185,
,825.30375,
,825.349925,
,825.36675,
,825.389475,
,825.459,
,825.51015,
,825.5314,
,825.538075,
,825.551825,
,825.609325,
,825.63275,
,825.6878,
,825.743125,
,825.775,
,825.7825,
,825.839625,
,825.8655,
,825.914175,
,826.0125,
,826.132975,
,826.143225,
,826.175825,
,826.233125,
,826.291425,
,826.3518,
,826.372225,
,826.380175,
,826.43335,
,826.435625,
,826.45125,
,826.512625,
,826.51665,
,826.5358,
,826.5432,
,826.5663,
,826.621325,
,826.639075,
,826.650525,
,826.75295,
,826.811375,
,826.865675,
,826.888575,
,826.9485,
,826.9635,
,826.9759,
,826.98005,
,827.069825,
,827.118775,
,827.157025,
,827.20955,
,827.2234,
,827.313725,
,827.434725,
,827.546575,
,827.635,
,827.67715,
,827.679675,
,827.833875,
,827.850025,
,827.885975,
,827.936075,
,827.96675,
,828.0675,
,828.182425,
,828.234375,
,828.280875,
,828.282975,
,828.3765,
,828.3855,
,828.4168,
,828.4718,
,828.563525,
,828.68615,
,828.821375,
,828.851075,
,828.869475,
,828.9314,
,828.97155,
,829.015675,
,829.03325,
,829.095,
,829.110275,
,829.14865,
,829.1619,
,829.22415,
,829.237925,
,829.249975,
,829.257575,
,829.346,
,829.43125,
,829.47625,
,829.508225,
,829.544625,
,829.590925,
,829.59735,
,829.638925,
,829.705975,
,829.74115,
,829.759425,
,829.7911,
,829.80075,
,829.813875,
,829.90315,
,829.904375,
,829.9542,
,829.9592,
,830.0011,
,830.0269,
,830.0419,
,830.131225,
,830.161175,
,830.184675,
,830.1957,
,830.20305,
,830.24395,
,830.333,
,830.406725,
,830.4924,
,830.514625,
,830.5332,
,830.5661,
,830.582125,
,830.59045,
,830.59855,
,830.6296,
,830.644975,
,830.66395,
,830.6864,
,830.707425,
,830.76575,
,830.771175,
,830.7849,
,830.835925,
,830.8594,
,830.89505,
,830.93455,
,830.9684,
,830.99005,
,831.004725,
,831.019525,
,831.070175,
,831.08915,
,831.114025,
,831.2068,
,831.23305,
,831.245825,
,831.269425,
,831.3341,
,831.350025,
,831.40255,
,831.42385,
,831.4587,
,831.521275,
,831.53735,
,831.607925,
,831.6106,
,831.627775,
,831.678175,
,831.798825,
,831.816325,
,831.823275,
,831.83095,
,831.8904,
,831.915325,
,831.97545,
,832.23615,
,832.26665,
,832.2756,
,832.29365,
,832.306325,
,832.3213,
,832.34115,
,832.34855,
,832.357775,
,832.375,
,832.4336,
,832.4526,
,832.47445,
,832.487,
,832.48875,
,832.522075,
,832.53075,
,832.532475,
,832.6713,
,832.682325,
,832.69085,
,832.716825,
,832.7296,
,832.77755,
,832.796575,
,832.829775,
,832.848575,
,832.89125,
,832.923125,
,832.961275,
,833.026975,
,833.03375,
,833.0926,
,833.101225,
,833.112975,
,833.13475,
,833.19165,
,833.2715,
,833.280075,
,833.33405,
,833.36305,
,833.39755,
,833.460525,
,833.513575,
,833.5366,
,833.561025,
,833.5831,
,833.5909,
,833.59315,
,833.6606,
,833.73985,
,833.78415,
,833.78855,
,833.850525,
,833.963375,
,834.004,
,834.047975,
,834.0505,
,834.075925,
,834.09035,
,834.108725,
,834.132125,
,834.188825,
,834.217625,
,834.260625,
,834.281825,
,834.30375,
,834.32095,
,834.345675,
,834.407825,
,834.495075,
,834.5077,
,834.5543,
,834.580375,
,834.591675,
,834.6488,
,834.668975,
,834.702875,
,834.79565,
,834.82615,
,834.8791,
,834.898325,
,834.906875,
,834.926925,
,834.948975,
,834.966175,
,834.97485,
,834.989975,
,835.00625,
,835.0972,
,835.158825,
,835.166375,
,835.313425,
,835.39885,
,835.421425,
,835.46505,
,835.488075,
,835.5368,
,835.6052,
,835.61285,
,835.65975,
,835.715625,
,835.789125,
,835.829425,
,835.8683,
,835.9495,
,835.962475,
,835.971275,
,836.023875,
,836.033025,
,836.0492,
,836.157175,
,836.171925,
,836.25605,
,836.407025,
,836.4652,
,836.5635,
,836.6098,
,836.696975,
,836.781275,
,836.7899,
,836.79515,
,836.8335,
,836.908625,
,836.91235,
,837.0535,
,837.080125,
,837.097625,
,837.09995,
,837.103525,
,837.13925,
,837.1654,
,837.249225,
,837.266325,
,837.29165,
,837.3213,
,837.389875,
,837.420225,
,837.45795,
,837.48585,
,837.489625,
,837.513825,
,837.548275,
,837.617525,
,837.622025,
,837.8083,
,837.8984,
,837.9228,
,838.020375,
,838.037975,
,838.11915,
,838.135975,
,838.165575,
,838.21005,
,838.2436,
,838.3671,
,838.422625,
,838.437375,
,838.442675,
,838.45185,
,838.4719,
,838.5541,
,838.577575,
,838.5981,
,838.615,
,838.62285,
,838.627575,
,838.684975,
,838.718275,
,838.763875,
,838.771325,
,838.818325,
,838.848825,
,838.879425,
,838.8932,
,838.977275,
,839.00145,
,839.067075,
,839.138525,
,839.174475,
,839.193,
,839.22505,
,839.25575,
,839.33855,
,839.39405,
,839.424225,
,839.432775,
,839.509225,
,839.538275,
,839.55295,
,839.6328,
,839.684675,
,839.693075,
,839.719125,
,839.763125,
,839.7964,
,839.797575,
,839.8734,
,839.878725,
,839.928825,
,839.9471,
,840.079425,
,840.15845,
,840.1916,
,840.231225,
,840.34195,
,840.34985,
,840.358025,
,840.384825,
,840.402825,
,840.429225,
,840.46465,
,840.596225,
,840.605825,
,840.630125,
,840.678225,
,840.694475,
,840.799725,
,840.87365,
,840.893325,
,840.932275,
,840.95905,
,840.970025,
,840.97385,
,841.05775,
,841.06835,
,841.09645,
,841.13525,
,841.208875,
,841.21645,
,841.25305,
,841.288025,
,841.459225,
,841.550375,
,841.59855,
,841.63185,
,841.8261,
,841.8408,
,841.8533,
,841.873925,
,841.886275,
,841.8955,
,841.93465,
,841.9379,
,841.941575,
,841.94335,
,841.9472,
,841.970025,
,841.972925,
,841.984875,
,842.08265,
,842.219575,
,842.258775,
,842.27475,
,842.302025,
,842.34075,
,842.355275,
,842.373125,
,842.403025,
,842.42615,
,842.436525,
,842.473625,
,842.4918,
,842.5431,
,842.60545,
,842.61095,
,842.646875,
,842.67355,
,842.67815,
,842.81395,
,842.890025,
,842.917425,
,842.920025,
,842.929525,
,842.966775,
,843.004925,
,843.213725,
,843.28805,
,843.292875,
,843.315075,
,843.350825,
,843.3699,
,843.38095,
,843.420975,
,843.45845,
,843.48235,
,843.51675,
,843.53355,
,843.536875,
,843.564175,
,843.67355,
,843.688975,
,843.7175,
,843.721,
,843.747125,
,843.8497,
,843.85345,
,843.877525,
,843.9322,
,843.9638,
,844.038275,
,844.08655,
,844.093825,
,844.26335,
,844.31755,
,844.397025,
,844.523725,
,844.55915,
,844.60335,
,844.61085,
,844.6678,
,844.67945,
,844.763225,
,844.79235,
,844.838025,
,844.845475,
,844.937475,
,845.0783,
,845.142225,
,845.1598,
,845.25845,
,845.317075,
,845.321325,
,845.341225,
,845.4329,
,845.4786,
,845.519625,
,845.6043,
,845.659975,
,845.6882,
,845.723675,
,845.7851,
,845.80735,
,845.81425,
,845.830775,
,845.836825,
,845.8485,
,845.874975,
,846.09505,
,846.140325,
,846.15985,
,846.1649,
,846.19795,
,846.39905,
,846.41025,
,846.482,
,846.5231,
,846.546525,
,846.5585,
,846.68895,
,846.69705,
,846.69985,
,846.718525,
,846.758825,
,846.779475,
,846.782525,
,846.7899,
,846.816625,
,846.834075,
,846.8421,
,846.8677,
,846.873175,
,846.9004,
,846.93305,
,846.955675,
,847.005225,
,847.04495,
,847.1755,
,847.188275,
,847.191875,
,847.22985,
,847.333275,
,847.3527,
,847.3573,
,847.383925,
,847.471725,
,847.497475,
,847.520525,
,847.6338,
,847.66395,
,847.7495,
,847.768625,
,847.777825,
,847.847475,
,847.853625,
,847.9009,
,847.91725,
,847.949025,
,847.954975,
,847.9757,
,847.9784,
,847.986975,
,848.1228,
,848.141175,
,848.180775,
,848.18895,
,848.2405,
,848.277525,
,848.42115,
,848.4687,
,848.511175,
,848.535375,
,848.638025,
,848.72995,
,848.767,
,848.862325,
,848.8739,
,848.8758,
,848.8871,
,848.979175,
,848.995325,
,849.01635,
,849.046575,
,849.1249,
,849.15875,
,849.173875,
,849.233225,
,849.317575,
,849.354925,
,849.396225,
,849.42835,
,849.47375,
,849.497325,
,849.545675,
,849.558675,
,849.665625,
,849.764725,
,849.785275,
,849.807925,
,849.82255,
,849.8763,
,849.92285,
,849.9254,
,849.932125,
,849.944625,
,849.989725,
